group_id,group_type,method,score_source,aggregation,group_precision_10,group_recall_10,group_ndcg_10,mean_member_ndcg_10,mean_satisfaction,std_satisfaction,worst_member_satisfaction,jain_fairness,minority_cluster_satisfaction,minority_zero_satisfaction_rate,cluster_satisfaction_gap,zero_satisfaction_share,member_hit_share,intra_list_embedding_distance,cluster_entropy,avg_pairwise_embedding_distance,majority_cluster,minority_cluster,noise_share,lambda_std,alpha_minority
test_group_0001,homogeneous_cluster_0,hybrid_mf_bayes_average,hybrid_mf_bayes,average,0.0,0.0,0.0,0.0,0.0,0.0,0.0,0.0,,,0.0,1.0,0.0,0.3113970160484314,0.0,1.0551906824111938,,,0.0,,
test_group_0001,homogeneous_cluster_0,hybrid_mf_bayes_dbscan_minority_nash,hybrid_mf_bayes,dbscan_minority_nash,0.0,0.0,0.0,0.0,0.0,0.0,0.0,0.0,,,0.0,1.0,0.0,0.3113970160484314,0.0,1.0551906824111938,,,0.0,,2.0
test_group_0001,homogeneous_cluster_0,hybrid_mf_bayes_least_misery,hybrid_mf_bayes,least_misery,0.0,0.0,0.0,0.0,0.0,0.0,0.0,0.0,,,0.0,1.0,0.0,0.2675175964832306,0.0,1.0551906824111938,,,0.0,,
test_group_0001,homogeneous_cluster_0,hybrid_mf_bayes_nash_welfare,hybrid_mf_bayes,nash_welfare,0.0,0.0,0.0,0.0,0.0,0.0,0.0,0.0,,,0.0,1.0,0.0,0.3113970160484314,0.0,1.0551906824111938,,,0.0,,
test_group_0001,homogeneous_cluster_0,hybrid_mf_bayes_tuned_fairness,hybrid_mf_bayes,tuned_fairness,0.0,0.0,0.0,0.0,0.0,0.0,0.0,0.0,,,0.0,1.0,0.0,0.3113970160484314,0.0,1.0551906824111938,,,0.0,0.0,
test_group_0001,homogeneous_cluster_0,mf_average,mf,average,0.0,0.0,0.0,0.0,0.0,0.0,0.0,0.0,,,0.0,1.0,0.0,0.44303613901138306,0.0,1.0551906824111938,,,0.0,,
test_group_0001,homogeneous_cluster_0,mf_dbscan_minority_nash,mf,dbscan_minority_nash,0.0,0.0,0.0,0.0,0.0,0.0,0.0,0.0,,,0.0,1.0,0.0,0.3802932798862457,0.0,1.0551906824111938,,,0.0,,2.0
test_group_0001,homogeneous_cluster_0,mf_least_misery,mf,least_misery,0.0,0.0,0.0,0.0,0.0,0.0,0.0,0.0,,,0.0,1.0,0.0,0.31450730562210083,0.0,1.0551906824111938,,,0.0,,
test_group_0001,homogeneous_cluster_0,mf_nash_welfare,mf,nash_welfare,0.0,0.0,0.0,0.0,0.0,0.0,0.0,0.0,,,0.0,1.0,0.0,0.3802932798862457,0.0,1.0551906824111938,,,0.0,,
test_group_0001,homogeneous_cluster_0,mf_tuned_fairness,mf,tuned_fairness,0.0,0.0,0.0,0.0,0.0,0.0,0.0,0.0,,,0.0,1.0,0.0,0.44303613901138306,0.0,1.0551906824111938,,,0.0,0.0,
test_group_0001,homogeneous_cluster_0,rating_user_knn_average,rating_user_knn,average,0.0,0.0,0.0,0.0,0.0,0.0,0.0,0.0,,,0.0,1.0,0.0,0.5965964198112488,0.0,1.0551906824111938,,,0.0,,
test_group_0001,homogeneous_cluster_0,rating_user_knn_dbscan_minority_nash,rating_user_knn,dbscan_minority_nash,0.0,0.0,0.0,0.0,0.0,0.0,0.0,0.0,,,0.0,1.0,0.0,0.5965964198112488,0.0,1.0551906824111938,,,0.0,,2.0
test_group_0001,homogeneous_cluster_0,rating_user_knn_least_misery,rating_user_knn,least_misery,0.03333333333333333,0.05555555555555556,0.06362078819895171,0.04521732447748259,0.04521732447748259,0.0639469535302808,0.0,0.33333333333333337,,,0.0,0.6666666666666666,0.3333333333333333,0.5783455967903137,0.0,1.0551906824111938,,,0.0,,
test_group_0001,homogeneous_cluster_0,rating_user_knn_nash_welfare,rating_user_knn,nash_welfare,0.0,0.0,0.0,0.0,0.0,0.0,0.0,0.0,,,0.0,1.0,0.0,0.5965964198112488,0.0,1.0551906824111938,,,0.0,,
test_group_0001,homogeneous_cluster_0,rating_user_knn_tuned_fairness,rating_user_knn,tuned_fairness,0.0,0.0,0.0,0.0,0.0,0.0,0.0,0.0,,,0.0,1.0,0.0,0.5965964198112488,0.0,1.0551906824111938,,,0.0,0.0,
test_group_0002,homogeneous_cluster_0,hybrid_mf_bayes_average,hybrid_mf_bayes,average,0.0,0.0,0.0,0.0,0.0,0.0,0.0,0.0,,,0.0,1.0,0.0,0.3257260322570801,0.0,0.7959306836128235,,,0.0,,
test_group_0002,homogeneous_cluster_0,hybrid_mf_bayes_dbscan_minority_nash,hybrid_mf_bayes,dbscan_minority_nash,0.0,0.0,0.0,0.0,0.0,0.0,0.0,0.0,,,0.0,1.0,0.0,0.3257260322570801,0.0,0.7959306836128235,,,0.0,,2.0
test_group_0002,homogeneous_cluster_0,hybrid_mf_bayes_least_misery,hybrid_mf_bayes,least_misery,0.0,0.0,0.0,0.0,0.0,0.0,0.0,0.0,,,0.0,1.0,0.0,0.29644080996513367,0.0,0.7959306836128235,,,0.0,,
test_group_0002,homogeneous_cluster_0,hybrid_mf_bayes_nash_welfare,hybrid_mf_bayes,nash_welfare,0.0,0.0,0.0,0.0,0.0,0.0,0.0,0.0,,,0.0,1.0,0.0,0.3257260322570801,0.0,0.7959306836128235,,,0.0,,
test_group_0002,homogeneous_cluster_0,hybrid_mf_bayes_tuned_fairness,hybrid_mf_bayes,tuned_fairness,0.0,0.0,0.0,0.0,0.0,0.0,0.0,0.0,,,0.0,1.0,0.0,0.3257260322570801,0.0,0.7959306836128235,,,0.0,0.0,
test_group_0002,homogeneous_cluster_0,mf_average,mf,average,0.0,0.0,0.0,0.0,0.0,0.0,0.0,0.0,,,0.0,1.0,0.0,0.30588704347610474,0.0,0.7959306836128235,,,0.0,,
test_group_0002,homogeneous_cluster_0,mf_dbscan_minority_nash,mf,dbscan_minority_nash,0.0,0.0,0.0,0.0,0.0,0.0,0.0,0.0,,,0.0,1.0,0.0,0.3122348487377167,0.0,0.7959306836128235,,,0.0,,2.0
test_group_0002,homogeneous_cluster_0,mf_least_misery,mf,least_misery,0.0,0.0,0.0,0.0,0.0,0.0,0.0,0.0,,,0.0,1.0,0.0,0.32731392979621887,0.0,0.7959306836128235,,,0.0,,
test_group_0002,homogeneous_cluster_0,mf_nash_welfare,mf,nash_welfare,0.0,0.0,0.0,0.0,0.0,0.0,0.0,0.0,,,0.0,1.0,0.0,0.3122348487377167,0.0,0.7959306836128235,,,0.0,,
test_group_0002,homogeneous_cluster_0,mf_tuned_fairness,mf,tuned_fairness,0.0,0.0,0.0,0.0,0.0,0.0,0.0,0.0,,,0.0,1.0,0.0,0.30588704347610474,0.0,0.7959306836128235,,,0.0,0.0,
test_group_0002,homogeneous_cluster_0,rating_user_knn_average,rating_user_knn,average,0.0,0.0,0.0,0.0,0.0,0.0,0.0,0.0,,,0.0,1.0,0.0,0.5256185531616211,0.0,0.7959306836128235,,,0.0,,
test_group_0002,homogeneous_cluster_0,rating_user_knn_dbscan_minority_nash,rating_user_knn,dbscan_minority_nash,0.0,0.0,0.0,0.0,0.0,0.0,0.0,0.0,,,0.0,1.0,0.0,0.5256185531616211,0.0,0.7959306836128235,,,0.0,,2.0
test_group_0002,homogeneous_cluster_0,rating_user_knn_least_misery,rating_user_knn,least_misery,0.0,0.0,0.0,0.0,0.0,0.0,0.0,0.0,,,0.0,1.0,0.0,0.4957048296928406,0.0,0.7959306836128235,,,0.0,,
test_group_0002,homogeneous_cluster_0,rating_user_knn_nash_welfare,rating_user_knn,nash_welfare,0.0,0.0,0.0,0.0,0.0,0.0,0.0,0.0,,,0.0,1.0,0.0,0.5256185531616211,0.0,0.7959306836128235,,,0.0,,
test_group_0002,homogeneous_cluster_0,rating_user_knn_tuned_fairness,rating_user_knn,tuned_fairness,0.0,0.0,0.0,0.0,0.0,0.0,0.0,0.0,,,0.0,1.0,0.0,0.5256185531616211,0.0,0.7959306836128235,,,0.0,0.0,
test_group_0003,homogeneous_cluster_0,hybrid_mf_bayes_average,hybrid_mf_bayes,average,0.0,0.0,0.0,0.0,0.0,0.0,0.0,0.0,,,0.0,1.0,0.0,0.45128005743026733,0.0,0.8083946108818054,,,0.0,,
test_group_0003,homogeneous_cluster_0,hybrid_mf_bayes_dbscan_minority_nash,hybrid_mf_bayes,dbscan_minority_nash,0.0,0.0,0.0,0.0,0.0,0.0,0.0,0.0,,,0.0,1.0,0.0,0.45128005743026733,0.0,0.8083946108818054,,,0.0,,2.0
test_group_0003,homogeneous_cluster_0,hybrid_mf_bayes_least_misery,hybrid_mf_bayes,least_misery,0.0,0.0,0.0,0.0,0.0,0.0,0.0,0.0,,,0.0,1.0,0.0,0.5021407008171082,0.0,0.8083946108818054,,,0.0,,
test_group_0003,homogeneous_cluster_0,hybrid_mf_bayes_nash_welfare,hybrid_mf_bayes,nash_welfare,0.0,0.0,0.0,0.0,0.0,0.0,0.0,0.0,,,0.0,1.0,0.0,0.45128005743026733,0.0,0.8083946108818054,,,0.0,,
test_group_0003,homogeneous_cluster_0,hybrid_mf_bayes_tuned_fairness,hybrid_mf_bayes,tuned_fairness,0.0,0.0,0.0,0.0,0.0,0.0,0.0,0.0,,,0.0,1.0,0.0,0.45128005743026733,0.0,0.8083946108818054,,,0.0,0.0,
test_group_0003,homogeneous_cluster_0,mf_average,mf,average,0.0,0.0,0.0,0.0,0.0,0.0,0.0,0.0,,,0.0,1.0,0.0,0.4894978106021881,0.0,0.8083946108818054,,,0.0,,
test_group_0003,homogeneous_cluster_0,mf_dbscan_minority_nash,mf,dbscan_minority_nash,0.0,0.0,0.0,0.0,0.0,0.0,0.0,0.0,,,0.0,1.0,0.0,0.4894978404045105,0.0,0.8083946108818054,,,0.0,,2.0
test_group_0003,homogeneous_cluster_0,mf_least_misery,mf,least_misery,0.0,0.0,0.0,0.0,0.0,0.0,0.0,0.0,,,0.0,1.0,0.0,0.434889554977417,0.0,0.8083946108818054,,,0.0,,
test_group_0003,homogeneous_cluster_0,mf_nash_welfare,mf,nash_welfare,0.0,0.0,0.0,0.0,0.0,0.0,0.0,0.0,,,0.0,1.0,0.0,0.4894978404045105,0.0,0.8083946108818054,,,0.0,,
test_group_0003,homogeneous_cluster_0,mf_tuned_fairness,mf,tuned_fairness,0.0,0.0,0.0,0.0,0.0,0.0,0.0,0.0,,,0.0,1.0,0.0,0.4894978106021881,0.0,0.8083946108818054,,,0.0,0.0,
test_group_0003,homogeneous_cluster_0,rating_user_knn_average,rating_user_knn,average,0.0,0.0,0.0,0.0,0.0,0.0,0.0,0.0,,,0.0,1.0,0.0,0.4481377899646759,0.0,0.8083946108818054,,,0.0,,
test_group_0003,homogeneous_cluster_0,rating_user_knn_dbscan_minority_nash,rating_user_knn,dbscan_minority_nash,0.0,0.0,0.0,0.0,0.0,0.0,0.0,0.0,,,0.0,1.0,0.0,0.49959123134613037,0.0,0.8083946108818054,,,0.0,,2.0
test_group_0003,homogeneous_cluster_0,rating_user_knn_least_misery,rating_user_knn,least_misery,0.0,0.0,0.0,0.0,0.0,0.0,0.0,0.0,,,0.0,1.0,0.0,0.5088265538215637,0.0,0.8083946108818054,,,0.0,,
test_group_0003,homogeneous_cluster_0,rating_user_knn_nash_welfare,rating_user_knn,nash_welfare,0.0,0.0,0.0,0.0,0.0,0.0,0.0,0.0,,,0.0,1.0,0.0,0.49959123134613037,0.0,0.8083946108818054,,,0.0,,
test_group_0003,homogeneous_cluster_0,rating_user_knn_tuned_fairness,rating_user_knn,tuned_fairness,0.0,0.0,0.0,0.0,0.0,0.0,0.0,0.0,,,0.0,1.0,0.0,0.4481377899646759,0.0,0.8083946108818054,,,0.0,0.0,
test_group_0004,homogeneous_cluster_0,hybrid_mf_bayes_average,hybrid_mf_bayes,average,0.0,0.0,0.0,0.0,0.0,0.0,0.0,0.0,,,0.0,1.0,0.0,0.44162020087242126,0.0,0.5878023505210876,,,0.0,,
test_group_0004,homogeneous_cluster_0,hybrid_mf_bayes_dbscan_minority_nash,hybrid_mf_bayes,dbscan_minority_nash,0.0,0.0,0.0,0.0,0.0,0.0,0.0,0.0,,,0.0,1.0,0.0,0.44162020087242126,0.0,0.5878023505210876,,,0.0,,2.0
test_group_0004,homogeneous_cluster_0,hybrid_mf_bayes_least_misery,hybrid_mf_bayes,least_misery,0.0,0.0,0.0,0.0,0.0,0.0,0.0,0.0,,,0.0,1.0,0.0,0.4638383686542511,0.0,0.5878023505210876,,,0.0,,
test_group_0004,homogeneous_cluster_0,hybrid_mf_bayes_nash_welfare,hybrid_mf_bayes,nash_welfare,0.0,0.0,0.0,0.0,0.0,0.0,0.0,0.0,,,0.0,1.0,0.0,0.44162020087242126,0.0,0.5878023505210876,,,0.0,,
test_group_0004,homogeneous_cluster_0,hybrid_mf_bayes_tuned_fairness,hybrid_mf_bayes,tuned_fairness,0.0,0.0,0.0,0.0,0.0,0.0,0.0,0.0,,,0.0,1.0,0.0,0.44162020087242126,0.0,0.5878023505210876,,,0.0,0.0,
test_group_0004,homogeneous_cluster_0,mf_average,mf,average,0.0,0.0,0.0,0.0,0.0,0.0,0.0,0.0,,,0.0,1.0,0.0,0.5210068225860596,0.0,0.5878023505210876,,,0.0,,
test_group_0004,homogeneous_cluster_0,mf_dbscan_minority_nash,mf,dbscan_minority_nash,0.0,0.0,0.0,0.0,0.0,0.0,0.0,0.0,,,0.0,1.0,0.0,0.5210068225860596,0.0,0.5878023505210876,,,0.0,,2.0
test_group_0004,homogeneous_cluster_0,mf_least_misery,mf,least_misery,0.0,0.0,0.0,0.0,0.0,0.0,0.0,0.0,,,0.0,1.0,0.0,0.5069988369941711,0.0,0.5878023505210876,,,0.0,,
test_group_0004,homogeneous_cluster_0,mf_nash_welfare,mf,nash_welfare,0.0,0.0,0.0,0.0,0.0,0.0,0.0,0.0,,,0.0,1.0,0.0,0.5210068225860596,0.0,0.5878023505210876,,,0.0,,
test_group_0004,homogeneous_cluster_0,mf_tuned_fairness,mf,tuned_fairness,0.0,0.0,0.0,0.0,0.0,0.0,0.0,0.0,,,0.0,1.0,0.0,0.5210068225860596,0.0,0.5878023505210876,,,0.0,0.0,
test_group_0004,homogeneous_cluster_0,rating_user_knn_average,rating_user_knn,average,0.0,0.0,0.0,0.0,0.0,0.0,0.0,0.0,,,0.0,1.0,0.0,0.531898558139801,0.0,0.5878023505210876,,,0.0,,
test_group_0004,homogeneous_cluster_0,rating_user_knn_dbscan_minority_nash,rating_user_knn,dbscan_minority_nash,0.0,0.0,0.0,0.0,0.0,0.0,0.0,0.0,,,0.0,1.0,0.0,0.531898558139801,0.0,0.5878023505210876,,,0.0,,2.0
test_group_0004,homogeneous_cluster_0,rating_user_knn_least_misery,rating_user_knn,least_misery,0.0,0.0,0.0,0.0,0.0,0.0,0.0,0.0,,,0.0,1.0,0.0,0.52358078956604,0.0,0.5878023505210876,,,0.0,,
test_group_0004,homogeneous_cluster_0,rating_user_knn_nash_welfare,rating_user_knn,nash_welfare,0.0,0.0,0.0,0.0,0.0,0.0,0.0,0.0,,,0.0,1.0,0.0,0.531898558139801,0.0,0.5878023505210876,,,0.0,,
test_group_0004,homogeneous_cluster_0,rating_user_knn_tuned_fairness,rating_user_knn,tuned_fairness,0.0,0.0,0.0,0.0,0.0,0.0,0.0,0.0,,,0.0,1.0,0.0,0.531898558139801,0.0,0.5878023505210876,,,0.0,0.0,
test_group_0005,homogeneous_cluster_0,hybrid_mf_bayes_average,hybrid_mf_bayes,average,0.0,0.0,0.0,0.0,0.0,0.0,0.0,0.0,,,0.0,1.0,0.0,0.5213284492492676,0.0,1.009712815284729,,,0.0,,
test_group_0005,homogeneous_cluster_0,hybrid_mf_bayes_dbscan_minority_nash,hybrid_mf_bayes,dbscan_minority_nash,0.0,0.0,0.0,0.0,0.0,0.0,0.0,0.0,,,0.0,1.0,0.0,0.5213284492492676,0.0,1.009712815284729,,,0.0,,2.0
test_group_0005,homogeneous_cluster_0,hybrid_mf_bayes_least_misery,hybrid_mf_bayes,least_misery,0.0,0.0,0.0,0.0,0.0,0.0,0.0,0.0,,,0.0,1.0,0.0,0.5627259016036987,0.0,1.009712815284729,,,0.0,,
test_group_0005,homogeneous_cluster_0,hybrid_mf_bayes_nash_welfare,hybrid_mf_bayes,nash_welfare,0.0,0.0,0.0,0.0,0.0,0.0,0.0,0.0,,,0.0,1.0,0.0,0.5213284492492676,0.0,1.009712815284729,,,0.0,,
test_group_0005,homogeneous_cluster_0,hybrid_mf_bayes_tuned_fairness,hybrid_mf_bayes,tuned_fairness,0.0,0.0,0.0,0.0,0.0,0.0,0.0,0.0,,,0.0,1.0,0.0,0.5213284492492676,0.0,1.009712815284729,,,0.0,0.0,
test_group_0005,homogeneous_cluster_0,mf_average,mf,average,0.0,0.0,0.0,0.0,0.0,0.0,0.0,0.0,,,0.0,1.0,0.0,0.4801080524921417,0.0,1.009712815284729,,,0.0,,
test_group_0005,homogeneous_cluster_0,mf_dbscan_minority_nash,mf,dbscan_minority_nash,0.0,0.0,0.0,0.0,0.0,0.0,0.0,0.0,,,0.0,1.0,0.0,0.48617422580718994,0.0,1.009712815284729,,,0.0,,2.0
test_group_0005,homogeneous_cluster_0,mf_least_misery,mf,least_misery,0.0,0.0,0.0,0.0,0.0,0.0,0.0,0.0,,,0.0,1.0,0.0,0.5316562056541443,0.0,1.009712815284729,,,0.0,,
test_group_0005,homogeneous_cluster_0,mf_nash_welfare,mf,nash_welfare,0.0,0.0,0.0,0.0,0.0,0.0,0.0,0.0,,,0.0,1.0,0.0,0.48617422580718994,0.0,1.009712815284729,,,0.0,,
test_group_0005,homogeneous_cluster_0,mf_tuned_fairness,mf,tuned_fairness,0.0,0.0,0.0,0.0,0.0,0.0,0.0,0.0,,,0.0,1.0,0.0,0.4801080524921417,0.0,1.009712815284729,,,0.0,0.0,
test_group_0005,homogeneous_cluster_0,rating_user_knn_average,rating_user_knn,average,0.0,0.0,0.0,0.0,0.0,0.0,0.0,0.0,,,0.0,1.0,0.0,0.3060518801212311,0.0,1.009712815284729,,,0.0,,
test_group_0005,homogeneous_cluster_0,rating_user_knn_dbscan_minority_nash,rating_user_knn,dbscan_minority_nash,0.0,0.0,0.0,0.0,0.0,0.0,0.0,0.0,,,0.0,1.0,0.0,0.30605190992355347,0.0,1.009712815284729,,,0.0,,2.0
test_group_0005,homogeneous_cluster_0,rating_user_knn_least_misery,rating_user_knn,least_misery,0.0,0.0,0.0,0.0,0.0,0.0,0.0,0.0,,,0.0,1.0,0.0,0.2943205237388611,0.0,1.009712815284729,,,0.0,,
test_group_0005,homogeneous_cluster_0,rating_user_knn_nash_welfare,rating_user_knn,nash_welfare,0.0,0.0,0.0,0.0,0.0,0.0,0.0,0.0,,,0.0,1.0,0.0,0.30605190992355347,0.0,1.009712815284729,,,0.0,,
test_group_0005,homogeneous_cluster_0,rating_user_knn_tuned_fairness,rating_user_knn,tuned_fairness,0.0,0.0,0.0,0.0,0.0,0.0,0.0,0.0,,,0.0,1.0,0.0,0.3060518801212311,0.0,1.009712815284729,,,0.0,0.0,
test_group_0006,homogeneous_cluster_0,hybrid_mf_bayes_average,hybrid_mf_bayes,average,0.0,0.0,0.0,0.0,0.0,0.0,0.0,0.0,,,0.0,1.0,0.0,0.5496395826339722,0.0,1.0334995985031128,,,0.0,,
test_group_0006,homogeneous_cluster_0,hybrid_mf_bayes_dbscan_minority_nash,hybrid_mf_bayes,dbscan_minority_nash,0.0,0.0,0.0,0.0,0.0,0.0,0.0,0.0,,,0.0,1.0,0.0,0.5139739513397217,0.0,1.0334995985031128,,,0.0,,2.0
test_group_0006,homogeneous_cluster_0,hybrid_mf_bayes_least_misery,hybrid_mf_bayes,least_misery,0.0,0.0,0.0,0.0,0.0,0.0,0.0,0.0,,,0.0,1.0,0.0,0.5031317472457886,0.0,1.0334995985031128,,,0.0,,
test_group_0006,homogeneous_cluster_0,hybrid_mf_bayes_nash_welfare,hybrid_mf_bayes,nash_welfare,0.0,0.0,0.0,0.0,0.0,0.0,0.0,0.0,,,0.0,1.0,0.0,0.5139739513397217,0.0,1.0334995985031128,,,0.0,,
test_group_0006,homogeneous_cluster_0,hybrid_mf_bayes_tuned_fairness,hybrid_mf_bayes,tuned_fairness,0.0,0.0,0.0,0.0,0.0,0.0,0.0,0.0,,,0.0,1.0,0.0,0.5496395826339722,0.0,1.0334995985031128,,,0.0,0.0,
test_group_0006,homogeneous_cluster_0,mf_average,mf,average,0.0,0.0,0.0,0.0,0.0,0.0,0.0,0.0,,,0.0,1.0,0.0,0.5609909296035767,0.0,1.0334995985031128,,,0.0,,
test_group_0006,homogeneous_cluster_0,mf_dbscan_minority_nash,mf,dbscan_minority_nash,0.0,0.0,0.0,0.0,0.0,0.0,0.0,0.0,,,0.0,1.0,0.0,0.5151858925819397,0.0,1.0334995985031128,,,0.0,,2.0
test_group_0006,homogeneous_cluster_0,mf_least_misery,mf,least_misery,0.03333333333333333,0.03846153846153846,0.07336392209936006,0.024454640699786687,0.024454640699786687,0.03458408454059941,0.0,0.33333333333333337,,,0.0,0.6666666666666666,0.3333333333333333,0.5845743417739868,0.0,1.0334995985031128,,,0.0,,
test_group_0006,homogeneous_cluster_0,mf_nash_welfare,mf,nash_welfare,0.0,0.0,0.0,0.0,0.0,0.0,0.0,0.0,,,0.0,1.0,0.0,0.5151858925819397,0.0,1.0334995985031128,,,0.0,,
test_group_0006,homogeneous_cluster_0,mf_tuned_fairness,mf,tuned_fairness,0.0,0.0,0.0,0.0,0.0,0.0,0.0,0.0,,,0.0,1.0,0.0,0.5609909296035767,0.0,1.0334995985031128,,,0.0,0.0,
test_group_0006,homogeneous_cluster_0,rating_user_knn_average,rating_user_knn,average,0.0,0.0,0.0,0.0,0.0,0.0,0.0,0.0,,,0.0,1.0,0.0,0.5364614129066467,0.0,1.0334995985031128,,,0.0,,
test_group_0006,homogeneous_cluster_0,rating_user_knn_dbscan_minority_nash,rating_user_knn,dbscan_minority_nash,0.0,0.0,0.0,0.0,0.0,0.0,0.0,0.0,,,0.0,1.0,0.0,0.5525072813034058,0.0,1.0334995985031128,,,0.0,,2.0
test_group_0006,homogeneous_cluster_0,rating_user_knn_least_misery,rating_user_knn,least_misery,0.0,0.0,0.0,0.0,0.0,0.0,0.0,0.0,,,0.0,1.0,0.0,0.414728581905365,0.0,1.0334995985031128,,,0.0,,
test_group_0006,homogeneous_cluster_0,rating_user_knn_nash_welfare,rating_user_knn,nash_welfare,0.0,0.0,0.0,0.0,0.0,0.0,0.0,0.0,,,0.0,1.0,0.0,0.5525072813034058,0.0,1.0334995985031128,,,0.0,,
test_group_0006,homogeneous_cluster_0,rating_user_knn_tuned_fairness,rating_user_knn,tuned_fairness,0.0,0.0,0.0,0.0,0.0,0.0,0.0,0.0,,,0.0,1.0,0.0,0.5364614129066467,0.0,1.0334995985031128,,,0.0,0.0,
test_group_0007,homogeneous_cluster_0,hybrid_mf_bayes_average,hybrid_mf_bayes,average,0.06666666666666667,0.16666666666666666,0.35895421017163476,0.21222747957761057,0.21222747957761057,0.3001349799269159,0.0,0.33333333333333337,,,0.0,0.6666666666666666,0.3333333333333333,0.5771929621696472,0.0,0.7583160400390625,,,0.0,,
test_group_0007,homogeneous_cluster_0,hybrid_mf_bayes_dbscan_minority_nash,hybrid_mf_bayes,dbscan_minority_nash,0.06666666666666667,0.16666666666666666,0.35895421017163476,0.21222747957761057,0.21222747957761057,0.3001349799269159,0.0,0.33333333333333337,,,0.0,0.6666666666666666,0.3333333333333333,0.5771928429603577,0.0,0.7583160400390625,,,0.0,,2.0
test_group_0007,homogeneous_cluster_0,hybrid_mf_bayes_least_misery,hybrid_mf_bayes,least_misery,0.06666666666666667,0.16666666666666666,0.33013764944712026,0.19519002499605084,0.19519002499605084,0.27604038058935854,0.0,0.3333333333333333,,,0.0,0.6666666666666666,0.3333333333333333,0.6524699926376343,0.0,0.7583160400390625,,,0.0,,
test_group_0007,homogeneous_cluster_0,hybrid_mf_bayes_nash_welfare,hybrid_mf_bayes,nash_welfare,0.06666666666666667,0.16666666666666666,0.35895421017163476,0.21222747957761057,0.21222747957761057,0.3001349799269159,0.0,0.33333333333333337,,,0.0,0.6666666666666666,0.3333333333333333,0.5771928429603577,0.0,0.7583160400390625,,,0.0,,
test_group_0007,homogeneous_cluster_0,hybrid_mf_bayes_tuned_fairness,hybrid_mf_bayes,tuned_fairness,0.06666666666666667,0.16666666666666666,0.35895421017163476,0.21222747957761057,0.21222747957761057,0.3001349799269159,0.0,0.33333333333333337,,,0.0,0.6666666666666666,0.3333333333333333,0.5771929621696472,0.0,0.7583160400390625,,,0.0,0.0,
test_group_0007,homogeneous_cluster_0,mf_average,mf,average,0.06666666666666667,0.16666666666666666,0.35895421017163476,0.21222747957761057,0.21222747957761057,0.3001349799269159,0.0,0.33333333333333337,,,0.0,0.6666666666666666,0.3333333333333333,0.4712378680706024,0.0,0.7583160400390625,,,0.0,,
test_group_0007,homogeneous_cluster_0,mf_dbscan_minority_nash,mf,dbscan_minority_nash,0.06666666666666667,0.16666666666666666,0.35895421017163476,0.21222747957761057,0.21222747957761057,0.3001349799269159,0.0,0.33333333333333337,,,0.0,0.6666666666666666,0.3333333333333333,0.4712378978729248,0.0,0.7583160400390625,,,0.0,,2.0
test_group_0007,homogeneous_cluster_0,mf_least_misery,mf,least_misery,0.06666666666666667,0.16666666666666666,0.28371255449703187,0.16774173044701232,0.16774173044701232,0.2372226301740967,0.0,0.3333333333333333,,,0.0,0.6666666666666666,0.3333333333333333,0.5201464891433716,0.0,0.7583160400390625,,,0.0,,
test_group_0007,homogeneous_cluster_0,mf_nash_welfare,mf,nash_welfare,0.06666666666666667,0.16666666666666666,0.35895421017163476,0.21222747957761057,0.21222747957761057,0.3001349799269159,0.0,0.33333333333333337,,,0.0,0.6666666666666666,0.3333333333333333,0.4712378978729248,0.0,0.7583160400390625,,,0.0,,
test_group_0007,homogeneous_cluster_0,mf_tuned_fairness,mf,tuned_fairness,0.06666666666666667,0.16666666666666666,0.35895421017163476,0.21222747957761057,0.21222747957761057,0.3001349799269159,0.0,0.33333333333333337,,,0.0,0.6666666666666666,0.3333333333333333,0.4712378680706024,0.0,0.7583160400390625,,,0.0,0.0,
test_group_0007,homogeneous_cluster_0,rating_user_knn_average,rating_user_knn,average,0.0,0.0,0.0,0.0,0.0,0.0,0.0,0.0,,,0.0,1.0,0.0,0.5770105123519897,0.0,0.7583160400390625,,,0.0,,
test_group_0007,homogeneous_cluster_0,rating_user_knn_dbscan_minority_nash,rating_user_knn,dbscan_minority_nash,0.0,0.0,0.0,0.0,0.0,0.0,0.0,0.0,,,0.0,1.0,0.0,0.5770105123519897,0.0,0.7583160400390625,,,0.0,,2.0
test_group_0007,homogeneous_cluster_0,rating_user_knn_least_misery,rating_user_knn,least_misery,0.0,0.0,0.0,0.0,0.0,0.0,0.0,0.0,,,0.0,1.0,0.0,0.5544053316116333,0.0,0.7583160400390625,,,0.0,,
test_group_0007,homogeneous_cluster_0,rating_user_knn_nash_welfare,rating_user_knn,nash_welfare,0.0,0.0,0.0,0.0,0.0,0.0,0.0,0.0,,,0.0,1.0,0.0,0.5770105123519897,0.0,0.7583160400390625,,,0.0,,
test_group_0007,homogeneous_cluster_0,rating_user_knn_tuned_fairness,rating_user_knn,tuned_fairness,0.0,0.0,0.0,0.0,0.0,0.0,0.0,0.0,,,0.0,1.0,0.0,0.5770105123519897,0.0,0.7583160400390625,,,0.0,0.0,
test_group_0008,homogeneous_cluster_0,hybrid_mf_bayes_average,hybrid_mf_bayes,average,0.0,0.0,0.0,0.0,0.0,0.0,0.0,0.0,,,0.0,1.0,0.0,0.4195527732372284,0.0,0.9900099635124207,,,0.0,,
test_group_0008,homogeneous_cluster_0,hybrid_mf_bayes_dbscan_minority_nash,hybrid_mf_bayes,dbscan_minority_nash,0.0,0.0,0.0,0.0,0.0,0.0,0.0,0.0,,,0.0,1.0,0.0,0.4185217618942261,0.0,0.9900099635124207,,,0.0,,2.0
test_group_0008,homogeneous_cluster_0,hybrid_mf_bayes_least_misery,hybrid_mf_bayes,least_misery,0.0,0.0,0.0,0.0,0.0,0.0,0.0,0.0,,,0.0,1.0,0.0,0.4346087872982025,0.0,0.9900099635124207,,,0.0,,
test_group_0008,homogeneous_cluster_0,hybrid_mf_bayes_nash_welfare,hybrid_mf_bayes,nash_welfare,0.0,0.0,0.0,0.0,0.0,0.0,0.0,0.0,,,0.0,1.0,0.0,0.4185217618942261,0.0,0.9900099635124207,,,0.0,,
test_group_0008,homogeneous_cluster_0,hybrid_mf_bayes_tuned_fairness,hybrid_mf_bayes,tuned_fairness,0.0,0.0,0.0,0.0,0.0,0.0,0.0,0.0,,,0.0,1.0,0.0,0.4195527732372284,0.0,0.9900099635124207,,,0.0,0.0,
test_group_0008,homogeneous_cluster_0,mf_average,mf,average,0.0,0.0,0.0,0.0,0.0,0.0,0.0,0.0,,,0.0,1.0,0.0,0.4009955823421478,0.0,0.9900099635124207,,,0.0,,
test_group_0008,homogeneous_cluster_0,mf_dbscan_minority_nash,mf,dbscan_minority_nash,0.0,0.0,0.0,0.0,0.0,0.0,0.0,0.0,,,0.0,1.0,0.0,0.42925912141799927,0.0,0.9900099635124207,,,0.0,,2.0
test_group_0008,homogeneous_cluster_0,mf_least_misery,mf,least_misery,0.0,0.0,0.0,0.0,0.0,0.0,0.0,0.0,,,0.0,1.0,0.0,0.41484564542770386,0.0,0.9900099635124207,,,0.0,,
test_group_0008,homogeneous_cluster_0,mf_nash_welfare,mf,nash_welfare,0.0,0.0,0.0,0.0,0.0,0.0,0.0,0.0,,,0.0,1.0,0.0,0.42925912141799927,0.0,0.9900099635124207,,,0.0,,
test_group_0008,homogeneous_cluster_0,mf_tuned_fairness,mf,tuned_fairness,0.0,0.0,0.0,0.0,0.0,0.0,0.0,0.0,,,0.0,1.0,0.0,0.4009955823421478,0.0,0.9900099635124207,,,0.0,0.0,
test_group_0008,homogeneous_cluster_0,rating_user_knn_average,rating_user_knn,average,0.0,0.0,0.0,0.0,0.0,0.0,0.0,0.0,,,0.0,1.0,0.0,0.4885578155517578,0.0,0.9900099635124207,,,0.0,,
test_group_0008,homogeneous_cluster_0,rating_user_knn_dbscan_minority_nash,rating_user_knn,dbscan_minority_nash,0.0,0.0,0.0,0.0,0.0,0.0,0.0,0.0,,,0.0,1.0,0.0,0.4885578155517578,0.0,0.9900099635124207,,,0.0,,2.0
test_group_0008,homogeneous_cluster_0,rating_user_knn_least_misery,rating_user_knn,least_misery,0.03333333333333333,0.03225806451612902,0.09478836436955076,0.03159612145651693,0.03159612145651693,0.04468366348219379,0.0,0.3333333333333333,,,0.0,0.6666666666666666,0.3333333333333333,0.5339711308479309,0.0,0.9900099635124207,,,0.0,,
test_group_0008,homogeneous_cluster_0,rating_user_knn_nash_welfare,rating_user_knn,nash_welfare,0.0,0.0,0.0,0.0,0.0,0.0,0.0,0.0,,,0.0,1.0,0.0,0.4885578155517578,0.0,0.9900099635124207,,,0.0,,
test_group_0008,homogeneous_cluster_0,rating_user_knn_tuned_fairness,rating_user_knn,tuned_fairness,0.0,0.0,0.0,0.0,0.0,0.0,0.0,0.0,,,0.0,1.0,0.0,0.4885578155517578,0.0,0.9900099635124207,,,0.0,0.0,
test_group_0009,homogeneous_cluster_0,hybrid_mf_bayes_average,hybrid_mf_bayes,average,0.03333333333333333,0.03703703703703703,0.07839826897867533,0.11873572903600739,0.11873572903600739,0.16791767834097857,0.0,0.3333333333333333,,,0.0,0.6666666666666666,0.3333333333333333,0.5842030644416809,0.0,0.6177639961242676,,,0.0,,
test_group_0009,homogeneous_cluster_0,hybrid_mf_bayes_dbscan_minority_nash,hybrid_mf_bayes,dbscan_minority_nash,0.03333333333333333,0.03703703703703703,0.07839826897867533,0.11873572903600739,0.11873572903600739,0.16791767834097857,0.0,0.3333333333333333,,,0.0,0.6666666666666666,0.3333333333333333,0.5842030644416809,0.0,0.6177639961242676,,,0.0,,2.0
test_group_0009,homogeneous_cluster_0,hybrid_mf_bayes_least_misery,hybrid_mf_bayes,least_misery,0.03333333333333333,0.03703703703703703,0.07336392209936006,0.1111111111111111,0.1111111111111111,0.15713484026367722,0.0,0.3333333333333333,,,0.0,0.6666666666666666,0.3333333333333333,0.6047017574310303,0.0,0.6177639961242676,,,0.0,,
test_group_0009,homogeneous_cluster_0,hybrid_mf_bayes_nash_welfare,hybrid_mf_bayes,nash_welfare,0.03333333333333333,0.03703703703703703,0.07839826897867533,0.11873572903600739,0.11873572903600739,0.16791767834097857,0.0,0.3333333333333333,,,0.0,0.6666666666666666,0.3333333333333333,0.5842030644416809,0.0,0.6177639961242676,,,0.0,,
test_group_0009,homogeneous_cluster_0,hybrid_mf_bayes_tuned_fairness,hybrid_mf_bayes,tuned_fairness,0.03333333333333333,0.03703703703703703,0.07839826897867533,0.11873572903600739,0.11873572903600739,0.16791767834097857,0.0,0.3333333333333333,,,0.0,0.6666666666666666,0.3333333333333333,0.5842030644416809,0.0,0.6177639961242676,,,0.0,0.0,
test_group_0009,homogeneous_cluster_0,mf_average,mf,average,0.03333333333333333,0.03703703703703703,0.22009176629808017,0.3333333333333333,0.3333333333333333,0.4714045207910317,0.0,0.3333333333333333,,,0.0,0.6666666666666666,0.3333333333333333,0.47158363461494446,0.0,0.6177639961242676,,,0.0,,
test_group_0009,homogeneous_cluster_0,mf_dbscan_minority_nash,mf,dbscan_minority_nash,0.03333333333333333,0.03703703703703703,0.22009176629808017,0.3333333333333333,0.3333333333333333,0.4714045207910317,0.0,0.3333333333333333,,,0.0,0.6666666666666666,0.3333333333333333,0.47158360481262207,0.0,0.6177639961242676,,,0.0,,2.0
test_group_0009,homogeneous_cluster_0,mf_least_misery,mf,least_misery,0.03333333333333333,0.03703703703703703,0.22009176629808017,0.3333333333333333,0.3333333333333333,0.4714045207910317,0.0,0.3333333333333333,,,0.0,0.6666666666666666,0.3333333333333333,0.5548092126846313,0.0,0.6177639961242676,,,0.0,,
test_group_0009,homogeneous_cluster_0,mf_nash_welfare,mf,nash_welfare,0.03333333333333333,0.03703703703703703,0.22009176629808017,0.3333333333333333,0.3333333333333333,0.4714045207910317,0.0,0.3333333333333333,,,0.0,0.6666666666666666,0.3333333333333333,0.47158360481262207,0.0,0.6177639961242676,,,0.0,,
test_group_0009,homogeneous_cluster_0,mf_tuned_fairness,mf,tuned_fairness,0.03333333333333333,0.03703703703703703,0.22009176629808017,0.3333333333333333,0.3333333333333333,0.4714045207910317,0.0,0.3333333333333333,,,0.0,0.6666666666666666,0.3333333333333333,0.47158363461494446,0.0,0.6177639961242676,,,0.0,0.0,
test_group_0009,homogeneous_cluster_0,rating_user_knn_average,rating_user_knn,average,0.0,0.0,0.0,0.0,0.0,0.0,0.0,0.0,,,0.0,1.0,0.0,0.6708511114120483,0.0,0.6177639961242676,,,0.0,,
test_group_0009,homogeneous_cluster_0,rating_user_knn_dbscan_minority_nash,rating_user_knn,dbscan_minority_nash,0.0,0.0,0.0,0.0,0.0,0.0,0.0,0.0,,,0.0,1.0,0.0,0.7209627032279968,0.0,0.6177639961242676,,,0.0,,2.0
test_group_0009,homogeneous_cluster_0,rating_user_knn_least_misery,rating_user_knn,least_misery,0.03333333333333333,0.03703703703703703,0.06362078819895171,0.09635494210596263,0.09635494210596263,0.13626646592792674,0.0,0.3333333333333333,,,0.0,0.6666666666666666,0.3333333333333333,0.6652804017066956,0.0,0.6177639961242676,,,0.0,,
test_group_0009,homogeneous_cluster_0,rating_user_knn_nash_welfare,rating_user_knn,nash_welfare,0.0,0.0,0.0,0.0,0.0,0.0,0.0,0.0,,,0.0,1.0,0.0,0.7209627032279968,0.0,0.6177639961242676,,,0.0,,
test_group_0009,homogeneous_cluster_0,rating_user_knn_tuned_fairness,rating_user_knn,tuned_fairness,0.0,0.0,0.0,0.0,0.0,0.0,0.0,0.0,,,0.0,1.0,0.0,0.6708511114120483,0.0,0.6177639961242676,,,0.0,0.0,
test_group_0010,homogeneous_cluster_0,hybrid_mf_bayes_average,hybrid_mf_bayes,average,0.0,0.0,0.0,0.0,0.0,0.0,0.0,0.0,,,0.0,1.0,0.0,0.4138369560241699,0.0,0.7213590741157532,,,0.0,,
test_group_0010,homogeneous_cluster_0,hybrid_mf_bayes_dbscan_minority_nash,hybrid_mf_bayes,dbscan_minority_nash,0.0,0.0,0.0,0.0,0.0,0.0,0.0,0.0,,,0.0,1.0,0.0,0.4138369560241699,0.0,0.7213590741157532,,,0.0,,2.0
test_group_0010,homogeneous_cluster_0,hybrid_mf_bayes_least_misery,hybrid_mf_bayes,least_misery,0.0,0.0,0.0,0.0,0.0,0.0,0.0,0.0,,,0.0,1.0,0.0,0.44666481018066406,0.0,0.7213590741157532,,,0.0,,
test_group_0010,homogeneous_cluster_0,hybrid_mf_bayes_nash_welfare,hybrid_mf_bayes,nash_welfare,0.0,0.0,0.0,0.0,0.0,0.0,0.0,0.0,,,0.0,1.0,0.0,0.4138369560241699,0.0,0.7213590741157532,,,0.0,,
test_group_0010,homogeneous_cluster_0,hybrid_mf_bayes_tuned_fairness,hybrid_mf_bayes,tuned_fairness,0.0,0.0,0.0,0.0,0.0,0.0,0.0,0.0,,,0.0,1.0,0.0,0.4138369560241699,0.0,0.7213590741157532,,,0.0,0.0,
test_group_0010,homogeneous_cluster_0,mf_average,mf,average,0.0,0.0,0.0,0.0,0.0,0.0,0.0,0.0,,,0.0,1.0,0.0,0.5300881862640381,0.0,0.7213590741157532,,,0.0,,
test_group_0010,homogeneous_cluster_0,mf_dbscan_minority_nash,mf,dbscan_minority_nash,0.0,0.0,0.0,0.0,0.0,0.0,0.0,0.0,,,0.0,1.0,0.0,0.5128800272941589,0.0,0.7213590741157532,,,0.0,,2.0
test_group_0010,homogeneous_cluster_0,mf_least_misery,mf,least_misery,0.0,0.0,0.0,0.0,0.0,0.0,0.0,0.0,,,0.0,1.0,0.0,0.47839564085006714,0.0,0.7213590741157532,,,0.0,,
test_group_0010,homogeneous_cluster_0,mf_nash_welfare,mf,nash_welfare,0.0,0.0,0.0,0.0,0.0,0.0,0.0,0.0,,,0.0,1.0,0.0,0.5128800272941589,0.0,0.7213590741157532,,,0.0,,
test_group_0010,homogeneous_cluster_0,mf_tuned_fairness,mf,tuned_fairness,0.0,0.0,0.0,0.0,0.0,0.0,0.0,0.0,,,0.0,1.0,0.0,0.5300881862640381,0.0,0.7213590741157532,,,0.0,0.0,
test_group_0010,homogeneous_cluster_0,rating_user_knn_average,rating_user_knn,average,0.0,0.0,0.0,0.0,0.0,0.0,0.0,0.0,,,0.0,1.0,0.0,0.5297923684120178,0.0,0.7213590741157532,,,0.0,,
test_group_0010,homogeneous_cluster_0,rating_user_knn_dbscan_minority_nash,rating_user_knn,dbscan_minority_nash,0.0,0.0,0.0,0.0,0.0,0.0,0.0,0.0,,,0.0,1.0,0.0,0.4747135043144226,0.0,0.7213590741157532,,,0.0,,2.0
test_group_0010,homogeneous_cluster_0,rating_user_knn_least_misery,rating_user_knn,least_misery,0.0,0.0,0.0,0.0,0.0,0.0,0.0,0.0,,,0.0,1.0,0.0,0.4700993001461029,0.0,0.7213590741157532,,,0.0,,
test_group_0010,homogeneous_cluster_0,rating_user_knn_nash_welfare,rating_user_knn,nash_welfare,0.0,0.0,0.0,0.0,0.0,0.0,0.0,0.0,,,0.0,1.0,0.0,0.4747135043144226,0.0,0.7213590741157532,,,0.0,,
test_group_0010,homogeneous_cluster_0,rating_user_knn_tuned_fairness,rating_user_knn,tuned_fairness,0.0,0.0,0.0,0.0,0.0,0.0,0.0,0.0,,,0.0,1.0,0.0,0.5297923684120178,0.0,0.7213590741157532,,,0.0,0.0,
test_group_0011,homogeneous_cluster_0,hybrid_mf_bayes_average,hybrid_mf_bayes,average,0.03333333333333333,0.026315789473684202,0.22009176629808017,0.07336392209936006,0.07336392209936006,0.10375225362179824,0.0,0.33333333333333337,,,0.0,0.6666666666666666,0.3333333333333333,0.6704323887825012,0.0,1.0977596044540405,,,0.0,,
test_group_0011,homogeneous_cluster_0,hybrid_mf_bayes_dbscan_minority_nash,hybrid_mf_bayes,dbscan_minority_nash,0.03333333333333333,0.026315789473684202,0.22009176629808017,0.07336392209936006,0.07336392209936006,0.10375225362179824,0.0,0.33333333333333337,,,0.0,0.6666666666666666,0.3333333333333333,0.667087197303772,0.0,1.0977596044540405,,,0.0,,2.0
test_group_0011,homogeneous_cluster_0,hybrid_mf_bayes_least_misery,hybrid_mf_bayes,least_misery,0.06666666666666667,0.052631578947368404,0.2984900352767555,0.11971598193628526,0.11971598193628526,0.0908868484425091,0.0,0.6343707271324495,,,0.0,0.3333333333333333,0.6666666666666666,0.637965738773346,0.0,1.0977596044540405,,,0.0,,
test_group_0011,homogeneous_cluster_0,hybrid_mf_bayes_nash_welfare,hybrid_mf_bayes,nash_welfare,0.03333333333333333,0.026315789473684202,0.22009176629808017,0.07336392209936006,0.07336392209936006,0.10375225362179824,0.0,0.33333333333333337,,,0.0,0.6666666666666666,0.3333333333333333,0.667087197303772,0.0,1.0977596044540405,,,0.0,,
test_group_0011,homogeneous_cluster_0,hybrid_mf_bayes_tuned_fairness,hybrid_mf_bayes,tuned_fairness,0.03333333333333333,0.026315789473684202,0.22009176629808017,0.07336392209936006,0.07336392209936006,0.10375225362179824,0.0,0.33333333333333337,,,0.0,0.6666666666666666,0.3333333333333333,0.6704323887825012,0.0,1.0977596044540405,,,0.0,0.0,
test_group_0011,homogeneous_cluster_0,mf_average,mf,average,0.06666666666666667,0.052631578947368404,0.29345568839744024,0.09781856279914675,0.09781856279914675,0.13833633816239763,0.0,0.33333333333333337,,,0.0,0.6666666666666666,0.3333333333333333,0.5250024199485779,0.0,1.0977596044540405,,,0.0,,
test_group_0011,homogeneous_cluster_0,mf_dbscan_minority_nash,mf,dbscan_minority_nash,0.06666666666666667,0.052631578947368404,0.30523488393970116,0.10174496131323374,0.10174496131323374,0.14388910419230103,0.0,0.33333333333333337,,,0.0,0.6666666666666666,0.3333333333333333,0.5250024199485779,0.0,1.0977596044540405,,,0.0,,2.0
test_group_0011,homogeneous_cluster_0,mf_least_misery,mf,least_misery,0.0,0.0,0.0,0.0,0.0,0.0,0.0,0.0,,,0.0,1.0,0.0,0.36114609241485596,0.0,1.0977596044540405,,,0.0,,
test_group_0011,homogeneous_cluster_0,mf_nash_welfare,mf,nash_welfare,0.06666666666666667,0.052631578947368404,0.30523488393970116,0.10174496131323374,0.10174496131323374,0.14388910419230103,0.0,0.33333333333333337,,,0.0,0.6666666666666666,0.3333333333333333,0.5250024199485779,0.0,1.0977596044540405,,,0.0,,
test_group_0011,homogeneous_cluster_0,mf_tuned_fairness,mf,tuned_fairness,0.06666666666666667,0.052631578947368404,0.29345568839744024,0.09781856279914675,0.09781856279914675,0.13833633816239763,0.0,0.33333333333333337,,,0.0,0.6666666666666666,0.3333333333333333,0.5250024199485779,0.0,1.0977596044540405,,,0.0,0.0,
test_group_0011,homogeneous_cluster_0,rating_user_knn_average,rating_user_knn,average,0.0,0.0,0.0,0.0,0.0,0.0,0.0,0.0,,,0.0,1.0,0.0,0.5683934688568115,0.0,1.0977596044540405,,,0.0,,
test_group_0011,homogeneous_cluster_0,rating_user_knn_dbscan_minority_nash,rating_user_knn,dbscan_minority_nash,0.0,0.0,0.0,0.0,0.0,0.0,0.0,0.0,,,0.0,1.0,0.0,0.5683935284614563,0.0,1.0977596044540405,,,0.0,,2.0
test_group_0011,homogeneous_cluster_0,rating_user_knn_least_misery,rating_user_knn,least_misery,0.0,0.0,0.0,0.0,0.0,0.0,0.0,0.0,,,0.0,1.0,0.0,0.6098241806030273,0.0,1.0977596044540405,,,0.0,,
test_group_0011,homogeneous_cluster_0,rating_user_knn_nash_welfare,rating_user_knn,nash_welfare,0.0,0.0,0.0,0.0,0.0,0.0,0.0,0.0,,,0.0,1.0,0.0,0.5683935284614563,0.0,1.0977596044540405,,,0.0,,
test_group_0011,homogeneous_cluster_0,rating_user_knn_tuned_fairness,rating_user_knn,tuned_fairness,0.0,0.0,0.0,0.0,0.0,0.0,0.0,0.0,,,0.0,1.0,0.0,0.5683934688568115,0.0,1.0977596044540405,,,0.0,0.0,
test_group_0012,homogeneous_cluster_0,hybrid_mf_bayes_average,hybrid_mf_bayes,average,0.0,0.0,0.0,0.0,0.0,0.0,0.0,0.0,,,0.0,1.0,0.0,0.4287566840648651,0.0,0.6722784042358398,,,0.0,,
test_group_0012,homogeneous_cluster_0,hybrid_mf_bayes_dbscan_minority_nash,hybrid_mf_bayes,dbscan_minority_nash,0.0,0.0,0.0,0.0,0.0,0.0,0.0,0.0,,,0.0,1.0,0.0,0.42875662446022034,0.0,0.6722784042358398,,,0.0,,2.0
test_group_0012,homogeneous_cluster_0,hybrid_mf_bayes_least_misery,hybrid_mf_bayes,least_misery,0.0,0.0,0.0,0.0,0.0,0.0,0.0,0.0,,,0.0,1.0,0.0,0.4620957374572754,0.0,0.6722784042358398,,,0.0,,
test_group_0012,homogeneous_cluster_0,hybrid_mf_bayes_nash_welfare,hybrid_mf_bayes,nash_welfare,0.0,0.0,0.0,0.0,0.0,0.0,0.0,0.0,,,0.0,1.0,0.0,0.42875662446022034,0.0,0.6722784042358398,,,0.0,,
test_group_0012,homogeneous_cluster_0,hybrid_mf_bayes_tuned_fairness,hybrid_mf_bayes,tuned_fairness,0.0,0.0,0.0,0.0,0.0,0.0,0.0,0.0,,,0.0,1.0,0.0,0.4287566840648651,0.0,0.6722784042358398,,,0.0,0.0,
test_group_0012,homogeneous_cluster_0,mf_average,mf,average,0.0,0.0,0.0,0.0,0.0,0.0,0.0,0.0,,,0.0,1.0,0.0,0.42928749322891235,0.0,0.6722784042358398,,,0.0,,
test_group_0012,homogeneous_cluster_0,mf_dbscan_minority_nash,mf,dbscan_minority_nash,0.0,0.0,0.0,0.0,0.0,0.0,0.0,0.0,,,0.0,1.0,0.0,0.42928746342658997,0.0,0.6722784042358398,,,0.0,,2.0
test_group_0012,homogeneous_cluster_0,mf_least_misery,mf,least_misery,0.0,0.0,0.0,0.0,0.0,0.0,0.0,0.0,,,0.0,1.0,0.0,0.42928755283355713,0.0,0.6722784042358398,,,0.0,,
test_group_0012,homogeneous_cluster_0,mf_nash_welfare,mf,nash_welfare,0.0,0.0,0.0,0.0,0.0,0.0,0.0,0.0,,,0.0,1.0,0.0,0.42928746342658997,0.0,0.6722784042358398,,,0.0,,
test_group_0012,homogeneous_cluster_0,mf_tuned_fairness,mf,tuned_fairness,0.0,0.0,0.0,0.0,0.0,0.0,0.0,0.0,,,0.0,1.0,0.0,0.42928749322891235,0.0,0.6722784042358398,,,0.0,0.0,
test_group_0012,homogeneous_cluster_0,rating_user_knn_average,rating_user_knn,average,0.0,0.0,0.0,0.0,0.0,0.0,0.0,0.0,,,0.0,1.0,0.0,0.5573376417160034,0.0,0.6722784042358398,,,0.0,,
test_group_0012,homogeneous_cluster_0,rating_user_knn_dbscan_minority_nash,rating_user_knn,dbscan_minority_nash,0.0,0.0,0.0,0.0,0.0,0.0,0.0,0.0,,,0.0,1.0,0.0,0.5573376417160034,0.0,0.6722784042358398,,,0.0,,2.0
test_group_0012,homogeneous_cluster_0,rating_user_knn_least_misery,rating_user_knn,least_misery,0.0,0.0,0.0,0.0,0.0,0.0,0.0,0.0,,,0.0,1.0,0.0,0.5303665995597839,0.0,0.6722784042358398,,,0.0,,
test_group_0012,homogeneous_cluster_0,rating_user_knn_nash_welfare,rating_user_knn,nash_welfare,0.0,0.0,0.0,0.0,0.0,0.0,0.0,0.0,,,0.0,1.0,0.0,0.5573376417160034,0.0,0.6722784042358398,,,0.0,,
test_group_0012,homogeneous_cluster_0,rating_user_knn_tuned_fairness,rating_user_knn,tuned_fairness,0.0,0.0,0.0,0.0,0.0,0.0,0.0,0.0,,,0.0,1.0,0.0,0.5573376417160034,0.0,0.6722784042358398,,,0.0,0.0,
test_group_0013,homogeneous_cluster_0,hybrid_mf_bayes_average,hybrid_mf_bayes,average,0.03333333333333333,0.0303030303030303,0.09478836436955076,0.03159612145651693,0.03159612145651693,0.04468366348219379,0.0,0.3333333333333333,,,0.0,0.6666666666666666,0.3333333333333333,0.4818529486656189,0.0,0.7210416197776794,,,0.0,,
test_group_0013,homogeneous_cluster_0,hybrid_mf_bayes_dbscan_minority_nash,hybrid_mf_bayes,dbscan_minority_nash,0.03333333333333333,0.0303030303030303,0.09478836436955076,0.03159612145651693,0.03159612145651693,0.04468366348219379,0.0,0.3333333333333333,,,0.0,0.6666666666666666,0.3333333333333333,0.4818529486656189,0.0,0.7210416197776794,,,0.0,,2.0
test_group_0013,homogeneous_cluster_0,hybrid_mf_bayes_least_misery,hybrid_mf_bayes,least_misery,0.03333333333333333,0.0303030303030303,0.09478836436955076,0.03159612145651693,0.03159612145651693,0.04468366348219379,0.0,0.3333333333333333,,,0.0,0.6666666666666666,0.3333333333333333,0.49251964688301086,0.0,0.7210416197776794,,,0.0,,
test_group_0013,homogeneous_cluster_0,hybrid_mf_bayes_nash_welfare,hybrid_mf_bayes,nash_welfare,0.03333333333333333,0.0303030303030303,0.09478836436955076,0.03159612145651693,0.03159612145651693,0.04468366348219379,0.0,0.3333333333333333,,,0.0,0.6666666666666666,0.3333333333333333,0.4818529486656189,0.0,0.7210416197776794,,,0.0,,
test_group_0013,homogeneous_cluster_0,hybrid_mf_bayes_tuned_fairness,hybrid_mf_bayes,tuned_fairness,0.03333333333333333,0.0303030303030303,0.09478836436955076,0.03159612145651693,0.03159612145651693,0.04468366348219379,0.0,0.3333333333333333,,,0.0,0.6666666666666666,0.3333333333333333,0.4818529486656189,0.0,0.7210416197776794,,,0.0,0.0,
test_group_0013,homogeneous_cluster_0,mf_average,mf,average,0.06666666666666667,0.0606060606060606,0.1610425878239398,0.05368086260797995,0.05368086260797995,0.07591620394009199,0.0,0.33333333333333337,,,0.0,0.6666666666666666,0.3333333333333333,0.4879041314125061,0.0,0.7210416197776794,,,0.0,,
test_group_0013,homogeneous_cluster_0,mf_dbscan_minority_nash,mf,dbscan_minority_nash,0.06666666666666667,0.0606060606060606,0.1610425878239398,0.05368086260797995,0.05368086260797995,0.07591620394009199,0.0,0.33333333333333337,,,0.0,0.6666666666666666,0.3333333333333333,0.498422235250473,0.0,0.7210416197776794,,,0.0,,2.0
test_group_0013,homogeneous_cluster_0,mf_least_misery,mf,least_misery,0.03333333333333333,0.0303030303030303,0.07336392209936006,0.024454640699786687,0.024454640699786687,0.03458408454059941,0.0,0.33333333333333337,,,0.0,0.6666666666666666,0.3333333333333333,0.4777803122997284,0.0,0.7210416197776794,,,0.0,,
test_group_0013,homogeneous_cluster_0,mf_nash_welfare,mf,nash_welfare,0.06666666666666667,0.0606060606060606,0.1610425878239398,0.05368086260797995,0.05368086260797995,0.07591620394009199,0.0,0.33333333333333337,,,0.0,0.6666666666666666,0.3333333333333333,0.498422235250473,0.0,0.7210416197776794,,,0.0,,
test_group_0013,homogeneous_cluster_0,mf_tuned_fairness,mf,tuned_fairness,0.06666666666666667,0.0606060606060606,0.1610425878239398,0.05368086260797995,0.05368086260797995,0.07591620394009199,0.0,0.33333333333333337,,,0.0,0.6666666666666666,0.3333333333333333,0.4879041314125061,0.0,0.7210416197776794,,,0.0,0.0,
test_group_0013,homogeneous_cluster_0,rating_user_knn_average,rating_user_knn,average,0.03333333333333333,0.0303030303030303,0.06625422345438904,0.022084741151463014,0.022084741151463014,0.031232540457898198,0.0,0.33333333333333337,,,0.0,0.6666666666666666,0.3333333333333333,0.5827004313468933,0.0,0.7210416197776794,,,0.0,,
test_group_0013,homogeneous_cluster_0,rating_user_knn_dbscan_minority_nash,rating_user_knn,dbscan_minority_nash,0.03333333333333333,0.0303030303030303,0.06625422345438904,0.022084741151463014,0.022084741151463014,0.031232540457898198,0.0,0.33333333333333337,,,0.0,0.6666666666666666,0.3333333333333333,0.5827004313468933,0.0,0.7210416197776794,,,0.0,,2.0
test_group_0013,homogeneous_cluster_0,rating_user_knn_least_misery,rating_user_knn,least_misery,0.03333333333333333,0.0303030303030303,0.06362078819895171,0.021206929399650576,0.021206929399650576,0.029991127173274564,0.0,0.3333333333333333,,,0.0,0.6666666666666666,0.3333333333333333,0.575728714466095,0.0,0.7210416197776794,,,0.0,,
test_group_0013,homogeneous_cluster_0,rating_user_knn_nash_welfare,rating_user_knn,nash_welfare,0.03333333333333333,0.0303030303030303,0.06625422345438904,0.022084741151463014,0.022084741151463014,0.031232540457898198,0.0,0.33333333333333337,,,0.0,0.6666666666666666,0.3333333333333333,0.5827004313468933,0.0,0.7210416197776794,,,0.0,,
test_group_0013,homogeneous_cluster_0,rating_user_knn_tuned_fairness,rating_user_knn,tuned_fairness,0.03333333333333333,0.0303030303030303,0.06625422345438904,0.022084741151463014,0.022084741151463014,0.031232540457898198,0.0,0.33333333333333337,,,0.0,0.6666666666666666,0.3333333333333333,0.5827004313468933,0.0,0.7210416197776794,,,0.0,0.0,
test_group_0014,homogeneous_cluster_0,hybrid_mf_bayes_average,hybrid_mf_bayes,average,0.03333333333333333,0.03703703703703703,0.13886244387355454,0.04628748129118485,0.04628748129118485,0.06546038381008452,0.0,0.3333333333333333,,,0.0,0.6666666666666666,0.3333333333333333,0.5751029253005981,0.0,1.1401420831680298,,,0.0,,
test_group_0014,homogeneous_cluster_0,hybrid_mf_bayes_dbscan_minority_nash,hybrid_mf_bayes,dbscan_minority_nash,0.03333333333333333,0.03703703703703703,0.22009176629808017,0.07336392209936006,0.07336392209936006,0.10375225362179824,0.0,0.33333333333333337,,,0.0,0.6666666666666666,0.3333333333333333,0.5832037329673767,0.0,1.1401420831680298,,,0.0,,2.0
test_group_0014,homogeneous_cluster_0,hybrid_mf_bayes_least_misery,hybrid_mf_bayes,least_misery,0.03333333333333333,0.03703703703703703,0.22009176629808017,0.07336392209936006,0.07336392209936006,0.10375225362179824,0.0,0.33333333333333337,,,0.0,0.6666666666666666,0.3333333333333333,0.6388683319091797,0.0,1.1401420831680298,,,0.0,,
test_group_0014,homogeneous_cluster_0,hybrid_mf_bayes_nash_welfare,hybrid_mf_bayes,nash_welfare,0.03333333333333333,0.03703703703703703,0.22009176629808017,0.07336392209936006,0.07336392209936006,0.10375225362179824,0.0,0.33333333333333337,,,0.0,0.6666666666666666,0.3333333333333333,0.5832037329673767,0.0,1.1401420831680298,,,0.0,,
test_group_0014,homogeneous_cluster_0,hybrid_mf_bayes_tuned_fairness,hybrid_mf_bayes,tuned_fairness,0.03333333333333333,0.03703703703703703,0.13886244387355454,0.04628748129118485,0.04628748129118485,0.06546038381008452,0.0,0.3333333333333333,,,0.0,0.6666666666666666,0.3333333333333333,0.5751029253005981,0.0,1.1401420831680298,,,0.0,0.0,
test_group_0014,homogeneous_cluster_0,mf_average,mf,average,0.03333333333333333,0.03703703703703703,0.085143117641621,0.02838103921387367,0.02838103921387367,0.04013685057050279,0.0,0.3333333333333333,,,0.0,0.6666666666666666,0.3333333333333333,0.5467759370803833,0.0,1.1401420831680298,,,0.0,,
test_group_0014,homogeneous_cluster_0,mf_dbscan_minority_nash,mf,dbscan_minority_nash,0.03333333333333333,0.03703703703703703,0.09478836436955076,0.03159612145651693,0.03159612145651693,0.04468366348219379,0.0,0.3333333333333333,,,0.0,0.6666666666666666,0.3333333333333333,0.5959908962249756,0.0,1.1401420831680298,,,0.0,,2.0
test_group_0014,homogeneous_cluster_0,mf_least_misery,mf,least_misery,0.0,0.0,0.0,0.0,0.0,0.0,0.0,0.0,,,0.0,1.0,0.0,0.6861320734024048,0.0,1.1401420831680298,,,0.0,,
test_group_0014,homogeneous_cluster_0,mf_nash_welfare,mf,nash_welfare,0.03333333333333333,0.03703703703703703,0.09478836436955076,0.03159612145651693,0.03159612145651693,0.04468366348219379,0.0,0.3333333333333333,,,0.0,0.6666666666666666,0.3333333333333333,0.5959908962249756,0.0,1.1401420831680298,,,0.0,,
test_group_0014,homogeneous_cluster_0,mf_tuned_fairness,mf,tuned_fairness,0.03333333333333333,0.03703703703703703,0.085143117641621,0.02838103921387367,0.02838103921387367,0.04013685057050279,0.0,0.3333333333333333,,,0.0,0.6666666666666666,0.3333333333333333,0.5467759370803833,0.0,1.1401420831680298,,,0.0,0.0,
test_group_0014,homogeneous_cluster_0,rating_user_knn_average,rating_user_knn,average,0.03333333333333333,0.03703703703703703,0.06625422345438904,0.022084741151463014,0.022084741151463014,0.031232540457898198,0.0,0.33333333333333337,,,0.0,0.6666666666666666,0.3333333333333333,0.6377004384994507,0.0,1.1401420831680298,,,0.0,,
test_group_0014,homogeneous_cluster_0,rating_user_knn_dbscan_minority_nash,rating_user_knn,dbscan_minority_nash,0.03333333333333333,0.03703703703703703,0.06625422345438904,0.022084741151463014,0.022084741151463014,0.031232540457898198,0.0,0.33333333333333337,,,0.0,0.6666666666666666,0.3333333333333333,0.6377004384994507,0.0,1.1401420831680298,,,0.0,,2.0
test_group_0014,homogeneous_cluster_0,rating_user_knn_least_misery,rating_user_knn,least_misery,0.03333333333333333,0.03703703703703703,0.11004588314904008,0.03668196104968003,0.03668196104968003,0.05187612681089912,0.0,0.33333333333333337,,,0.0,0.6666666666666666,0.3333333333333333,0.6245022416114807,0.0,1.1401420831680298,,,0.0,,
test_group_0014,homogeneous_cluster_0,rating_user_knn_nash_welfare,rating_user_knn,nash_welfare,0.03333333333333333,0.03703703703703703,0.06625422345438904,0.022084741151463014,0.022084741151463014,0.031232540457898198,0.0,0.33333333333333337,,,0.0,0.6666666666666666,0.3333333333333333,0.6377004384994507,0.0,1.1401420831680298,,,0.0,,
test_group_0014,homogeneous_cluster_0,rating_user_knn_tuned_fairness,rating_user_knn,tuned_fairness,0.03333333333333333,0.03703703703703703,0.06625422345438904,0.022084741151463014,0.022084741151463014,0.031232540457898198,0.0,0.33333333333333337,,,0.0,0.6666666666666666,0.3333333333333333,0.6377004384994507,0.0,1.1401420831680298,,,0.0,0.0,
test_group_0015,homogeneous_cluster_0,hybrid_mf_bayes_average,hybrid_mf_bayes,average,0.0,0.0,0.0,0.0,0.0,0.0,0.0,0.0,,,0.0,1.0,0.0,0.37723568081855774,0.0,0.556587815284729,,,0.0,,
test_group_0015,homogeneous_cluster_0,hybrid_mf_bayes_dbscan_minority_nash,hybrid_mf_bayes,dbscan_minority_nash,0.0,0.0,0.0,0.0,0.0,0.0,0.0,0.0,,,0.0,1.0,0.0,0.37723568081855774,0.0,0.556587815284729,,,0.0,,2.0
test_group_0015,homogeneous_cluster_0,hybrid_mf_bayes_least_misery,hybrid_mf_bayes,least_misery,0.0,0.0,0.0,0.0,0.0,0.0,0.0,0.0,,,0.0,1.0,0.0,0.3789019286632538,0.0,0.556587815284729,,,0.0,,
test_group_0015,homogeneous_cluster_0,hybrid_mf_bayes_nash_welfare,hybrid_mf_bayes,nash_welfare,0.0,0.0,0.0,0.0,0.0,0.0,0.0,0.0,,,0.0,1.0,0.0,0.37723568081855774,0.0,0.556587815284729,,,0.0,,
test_group_0015,homogeneous_cluster_0,hybrid_mf_bayes_tuned_fairness,hybrid_mf_bayes,tuned_fairness,0.0,0.0,0.0,0.0,0.0,0.0,0.0,0.0,,,0.0,1.0,0.0,0.37723568081855774,0.0,0.556587815284729,,,0.0,0.0,
test_group_0015,homogeneous_cluster_0,mf_average,mf,average,0.0,0.0,0.0,0.0,0.0,0.0,0.0,0.0,,,0.0,1.0,0.0,0.44672897458076477,0.0,0.556587815284729,,,0.0,,
test_group_0015,homogeneous_cluster_0,mf_dbscan_minority_nash,mf,dbscan_minority_nash,0.0,0.0,0.0,0.0,0.0,0.0,0.0,0.0,,,0.0,1.0,0.0,0.44672897458076477,0.0,0.556587815284729,,,0.0,,2.0
test_group_0015,homogeneous_cluster_0,mf_least_misery,mf,least_misery,0.0,0.0,0.0,0.0,0.0,0.0,0.0,0.0,,,0.0,1.0,0.0,0.4145244061946869,0.0,0.556587815284729,,,0.0,,
test_group_0015,homogeneous_cluster_0,mf_nash_welfare,mf,nash_welfare,0.0,0.0,0.0,0.0,0.0,0.0,0.0,0.0,,,0.0,1.0,0.0,0.44672897458076477,0.0,0.556587815284729,,,0.0,,
test_group_0015,homogeneous_cluster_0,mf_tuned_fairness,mf,tuned_fairness,0.0,0.0,0.0,0.0,0.0,0.0,0.0,0.0,,,0.0,1.0,0.0,0.44672897458076477,0.0,0.556587815284729,,,0.0,0.0,
test_group_0015,homogeneous_cluster_0,rating_user_knn_average,rating_user_knn,average,0.0,0.0,0.0,0.0,0.0,0.0,0.0,0.0,,,0.0,1.0,0.0,0.3599579632282257,0.0,0.556587815284729,,,0.0,,
test_group_0015,homogeneous_cluster_0,rating_user_knn_dbscan_minority_nash,rating_user_knn,dbscan_minority_nash,0.0,0.0,0.0,0.0,0.0,0.0,0.0,0.0,,,0.0,1.0,0.0,0.3599579632282257,0.0,0.556587815284729,,,0.0,,2.0
test_group_0015,homogeneous_cluster_0,rating_user_knn_least_misery,rating_user_knn,least_misery,0.0,0.0,0.0,0.0,0.0,0.0,0.0,0.0,,,0.0,1.0,0.0,0.30642688274383545,0.0,0.556587815284729,,,0.0,,
test_group_0015,homogeneous_cluster_0,rating_user_knn_nash_welfare,rating_user_knn,nash_welfare,0.0,0.0,0.0,0.0,0.0,0.0,0.0,0.0,,,0.0,1.0,0.0,0.3599579632282257,0.0,0.556587815284729,,,0.0,,
test_group_0015,homogeneous_cluster_0,rating_user_knn_tuned_fairness,rating_user_knn,tuned_fairness,0.0,0.0,0.0,0.0,0.0,0.0,0.0,0.0,,,0.0,1.0,0.0,0.3599579632282257,0.0,0.556587815284729,,,0.0,0.0,
test_group_0016,homogeneous_cluster_0,hybrid_mf_bayes_average,hybrid_mf_bayes,average,0.0,0.0,0.0,0.0,0.0,0.0,0.0,0.0,,,0.0,1.0,0.0,0.38860198855400085,0.0,0.7144913673400879,,,0.0,,
test_group_0016,homogeneous_cluster_0,hybrid_mf_bayes_dbscan_minority_nash,hybrid_mf_bayes,dbscan_minority_nash,0.0,0.0,0.0,0.0,0.0,0.0,0.0,0.0,,,0.0,1.0,0.0,0.38860198855400085,0.0,0.7144913673400879,,,0.0,,2.0
test_group_0016,homogeneous_cluster_0,hybrid_mf_bayes_least_misery,hybrid_mf_bayes,least_misery,0.0,0.0,0.0,0.0,0.0,0.0,0.0,0.0,,,0.0,1.0,0.0,0.3819352090358734,0.0,0.7144913673400879,,,0.0,,
test_group_0016,homogeneous_cluster_0,hybrid_mf_bayes_nash_welfare,hybrid_mf_bayes,nash_welfare,0.0,0.0,0.0,0.0,0.0,0.0,0.0,0.0,,,0.0,1.0,0.0,0.38860198855400085,0.0,0.7144913673400879,,,0.0,,
test_group_0016,homogeneous_cluster_0,hybrid_mf_bayes_tuned_fairness,hybrid_mf_bayes,tuned_fairness,0.0,0.0,0.0,0.0,0.0,0.0,0.0,0.0,,,0.0,1.0,0.0,0.38860198855400085,0.0,0.7144913673400879,,,0.0,0.0,
test_group_0016,homogeneous_cluster_0,mf_average,mf,average,0.0,0.0,0.0,0.0,0.0,0.0,0.0,0.0,,,0.0,1.0,0.0,0.38694775104522705,0.0,0.7144913673400879,,,0.0,,
test_group_0016,homogeneous_cluster_0,mf_dbscan_minority_nash,mf,dbscan_minority_nash,0.0,0.0,0.0,0.0,0.0,0.0,0.0,0.0,,,0.0,1.0,0.0,0.38694775104522705,0.0,0.7144913673400879,,,0.0,,2.0
test_group_0016,homogeneous_cluster_0,mf_least_misery,mf,least_misery,0.0,0.0,0.0,0.0,0.0,0.0,0.0,0.0,,,0.0,1.0,0.0,0.39503952860832214,0.0,0.7144913673400879,,,0.0,,
test_group_0016,homogeneous_cluster_0,mf_nash_welfare,mf,nash_welfare,0.0,0.0,0.0,0.0,0.0,0.0,0.0,0.0,,,0.0,1.0,0.0,0.38694775104522705,0.0,0.7144913673400879,,,0.0,,
test_group_0016,homogeneous_cluster_0,mf_tuned_fairness,mf,tuned_fairness,0.0,0.0,0.0,0.0,0.0,0.0,0.0,0.0,,,0.0,1.0,0.0,0.38694775104522705,0.0,0.7144913673400879,,,0.0,0.0,
test_group_0016,homogeneous_cluster_0,rating_user_knn_average,rating_user_knn,average,0.0,0.0,0.0,0.0,0.0,0.0,0.0,0.0,,,0.0,1.0,0.0,0.7572449445724487,0.0,0.7144913673400879,,,0.0,,
test_group_0016,homogeneous_cluster_0,rating_user_knn_dbscan_minority_nash,rating_user_knn,dbscan_minority_nash,0.0,0.0,0.0,0.0,0.0,0.0,0.0,0.0,,,0.0,1.0,0.0,0.7572449445724487,0.0,0.7144913673400879,,,0.0,,2.0
test_group_0016,homogeneous_cluster_0,rating_user_knn_least_misery,rating_user_knn,least_misery,0.0,0.0,0.0,0.0,0.0,0.0,0.0,0.0,,,0.0,1.0,0.0,0.519906222820282,0.0,0.7144913673400879,,,0.0,,
test_group_0016,homogeneous_cluster_0,rating_user_knn_nash_welfare,rating_user_knn,nash_welfare,0.0,0.0,0.0,0.0,0.0,0.0,0.0,0.0,,,0.0,1.0,0.0,0.7572449445724487,0.0,0.7144913673400879,,,0.0,,
test_group_0016,homogeneous_cluster_0,rating_user_knn_tuned_fairness,rating_user_knn,tuned_fairness,0.0,0.0,0.0,0.0,0.0,0.0,0.0,0.0,,,0.0,1.0,0.0,0.7572449445724487,0.0,0.7144913673400879,,,0.0,0.0,
test_group_0017,homogeneous_cluster_0,hybrid_mf_bayes_average,hybrid_mf_bayes,average,0.0,0.0,0.0,0.0,0.0,0.0,0.0,0.0,,,0.0,1.0,0.0,0.380553275346756,0.0,0.9690443873405457,,,0.0,,
test_group_0017,homogeneous_cluster_0,hybrid_mf_bayes_dbscan_minority_nash,hybrid_mf_bayes,dbscan_minority_nash,0.0,0.0,0.0,0.0,0.0,0.0,0.0,0.0,,,0.0,1.0,0.0,0.380553275346756,0.0,0.9690443873405457,,,0.0,,2.0
test_group_0017,homogeneous_cluster_0,hybrid_mf_bayes_least_misery,hybrid_mf_bayes,least_misery,0.0,0.0,0.0,0.0,0.0,0.0,0.0,0.0,,,0.0,1.0,0.0,0.3959221839904785,0.0,0.9690443873405457,,,0.0,,
test_group_0017,homogeneous_cluster_0,hybrid_mf_bayes_nash_welfare,hybrid_mf_bayes,nash_welfare,0.0,0.0,0.0,0.0,0.0,0.0,0.0,0.0,,,0.0,1.0,0.0,0.380553275346756,0.0,0.9690443873405457,,,0.0,,
test_group_0017,homogeneous_cluster_0,hybrid_mf_bayes_tuned_fairness,hybrid_mf_bayes,tuned_fairness,0.0,0.0,0.0,0.0,0.0,0.0,0.0,0.0,,,0.0,1.0,0.0,0.380553275346756,0.0,0.9690443873405457,,,0.0,0.0,
test_group_0017,homogeneous_cluster_0,mf_average,mf,average,0.0,0.0,0.0,0.0,0.0,0.0,0.0,0.0,,,0.0,1.0,0.0,0.4631897509098053,0.0,0.9690443873405457,,,0.0,,
test_group_0017,homogeneous_cluster_0,mf_dbscan_minority_nash,mf,dbscan_minority_nash,0.0,0.0,0.0,0.0,0.0,0.0,0.0,0.0,,,0.0,1.0,0.0,0.4631897807121277,0.0,0.9690443873405457,,,0.0,,2.0
test_group_0017,homogeneous_cluster_0,mf_least_misery,mf,least_misery,0.0,0.0,0.0,0.0,0.0,0.0,0.0,0.0,,,0.0,1.0,0.0,0.5280464887619019,0.0,0.9690443873405457,,,0.0,,
test_group_0017,homogeneous_cluster_0,mf_nash_welfare,mf,nash_welfare,0.0,0.0,0.0,0.0,0.0,0.0,0.0,0.0,,,0.0,1.0,0.0,0.4631897807121277,0.0,0.9690443873405457,,,0.0,,
test_group_0017,homogeneous_cluster_0,mf_tuned_fairness,mf,tuned_fairness,0.0,0.0,0.0,0.0,0.0,0.0,0.0,0.0,,,0.0,1.0,0.0,0.4631897509098053,0.0,0.9690443873405457,,,0.0,0.0,
test_group_0017,homogeneous_cluster_0,rating_user_knn_average,rating_user_knn,average,0.0,0.0,0.0,0.0,0.0,0.0,0.0,0.0,,,0.0,1.0,0.0,0.4421441853046417,0.0,0.9690443873405457,,,0.0,,
test_group_0017,homogeneous_cluster_0,rating_user_knn_dbscan_minority_nash,rating_user_knn,dbscan_minority_nash,0.0,0.0,0.0,0.0,0.0,0.0,0.0,0.0,,,0.0,1.0,0.0,0.4421441853046417,0.0,0.9690443873405457,,,0.0,,2.0
test_group_0017,homogeneous_cluster_0,rating_user_knn_least_misery,rating_user_knn,least_misery,0.0,0.0,0.0,0.0,0.0,0.0,0.0,0.0,,,0.0,1.0,0.0,0.4517661929130554,0.0,0.9690443873405457,,,0.0,,
test_group_0017,homogeneous_cluster_0,rating_user_knn_nash_welfare,rating_user_knn,nash_welfare,0.0,0.0,0.0,0.0,0.0,0.0,0.0,0.0,,,0.0,1.0,0.0,0.4421441853046417,0.0,0.9690443873405457,,,0.0,,
test_group_0017,homogeneous_cluster_0,rating_user_knn_tuned_fairness,rating_user_knn,tuned_fairness,0.0,0.0,0.0,0.0,0.0,0.0,0.0,0.0,,,0.0,1.0,0.0,0.4421441853046417,0.0,0.9690443873405457,,,0.0,0.0,
test_group_0018,homogeneous_cluster_0,hybrid_mf_bayes_average,hybrid_mf_bayes,average,0.03333333333333333,0.052631578947368425,0.06362078819895171,0.026485693144255806,0.026485693144255806,0.03745642645345867,0.0,0.3333333333333333,,,0.0,0.6666666666666666,0.3333333333333333,0.4290899634361267,0.0,0.8894133567810059,,,0.0,,
test_group_0018,homogeneous_cluster_0,hybrid_mf_bayes_dbscan_minority_nash,hybrid_mf_bayes,dbscan_minority_nash,0.0,0.0,0.0,0.0,0.0,0.0,0.0,0.0,,,0.0,1.0,0.0,0.43700990080833435,0.0,0.8894133567810059,,,0.0,,2.0
test_group_0018,homogeneous_cluster_0,hybrid_mf_bayes_least_misery,hybrid_mf_bayes,least_misery,0.0,0.0,0.0,0.0,0.0,0.0,0.0,0.0,,,0.0,1.0,0.0,0.4822778105735779,0.0,0.8894133567810059,,,0.0,,
test_group_0018,homogeneous_cluster_0,hybrid_mf_bayes_nash_welfare,hybrid_mf_bayes,nash_welfare,0.0,0.0,0.0,0.0,0.0,0.0,0.0,0.0,,,0.0,1.0,0.0,0.43700990080833435,0.0,0.8894133567810059,,,0.0,,
test_group_0018,homogeneous_cluster_0,hybrid_mf_bayes_tuned_fairness,hybrid_mf_bayes,tuned_fairness,0.03333333333333333,0.052631578947368425,0.06362078819895171,0.026485693144255806,0.026485693144255806,0.03745642645345867,0.0,0.3333333333333333,,,0.0,0.6666666666666666,0.3333333333333333,0.4290899634361267,0.0,0.8894133567810059,,,0.0,0.0,
test_group_0018,homogeneous_cluster_0,mf_average,mf,average,0.03333333333333333,0.052631578947368425,0.22009176629808017,0.09162544430476362,0.09162544430476362,0.1295779459942574,0.0,0.3333333333333333,,,0.0,0.6666666666666666,0.3333333333333333,0.4582556486129761,0.0,0.8894133567810059,,,0.0,,
test_group_0018,homogeneous_cluster_0,mf_dbscan_minority_nash,mf,dbscan_minority_nash,0.03333333333333333,0.052631578947368425,0.11004588314904008,0.04581272215238181,0.04581272215238181,0.0647889729971287,0.0,0.3333333333333333,,,0.0,0.6666666666666666,0.3333333333333333,0.4216476082801819,0.0,0.8894133567810059,,,0.0,,2.0
test_group_0018,homogeneous_cluster_0,mf_least_misery,mf,least_misery,0.0,0.0,0.0,0.0,0.0,0.0,0.0,0.0,,,0.0,1.0,0.0,0.42093726992607117,0.0,0.8894133567810059,,,0.0,,
test_group_0018,homogeneous_cluster_0,mf_nash_welfare,mf,nash_welfare,0.03333333333333333,0.052631578947368425,0.11004588314904008,0.04581272215238181,0.04581272215238181,0.0647889729971287,0.0,0.3333333333333333,,,0.0,0.6666666666666666,0.3333333333333333,0.4216476082801819,0.0,0.8894133567810059,,,0.0,,
test_group_0018,homogeneous_cluster_0,mf_tuned_fairness,mf,tuned_fairness,0.03333333333333333,0.052631578947368425,0.22009176629808017,0.09162544430476362,0.09162544430476362,0.1295779459942574,0.0,0.3333333333333333,,,0.0,0.6666666666666666,0.3333333333333333,0.4582556486129761,0.0,0.8894133567810059,,,0.0,0.0,
test_group_0018,homogeneous_cluster_0,rating_user_knn_average,rating_user_knn,average,0.03333333333333333,0.052631578947368425,0.06625422345438904,0.027582007101773342,0.027582007101773342,0.03900684852079888,0.0,0.3333333333333333,,,0.0,0.6666666666666666,0.3333333333333333,0.4137590527534485,0.0,0.8894133567810059,,,0.0,,
test_group_0018,homogeneous_cluster_0,rating_user_knn_dbscan_minority_nash,rating_user_knn,dbscan_minority_nash,0.03333333333333333,0.052631578947368425,0.06943122193677727,0.02890460949803991,0.02890460949803991,0.04087729076722622,0.0,0.3333333333333333,,,0.0,0.6666666666666666,0.3333333333333333,0.38722679018974304,0.0,0.8894133567810059,,,0.0,,2.0
test_group_0018,homogeneous_cluster_0,rating_user_knn_least_misery,rating_user_knn,least_misery,0.0,0.0,0.0,0.0,0.0,0.0,0.0,0.0,,,0.0,1.0,0.0,0.38477635383605957,0.0,0.8894133567810059,,,0.0,,
test_group_0018,homogeneous_cluster_0,rating_user_knn_nash_welfare,rating_user_knn,nash_welfare,0.03333333333333333,0.052631578947368425,0.06943122193677727,0.02890460949803991,0.02890460949803991,0.04087729076722622,0.0,0.3333333333333333,,,0.0,0.6666666666666666,0.3333333333333333,0.38722679018974304,0.0,0.8894133567810059,,,0.0,,
test_group_0018,homogeneous_cluster_0,rating_user_knn_tuned_fairness,rating_user_knn,tuned_fairness,0.03333333333333333,0.052631578947368425,0.06625422345438904,0.027582007101773342,0.027582007101773342,0.03900684852079888,0.0,0.3333333333333333,,,0.0,0.6666666666666666,0.3333333333333333,0.4137590527534485,0.0,0.8894133567810059,,,0.0,0.0,
test_group_0019,homogeneous_cluster_0,hybrid_mf_bayes_average,hybrid_mf_bayes,average,0.03333333333333333,0.02941176470588235,0.22009176629808017,0.07336392209936006,0.07336392209936006,0.10375225362179824,0.0,0.33333333333333337,,,0.0,0.6666666666666666,0.3333333333333333,0.3479580879211426,0.0,0.7751167416572571,,,0.0,,
test_group_0019,homogeneous_cluster_0,hybrid_mf_bayes_dbscan_minority_nash,hybrid_mf_bayes,dbscan_minority_nash,0.03333333333333333,0.02941176470588235,0.22009176629808017,0.07336392209936006,0.07336392209936006,0.10375225362179824,0.0,0.33333333333333337,,,0.0,0.6666666666666666,0.3333333333333333,0.3479580879211426,0.0,0.7751167416572571,,,0.0,,2.0
test_group_0019,homogeneous_cluster_0,hybrid_mf_bayes_least_misery,hybrid_mf_bayes,least_misery,0.03333333333333333,0.02941176470588235,0.13886244387355454,0.04628748129118485,0.04628748129118485,0.06546038381008452,0.0,0.3333333333333333,,,0.0,0.6666666666666666,0.3333333333333333,0.3338029682636261,0.0,0.7751167416572571,,,0.0,,
test_group_0019,homogeneous_cluster_0,hybrid_mf_bayes_nash_welfare,hybrid_mf_bayes,nash_welfare,0.03333333333333333,0.02941176470588235,0.22009176629808017,0.07336392209936006,0.07336392209936006,0.10375225362179824,0.0,0.33333333333333337,,,0.0,0.6666666666666666,0.3333333333333333,0.3479580879211426,0.0,0.7751167416572571,,,0.0,,
test_group_0019,homogeneous_cluster_0,hybrid_mf_bayes_tuned_fairness,hybrid_mf_bayes,tuned_fairness,0.03333333333333333,0.02941176470588235,0.22009176629808017,0.07336392209936006,0.07336392209936006,0.10375225362179824,0.0,0.33333333333333337,,,0.0,0.6666666666666666,0.3333333333333333,0.3479580879211426,0.0,0.7751167416572571,,,0.0,0.0,
test_group_0019,homogeneous_cluster_0,mf_average,mf,average,0.03333333333333333,0.02941176470588235,0.11004588314904008,0.03668196104968003,0.03668196104968003,0.05187612681089912,0.0,0.33333333333333337,,,0.0,0.6666666666666666,0.3333333333333333,0.4814693331718445,0.0,0.7751167416572571,,,0.0,,
test_group_0019,homogeneous_cluster_0,mf_dbscan_minority_nash,mf,dbscan_minority_nash,0.03333333333333333,0.02941176470588235,0.11004588314904008,0.03668196104968003,0.03668196104968003,0.05187612681089912,0.0,0.33333333333333337,,,0.0,0.6666666666666666,0.3333333333333333,0.4814693331718445,0.0,0.7751167416572571,,,0.0,,2.0
test_group_0019,homogeneous_cluster_0,mf_least_misery,mf,least_misery,0.03333333333333333,0.02941176470588235,0.07336392209936006,0.024454640699786687,0.024454640699786687,0.03458408454059941,0.0,0.33333333333333337,,,0.0,0.6666666666666666,0.3333333333333333,0.4098382294178009,0.0,0.7751167416572571,,,0.0,,
test_group_0019,homogeneous_cluster_0,mf_nash_welfare,mf,nash_welfare,0.03333333333333333,0.02941176470588235,0.11004588314904008,0.03668196104968003,0.03668196104968003,0.05187612681089912,0.0,0.33333333333333337,,,0.0,0.6666666666666666,0.3333333333333333,0.4814693331718445,0.0,0.7751167416572571,,,0.0,,
test_group_0019,homogeneous_cluster_0,mf_tuned_fairness,mf,tuned_fairness,0.03333333333333333,0.02941176470588235,0.11004588314904008,0.03668196104968003,0.03668196104968003,0.05187612681089912,0.0,0.33333333333333337,,,0.0,0.6666666666666666,0.3333333333333333,0.4814693331718445,0.0,0.7751167416572571,,,0.0,0.0,
test_group_0019,homogeneous_cluster_0,rating_user_knn_average,rating_user_knn,average,0.03333333333333333,0.02941176470588235,0.06362078819895171,0.021206929399650576,0.021206929399650576,0.029991127173274564,0.0,0.3333333333333333,,,0.0,0.6666666666666666,0.3333333333333333,0.40882495045661926,0.0,0.7751167416572571,,,0.0,,
test_group_0019,homogeneous_cluster_0,rating_user_knn_dbscan_minority_nash,rating_user_knn,dbscan_minority_nash,0.03333333333333333,0.02941176470588235,0.06362078819895171,0.021206929399650576,0.021206929399650576,0.029991127173274564,0.0,0.3333333333333333,,,0.0,0.6666666666666666,0.3333333333333333,0.40882495045661926,0.0,0.7751167416572571,,,0.0,,2.0
test_group_0019,homogeneous_cluster_0,rating_user_knn_least_misery,rating_user_knn,least_misery,0.0,0.0,0.0,0.0,0.0,0.0,0.0,0.0,,,0.0,1.0,0.0,0.3790472745895386,0.0,0.7751167416572571,,,0.0,,
test_group_0019,homogeneous_cluster_0,rating_user_knn_nash_welfare,rating_user_knn,nash_welfare,0.03333333333333333,0.02941176470588235,0.06362078819895171,0.021206929399650576,0.021206929399650576,0.029991127173274564,0.0,0.3333333333333333,,,0.0,0.6666666666666666,0.3333333333333333,0.40882495045661926,0.0,0.7751167416572571,,,0.0,,
test_group_0019,homogeneous_cluster_0,rating_user_knn_tuned_fairness,rating_user_knn,tuned_fairness,0.03333333333333333,0.02941176470588235,0.06362078819895171,0.021206929399650576,0.021206929399650576,0.029991127173274564,0.0,0.3333333333333333,,,0.0,0.6666666666666666,0.3333333333333333,0.40882495045661926,0.0,0.7751167416572571,,,0.0,0.0,
test_group_0020,homogeneous_cluster_0,hybrid_mf_bayes_average,hybrid_mf_bayes,average,0.0,0.0,0.0,0.0,0.0,0.0,0.0,0.0,,,0.0,1.0,0.0,0.4354395270347595,0.0,0.5149661898612976,,,0.0,,
test_group_0020,homogeneous_cluster_0,hybrid_mf_bayes_dbscan_minority_nash,hybrid_mf_bayes,dbscan_minority_nash,0.0,0.0,0.0,0.0,0.0,0.0,0.0,0.0,,,0.0,1.0,0.0,0.4354395270347595,0.0,0.5149661898612976,,,0.0,,2.0
test_group_0020,homogeneous_cluster_0,hybrid_mf_bayes_least_misery,hybrid_mf_bayes,least_misery,0.0,0.0,0.0,0.0,0.0,0.0,0.0,0.0,,,0.0,1.0,0.0,0.4895166754722595,0.0,0.5149661898612976,,,0.0,,
test_group_0020,homogeneous_cluster_0,hybrid_mf_bayes_nash_welfare,hybrid_mf_bayes,nash_welfare,0.0,0.0,0.0,0.0,0.0,0.0,0.0,0.0,,,0.0,1.0,0.0,0.4354395270347595,0.0,0.5149661898612976,,,0.0,,
test_group_0020,homogeneous_cluster_0,hybrid_mf_bayes_tuned_fairness,hybrid_mf_bayes,tuned_fairness,0.0,0.0,0.0,0.0,0.0,0.0,0.0,0.0,,,0.0,1.0,0.0,0.4354395270347595,0.0,0.5149661898612976,,,0.0,0.0,
test_group_0020,homogeneous_cluster_0,mf_average,mf,average,0.03333333333333333,0.026315789473684202,0.056906557239904,0.041050398123455,0.041050398123455,0.058054029767005105,0.0,0.3333333333333333,,,0.0,0.6666666666666666,0.3333333333333333,0.5909731388092041,0.0,0.5149661898612976,,,0.0,,
test_group_0020,homogeneous_cluster_0,mf_dbscan_minority_nash,mf,dbscan_minority_nash,0.03333333333333333,0.026315789473684202,0.056906557239904,0.041050398123455,0.041050398123455,0.058054029767005105,0.0,0.3333333333333333,,,0.0,0.6666666666666666,0.3333333333333333,0.5909732580184937,0.0,0.5149661898612976,,,0.0,,2.0
test_group_0020,homogeneous_cluster_0,mf_least_misery,mf,least_misery,0.0,0.0,0.0,0.0,0.0,0.0,0.0,0.0,,,0.0,1.0,0.0,0.45285484194755554,0.0,0.5149661898612976,,,0.0,,
test_group_0020,homogeneous_cluster_0,mf_nash_welfare,mf,nash_welfare,0.03333333333333333,0.026315789473684202,0.056906557239904,0.041050398123455,0.041050398123455,0.058054029767005105,0.0,0.3333333333333333,,,0.0,0.6666666666666666,0.3333333333333333,0.5909732580184937,0.0,0.5149661898612976,,,0.0,,
test_group_0020,homogeneous_cluster_0,mf_tuned_fairness,mf,tuned_fairness,0.03333333333333333,0.026315789473684202,0.056906557239904,0.041050398123455,0.041050398123455,0.058054029767005105,0.0,0.3333333333333333,,,0.0,0.6666666666666666,0.3333333333333333,0.5909731388092041,0.0,0.5149661898612976,,,0.0,0.0,
test_group_0020,homogeneous_cluster_0,rating_user_knn_average,rating_user_knn,average,0.03333333333333333,0.026315789473684202,0.0521442648465579,0.03761504711631176,0.03761504711631176,0.05319570978119106,0.0,0.33333333333333337,,,0.0,0.6666666666666666,0.3333333333333333,0.40531909465789795,0.0,0.5149661898612976,,,0.0,,
test_group_0020,homogeneous_cluster_0,rating_user_knn_dbscan_minority_nash,rating_user_knn,dbscan_minority_nash,0.0,0.0,0.0,0.0,0.0,0.0,0.0,0.0,,,0.0,1.0,0.0,0.3857232928276062,0.0,0.5149661898612976,,,0.0,,2.0
test_group_0020,homogeneous_cluster_0,rating_user_knn_least_misery,rating_user_knn,least_misery,0.0,0.0,0.0,0.0,0.0,0.0,0.0,0.0,,,0.0,1.0,0.0,0.36813807487487793,0.0,0.5149661898612976,,,0.0,,
test_group_0020,homogeneous_cluster_0,rating_user_knn_nash_welfare,rating_user_knn,nash_welfare,0.0,0.0,0.0,0.0,0.0,0.0,0.0,0.0,,,0.0,1.0,0.0,0.3857232928276062,0.0,0.5149661898612976,,,0.0,,
test_group_0020,homogeneous_cluster_0,rating_user_knn_tuned_fairness,rating_user_knn,tuned_fairness,0.03333333333333333,0.026315789473684202,0.0521442648465579,0.03761504711631176,0.03761504711631176,0.05319570978119106,0.0,0.33333333333333337,,,0.0,0.6666666666666666,0.3333333333333333,0.40531909465789795,0.0,0.5149661898612976,,,0.0,0.0,
test_group_0021,homogeneous_cluster_0,hybrid_mf_bayes_average,hybrid_mf_bayes,average,0.06666666666666667,0.05405405405405405,0.3239134396887188,0.2777463196878462,0.2777463196878462,0.253614412897441,0.0,0.5453218209619078,,,0.0,0.3333333333333333,0.6666666666666666,0.45408084988594055,0.0,0.8662281036376953,,,0.0,,
test_group_0021,homogeneous_cluster_0,hybrid_mf_bayes_dbscan_minority_nash,hybrid_mf_bayes,dbscan_minority_nash,0.06666666666666667,0.05405405405405405,0.3239134396887188,0.2777463196878462,0.2777463196878462,0.253614412897441,0.0,0.5453218209619078,,,0.0,0.3333333333333333,0.6666666666666666,0.46900439262390137,0.0,0.8662281036376953,,,0.0,,2.0
test_group_0021,homogeneous_cluster_0,hybrid_mf_bayes_least_misery,hybrid_mf_bayes,least_misery,0.06666666666666667,0.05405405405405405,0.3239134396887188,0.2777463196878462,0.2777463196878462,0.253614412897441,0.0,0.5453218209619078,,,0.0,0.3333333333333333,0.6666666666666666,0.5033151507377625,0.0,0.8662281036376953,,,0.0,,
test_group_0021,homogeneous_cluster_0,hybrid_mf_bayes_nash_welfare,hybrid_mf_bayes,nash_welfare,0.06666666666666667,0.05405405405405405,0.3239134396887188,0.2777463196878462,0.2777463196878462,0.253614412897441,0.0,0.5453218209619078,,,0.0,0.3333333333333333,0.6666666666666666,0.46900439262390137,0.0,0.8662281036376953,,,0.0,,
test_group_0021,homogeneous_cluster_0,hybrid_mf_bayes_tuned_fairness,hybrid_mf_bayes,tuned_fairness,0.06666666666666667,0.05405405405405405,0.3239134396887188,0.2777463196878462,0.2777463196878462,0.253614412897441,0.0,0.5453218209619078,,,0.0,0.3333333333333333,0.6666666666666666,0.45408084988594055,0.0,0.8662281036376953,,,0.0,0.0,
test_group_0021,homogeneous_cluster_0,mf_average,mf,average,0.06666666666666667,0.05405405405405405,0.3239134396887188,0.2777463196878462,0.2777463196878462,0.253614412897441,0.0,0.5453218209619078,,,0.0,0.3333333333333333,0.6666666666666666,0.4337626099586487,0.0,0.8662281036376953,,,0.0,,
test_group_0021,homogeneous_cluster_0,mf_dbscan_minority_nash,mf,dbscan_minority_nash,0.06666666666666667,0.05405405405405405,0.3239134396887188,0.2777463196878462,0.2777463196878462,0.253614412897441,0.0,0.5453218209619078,,,0.0,0.3333333333333333,0.6666666666666666,0.4337625801563263,0.0,0.8662281036376953,,,0.0,,2.0
test_group_0021,homogeneous_cluster_0,mf_least_misery,mf,least_misery,0.06666666666666667,0.05405405405405405,0.3239134396887188,0.2777463196878462,0.2777463196878462,0.253614412897441,0.0,0.5453218209619078,,,0.0,0.3333333333333333,0.6666666666666666,0.4636860191822052,0.0,0.8662281036376953,,,0.0,,
test_group_0021,homogeneous_cluster_0,mf_nash_welfare,mf,nash_welfare,0.06666666666666667,0.05405405405405405,0.3239134396887188,0.2777463196878462,0.2777463196878462,0.253614412897441,0.0,0.5453218209619078,,,0.0,0.3333333333333333,0.6666666666666666,0.4337625801563263,0.0,0.8662281036376953,,,0.0,,
test_group_0021,homogeneous_cluster_0,mf_tuned_fairness,mf,tuned_fairness,0.06666666666666667,0.05405405405405405,0.3239134396887188,0.2777463196878462,0.2777463196878462,0.253614412897441,0.0,0.5453218209619078,,,0.0,0.3333333333333333,0.6666666666666666,0.4337626099586487,0.0,0.8662281036376953,,,0.0,0.0,
test_group_0021,homogeneous_cluster_0,rating_user_knn_average,rating_user_knn,average,0.0,0.0,0.0,0.0,0.0,0.0,0.0,0.0,,,0.0,1.0,0.0,0.4209059774875641,0.0,0.8662281036376953,,,0.0,,
test_group_0021,homogeneous_cluster_0,rating_user_knn_dbscan_minority_nash,rating_user_knn,dbscan_minority_nash,0.0,0.0,0.0,0.0,0.0,0.0,0.0,0.0,,,0.0,1.0,0.0,0.37276652455329895,0.0,0.8662281036376953,,,0.0,,2.0
test_group_0021,homogeneous_cluster_0,rating_user_knn_least_misery,rating_user_knn,least_misery,0.0,0.0,0.0,0.0,0.0,0.0,0.0,0.0,,,0.0,1.0,0.0,0.34230801463127136,0.0,0.8662281036376953,,,0.0,,
test_group_0021,homogeneous_cluster_0,rating_user_knn_nash_welfare,rating_user_knn,nash_welfare,0.0,0.0,0.0,0.0,0.0,0.0,0.0,0.0,,,0.0,1.0,0.0,0.37276652455329895,0.0,0.8662281036376953,,,0.0,,
test_group_0021,homogeneous_cluster_0,rating_user_knn_tuned_fairness,rating_user_knn,tuned_fairness,0.0,0.0,0.0,0.0,0.0,0.0,0.0,0.0,,,0.0,1.0,0.0,0.4209059774875641,0.0,0.8662281036376953,,,0.0,0.0,
test_group_0022,homogeneous_cluster_0,hybrid_mf_bayes_average,hybrid_mf_bayes,average,0.0,0.0,0.0,0.0,0.0,0.0,0.0,0.0,,,0.0,1.0,0.0,0.2678188681602478,0.0,0.8858592510223389,,,0.0,,
test_group_0022,homogeneous_cluster_0,hybrid_mf_bayes_dbscan_minority_nash,hybrid_mf_bayes,dbscan_minority_nash,0.0,0.0,0.0,0.0,0.0,0.0,0.0,0.0,,,0.0,1.0,0.0,0.2899554967880249,0.0,0.8858592510223389,,,0.0,,2.0
test_group_0022,homogeneous_cluster_0,hybrid_mf_bayes_least_misery,hybrid_mf_bayes,least_misery,0.0,0.0,0.0,0.0,0.0,0.0,0.0,0.0,,,0.0,1.0,0.0,0.28033047914505005,0.0,0.8858592510223389,,,0.0,,
test_group_0022,homogeneous_cluster_0,hybrid_mf_bayes_nash_welfare,hybrid_mf_bayes,nash_welfare,0.0,0.0,0.0,0.0,0.0,0.0,0.0,0.0,,,0.0,1.0,0.0,0.2899554967880249,0.0,0.8858592510223389,,,0.0,,
test_group_0022,homogeneous_cluster_0,hybrid_mf_bayes_tuned_fairness,hybrid_mf_bayes,tuned_fairness,0.0,0.0,0.0,0.0,0.0,0.0,0.0,0.0,,,0.0,1.0,0.0,0.2678188681602478,0.0,0.8858592510223389,,,0.0,0.0,
test_group_0022,homogeneous_cluster_0,mf_average,mf,average,0.0,0.0,0.0,0.0,0.0,0.0,0.0,0.0,,,0.0,1.0,0.0,0.273043692111969,0.0,0.8858592510223389,,,0.0,,
test_group_0022,homogeneous_cluster_0,mf_dbscan_minority_nash,mf,dbscan_minority_nash,0.0,0.0,0.0,0.0,0.0,0.0,0.0,0.0,,,0.0,1.0,0.0,0.24637934565544128,0.0,0.8858592510223389,,,0.0,,2.0
test_group_0022,homogeneous_cluster_0,mf_least_misery,mf,least_misery,0.0,0.0,0.0,0.0,0.0,0.0,0.0,0.0,,,0.0,1.0,0.0,0.2763673961162567,0.0,0.8858592510223389,,,0.0,,
test_group_0022,homogeneous_cluster_0,mf_nash_welfare,mf,nash_welfare,0.0,0.0,0.0,0.0,0.0,0.0,0.0,0.0,,,0.0,1.0,0.0,0.24637934565544128,0.0,0.8858592510223389,,,0.0,,
test_group_0022,homogeneous_cluster_0,mf_tuned_fairness,mf,tuned_fairness,0.0,0.0,0.0,0.0,0.0,0.0,0.0,0.0,,,0.0,1.0,0.0,0.273043692111969,0.0,0.8858592510223389,,,0.0,0.0,
test_group_0022,homogeneous_cluster_0,rating_user_knn_average,rating_user_knn,average,0.03333333333333333,0.0909090909090909,0.09478836436955076,0.043441255303456876,0.043441255303456876,0.06143521241666085,0.0,0.3333333333333333,,,0.0,0.6666666666666666,0.3333333333333333,0.4095386862754822,0.0,0.8858592510223389,,,0.0,,
test_group_0022,homogeneous_cluster_0,rating_user_knn_dbscan_minority_nash,rating_user_knn,dbscan_minority_nash,0.03333333333333333,0.0909090909090909,0.09478836436955076,0.043441255303456876,0.043441255303456876,0.06143521241666085,0.0,0.3333333333333333,,,0.0,0.6666666666666666,0.3333333333333333,0.40953874588012695,0.0,0.8858592510223389,,,0.0,,2.0
test_group_0022,homogeneous_cluster_0,rating_user_knn_least_misery,rating_user_knn,least_misery,0.0,0.0,0.0,0.0,0.0,0.0,0.0,0.0,,,0.0,1.0,0.0,0.5397247076034546,0.0,0.8858592510223389,,,0.0,,
test_group_0022,homogeneous_cluster_0,rating_user_knn_nash_welfare,rating_user_knn,nash_welfare,0.03333333333333333,0.0909090909090909,0.09478836436955076,0.043441255303456876,0.043441255303456876,0.06143521241666085,0.0,0.3333333333333333,,,0.0,0.6666666666666666,0.3333333333333333,0.40953874588012695,0.0,0.8858592510223389,,,0.0,,
test_group_0022,homogeneous_cluster_0,rating_user_knn_tuned_fairness,rating_user_knn,tuned_fairness,0.03333333333333333,0.0909090909090909,0.09478836436955076,0.043441255303456876,0.043441255303456876,0.06143521241666085,0.0,0.3333333333333333,,,0.0,0.6666666666666666,0.3333333333333333,0.4095386862754822,0.0,0.8858592510223389,,,0.0,0.0,
test_group_0023,homogeneous_cluster_0,hybrid_mf_bayes_average,hybrid_mf_bayes,average,0.03333333333333333,0.06666666666666668,0.13886244387355454,0.07132875491150918,0.07132875491150918,0.10087409258304281,0.0,0.3333333333333333,,,0.0,0.6666666666666666,0.3333333333333333,0.34443044662475586,0.0,0.8074977397918701,,,0.0,,
test_group_0023,homogeneous_cluster_0,hybrid_mf_bayes_dbscan_minority_nash,hybrid_mf_bayes,dbscan_minority_nash,0.03333333333333333,0.06666666666666668,0.13886244387355454,0.07132875491150918,0.07132875491150918,0.10087409258304281,0.0,0.3333333333333333,,,0.0,0.6666666666666666,0.3333333333333333,0.34443044662475586,0.0,0.8074977397918701,,,0.0,,2.0
test_group_0023,homogeneous_cluster_0,hybrid_mf_bayes_least_misery,hybrid_mf_bayes,least_misery,0.03333333333333333,0.06666666666666668,0.13886244387355454,0.07132875491150918,0.07132875491150918,0.10087409258304281,0.0,0.3333333333333333,,,0.0,0.6666666666666666,0.3333333333333333,0.40342965722084045,0.0,0.8074977397918701,,,0.0,,
test_group_0023,homogeneous_cluster_0,hybrid_mf_bayes_nash_welfare,hybrid_mf_bayes,nash_welfare,0.03333333333333333,0.06666666666666668,0.13886244387355454,0.07132875491150918,0.07132875491150918,0.10087409258304281,0.0,0.3333333333333333,,,0.0,0.6666666666666666,0.3333333333333333,0.34443044662475586,0.0,0.8074977397918701,,,0.0,,
test_group_0023,homogeneous_cluster_0,hybrid_mf_bayes_tuned_fairness,hybrid_mf_bayes,tuned_fairness,0.03333333333333333,0.06666666666666668,0.13886244387355454,0.07132875491150918,0.07132875491150918,0.10087409258304281,0.0,0.3333333333333333,,,0.0,0.6666666666666666,0.3333333333333333,0.34443044662475586,0.0,0.8074977397918701,,,0.0,0.0,
test_group_0023,homogeneous_cluster_0,mf_average,mf,average,0.03333333333333333,0.06666666666666668,0.13886244387355454,0.07132875491150918,0.07132875491150918,0.10087409258304281,0.0,0.3333333333333333,,,0.0,0.6666666666666666,0.3333333333333333,0.4130123555660248,0.0,0.8074977397918701,,,0.0,,
test_group_0023,homogeneous_cluster_0,mf_dbscan_minority_nash,mf,dbscan_minority_nash,0.03333333333333333,0.06666666666666668,0.13886244387355454,0.07132875491150918,0.07132875491150918,0.10087409258304281,0.0,0.3333333333333333,,,0.0,0.6666666666666666,0.3333333333333333,0.4130123555660248,0.0,0.8074977397918701,,,0.0,,2.0
test_group_0023,homogeneous_cluster_0,mf_least_misery,mf,least_misery,0.03333333333333333,0.06666666666666668,0.13886244387355454,0.07132875491150918,0.07132875491150918,0.10087409258304281,0.0,0.3333333333333333,,,0.0,0.6666666666666666,0.3333333333333333,0.5276832580566406,0.0,0.8074977397918701,,,0.0,,
test_group_0023,homogeneous_cluster_0,mf_nash_welfare,mf,nash_welfare,0.03333333333333333,0.06666666666666668,0.13886244387355454,0.07132875491150918,0.07132875491150918,0.10087409258304281,0.0,0.3333333333333333,,,0.0,0.6666666666666666,0.3333333333333333,0.4130123555660248,0.0,0.8074977397918701,,,0.0,,
test_group_0023,homogeneous_cluster_0,mf_tuned_fairness,mf,tuned_fairness,0.03333333333333333,0.06666666666666668,0.13886244387355454,0.07132875491150918,0.07132875491150918,0.10087409258304281,0.0,0.3333333333333333,,,0.0,0.6666666666666666,0.3333333333333333,0.4130123555660248,0.0,0.8074977397918701,,,0.0,0.0,
test_group_0023,homogeneous_cluster_0,rating_user_knn_average,rating_user_knn,average,0.0,0.0,0.0,0.0,0.0,0.0,0.0,0.0,,,0.0,1.0,0.0,0.41479554772377014,0.0,0.8074977397918701,,,0.0,,
test_group_0023,homogeneous_cluster_0,rating_user_knn_dbscan_minority_nash,rating_user_knn,dbscan_minority_nash,0.0,0.0,0.0,0.0,0.0,0.0,0.0,0.0,,,0.0,1.0,0.0,0.41479554772377014,0.0,0.8074977397918701,,,0.0,,2.0
test_group_0023,homogeneous_cluster_0,rating_user_knn_least_misery,rating_user_knn,least_misery,0.0,0.0,0.0,0.0,0.0,0.0,0.0,0.0,,,0.0,1.0,0.0,0.3166099786758423,0.0,0.8074977397918701,,,0.0,,
test_group_0023,homogeneous_cluster_0,rating_user_knn_nash_welfare,rating_user_knn,nash_welfare,0.0,0.0,0.0,0.0,0.0,0.0,0.0,0.0,,,0.0,1.0,0.0,0.41479554772377014,0.0,0.8074977397918701,,,0.0,,
test_group_0023,homogeneous_cluster_0,rating_user_knn_tuned_fairness,rating_user_knn,tuned_fairness,0.0,0.0,0.0,0.0,0.0,0.0,0.0,0.0,,,0.0,1.0,0.0,0.41479554772377014,0.0,0.8074977397918701,,,0.0,0.0,
test_group_0024,homogeneous_cluster_0,hybrid_mf_bayes_average,hybrid_mf_bayes,average,0.0,0.0,0.0,0.0,0.0,0.0,0.0,0.0,,,0.0,1.0,0.0,0.5412196516990662,0.0,0.7399141192436218,,,0.0,,
test_group_0024,homogeneous_cluster_0,hybrid_mf_bayes_dbscan_minority_nash,hybrid_mf_bayes,dbscan_minority_nash,0.0,0.0,0.0,0.0,0.0,0.0,0.0,0.0,,,0.0,1.0,0.0,0.5412196516990662,0.0,0.7399141192436218,,,0.0,,2.0
test_group_0024,homogeneous_cluster_0,hybrid_mf_bayes_least_misery,hybrid_mf_bayes,least_misery,0.0,0.0,0.0,0.0,0.0,0.0,0.0,0.0,,,0.0,1.0,0.0,0.6090234518051147,0.0,0.7399141192436218,,,0.0,,
test_group_0024,homogeneous_cluster_0,hybrid_mf_bayes_nash_welfare,hybrid_mf_bayes,nash_welfare,0.0,0.0,0.0,0.0,0.0,0.0,0.0,0.0,,,0.0,1.0,0.0,0.5412196516990662,0.0,0.7399141192436218,,,0.0,,
test_group_0024,homogeneous_cluster_0,hybrid_mf_bayes_tuned_fairness,hybrid_mf_bayes,tuned_fairness,0.0,0.0,0.0,0.0,0.0,0.0,0.0,0.0,,,0.0,1.0,0.0,0.5412196516990662,0.0,0.7399141192436218,,,0.0,0.0,
test_group_0024,homogeneous_cluster_0,mf_average,mf,average,0.0,0.0,0.0,0.0,0.0,0.0,0.0,0.0,,,0.0,1.0,0.0,0.4645524322986603,0.0,0.7399141192436218,,,0.0,,
test_group_0024,homogeneous_cluster_0,mf_dbscan_minority_nash,mf,dbscan_minority_nash,0.0,0.0,0.0,0.0,0.0,0.0,0.0,0.0,,,0.0,1.0,0.0,0.46455246210098267,0.0,0.7399141192436218,,,0.0,,2.0
test_group_0024,homogeneous_cluster_0,mf_least_misery,mf,least_misery,0.0,0.0,0.0,0.0,0.0,0.0,0.0,0.0,,,0.0,1.0,0.0,0.5245916247367859,0.0,0.7399141192436218,,,0.0,,
test_group_0024,homogeneous_cluster_0,mf_nash_welfare,mf,nash_welfare,0.0,0.0,0.0,0.0,0.0,0.0,0.0,0.0,,,0.0,1.0,0.0,0.46455246210098267,0.0,0.7399141192436218,,,0.0,,
test_group_0024,homogeneous_cluster_0,mf_tuned_fairness,mf,tuned_fairness,0.0,0.0,0.0,0.0,0.0,0.0,0.0,0.0,,,0.0,1.0,0.0,0.4645524322986603,0.0,0.7399141192436218,,,0.0,0.0,
test_group_0024,homogeneous_cluster_0,rating_user_knn_average,rating_user_knn,average,0.0,0.0,0.0,0.0,0.0,0.0,0.0,0.0,,,0.0,1.0,0.0,0.3734547197818756,0.0,0.7399141192436218,,,0.0,,
test_group_0024,homogeneous_cluster_0,rating_user_knn_dbscan_minority_nash,rating_user_knn,dbscan_minority_nash,0.0,0.0,0.0,0.0,0.0,0.0,0.0,0.0,,,0.0,1.0,0.0,0.30853188037872314,0.0,0.7399141192436218,,,0.0,,2.0
test_group_0024,homogeneous_cluster_0,rating_user_knn_least_misery,rating_user_knn,least_misery,0.0,0.0,0.0,0.0,0.0,0.0,0.0,0.0,,,0.0,1.0,0.0,0.29149967432022095,0.0,0.7399141192436218,,,0.0,,
test_group_0024,homogeneous_cluster_0,rating_user_knn_nash_welfare,rating_user_knn,nash_welfare,0.0,0.0,0.0,0.0,0.0,0.0,0.0,0.0,,,0.0,1.0,0.0,0.30853188037872314,0.0,0.7399141192436218,,,0.0,,
test_group_0024,homogeneous_cluster_0,rating_user_knn_tuned_fairness,rating_user_knn,tuned_fairness,0.0,0.0,0.0,0.0,0.0,0.0,0.0,0.0,,,0.0,1.0,0.0,0.3734547197818756,0.0,0.7399141192436218,,,0.0,0.0,
test_group_0025,homogeneous_cluster_0,hybrid_mf_bayes_average,hybrid_mf_bayes,average,0.0,0.0,0.0,0.0,0.0,0.0,0.0,0.0,,,0.0,1.0,0.0,0.5801234245300293,0.0,0.6435522437095642,,,0.0,,
test_group_0025,homogeneous_cluster_0,hybrid_mf_bayes_dbscan_minority_nash,hybrid_mf_bayes,dbscan_minority_nash,0.03333333333333333,0.05555555555555556,0.0521442648465579,0.04521732447748259,0.04521732447748259,0.0639469535302808,0.0,0.33333333333333337,,,0.0,0.6666666666666666,0.3333333333333333,0.6101808547973633,0.0,0.6435522437095642,,,0.0,,2.0
test_group_0025,homogeneous_cluster_0,hybrid_mf_bayes_least_misery,hybrid_mf_bayes,least_misery,0.0,0.0,0.0,0.0,0.0,0.0,0.0,0.0,,,0.0,1.0,0.0,0.5748273134231567,0.0,0.6435522437095642,,,0.0,,
test_group_0025,homogeneous_cluster_0,hybrid_mf_bayes_nash_welfare,hybrid_mf_bayes,nash_welfare,0.03333333333333333,0.05555555555555556,0.0521442648465579,0.04521732447748259,0.04521732447748259,0.0639469535302808,0.0,0.33333333333333337,,,0.0,0.6666666666666666,0.3333333333333333,0.6101808547973633,0.0,0.6435522437095642,,,0.0,,
test_group_0025,homogeneous_cluster_0,hybrid_mf_bayes_tuned_fairness,hybrid_mf_bayes,tuned_fairness,0.0,0.0,0.0,0.0,0.0,0.0,0.0,0.0,,,0.0,1.0,0.0,0.5801234245300293,0.0,0.6435522437095642,,,0.0,0.0,
test_group_0025,homogeneous_cluster_0,mf_average,mf,average,0.0,0.0,0.0,0.0,0.0,0.0,0.0,0.0,,,0.0,1.0,0.0,0.6076526045799255,0.0,0.6435522437095642,,,0.0,,
test_group_0025,homogeneous_cluster_0,mf_dbscan_minority_nash,mf,dbscan_minority_nash,0.0,0.0,0.0,0.0,0.0,0.0,0.0,0.0,,,0.0,1.0,0.0,0.6399405598640442,0.0,0.6435522437095642,,,0.0,,2.0
test_group_0025,homogeneous_cluster_0,mf_least_misery,mf,least_misery,0.0,0.0,0.0,0.0,0.0,0.0,0.0,0.0,,,0.0,1.0,0.0,0.6158508062362671,0.0,0.6435522437095642,,,0.0,,
test_group_0025,homogeneous_cluster_0,mf_nash_welfare,mf,nash_welfare,0.0,0.0,0.0,0.0,0.0,0.0,0.0,0.0,,,0.0,1.0,0.0,0.6399405598640442,0.0,0.6435522437095642,,,0.0,,
test_group_0025,homogeneous_cluster_0,mf_tuned_fairness,mf,tuned_fairness,0.0,0.0,0.0,0.0,0.0,0.0,0.0,0.0,,,0.0,1.0,0.0,0.6076526045799255,0.0,0.6435522437095642,,,0.0,0.0,
test_group_0025,homogeneous_cluster_0,rating_user_knn_average,rating_user_knn,average,0.0,0.0,0.0,0.0,0.0,0.0,0.0,0.0,,,0.0,1.0,0.0,0.33012813329696655,0.0,0.6435522437095642,,,0.0,,
test_group_0025,homogeneous_cluster_0,rating_user_knn_dbscan_minority_nash,rating_user_knn,dbscan_minority_nash,0.0,0.0,0.0,0.0,0.0,0.0,0.0,0.0,,,0.0,1.0,0.0,0.33012810349464417,0.0,0.6435522437095642,,,0.0,,2.0
test_group_0025,homogeneous_cluster_0,rating_user_knn_least_misery,rating_user_knn,least_misery,0.0,0.0,0.0,0.0,0.0,0.0,0.0,0.0,,,0.0,1.0,0.0,0.27935636043548584,0.0,0.6435522437095642,,,0.0,,
test_group_0025,homogeneous_cluster_0,rating_user_knn_nash_welfare,rating_user_knn,nash_welfare,0.0,0.0,0.0,0.0,0.0,0.0,0.0,0.0,,,0.0,1.0,0.0,0.33012810349464417,0.0,0.6435522437095642,,,0.0,,
test_group_0025,homogeneous_cluster_0,rating_user_knn_tuned_fairness,rating_user_knn,tuned_fairness,0.0,0.0,0.0,0.0,0.0,0.0,0.0,0.0,,,0.0,1.0,0.0,0.33012813329696655,0.0,0.6435522437095642,,,0.0,0.0,
test_group_0026,homogeneous_cluster_0,hybrid_mf_bayes_average,hybrid_mf_bayes,average,0.03333333333333333,0.035714285714285705,0.06625422345438904,0.022084741151463014,0.022084741151463014,0.031232540457898198,0.0,0.33333333333333337,,,0.0,0.6666666666666666,0.3333333333333333,0.27433112263679504,0.0,0.7624446749687195,,,0.0,,
test_group_0026,homogeneous_cluster_0,hybrid_mf_bayes_dbscan_minority_nash,hybrid_mf_bayes,dbscan_minority_nash,0.03333333333333333,0.035714285714285705,0.06625422345438904,0.022084741151463014,0.022084741151463014,0.031232540457898198,0.0,0.33333333333333337,,,0.0,0.6666666666666666,0.3333333333333333,0.27433115243911743,0.0,0.7624446749687195,,,0.0,,2.0
test_group_0026,homogeneous_cluster_0,hybrid_mf_bayes_least_misery,hybrid_mf_bayes,least_misery,0.0,0.0,0.0,0.0,0.0,0.0,0.0,0.0,,,0.0,1.0,0.0,0.22536654770374298,0.0,0.7624446749687195,,,0.0,,
test_group_0026,homogeneous_cluster_0,hybrid_mf_bayes_nash_welfare,hybrid_mf_bayes,nash_welfare,0.03333333333333333,0.035714285714285705,0.06625422345438904,0.022084741151463014,0.022084741151463014,0.031232540457898198,0.0,0.33333333333333337,,,0.0,0.6666666666666666,0.3333333333333333,0.27433115243911743,0.0,0.7624446749687195,,,0.0,,
test_group_0026,homogeneous_cluster_0,hybrid_mf_bayes_tuned_fairness,hybrid_mf_bayes,tuned_fairness,0.03333333333333333,0.035714285714285705,0.06625422345438904,0.022084741151463014,0.022084741151463014,0.031232540457898198,0.0,0.33333333333333337,,,0.0,0.6666666666666666,0.3333333333333333,0.27433112263679504,0.0,0.7624446749687195,,,0.0,0.0,
test_group_0026,homogeneous_cluster_0,mf_average,mf,average,0.0,0.0,0.0,0.0,0.0,0.0,0.0,0.0,,,0.0,1.0,0.0,0.2366994470357895,0.0,0.7624446749687195,,,0.0,,
test_group_0026,homogeneous_cluster_0,mf_dbscan_minority_nash,mf,dbscan_minority_nash,0.0,0.0,0.0,0.0,0.0,0.0,0.0,0.0,,,0.0,1.0,0.0,0.2366994470357895,0.0,0.7624446749687195,,,0.0,,2.0
test_group_0026,homogeneous_cluster_0,mf_least_misery,mf,least_misery,0.0,0.0,0.0,0.0,0.0,0.0,0.0,0.0,,,0.0,1.0,0.0,0.3424661457538605,0.0,0.7624446749687195,,,0.0,,
test_group_0026,homogeneous_cluster_0,mf_nash_welfare,mf,nash_welfare,0.0,0.0,0.0,0.0,0.0,0.0,0.0,0.0,,,0.0,1.0,0.0,0.2366994470357895,0.0,0.7624446749687195,,,0.0,,
test_group_0026,homogeneous_cluster_0,mf_tuned_fairness,mf,tuned_fairness,0.0,0.0,0.0,0.0,0.0,0.0,0.0,0.0,,,0.0,1.0,0.0,0.2366994470357895,0.0,0.7624446749687195,,,0.0,0.0,
test_group_0026,homogeneous_cluster_0,rating_user_knn_average,rating_user_knn,average,0.0,0.0,0.0,0.0,0.0,0.0,0.0,0.0,,,0.0,1.0,0.0,0.4912562072277069,0.0,0.7624446749687195,,,0.0,,
test_group_0026,homogeneous_cluster_0,rating_user_knn_dbscan_minority_nash,rating_user_knn,dbscan_minority_nash,0.0,0.0,0.0,0.0,0.0,0.0,0.0,0.0,,,0.0,1.0,0.0,0.42395853996276855,0.0,0.7624446749687195,,,0.0,,2.0
test_group_0026,homogeneous_cluster_0,rating_user_knn_least_misery,rating_user_knn,least_misery,0.0,0.0,0.0,0.0,0.0,0.0,0.0,0.0,,,0.0,1.0,0.0,0.4481603801250458,0.0,0.7624446749687195,,,0.0,,
test_group_0026,homogeneous_cluster_0,rating_user_knn_nash_welfare,rating_user_knn,nash_welfare,0.0,0.0,0.0,0.0,0.0,0.0,0.0,0.0,,,0.0,1.0,0.0,0.42395853996276855,0.0,0.7624446749687195,,,0.0,,
test_group_0026,homogeneous_cluster_0,rating_user_knn_tuned_fairness,rating_user_knn,tuned_fairness,0.0,0.0,0.0,0.0,0.0,0.0,0.0,0.0,,,0.0,1.0,0.0,0.4912562072277069,0.0,0.7624446749687195,,,0.0,0.0,
test_group_0027,homogeneous_cluster_0,hybrid_mf_bayes_average,hybrid_mf_bayes,average,0.0,0.0,0.0,0.0,0.0,0.0,0.0,0.0,,,0.0,1.0,0.0,0.32433879375457764,0.0,0.7788650393486023,,,0.0,,
test_group_0027,homogeneous_cluster_0,hybrid_mf_bayes_dbscan_minority_nash,hybrid_mf_bayes,dbscan_minority_nash,0.0,0.0,0.0,0.0,0.0,0.0,0.0,0.0,,,0.0,1.0,0.0,0.3465522229671478,0.0,0.7788650393486023,,,0.0,,2.0
test_group_0027,homogeneous_cluster_0,hybrid_mf_bayes_least_misery,hybrid_mf_bayes,least_misery,0.0,0.0,0.0,0.0,0.0,0.0,0.0,0.0,,,0.0,1.0,0.0,0.3295031785964966,0.0,0.7788650393486023,,,0.0,,
test_group_0027,homogeneous_cluster_0,hybrid_mf_bayes_nash_welfare,hybrid_mf_bayes,nash_welfare,0.0,0.0,0.0,0.0,0.0,0.0,0.0,0.0,,,0.0,1.0,0.0,0.3465522229671478,0.0,0.7788650393486023,,,0.0,,
test_group_0027,homogeneous_cluster_0,hybrid_mf_bayes_tuned_fairness,hybrid_mf_bayes,tuned_fairness,0.0,0.0,0.0,0.0,0.0,0.0,0.0,0.0,,,0.0,1.0,0.0,0.32433879375457764,0.0,0.7788650393486023,,,0.0,0.0,
test_group_0027,homogeneous_cluster_0,mf_average,mf,average,0.0,0.0,0.0,0.0,0.0,0.0,0.0,0.0,,,0.0,1.0,0.0,0.40416958928108215,0.0,0.7788650393486023,,,0.0,,
test_group_0027,homogeneous_cluster_0,mf_dbscan_minority_nash,mf,dbscan_minority_nash,0.0,0.0,0.0,0.0,0.0,0.0,0.0,0.0,,,0.0,1.0,0.0,0.40416961908340454,0.0,0.7788650393486023,,,0.0,,2.0
test_group_0027,homogeneous_cluster_0,mf_least_misery,mf,least_misery,0.0,0.0,0.0,0.0,0.0,0.0,0.0,0.0,,,0.0,1.0,0.0,0.36871227622032166,0.0,0.7788650393486023,,,0.0,,
test_group_0027,homogeneous_cluster_0,mf_nash_welfare,mf,nash_welfare,0.0,0.0,0.0,0.0,0.0,0.0,0.0,0.0,,,0.0,1.0,0.0,0.40416961908340454,0.0,0.7788650393486023,,,0.0,,
test_group_0027,homogeneous_cluster_0,mf_tuned_fairness,mf,tuned_fairness,0.0,0.0,0.0,0.0,0.0,0.0,0.0,0.0,,,0.0,1.0,0.0,0.40416958928108215,0.0,0.7788650393486023,,,0.0,0.0,
test_group_0027,homogeneous_cluster_0,rating_user_knn_average,rating_user_knn,average,0.0,0.0,0.0,0.0,0.0,0.0,0.0,0.0,,,0.0,1.0,0.0,0.742622435092926,0.0,0.7788650393486023,,,0.0,,
test_group_0027,homogeneous_cluster_0,rating_user_knn_dbscan_minority_nash,rating_user_knn,dbscan_minority_nash,0.0,0.0,0.0,0.0,0.0,0.0,0.0,0.0,,,0.0,1.0,0.0,0.742622435092926,0.0,0.7788650393486023,,,0.0,,2.0
test_group_0027,homogeneous_cluster_0,rating_user_knn_least_misery,rating_user_knn,least_misery,0.0,0.0,0.0,0.0,0.0,0.0,0.0,0.0,,,0.0,1.0,0.0,0.7821130752563477,0.0,0.7788650393486023,,,0.0,,
test_group_0027,homogeneous_cluster_0,rating_user_knn_nash_welfare,rating_user_knn,nash_welfare,0.0,0.0,0.0,0.0,0.0,0.0,0.0,0.0,,,0.0,1.0,0.0,0.742622435092926,0.0,0.7788650393486023,,,0.0,,
test_group_0027,homogeneous_cluster_0,rating_user_knn_tuned_fairness,rating_user_knn,tuned_fairness,0.0,0.0,0.0,0.0,0.0,0.0,0.0,0.0,,,0.0,1.0,0.0,0.742622435092926,0.0,0.7788650393486023,,,0.0,0.0,
test_group_0028,homogeneous_cluster_0,hybrid_mf_bayes_average,hybrid_mf_bayes,average,0.0,0.0,0.0,0.0,0.0,0.0,0.0,0.0,,,0.0,1.0,0.0,0.2765566408634186,0.0,1.032881498336792,,,0.0,,
test_group_0028,homogeneous_cluster_0,hybrid_mf_bayes_dbscan_minority_nash,hybrid_mf_bayes,dbscan_minority_nash,0.0,0.0,0.0,0.0,0.0,0.0,0.0,0.0,,,0.0,1.0,0.0,0.321053683757782,0.0,1.032881498336792,,,0.0,,2.0
test_group_0028,homogeneous_cluster_0,hybrid_mf_bayes_least_misery,hybrid_mf_bayes,least_misery,0.0,0.0,0.0,0.0,0.0,0.0,0.0,0.0,,,0.0,1.0,0.0,0.34038546681404114,0.0,1.032881498336792,,,0.0,,
test_group_0028,homogeneous_cluster_0,hybrid_mf_bayes_nash_welfare,hybrid_mf_bayes,nash_welfare,0.0,0.0,0.0,0.0,0.0,0.0,0.0,0.0,,,0.0,1.0,0.0,0.321053683757782,0.0,1.032881498336792,,,0.0,,
test_group_0028,homogeneous_cluster_0,hybrid_mf_bayes_tuned_fairness,hybrid_mf_bayes,tuned_fairness,0.0,0.0,0.0,0.0,0.0,0.0,0.0,0.0,,,0.0,1.0,0.0,0.2765566408634186,0.0,1.032881498336792,,,0.0,0.0,
test_group_0028,homogeneous_cluster_0,mf_average,mf,average,0.0,0.0,0.0,0.0,0.0,0.0,0.0,0.0,,,0.0,1.0,0.0,0.2883896827697754,0.0,1.032881498336792,,,0.0,,
test_group_0028,homogeneous_cluster_0,mf_dbscan_minority_nash,mf,dbscan_minority_nash,0.0,0.0,0.0,0.0,0.0,0.0,0.0,0.0,,,0.0,1.0,0.0,0.36257144808769226,0.0,1.032881498336792,,,0.0,,2.0
test_group_0028,homogeneous_cluster_0,mf_least_misery,mf,least_misery,0.0,0.0,0.0,0.0,0.0,0.0,0.0,0.0,,,0.0,1.0,0.0,0.5423250794410706,0.0,1.032881498336792,,,0.0,,
test_group_0028,homogeneous_cluster_0,mf_nash_welfare,mf,nash_welfare,0.0,0.0,0.0,0.0,0.0,0.0,0.0,0.0,,,0.0,1.0,0.0,0.36257144808769226,0.0,1.032881498336792,,,0.0,,
test_group_0028,homogeneous_cluster_0,mf_tuned_fairness,mf,tuned_fairness,0.0,0.0,0.0,0.0,0.0,0.0,0.0,0.0,,,0.0,1.0,0.0,0.2883896827697754,0.0,1.032881498336792,,,0.0,0.0,
test_group_0028,homogeneous_cluster_0,rating_user_knn_average,rating_user_knn,average,0.0,0.0,0.0,0.0,0.0,0.0,0.0,0.0,,,0.0,1.0,0.0,0.7142171859741211,0.0,1.032881498336792,,,0.0,,
test_group_0028,homogeneous_cluster_0,rating_user_knn_dbscan_minority_nash,rating_user_knn,dbscan_minority_nash,0.0,0.0,0.0,0.0,0.0,0.0,0.0,0.0,,,0.0,1.0,0.0,0.710561215877533,0.0,1.032881498336792,,,0.0,,2.0
test_group_0028,homogeneous_cluster_0,rating_user_knn_least_misery,rating_user_knn,least_misery,0.0,0.0,0.0,0.0,0.0,0.0,0.0,0.0,,,0.0,1.0,0.0,0.6051220297813416,0.0,1.032881498336792,,,0.0,,
test_group_0028,homogeneous_cluster_0,rating_user_knn_nash_welfare,rating_user_knn,nash_welfare,0.0,0.0,0.0,0.0,0.0,0.0,0.0,0.0,,,0.0,1.0,0.0,0.710561215877533,0.0,1.032881498336792,,,0.0,,
test_group_0028,homogeneous_cluster_0,rating_user_knn_tuned_fairness,rating_user_knn,tuned_fairness,0.0,0.0,0.0,0.0,0.0,0.0,0.0,0.0,,,0.0,1.0,0.0,0.7142171859741211,0.0,1.032881498336792,,,0.0,0.0,
test_group_0029,homogeneous_cluster_0,hybrid_mf_bayes_average,hybrid_mf_bayes,average,0.0,0.0,0.0,0.0,0.0,0.0,0.0,0.0,,,0.0,1.0,0.0,0.372852623462677,0.0,1.0455321073532104,,,0.0,,
test_group_0029,homogeneous_cluster_0,hybrid_mf_bayes_dbscan_minority_nash,hybrid_mf_bayes,dbscan_minority_nash,0.0,0.0,0.0,0.0,0.0,0.0,0.0,0.0,,,0.0,1.0,0.0,0.38617756962776184,0.0,1.0455321073532104,,,0.0,,2.0
test_group_0029,homogeneous_cluster_0,hybrid_mf_bayes_least_misery,hybrid_mf_bayes,least_misery,0.0,0.0,0.0,0.0,0.0,0.0,0.0,0.0,,,0.0,1.0,0.0,0.4297961890697479,0.0,1.0455321073532104,,,0.0,,
test_group_0029,homogeneous_cluster_0,hybrid_mf_bayes_nash_welfare,hybrid_mf_bayes,nash_welfare,0.0,0.0,0.0,0.0,0.0,0.0,0.0,0.0,,,0.0,1.0,0.0,0.38617756962776184,0.0,1.0455321073532104,,,0.0,,
test_group_0029,homogeneous_cluster_0,hybrid_mf_bayes_tuned_fairness,hybrid_mf_bayes,tuned_fairness,0.0,0.0,0.0,0.0,0.0,0.0,0.0,0.0,,,0.0,1.0,0.0,0.372852623462677,0.0,1.0455321073532104,,,0.0,0.0,
test_group_0029,homogeneous_cluster_0,mf_average,mf,average,0.0,0.0,0.0,0.0,0.0,0.0,0.0,0.0,,,0.0,1.0,0.0,0.36423030495643616,0.0,1.0455321073532104,,,0.0,,
test_group_0029,homogeneous_cluster_0,mf_dbscan_minority_nash,mf,dbscan_minority_nash,0.0,0.0,0.0,0.0,0.0,0.0,0.0,0.0,,,0.0,1.0,0.0,0.37429410219192505,0.0,1.0455321073532104,,,0.0,,2.0
test_group_0029,homogeneous_cluster_0,mf_least_misery,mf,least_misery,0.0,0.0,0.0,0.0,0.0,0.0,0.0,0.0,,,0.0,1.0,0.0,0.40692874789237976,0.0,1.0455321073532104,,,0.0,,
test_group_0029,homogeneous_cluster_0,mf_nash_welfare,mf,nash_welfare,0.0,0.0,0.0,0.0,0.0,0.0,0.0,0.0,,,0.0,1.0,0.0,0.37429410219192505,0.0,1.0455321073532104,,,0.0,,
test_group_0029,homogeneous_cluster_0,mf_tuned_fairness,mf,tuned_fairness,0.0,0.0,0.0,0.0,0.0,0.0,0.0,0.0,,,0.0,1.0,0.0,0.36423030495643616,0.0,1.0455321073532104,,,0.0,0.0,
test_group_0029,homogeneous_cluster_0,rating_user_knn_average,rating_user_knn,average,0.0,0.0,0.0,0.0,0.0,0.0,0.0,0.0,,,0.0,1.0,0.0,0.46061596274375916,0.0,1.0455321073532104,,,0.0,,
test_group_0029,homogeneous_cluster_0,rating_user_knn_dbscan_minority_nash,rating_user_knn,dbscan_minority_nash,0.0,0.0,0.0,0.0,0.0,0.0,0.0,0.0,,,0.0,1.0,0.0,0.46061593294143677,0.0,1.0455321073532104,,,0.0,,2.0
test_group_0029,homogeneous_cluster_0,rating_user_knn_least_misery,rating_user_knn,least_misery,0.0,0.0,0.0,0.0,0.0,0.0,0.0,0.0,,,0.0,1.0,0.0,0.41702762246131897,0.0,1.0455321073532104,,,0.0,,
test_group_0029,homogeneous_cluster_0,rating_user_knn_nash_welfare,rating_user_knn,nash_welfare,0.0,0.0,0.0,0.0,0.0,0.0,0.0,0.0,,,0.0,1.0,0.0,0.46061593294143677,0.0,1.0455321073532104,,,0.0,,
test_group_0029,homogeneous_cluster_0,rating_user_knn_tuned_fairness,rating_user_knn,tuned_fairness,0.0,0.0,0.0,0.0,0.0,0.0,0.0,0.0,,,0.0,1.0,0.0,0.46061596274375916,0.0,1.0455321073532104,,,0.0,0.0,
test_group_0030,homogeneous_cluster_0,hybrid_mf_bayes_average,hybrid_mf_bayes,average,0.03333333333333333,0.05555555555555556,0.06625422345438904,0.039172034918809044,0.039172034918809044,0.05539762304793222,0.0,0.3333333333333333,,,0.0,0.6666666666666666,0.3333333333333333,0.616446852684021,0.0,0.6259801983833313,,,0.0,,
test_group_0030,homogeneous_cluster_0,hybrid_mf_bayes_dbscan_minority_nash,hybrid_mf_bayes,dbscan_minority_nash,0.03333333333333333,0.05555555555555556,0.06625422345438904,0.039172034918809044,0.039172034918809044,0.05539762304793222,0.0,0.3333333333333333,,,0.0,0.6666666666666666,0.3333333333333333,0.616446852684021,0.0,0.6259801983833313,,,0.0,,2.0
test_group_0030,homogeneous_cluster_0,hybrid_mf_bayes_least_misery,hybrid_mf_bayes,least_misery,0.0,0.0,0.0,0.0,0.0,0.0,0.0,0.0,,,0.0,1.0,0.0,0.5848230719566345,0.0,0.6259801983833313,,,0.0,,
test_group_0030,homogeneous_cluster_0,hybrid_mf_bayes_nash_welfare,hybrid_mf_bayes,nash_welfare,0.03333333333333333,0.05555555555555556,0.06625422345438904,0.039172034918809044,0.039172034918809044,0.05539762304793222,0.0,0.3333333333333333,,,0.0,0.6666666666666666,0.3333333333333333,0.616446852684021,0.0,0.6259801983833313,,,0.0,,
test_group_0030,homogeneous_cluster_0,hybrid_mf_bayes_tuned_fairness,hybrid_mf_bayes,tuned_fairness,0.03333333333333333,0.05555555555555556,0.06625422345438904,0.039172034918809044,0.039172034918809044,0.05539762304793222,0.0,0.3333333333333333,,,0.0,0.6666666666666666,0.3333333333333333,0.616446852684021,0.0,0.6259801983833313,,,0.0,0.0,
test_group_0030,homogeneous_cluster_0,mf_average,mf,average,0.0,0.0,0.0,0.0,0.0,0.0,0.0,0.0,,,0.0,1.0,0.0,0.5442237854003906,0.0,0.6259801983833313,,,0.0,,
test_group_0030,homogeneous_cluster_0,mf_dbscan_minority_nash,mf,dbscan_minority_nash,0.0,0.0,0.0,0.0,0.0,0.0,0.0,0.0,,,0.0,1.0,0.0,0.5211308598518372,0.0,0.6259801983833313,,,0.0,,2.0
test_group_0030,homogeneous_cluster_0,mf_least_misery,mf,least_misery,0.0,0.0,0.0,0.0,0.0,0.0,0.0,0.0,,,0.0,1.0,0.0,0.5039560198783875,0.0,0.6259801983833313,,,0.0,,
test_group_0030,homogeneous_cluster_0,mf_nash_welfare,mf,nash_welfare,0.0,0.0,0.0,0.0,0.0,0.0,0.0,0.0,,,0.0,1.0,0.0,0.5211308598518372,0.0,0.6259801983833313,,,0.0,,
test_group_0030,homogeneous_cluster_0,mf_tuned_fairness,mf,tuned_fairness,0.0,0.0,0.0,0.0,0.0,0.0,0.0,0.0,,,0.0,1.0,0.0,0.5442237854003906,0.0,0.6259801983833313,,,0.0,0.0,
test_group_0030,homogeneous_cluster_0,rating_user_knn_average,rating_user_knn,average,0.0,0.0,0.0,0.0,0.0,0.0,0.0,0.0,,,0.0,1.0,0.0,0.5344290733337402,0.0,0.6259801983833313,,,0.0,,
test_group_0030,homogeneous_cluster_0,rating_user_knn_dbscan_minority_nash,rating_user_knn,dbscan_minority_nash,0.0,0.0,0.0,0.0,0.0,0.0,0.0,0.0,,,0.0,1.0,0.0,0.5204604268074036,0.0,0.6259801983833313,,,0.0,,2.0
test_group_0030,homogeneous_cluster_0,rating_user_knn_least_misery,rating_user_knn,least_misery,0.03333333333333333,0.05555555555555556,0.07336392209936006,0.05214208066919516,0.05214208066919516,0.07374003765272778,0.0,0.33333333333333337,,,0.0,0.6666666666666666,0.3333333333333333,0.3174034655094147,0.0,0.6259801983833313,,,0.0,,
test_group_0030,homogeneous_cluster_0,rating_user_knn_nash_welfare,rating_user_knn,nash_welfare,0.0,0.0,0.0,0.0,0.0,0.0,0.0,0.0,,,0.0,1.0,0.0,0.5204604268074036,0.0,0.6259801983833313,,,0.0,,
test_group_0030,homogeneous_cluster_0,rating_user_knn_tuned_fairness,rating_user_knn,tuned_fairness,0.0,0.0,0.0,0.0,0.0,0.0,0.0,0.0,,,0.0,1.0,0.0,0.5344290733337402,0.0,0.6259801983833313,,,0.0,0.0,
test_group_0031,homogeneous_cluster_0,hybrid_mf_bayes_average,hybrid_mf_bayes,average,0.06666666666666667,0.047619047619047616,0.28371255449703187,0.09457085149901064,0.09457085149901064,0.1337433807950728,0.0,0.33333333333333337,,,0.0,0.6666666666666666,0.3333333333333333,0.5296658873558044,0.0,0.7094259262084961,,,0.0,,
test_group_0031,homogeneous_cluster_0,hybrid_mf_bayes_dbscan_minority_nash,hybrid_mf_bayes,dbscan_minority_nash,0.06666666666666667,0.047619047619047616,0.28371255449703187,0.09457085149901064,0.09457085149901064,0.1337433807950728,0.0,0.33333333333333337,,,0.0,0.6666666666666666,0.3333333333333333,0.5296659469604492,0.0,0.7094259262084961,,,0.0,,2.0
test_group_0031,homogeneous_cluster_0,hybrid_mf_bayes_least_misery,hybrid_mf_bayes,least_misery,0.03333333333333333,0.023809523809523808,0.22009176629808017,0.07336392209936006,0.07336392209936006,0.10375225362179824,0.0,0.33333333333333337,,,0.0,0.6666666666666666,0.3333333333333333,0.5662006735801697,0.0,0.7094259262084961,,,0.0,,
test_group_0031,homogeneous_cluster_0,hybrid_mf_bayes_nash_welfare,hybrid_mf_bayes,nash_welfare,0.06666666666666667,0.047619047619047616,0.28371255449703187,0.09457085149901064,0.09457085149901064,0.1337433807950728,0.0,0.33333333333333337,,,0.0,0.6666666666666666,0.3333333333333333,0.5296659469604492,0.0,0.7094259262084961,,,0.0,,
test_group_0031,homogeneous_cluster_0,hybrid_mf_bayes_tuned_fairness,hybrid_mf_bayes,tuned_fairness,0.06666666666666667,0.047619047619047616,0.28371255449703187,0.09457085149901064,0.09457085149901064,0.1337433807950728,0.0,0.33333333333333337,,,0.0,0.6666666666666666,0.3333333333333333,0.5296658873558044,0.0,0.7094259262084961,,,0.0,0.0,
test_group_0031,homogeneous_cluster_0,mf_average,mf,average,0.13333333333333333,0.09523809523809523,0.36352581989644606,0.12117527329881539,0.12117527329881539,0.1713677149234511,0.0,0.3333333333333333,,,0.0,0.6666666666666666,0.3333333333333333,0.5235496163368225,0.0,0.7094259262084961,,,0.0,,
test_group_0031,homogeneous_cluster_0,mf_dbscan_minority_nash,mf,dbscan_minority_nash,0.13333333333333333,0.09523809523809523,0.36352581989644606,0.12117527329881539,0.12117527329881539,0.1713677149234511,0.0,0.3333333333333333,,,0.0,0.6666666666666666,0.3333333333333333,0.5235496163368225,0.0,0.7094259262084961,,,0.0,,2.0
test_group_0031,homogeneous_cluster_0,mf_least_misery,mf,least_misery,0.1,0.07142857142857142,0.37185395737611554,0.12395131912537187,0.12395131912537187,0.17529363658113647,0.0,0.3333333333333333,,,0.0,0.6666666666666666,0.3333333333333333,0.5377587080001831,0.0,0.7094259262084961,,,0.0,,
test_group_0031,homogeneous_cluster_0,mf_nash_welfare,mf,nash_welfare,0.13333333333333333,0.09523809523809523,0.36352581989644606,0.12117527329881539,0.12117527329881539,0.1713677149234511,0.0,0.3333333333333333,,,0.0,0.6666666666666666,0.3333333333333333,0.5235496163368225,0.0,0.7094259262084961,,,0.0,,
test_group_0031,homogeneous_cluster_0,mf_tuned_fairness,mf,tuned_fairness,0.13333333333333333,0.09523809523809523,0.36352581989644606,0.12117527329881539,0.12117527329881539,0.1713677149234511,0.0,0.3333333333333333,,,0.0,0.6666666666666666,0.3333333333333333,0.5235496163368225,0.0,0.7094259262084961,,,0.0,0.0,
test_group_0031,homogeneous_cluster_0,rating_user_knn_average,rating_user_knn,average,0.06666666666666667,0.047619047619047616,0.15457433957839828,0.051524779859466095,0.051524779859466095,0.036993856438917026,0.0,0.6598491371163147,,,0.0,0.3333333333333333,0.6666666666666666,0.4749741554260254,0.0,0.7094259262084961,,,0.0,,
test_group_0031,homogeneous_cluster_0,rating_user_knn_dbscan_minority_nash,rating_user_knn,dbscan_minority_nash,0.06666666666666667,0.047619047619047616,0.15457433957839828,0.051524779859466095,0.051524779859466095,0.036993856438917026,0.0,0.6598491371163147,,,0.0,0.3333333333333333,0.6666666666666666,0.4749741554260254,0.0,0.7094259262084961,,,0.0,,2.0
test_group_0031,homogeneous_cluster_0,rating_user_knn_least_misery,rating_user_knn,least_misery,0.13333333333333333,0.09523809523809523,0.30935211673915813,0.10311737224638605,0.10311737224638605,0.0815137897718982,0.0,0.6154290431139828,,,0.0,0.3333333333333333,0.6666666666666666,0.4978797137737274,0.0,0.7094259262084961,,,0.0,,
test_group_0031,homogeneous_cluster_0,rating_user_knn_nash_welfare,rating_user_knn,nash_welfare,0.06666666666666667,0.047619047619047616,0.15457433957839828,0.051524779859466095,0.051524779859466095,0.036993856438917026,0.0,0.6598491371163147,,,0.0,0.3333333333333333,0.6666666666666666,0.4749741554260254,0.0,0.7094259262084961,,,0.0,,
test_group_0031,homogeneous_cluster_0,rating_user_knn_tuned_fairness,rating_user_knn,tuned_fairness,0.06666666666666667,0.047619047619047616,0.15457433957839828,0.051524779859466095,0.051524779859466095,0.036993856438917026,0.0,0.6598491371163147,,,0.0,0.3333333333333333,0.6666666666666666,0.4749741554260254,0.0,0.7094259262084961,,,0.0,0.0,
test_group_0032,homogeneous_cluster_0,hybrid_mf_bayes_average,hybrid_mf_bayes,average,0.0,0.0,0.0,0.0,0.0,0.0,0.0,0.0,,,0.0,1.0,0.0,0.44828999042510986,0.0,0.6539382934570312,,,0.0,,
test_group_0032,homogeneous_cluster_0,hybrid_mf_bayes_dbscan_minority_nash,hybrid_mf_bayes,dbscan_minority_nash,0.0,0.0,0.0,0.0,0.0,0.0,0.0,0.0,,,0.0,1.0,0.0,0.44828999042510986,0.0,0.6539382934570312,,,0.0,,2.0
test_group_0032,homogeneous_cluster_0,hybrid_mf_bayes_least_misery,hybrid_mf_bayes,least_misery,0.0,0.0,0.0,0.0,0.0,0.0,0.0,0.0,,,0.0,1.0,0.0,0.4482899606227875,0.0,0.6539382934570312,,,0.0,,
test_group_0032,homogeneous_cluster_0,hybrid_mf_bayes_nash_welfare,hybrid_mf_bayes,nash_welfare,0.0,0.0,0.0,0.0,0.0,0.0,0.0,0.0,,,0.0,1.0,0.0,0.44828999042510986,0.0,0.6539382934570312,,,0.0,,
test_group_0032,homogeneous_cluster_0,hybrid_mf_bayes_tuned_fairness,hybrid_mf_bayes,tuned_fairness,0.0,0.0,0.0,0.0,0.0,0.0,0.0,0.0,,,0.0,1.0,0.0,0.44828999042510986,0.0,0.6539382934570312,,,0.0,0.0,
test_group_0032,homogeneous_cluster_0,mf_average,mf,average,0.0,0.0,0.0,0.0,0.0,0.0,0.0,0.0,,,0.0,1.0,0.0,0.4539019763469696,0.0,0.6539382934570312,,,0.0,,
test_group_0032,homogeneous_cluster_0,mf_dbscan_minority_nash,mf,dbscan_minority_nash,0.0,0.0,0.0,0.0,0.0,0.0,0.0,0.0,,,0.0,1.0,0.0,0.41673898696899414,0.0,0.6539382934570312,,,0.0,,2.0
test_group_0032,homogeneous_cluster_0,mf_least_misery,mf,least_misery,0.0,0.0,0.0,0.0,0.0,0.0,0.0,0.0,,,0.0,1.0,0.0,0.40262797474861145,0.0,0.6539382934570312,,,0.0,,
test_group_0032,homogeneous_cluster_0,mf_nash_welfare,mf,nash_welfare,0.0,0.0,0.0,0.0,0.0,0.0,0.0,0.0,,,0.0,1.0,0.0,0.41673898696899414,0.0,0.6539382934570312,,,0.0,,
test_group_0032,homogeneous_cluster_0,mf_tuned_fairness,mf,tuned_fairness,0.0,0.0,0.0,0.0,0.0,0.0,0.0,0.0,,,0.0,1.0,0.0,0.4539019763469696,0.0,0.6539382934570312,,,0.0,0.0,
test_group_0032,homogeneous_cluster_0,rating_user_knn_average,rating_user_knn,average,0.0,0.0,0.0,0.0,0.0,0.0,0.0,0.0,,,0.0,1.0,0.0,0.5043449997901917,0.0,0.6539382934570312,,,0.0,,
test_group_0032,homogeneous_cluster_0,rating_user_knn_dbscan_minority_nash,rating_user_knn,dbscan_minority_nash,0.0,0.0,0.0,0.0,0.0,0.0,0.0,0.0,,,0.0,1.0,0.0,0.5043449997901917,0.0,0.6539382934570312,,,0.0,,2.0
test_group_0032,homogeneous_cluster_0,rating_user_knn_least_misery,rating_user_knn,least_misery,0.0,0.0,0.0,0.0,0.0,0.0,0.0,0.0,,,0.0,1.0,0.0,0.5195361971855164,0.0,0.6539382934570312,,,0.0,,
test_group_0032,homogeneous_cluster_0,rating_user_knn_nash_welfare,rating_user_knn,nash_welfare,0.0,0.0,0.0,0.0,0.0,0.0,0.0,0.0,,,0.0,1.0,0.0,0.5043449997901917,0.0,0.6539382934570312,,,0.0,,
test_group_0032,homogeneous_cluster_0,rating_user_knn_tuned_fairness,rating_user_knn,tuned_fairness,0.0,0.0,0.0,0.0,0.0,0.0,0.0,0.0,,,0.0,1.0,0.0,0.5043449997901917,0.0,0.6539382934570312,,,0.0,0.0,
test_group_0033,homogeneous_cluster_0,hybrid_mf_bayes_average,hybrid_mf_bayes,average,0.03333333333333333,0.0909090909090909,0.06625422345438904,0.04708899095327632,0.04708899095327632,0.06659388964458736,0.0,0.3333333333333333,,,0.0,0.6666666666666666,0.3333333333333333,0.6741440296173096,0.0,1.0837723016738892,,,0.0,,
test_group_0033,homogeneous_cluster_0,hybrid_mf_bayes_dbscan_minority_nash,hybrid_mf_bayes,dbscan_minority_nash,0.06666666666666667,0.1818181818181818,0.14465249243306438,0.0897526166963713,0.0897526166963713,0.06879898057349017,0.0,0.6298880340914526,,,0.0,0.3333333333333333,0.6666666666666666,0.6900160908699036,0.0,1.0837723016738892,,,0.0,,2.0
test_group_0033,homogeneous_cluster_0,hybrid_mf_bayes_least_misery,hybrid_mf_bayes,least_misery,0.06666666666666667,0.1818181818181818,0.16354138662029633,0.099455177492848,0.099455177492848,0.07184101214748588,0.0,0.6571238272343382,,,0.0,0.3333333333333333,0.6666666666666666,0.6765766739845276,0.0,1.0837723016738892,,,0.0,,
test_group_0033,homogeneous_cluster_0,hybrid_mf_bayes_nash_welfare,hybrid_mf_bayes,nash_welfare,0.06666666666666667,0.1818181818181818,0.14465249243306438,0.0897526166963713,0.0897526166963713,0.06879898057349017,0.0,0.6298880340914526,,,0.0,0.3333333333333333,0.6666666666666666,0.6900160908699036,0.0,1.0837723016738892,,,0.0,,
test_group_0033,homogeneous_cluster_0,hybrid_mf_bayes_tuned_fairness,hybrid_mf_bayes,tuned_fairness,0.03333333333333333,0.0909090909090909,0.06625422345438904,0.04708899095327632,0.04708899095327632,0.06659388964458736,0.0,0.3333333333333333,,,0.0,0.6666666666666666,0.3333333333333333,0.6741440296173096,0.0,1.0837723016738892,,,0.0,0.0,
test_group_0033,homogeneous_cluster_0,mf_average,mf,average,0.03333333333333333,0.0909090909090909,0.07839826897867533,0.05572015165540076,0.05572015165540076,0.07880019416855341,0.0,0.3333333333333333,,,0.0,0.6666666666666666,0.3333333333333333,0.6384046077728271,0.0,1.0837723016738892,,,0.0,,
test_group_0033,homogeneous_cluster_0,mf_dbscan_minority_nash,mf,dbscan_minority_nash,0.03333333333333333,0.0909090909090909,0.07336392209936006,0.05214208066919516,0.05214208066919516,0.07374003765272778,0.0,0.33333333333333337,,,0.0,0.6666666666666666,0.3333333333333333,0.6510870456695557,0.0,1.0837723016738892,,,0.0,,2.0
test_group_0033,homogeneous_cluster_0,mf_least_misery,mf,least_misery,0.0,0.0,0.0,0.0,0.0,0.0,0.0,0.0,,,0.0,1.0,0.0,0.6725955009460449,0.0,1.0837723016738892,,,0.0,,
test_group_0033,homogeneous_cluster_0,mf_nash_welfare,mf,nash_welfare,0.03333333333333333,0.0909090909090909,0.07336392209936006,0.05214208066919516,0.05214208066919516,0.07374003765272778,0.0,0.33333333333333337,,,0.0,0.6666666666666666,0.3333333333333333,0.6510870456695557,0.0,1.0837723016738892,,,0.0,,
test_group_0033,homogeneous_cluster_0,mf_tuned_fairness,mf,tuned_fairness,0.03333333333333333,0.0909090909090909,0.07839826897867533,0.05572015165540076,0.05572015165540076,0.07880019416855341,0.0,0.3333333333333333,,,0.0,0.6666666666666666,0.3333333333333333,0.6384046077728271,0.0,1.0837723016738892,,,0.0,0.0,
test_group_0033,homogeneous_cluster_0,rating_user_knn_average,rating_user_knn,average,0.0,0.0,0.0,0.0,0.0,0.0,0.0,0.0,,,0.0,1.0,0.0,0.5566585063934326,0.0,1.0837723016738892,,,0.0,,
test_group_0033,homogeneous_cluster_0,rating_user_knn_dbscan_minority_nash,rating_user_knn,dbscan_minority_nash,0.0,0.0,0.0,0.0,0.0,0.0,0.0,0.0,,,0.0,1.0,0.0,0.5410156846046448,0.0,1.0837723016738892,,,0.0,,2.0
test_group_0033,homogeneous_cluster_0,rating_user_knn_least_misery,rating_user_knn,least_misery,0.0,0.0,0.0,0.0,0.0,0.0,0.0,0.0,,,0.0,1.0,0.0,0.3077978491783142,0.0,1.0837723016738892,,,0.0,,
test_group_0033,homogeneous_cluster_0,rating_user_knn_nash_welfare,rating_user_knn,nash_welfare,0.0,0.0,0.0,0.0,0.0,0.0,0.0,0.0,,,0.0,1.0,0.0,0.5410156846046448,0.0,1.0837723016738892,,,0.0,,
test_group_0033,homogeneous_cluster_0,rating_user_knn_tuned_fairness,rating_user_knn,tuned_fairness,0.0,0.0,0.0,0.0,0.0,0.0,0.0,0.0,,,0.0,1.0,0.0,0.5566585063934326,0.0,1.0837723016738892,,,0.0,0.0,
test_group_0034,homogeneous_cluster_0,hybrid_mf_bayes_average,hybrid_mf_bayes,average,0.06666666666666667,0.04166666666666667,0.2984900352767555,0.09949667842558518,0.09949667842558518,0.1407095520405371,0.0,0.3333333333333333,,,0.0,0.6666666666666666,0.3333333333333333,0.44610896706581116,0.0,0.8320197463035583,,,0.0,,
test_group_0034,homogeneous_cluster_0,hybrid_mf_bayes_dbscan_minority_nash,hybrid_mf_bayes,dbscan_minority_nash,0.06666666666666667,0.04166666666666667,0.2984900352767555,0.09949667842558518,0.09949667842558518,0.1407095520405371,0.0,0.3333333333333333,,,0.0,0.6666666666666666,0.3333333333333333,0.44610899686813354,0.0,0.8320197463035583,,,0.0,,2.0
test_group_0034,homogeneous_cluster_0,hybrid_mf_bayes_least_misery,hybrid_mf_bayes,least_misery,0.06666666666666667,0.04166666666666667,0.28952298823485745,0.0965076627449525,0.0965076627449525,0.13648244552684052,0.0,0.3333333333333333,,,0.0,0.6666666666666666,0.3333333333333333,0.41567713022232056,0.0,0.8320197463035583,,,0.0,,
test_group_0034,homogeneous_cluster_0,hybrid_mf_bayes_nash_welfare,hybrid_mf_bayes,nash_welfare,0.06666666666666667,0.04166666666666667,0.2984900352767555,0.09949667842558518,0.09949667842558518,0.1407095520405371,0.0,0.3333333333333333,,,0.0,0.6666666666666666,0.3333333333333333,0.44610899686813354,0.0,0.8320197463035583,,,0.0,,
test_group_0034,homogeneous_cluster_0,hybrid_mf_bayes_tuned_fairness,hybrid_mf_bayes,tuned_fairness,0.06666666666666667,0.04166666666666667,0.2984900352767555,0.09949667842558518,0.09949667842558518,0.1407095520405371,0.0,0.3333333333333333,,,0.0,0.6666666666666666,0.3333333333333333,0.44610896706581116,0.0,0.8320197463035583,,,0.0,0.0,
test_group_0034,homogeneous_cluster_0,mf_average,mf,average,0.06666666666666667,0.04166666666666667,0.29345568839744024,0.09781856279914675,0.09781856279914675,0.09150088701525953,0.0,0.5333333333333332,,,0.0,0.3333333333333333,0.6666666666666666,0.5238937139511108,0.0,0.8320197463035583,,,0.0,,
test_group_0034,homogeneous_cluster_0,mf_dbscan_minority_nash,mf,dbscan_minority_nash,0.06666666666666667,0.04166666666666667,0.29345568839744024,0.09781856279914675,0.09781856279914675,0.09150088701525953,0.0,0.5333333333333332,,,0.0,0.3333333333333333,0.6666666666666666,0.5238937139511108,0.0,0.8320197463035583,,,0.0,,2.0
test_group_0034,homogeneous_cluster_0,mf_least_misery,mf,least_misery,0.06666666666666667,0.04166666666666667,0.2984900352767555,0.09949667842558518,0.09949667842558518,0.09108221033383075,0.0,0.5440662488449863,,,0.0,0.3333333333333333,0.6666666666666666,0.5702587366104126,0.0,0.8320197463035583,,,0.0,,
test_group_0034,homogeneous_cluster_0,mf_nash_welfare,mf,nash_welfare,0.06666666666666667,0.04166666666666667,0.29345568839744024,0.09781856279914675,0.09781856279914675,0.09150088701525953,0.0,0.5333333333333332,,,0.0,0.3333333333333333,0.6666666666666666,0.5238937139511108,0.0,0.8320197463035583,,,0.0,,
test_group_0034,homogeneous_cluster_0,mf_tuned_fairness,mf,tuned_fairness,0.06666666666666667,0.04166666666666667,0.29345568839744024,0.09781856279914675,0.09781856279914675,0.09150088701525953,0.0,0.5333333333333332,,,0.0,0.3333333333333333,0.6666666666666666,0.5238937139511108,0.0,0.8320197463035583,,,0.0,0.0,
test_group_0034,homogeneous_cluster_0,rating_user_knn_average,rating_user_knn,average,0.03333333333333333,0.020833333333333336,0.06943122193677727,0.023143740645592426,0.023143740645592426,0.03273019190504226,0.0,0.3333333333333333,,,0.0,0.6666666666666666,0.3333333333333333,0.5001376867294312,0.0,0.8320197463035583,,,0.0,,
test_group_0034,homogeneous_cluster_0,rating_user_knn_dbscan_minority_nash,rating_user_knn,dbscan_minority_nash,0.03333333333333333,0.020833333333333336,0.06943122193677727,0.023143740645592426,0.023143740645592426,0.03273019190504226,0.0,0.3333333333333333,,,0.0,0.6666666666666666,0.3333333333333333,0.5001376867294312,0.0,0.8320197463035583,,,0.0,,2.0
test_group_0034,homogeneous_cluster_0,rating_user_knn_least_misery,rating_user_knn,least_misery,0.03333333333333333,0.020833333333333336,0.085143117641621,0.02838103921387367,0.02838103921387367,0.04013685057050279,0.0,0.3333333333333333,,,0.0,0.6666666666666666,0.3333333333333333,0.5579657554626465,0.0,0.8320197463035583,,,0.0,,
test_group_0034,homogeneous_cluster_0,rating_user_knn_nash_welfare,rating_user_knn,nash_welfare,0.03333333333333333,0.020833333333333336,0.06943122193677727,0.023143740645592426,0.023143740645592426,0.03273019190504226,0.0,0.3333333333333333,,,0.0,0.6666666666666666,0.3333333333333333,0.5001376867294312,0.0,0.8320197463035583,,,0.0,,
test_group_0034,homogeneous_cluster_0,rating_user_knn_tuned_fairness,rating_user_knn,tuned_fairness,0.03333333333333333,0.020833333333333336,0.06943122193677727,0.023143740645592426,0.023143740645592426,0.03273019190504226,0.0,0.3333333333333333,,,0.0,0.6666666666666666,0.3333333333333333,0.5001376867294312,0.0,0.8320197463035583,,,0.0,0.0,
test_group_0035,homogeneous_cluster_0,hybrid_mf_bayes_average,hybrid_mf_bayes,average,0.0,0.0,0.0,0.0,0.0,0.0,0.0,0.0,,,0.0,1.0,0.0,0.5330576300621033,0.0,0.78850919008255,,,0.0,,
test_group_0035,homogeneous_cluster_0,hybrid_mf_bayes_dbscan_minority_nash,hybrid_mf_bayes,dbscan_minority_nash,0.0,0.0,0.0,0.0,0.0,0.0,0.0,0.0,,,0.0,1.0,0.0,0.5521047115325928,0.0,0.78850919008255,,,0.0,,2.0
test_group_0035,homogeneous_cluster_0,hybrid_mf_bayes_least_misery,hybrid_mf_bayes,least_misery,0.03333333333333333,0.03846153846153846,0.06625422345438904,0.025381113572461173,0.025381113572461173,0.035894315042306425,0.0,0.3333333333333333,,,0.0,0.6666666666666666,0.3333333333333333,0.5716556310653687,0.0,0.78850919008255,,,0.0,,
test_group_0035,homogeneous_cluster_0,hybrid_mf_bayes_nash_welfare,hybrid_mf_bayes,nash_welfare,0.0,0.0,0.0,0.0,0.0,0.0,0.0,0.0,,,0.0,1.0,0.0,0.5521047115325928,0.0,0.78850919008255,,,0.0,,
test_group_0035,homogeneous_cluster_0,hybrid_mf_bayes_tuned_fairness,hybrid_mf_bayes,tuned_fairness,0.0,0.0,0.0,0.0,0.0,0.0,0.0,0.0,,,0.0,1.0,0.0,0.5330576300621033,0.0,0.78850919008255,,,0.0,0.0,
test_group_0035,homogeneous_cluster_0,mf_average,mf,average,0.0,0.0,0.0,0.0,0.0,0.0,0.0,0.0,,,0.0,1.0,0.0,0.5121768712997437,0.0,0.78850919008255,,,0.0,,
test_group_0035,homogeneous_cluster_0,mf_dbscan_minority_nash,mf,dbscan_minority_nash,0.0,0.0,0.0,0.0,0.0,0.0,0.0,0.0,,,0.0,1.0,0.0,0.5336729884147644,0.0,0.78850919008255,,,0.0,,2.0
test_group_0035,homogeneous_cluster_0,mf_least_misery,mf,least_misery,0.0,0.0,0.0,0.0,0.0,0.0,0.0,0.0,,,0.0,1.0,0.0,0.5402259230613708,0.0,0.78850919008255,,,0.0,,
test_group_0035,homogeneous_cluster_0,mf_nash_welfare,mf,nash_welfare,0.0,0.0,0.0,0.0,0.0,0.0,0.0,0.0,,,0.0,1.0,0.0,0.5336729884147644,0.0,0.78850919008255,,,0.0,,
test_group_0035,homogeneous_cluster_0,mf_tuned_fairness,mf,tuned_fairness,0.0,0.0,0.0,0.0,0.0,0.0,0.0,0.0,,,0.0,1.0,0.0,0.5121768712997437,0.0,0.78850919008255,,,0.0,0.0,
test_group_0035,homogeneous_cluster_0,rating_user_knn_average,rating_user_knn,average,0.0,0.0,0.0,0.0,0.0,0.0,0.0,0.0,,,0.0,1.0,0.0,0.41305163502693176,0.0,0.78850919008255,,,0.0,,
test_group_0035,homogeneous_cluster_0,rating_user_knn_dbscan_minority_nash,rating_user_knn,dbscan_minority_nash,0.0,0.0,0.0,0.0,0.0,0.0,0.0,0.0,,,0.0,1.0,0.0,0.41305163502693176,0.0,0.78850919008255,,,0.0,,2.0
test_group_0035,homogeneous_cluster_0,rating_user_knn_least_misery,rating_user_knn,least_misery,0.0,0.0,0.0,0.0,0.0,0.0,0.0,0.0,,,0.0,1.0,0.0,0.34134602546691895,0.0,0.78850919008255,,,0.0,,
test_group_0035,homogeneous_cluster_0,rating_user_knn_nash_welfare,rating_user_knn,nash_welfare,0.0,0.0,0.0,0.0,0.0,0.0,0.0,0.0,,,0.0,1.0,0.0,0.41305163502693176,0.0,0.78850919008255,,,0.0,,
test_group_0035,homogeneous_cluster_0,rating_user_knn_tuned_fairness,rating_user_knn,tuned_fairness,0.0,0.0,0.0,0.0,0.0,0.0,0.0,0.0,,,0.0,1.0,0.0,0.41305163502693176,0.0,0.78850919008255,,,0.0,0.0,
test_group_0036,homogeneous_cluster_0,hybrid_mf_bayes_average,hybrid_mf_bayes,average,0.0,0.0,0.0,0.0,0.0,0.0,0.0,0.0,,,0.0,1.0,0.0,0.34106191992759705,0.0,0.5800724625587463,,,0.0,,
test_group_0036,homogeneous_cluster_0,hybrid_mf_bayes_dbscan_minority_nash,hybrid_mf_bayes,dbscan_minority_nash,0.0,0.0,0.0,0.0,0.0,0.0,0.0,0.0,,,0.0,1.0,0.0,0.34106191992759705,0.0,0.5800724625587463,,,0.0,,2.0
test_group_0036,homogeneous_cluster_0,hybrid_mf_bayes_least_misery,hybrid_mf_bayes,least_misery,0.03333333333333333,0.14285714285714288,0.08274602130532002,0.04708899095327632,0.04708899095327632,0.06659388964458736,0.0,0.3333333333333333,,,0.0,0.6666666666666666,0.3333333333333333,0.4055437743663788,0.0,0.5800724625587463,,,0.0,,
test_group_0036,homogeneous_cluster_0,hybrid_mf_bayes_nash_welfare,hybrid_mf_bayes,nash_welfare,0.0,0.0,0.0,0.0,0.0,0.0,0.0,0.0,,,0.0,1.0,0.0,0.34106191992759705,0.0,0.5800724625587463,,,0.0,,
test_group_0036,homogeneous_cluster_0,hybrid_mf_bayes_tuned_fairness,hybrid_mf_bayes,tuned_fairness,0.0,0.0,0.0,0.0,0.0,0.0,0.0,0.0,,,0.0,1.0,0.0,0.34106191992759705,0.0,0.5800724625587463,,,0.0,0.0,
test_group_0036,homogeneous_cluster_0,mf_average,mf,average,0.0,0.0,0.0,0.0,0.0,0.0,0.0,0.0,,,0.0,1.0,0.0,0.3973579406738281,0.0,0.5800724625587463,,,0.0,,
test_group_0036,homogeneous_cluster_0,mf_dbscan_minority_nash,mf,dbscan_minority_nash,0.0,0.0,0.0,0.0,0.0,0.0,0.0,0.0,,,0.0,1.0,0.0,0.3973579406738281,0.0,0.5800724625587463,,,0.0,,2.0
test_group_0036,homogeneous_cluster_0,mf_least_misery,mf,least_misery,0.0,0.0,0.0,0.0,0.0,0.0,0.0,0.0,,,0.0,1.0,0.0,0.46634429693222046,0.0,0.5800724625587463,,,0.0,,
test_group_0036,homogeneous_cluster_0,mf_nash_welfare,mf,nash_welfare,0.0,0.0,0.0,0.0,0.0,0.0,0.0,0.0,,,0.0,1.0,0.0,0.3973579406738281,0.0,0.5800724625587463,,,0.0,,
test_group_0036,homogeneous_cluster_0,mf_tuned_fairness,mf,tuned_fairness,0.0,0.0,0.0,0.0,0.0,0.0,0.0,0.0,,,0.0,1.0,0.0,0.3973579406738281,0.0,0.5800724625587463,,,0.0,0.0,
test_group_0036,homogeneous_cluster_0,rating_user_knn_average,rating_user_knn,average,0.0,0.0,0.0,0.0,0.0,0.0,0.0,0.0,,,0.0,1.0,0.0,0.5393316745758057,0.0,0.5800724625587463,,,0.0,,
test_group_0036,homogeneous_cluster_0,rating_user_knn_dbscan_minority_nash,rating_user_knn,dbscan_minority_nash,0.0,0.0,0.0,0.0,0.0,0.0,0.0,0.0,,,0.0,1.0,0.0,0.5393316745758057,0.0,0.5800724625587463,,,0.0,,2.0
test_group_0036,homogeneous_cluster_0,rating_user_knn_least_misery,rating_user_knn,least_misery,0.0,0.0,0.0,0.0,0.0,0.0,0.0,0.0,,,0.0,1.0,0.0,0.45664161443710327,0.0,0.5800724625587463,,,0.0,,
test_group_0036,homogeneous_cluster_0,rating_user_knn_nash_welfare,rating_user_knn,nash_welfare,0.0,0.0,0.0,0.0,0.0,0.0,0.0,0.0,,,0.0,1.0,0.0,0.5393316745758057,0.0,0.5800724625587463,,,0.0,,
test_group_0036,homogeneous_cluster_0,rating_user_knn_tuned_fairness,rating_user_knn,tuned_fairness,0.0,0.0,0.0,0.0,0.0,0.0,0.0,0.0,,,0.0,1.0,0.0,0.5393316745758057,0.0,0.5800724625587463,,,0.0,0.0,
test_group_0037,homogeneous_cluster_0,hybrid_mf_bayes_average,hybrid_mf_bayes,average,0.0,0.0,0.0,0.0,0.0,0.0,0.0,0.0,,,0.0,1.0,0.0,0.2963811755180359,0.0,0.6931734085083008,,,0.0,,
test_group_0037,homogeneous_cluster_0,hybrid_mf_bayes_dbscan_minority_nash,hybrid_mf_bayes,dbscan_minority_nash,0.0,0.0,0.0,0.0,0.0,0.0,0.0,0.0,,,0.0,1.0,0.0,0.29367199540138245,0.0,0.6931734085083008,,,0.0,,2.0
test_group_0037,homogeneous_cluster_0,hybrid_mf_bayes_least_misery,hybrid_mf_bayes,least_misery,0.0,0.0,0.0,0.0,0.0,0.0,0.0,0.0,,,0.0,1.0,0.0,0.30522364377975464,0.0,0.6931734085083008,,,0.0,,
test_group_0037,homogeneous_cluster_0,hybrid_mf_bayes_nash_welfare,hybrid_mf_bayes,nash_welfare,0.0,0.0,0.0,0.0,0.0,0.0,0.0,0.0,,,0.0,1.0,0.0,0.29367199540138245,0.0,0.6931734085083008,,,0.0,,
test_group_0037,homogeneous_cluster_0,hybrid_mf_bayes_tuned_fairness,hybrid_mf_bayes,tuned_fairness,0.0,0.0,0.0,0.0,0.0,0.0,0.0,0.0,,,0.0,1.0,0.0,0.2963811755180359,0.0,0.6931734085083008,,,0.0,0.0,
test_group_0037,homogeneous_cluster_0,mf_average,mf,average,0.0,0.0,0.0,0.0,0.0,0.0,0.0,0.0,,,0.0,1.0,0.0,0.31948909163475037,0.0,0.6931734085083008,,,0.0,,
test_group_0037,homogeneous_cluster_0,mf_dbscan_minority_nash,mf,dbscan_minority_nash,0.0,0.0,0.0,0.0,0.0,0.0,0.0,0.0,,,0.0,1.0,0.0,0.32620471715927124,0.0,0.6931734085083008,,,0.0,,2.0
test_group_0037,homogeneous_cluster_0,mf_least_misery,mf,least_misery,0.0,0.0,0.0,0.0,0.0,0.0,0.0,0.0,,,0.0,1.0,0.0,0.29138287901878357,0.0,0.6931734085083008,,,0.0,,
test_group_0037,homogeneous_cluster_0,mf_nash_welfare,mf,nash_welfare,0.0,0.0,0.0,0.0,0.0,0.0,0.0,0.0,,,0.0,1.0,0.0,0.32620471715927124,0.0,0.6931734085083008,,,0.0,,
test_group_0037,homogeneous_cluster_0,mf_tuned_fairness,mf,tuned_fairness,0.0,0.0,0.0,0.0,0.0,0.0,0.0,0.0,,,0.0,1.0,0.0,0.31948909163475037,0.0,0.6931734085083008,,,0.0,0.0,
test_group_0037,homogeneous_cluster_0,rating_user_knn_average,rating_user_knn,average,0.0,0.0,0.0,0.0,0.0,0.0,0.0,0.0,,,0.0,1.0,0.0,0.4337666928768158,0.0,0.6931734085083008,,,0.0,,
test_group_0037,homogeneous_cluster_0,rating_user_knn_dbscan_minority_nash,rating_user_knn,dbscan_minority_nash,0.0,0.0,0.0,0.0,0.0,0.0,0.0,0.0,,,0.0,1.0,0.0,0.44849154353141785,0.0,0.6931734085083008,,,0.0,,2.0
test_group_0037,homogeneous_cluster_0,rating_user_knn_least_misery,rating_user_knn,least_misery,0.0,0.0,0.0,0.0,0.0,0.0,0.0,0.0,,,0.0,1.0,0.0,0.4000231921672821,0.0,0.6931734085083008,,,0.0,,
test_group_0037,homogeneous_cluster_0,rating_user_knn_nash_welfare,rating_user_knn,nash_welfare,0.0,0.0,0.0,0.0,0.0,0.0,0.0,0.0,,,0.0,1.0,0.0,0.44849154353141785,0.0,0.6931734085083008,,,0.0,,
test_group_0037,homogeneous_cluster_0,rating_user_knn_tuned_fairness,rating_user_knn,tuned_fairness,0.0,0.0,0.0,0.0,0.0,0.0,0.0,0.0,,,0.0,1.0,0.0,0.4337666928768158,0.0,0.6931734085083008,,,0.0,0.0,
test_group_0038,homogeneous_cluster_0,hybrid_mf_bayes_average,hybrid_mf_bayes,average,0.0,0.0,0.0,0.0,0.0,0.0,0.0,0.0,,,0.0,1.0,0.0,0.47213616967201233,0.0,0.7380247712135315,,,0.0,,
test_group_0038,homogeneous_cluster_0,hybrid_mf_bayes_dbscan_minority_nash,hybrid_mf_bayes,dbscan_minority_nash,0.0,0.0,0.0,0.0,0.0,0.0,0.0,0.0,,,0.0,1.0,0.0,0.47213616967201233,0.0,0.7380247712135315,,,0.0,,2.0
test_group_0038,homogeneous_cluster_0,hybrid_mf_bayes_least_misery,hybrid_mf_bayes,least_misery,0.0,0.0,0.0,0.0,0.0,0.0,0.0,0.0,,,0.0,1.0,0.0,0.47213616967201233,0.0,0.7380247712135315,,,0.0,,
test_group_0038,homogeneous_cluster_0,hybrid_mf_bayes_nash_welfare,hybrid_mf_bayes,nash_welfare,0.0,0.0,0.0,0.0,0.0,0.0,0.0,0.0,,,0.0,1.0,0.0,0.47213616967201233,0.0,0.7380247712135315,,,0.0,,
test_group_0038,homogeneous_cluster_0,hybrid_mf_bayes_tuned_fairness,hybrid_mf_bayes,tuned_fairness,0.0,0.0,0.0,0.0,0.0,0.0,0.0,0.0,,,0.0,1.0,0.0,0.47213616967201233,0.0,0.7380247712135315,,,0.0,0.0,
test_group_0038,homogeneous_cluster_0,mf_average,mf,average,0.0,0.0,0.0,0.0,0.0,0.0,0.0,0.0,,,0.0,1.0,0.0,0.4113079905509949,0.0,0.7380247712135315,,,0.0,,
test_group_0038,homogeneous_cluster_0,mf_dbscan_minority_nash,mf,dbscan_minority_nash,0.0,0.0,0.0,0.0,0.0,0.0,0.0,0.0,,,0.0,1.0,0.0,0.4669223427772522,0.0,0.7380247712135315,,,0.0,,2.0
test_group_0038,homogeneous_cluster_0,mf_least_misery,mf,least_misery,0.0,0.0,0.0,0.0,0.0,0.0,0.0,0.0,,,0.0,1.0,0.0,0.5586162209510803,0.0,0.7380247712135315,,,0.0,,
test_group_0038,homogeneous_cluster_0,mf_nash_welfare,mf,nash_welfare,0.0,0.0,0.0,0.0,0.0,0.0,0.0,0.0,,,0.0,1.0,0.0,0.4669223427772522,0.0,0.7380247712135315,,,0.0,,
test_group_0038,homogeneous_cluster_0,mf_tuned_fairness,mf,tuned_fairness,0.0,0.0,0.0,0.0,0.0,0.0,0.0,0.0,,,0.0,1.0,0.0,0.4113079905509949,0.0,0.7380247712135315,,,0.0,0.0,
test_group_0038,homogeneous_cluster_0,rating_user_knn_average,rating_user_knn,average,0.0,0.0,0.0,0.0,0.0,0.0,0.0,0.0,,,0.0,1.0,0.0,0.574033796787262,0.0,0.7380247712135315,,,0.0,,
test_group_0038,homogeneous_cluster_0,rating_user_knn_dbscan_minority_nash,rating_user_knn,dbscan_minority_nash,0.0,0.0,0.0,0.0,0.0,0.0,0.0,0.0,,,0.0,1.0,0.0,0.574033796787262,0.0,0.7380247712135315,,,0.0,,2.0
test_group_0038,homogeneous_cluster_0,rating_user_knn_least_misery,rating_user_knn,least_misery,0.03333333333333333,0.02941176470588235,0.06943122193677727,0.023143740645592426,0.023143740645592426,0.03273019190504226,0.0,0.3333333333333333,,,0.0,0.6666666666666666,0.3333333333333333,0.5048734545707703,0.0,0.7380247712135315,,,0.0,,
test_group_0038,homogeneous_cluster_0,rating_user_knn_nash_welfare,rating_user_knn,nash_welfare,0.0,0.0,0.0,0.0,0.0,0.0,0.0,0.0,,,0.0,1.0,0.0,0.574033796787262,0.0,0.7380247712135315,,,0.0,,
test_group_0038,homogeneous_cluster_0,rating_user_knn_tuned_fairness,rating_user_knn,tuned_fairness,0.0,0.0,0.0,0.0,0.0,0.0,0.0,0.0,,,0.0,1.0,0.0,0.574033796787262,0.0,0.7380247712135315,,,0.0,0.0,
test_group_0039,homogeneous_cluster_0,hybrid_mf_bayes_average,hybrid_mf_bayes,average,0.06666666666666667,0.13333333333333336,0.13956838328637602,0.08275589021676844,0.08275589021676844,0.05880139165159986,0.0,0.6645103485842933,,,0.0,0.3333333333333333,0.6666666666666666,0.668124794960022,0.0,1.1683014631271362,,,0.0,,
test_group_0039,homogeneous_cluster_0,hybrid_mf_bayes_dbscan_minority_nash,hybrid_mf_bayes,dbscan_minority_nash,0.06666666666666667,0.13333333333333336,0.1803895185407797,0.1069604364620716,0.1069604364620716,0.07599969620480183,0.0,0.6645103485842934,,,0.0,0.3333333333333333,0.6666666666666666,0.7107898592948914,0.0,1.1683014631271362,,,0.0,,2.0
test_group_0039,homogeneous_cluster_0,hybrid_mf_bayes_least_misery,hybrid_mf_bayes,least_misery,0.06666666666666667,0.13333333333333336,0.3607790370815594,0.2139208729241432,0.2139208729241432,0.15199939240960367,0.0,0.6645103485842934,,,0.0,0.3333333333333333,0.6666666666666666,0.745173990726471,0.0,1.1683014631271362,,,0.0,,
test_group_0039,homogeneous_cluster_0,hybrid_mf_bayes_nash_welfare,hybrid_mf_bayes,nash_welfare,0.06666666666666667,0.13333333333333336,0.1803895185407797,0.1069604364620716,0.1069604364620716,0.07599969620480183,0.0,0.6645103485842934,,,0.0,0.3333333333333333,0.6666666666666666,0.7107898592948914,0.0,1.1683014631271362,,,0.0,,
test_group_0039,homogeneous_cluster_0,hybrid_mf_bayes_tuned_fairness,hybrid_mf_bayes,tuned_fairness,0.06666666666666667,0.13333333333333336,0.13956838328637602,0.08275589021676844,0.08275589021676844,0.05880139165159986,0.0,0.6645103485842933,,,0.0,0.3333333333333333,0.6666666666666666,0.668124794960022,0.0,1.1683014631271362,,,0.0,0.0,
test_group_0039,homogeneous_cluster_0,mf_average,mf,average,0.06666666666666667,0.13333333333333336,0.1285120859663631,0.07620015240800171,0.07620015240800171,0.05414327601235338,0.0,0.6645103485842934,,,0.0,0.3333333333333333,0.6666666666666666,0.5566040277481079,0.0,1.1683014631271362,,,0.0,,
test_group_0039,homogeneous_cluster_0,mf_dbscan_minority_nash,mf,dbscan_minority_nash,0.06666666666666667,0.13333333333333336,0.227626228959616,0.13496904363782072,0.13496904363782072,0.09590093919600251,0.0,0.6645103485842933,,,0.0,0.3333333333333333,0.6666666666666666,0.628202497959137,0.0,1.1683014631271362,,,0.0,,2.0
test_group_0039,homogeneous_cluster_0,mf_least_misery,mf,least_misery,0.0,0.0,0.0,0.0,0.0,0.0,0.0,0.0,,,0.0,1.0,0.0,0.7785341143608093,0.0,1.1683014631271362,,,0.0,,
test_group_0039,homogeneous_cluster_0,mf_nash_welfare,mf,nash_welfare,0.06666666666666667,0.13333333333333336,0.227626228959616,0.13496904363782072,0.13496904363782072,0.09590093919600251,0.0,0.6645103485842933,,,0.0,0.3333333333333333,0.6666666666666666,0.628202497959137,0.0,1.1683014631271362,,,0.0,,
test_group_0039,homogeneous_cluster_0,mf_tuned_fairness,mf,tuned_fairness,0.06666666666666667,0.13333333333333336,0.1285120859663631,0.07620015240800171,0.07620015240800171,0.05414327601235338,0.0,0.6645103485842934,,,0.0,0.3333333333333333,0.6666666666666666,0.5566040277481079,0.0,1.1683014631271362,,,0.0,0.0,
test_group_0039,homogeneous_cluster_0,rating_user_knn_average,rating_user_knn,average,0.0,0.0,0.0,0.0,0.0,0.0,0.0,0.0,,,0.0,1.0,0.0,0.36594218015670776,0.0,1.1683014631271362,,,0.0,,
test_group_0039,homogeneous_cluster_0,rating_user_knn_dbscan_minority_nash,rating_user_knn,dbscan_minority_nash,0.0,0.0,0.0,0.0,0.0,0.0,0.0,0.0,,,0.0,1.0,0.0,0.365942120552063,0.0,1.1683014631271362,,,0.0,,2.0
test_group_0039,homogeneous_cluster_0,rating_user_knn_least_misery,rating_user_knn,least_misery,0.0,0.0,0.0,0.0,0.0,0.0,0.0,0.0,,,0.0,1.0,0.0,0.48565202951431274,0.0,1.1683014631271362,,,0.0,,
test_group_0039,homogeneous_cluster_0,rating_user_knn_nash_welfare,rating_user_knn,nash_welfare,0.0,0.0,0.0,0.0,0.0,0.0,0.0,0.0,,,0.0,1.0,0.0,0.365942120552063,0.0,1.1683014631271362,,,0.0,,
test_group_0039,homogeneous_cluster_0,rating_user_knn_tuned_fairness,rating_user_knn,tuned_fairness,0.0,0.0,0.0,0.0,0.0,0.0,0.0,0.0,,,0.0,1.0,0.0,0.36594218015670776,0.0,1.1683014631271362,,,0.0,0.0,
test_group_0040,homogeneous_cluster_0,hybrid_mf_bayes_average,hybrid_mf_bayes,average,0.0,0.0,0.0,0.0,0.0,0.0,0.0,0.0,,,0.0,1.0,0.0,0.4283221662044525,0.0,1.1386173963546753,,,0.0,,
test_group_0040,homogeneous_cluster_0,hybrid_mf_bayes_dbscan_minority_nash,hybrid_mf_bayes,dbscan_minority_nash,0.0,0.0,0.0,0.0,0.0,0.0,0.0,0.0,,,0.0,1.0,0.0,0.45412445068359375,0.0,1.1386173963546753,,,0.0,,2.0
test_group_0040,homogeneous_cluster_0,hybrid_mf_bayes_least_misery,hybrid_mf_bayes,least_misery,0.03333333333333333,0.05000000000000001,0.085143117641621,0.03261719821172014,0.03261719821172014,0.046127684077626095,0.0,0.3333333333333333,,,0.0,0.6666666666666666,0.3333333333333333,0.42246708273887634,0.0,1.1386173963546753,,,0.0,,
test_group_0040,homogeneous_cluster_0,hybrid_mf_bayes_nash_welfare,hybrid_mf_bayes,nash_welfare,0.0,0.0,0.0,0.0,0.0,0.0,0.0,0.0,,,0.0,1.0,0.0,0.45412445068359375,0.0,1.1386173963546753,,,0.0,,
test_group_0040,homogeneous_cluster_0,hybrid_mf_bayes_tuned_fairness,hybrid_mf_bayes,tuned_fairness,0.0,0.0,0.0,0.0,0.0,0.0,0.0,0.0,,,0.0,1.0,0.0,0.4283221662044525,0.0,1.1386173963546753,,,0.0,0.0,
test_group_0040,homogeneous_cluster_0,mf_average,mf,average,0.0,0.0,0.0,0.0,0.0,0.0,0.0,0.0,,,0.0,1.0,0.0,0.3948189318180084,0.0,1.1386173963546753,,,0.0,,
test_group_0040,homogeneous_cluster_0,mf_dbscan_minority_nash,mf,dbscan_minority_nash,0.0,0.0,0.0,0.0,0.0,0.0,0.0,0.0,,,0.0,1.0,0.0,0.41556647419929504,0.0,1.1386173963546753,,,0.0,,2.0
test_group_0040,homogeneous_cluster_0,mf_least_misery,mf,least_misery,0.0,0.0,0.0,0.0,0.0,0.0,0.0,0.0,,,0.0,1.0,0.0,0.6186065077781677,0.0,1.1386173963546753,,,0.0,,
test_group_0040,homogeneous_cluster_0,mf_nash_welfare,mf,nash_welfare,0.0,0.0,0.0,0.0,0.0,0.0,0.0,0.0,,,0.0,1.0,0.0,0.41556647419929504,0.0,1.1386173963546753,,,0.0,,
test_group_0040,homogeneous_cluster_0,mf_tuned_fairness,mf,tuned_fairness,0.0,0.0,0.0,0.0,0.0,0.0,0.0,0.0,,,0.0,1.0,0.0,0.3948189318180084,0.0,1.1386173963546753,,,0.0,0.0,
test_group_0040,homogeneous_cluster_0,rating_user_knn_average,rating_user_knn,average,0.0,0.0,0.0,0.0,0.0,0.0,0.0,0.0,,,0.0,1.0,0.0,0.48821285367012024,0.0,1.1386173963546753,,,0.0,,
test_group_0040,homogeneous_cluster_0,rating_user_knn_dbscan_minority_nash,rating_user_knn,dbscan_minority_nash,0.0,0.0,0.0,0.0,0.0,0.0,0.0,0.0,,,0.0,1.0,0.0,0.6027834415435791,0.0,1.1386173963546753,,,0.0,,2.0
test_group_0040,homogeneous_cluster_0,rating_user_knn_least_misery,rating_user_knn,least_misery,0.0,0.0,0.0,0.0,0.0,0.0,0.0,0.0,,,0.0,1.0,0.0,0.6847859025001526,0.0,1.1386173963546753,,,0.0,,
test_group_0040,homogeneous_cluster_0,rating_user_knn_nash_welfare,rating_user_knn,nash_welfare,0.0,0.0,0.0,0.0,0.0,0.0,0.0,0.0,,,0.0,1.0,0.0,0.6027834415435791,0.0,1.1386173963546753,,,0.0,,
test_group_0040,homogeneous_cluster_0,rating_user_knn_tuned_fairness,rating_user_knn,tuned_fairness,0.0,0.0,0.0,0.0,0.0,0.0,0.0,0.0,,,0.0,1.0,0.0,0.48821285367012024,0.0,1.1386173963546753,,,0.0,0.0,
test_group_0041,homogeneous_cluster_0,hybrid_mf_bayes_average,hybrid_mf_bayes,average,0.03333333333333333,0.06666666666666668,0.22009176629808017,0.11305340175787204,0.11305340175787204,0.15988165403839694,0.0,0.33333333333333337,,,0.0,0.6666666666666666,0.3333333333333333,0.32881850004196167,0.0,0.7609948515892029,,,0.0,,
test_group_0041,homogeneous_cluster_0,hybrid_mf_bayes_dbscan_minority_nash,hybrid_mf_bayes,dbscan_minority_nash,0.03333333333333333,0.06666666666666668,0.22009176629808017,0.11305340175787204,0.11305340175787204,0.15988165403839694,0.0,0.33333333333333337,,,0.0,0.6666666666666666,0.3333333333333333,0.32881850004196167,0.0,0.7609948515892029,,,0.0,,2.0
test_group_0041,homogeneous_cluster_0,hybrid_mf_bayes_least_misery,hybrid_mf_bayes,least_misery,0.03333333333333333,0.06666666666666668,0.22009176629808017,0.11305340175787204,0.11305340175787204,0.15988165403839694,0.0,0.33333333333333337,,,0.0,0.6666666666666666,0.3333333333333333,0.3194431662559509,0.0,0.7609948515892029,,,0.0,,
test_group_0041,homogeneous_cluster_0,hybrid_mf_bayes_nash_welfare,hybrid_mf_bayes,nash_welfare,0.03333333333333333,0.06666666666666668,0.22009176629808017,0.11305340175787204,0.11305340175787204,0.15988165403839694,0.0,0.33333333333333337,,,0.0,0.6666666666666666,0.3333333333333333,0.32881850004196167,0.0,0.7609948515892029,,,0.0,,
test_group_0041,homogeneous_cluster_0,hybrid_mf_bayes_tuned_fairness,hybrid_mf_bayes,tuned_fairness,0.03333333333333333,0.06666666666666668,0.22009176629808017,0.11305340175787204,0.11305340175787204,0.15988165403839694,0.0,0.33333333333333337,,,0.0,0.6666666666666666,0.3333333333333333,0.32881850004196167,0.0,0.7609948515892029,,,0.0,0.0,
test_group_0041,homogeneous_cluster_0,mf_average,mf,average,0.03333333333333333,0.06666666666666668,0.22009176629808017,0.11305340175787204,0.11305340175787204,0.15988165403839694,0.0,0.33333333333333337,,,0.0,0.6666666666666666,0.3333333333333333,0.41571342945098877,0.0,0.7609948515892029,,,0.0,,
test_group_0041,homogeneous_cluster_0,mf_dbscan_minority_nash,mf,dbscan_minority_nash,0.03333333333333333,0.06666666666666668,0.22009176629808017,0.11305340175787204,0.11305340175787204,0.15988165403839694,0.0,0.33333333333333337,,,0.0,0.6666666666666666,0.3333333333333333,0.44395866990089417,0.0,0.7609948515892029,,,0.0,,2.0
test_group_0041,homogeneous_cluster_0,mf_least_misery,mf,least_misery,0.03333333333333333,0.06666666666666668,0.22009176629808017,0.11305340175787204,0.11305340175787204,0.15988165403839694,0.0,0.33333333333333337,,,0.0,0.6666666666666666,0.3333333333333333,0.3605652153491974,0.0,0.7609948515892029,,,0.0,,
test_group_0041,homogeneous_cluster_0,mf_nash_welfare,mf,nash_welfare,0.03333333333333333,0.06666666666666668,0.22009176629808017,0.11305340175787204,0.11305340175787204,0.15988165403839694,0.0,0.33333333333333337,,,0.0,0.6666666666666666,0.3333333333333333,0.44395866990089417,0.0,0.7609948515892029,,,0.0,,
test_group_0041,homogeneous_cluster_0,mf_tuned_fairness,mf,tuned_fairness,0.03333333333333333,0.06666666666666668,0.22009176629808017,0.11305340175787204,0.11305340175787204,0.15988165403839694,0.0,0.33333333333333337,,,0.0,0.6666666666666666,0.3333333333333333,0.41571342945098877,0.0,0.7609948515892029,,,0.0,0.0,
test_group_0041,homogeneous_cluster_0,rating_user_knn_average,rating_user_knn,average,0.03333333333333333,0.06666666666666668,0.085143117641621,0.04373502583744726,0.04373502583744726,0.06185066669005564,0.0,0.3333333333333333,,,0.0,0.6666666666666666,0.3333333333333333,0.7030293941497803,0.0,0.7609948515892029,,,0.0,,
test_group_0041,homogeneous_cluster_0,rating_user_knn_dbscan_minority_nash,rating_user_knn,dbscan_minority_nash,0.03333333333333333,0.06666666666666668,0.085143117641621,0.04373502583744726,0.04373502583744726,0.06185066669005564,0.0,0.3333333333333333,,,0.0,0.6666666666666666,0.3333333333333333,0.7030293941497803,0.0,0.7609948515892029,,,0.0,,2.0
test_group_0041,homogeneous_cluster_0,rating_user_knn_least_misery,rating_user_knn,least_misery,0.03333333333333333,0.06666666666666668,0.09478836436955076,0.04868944994756882,0.04868944994756882,0.0688572804603378,0.0,0.33333333333333337,,,0.0,0.6666666666666666,0.3333333333333333,0.6516363620758057,0.0,0.7609948515892029,,,0.0,,
test_group_0041,homogeneous_cluster_0,rating_user_knn_nash_welfare,rating_user_knn,nash_welfare,0.03333333333333333,0.06666666666666668,0.085143117641621,0.04373502583744726,0.04373502583744726,0.06185066669005564,0.0,0.3333333333333333,,,0.0,0.6666666666666666,0.3333333333333333,0.7030293941497803,0.0,0.7609948515892029,,,0.0,,
test_group_0041,homogeneous_cluster_0,rating_user_knn_tuned_fairness,rating_user_knn,tuned_fairness,0.03333333333333333,0.06666666666666668,0.085143117641621,0.04373502583744726,0.04373502583744726,0.06185066669005564,0.0,0.3333333333333333,,,0.0,0.6666666666666666,0.3333333333333333,0.7030293941497803,0.0,0.7609948515892029,,,0.0,0.0,
test_group_0042,homogeneous_cluster_0,hybrid_mf_bayes_average,hybrid_mf_bayes,average,0.03333333333333333,0.05555555555555556,0.06943122193677727,0.03566437745575459,0.03566437745575459,0.050437046291521404,0.0,0.3333333333333333,,,0.0,0.6666666666666666,0.3333333333333333,0.3668403625488281,0.0,0.46902236342430115,,,0.0,,
test_group_0042,homogeneous_cluster_0,hybrid_mf_bayes_dbscan_minority_nash,hybrid_mf_bayes,dbscan_minority_nash,0.03333333333333333,0.05555555555555556,0.06943122193677727,0.03566437745575459,0.03566437745575459,0.050437046291521404,0.0,0.3333333333333333,,,0.0,0.6666666666666666,0.3333333333333333,0.3668403625488281,0.0,0.46902236342430115,,,0.0,,2.0
test_group_0042,homogeneous_cluster_0,hybrid_mf_bayes_least_misery,hybrid_mf_bayes,least_misery,0.03333333333333333,0.05555555555555556,0.06625422345438904,0.034032465040970544,0.034032465040970544,0.04812917362192877,0.0,0.3333333333333333,,,0.0,0.6666666666666666,0.3333333333333333,0.4043254554271698,0.0,0.46902236342430115,,,0.0,,
test_group_0042,homogeneous_cluster_0,hybrid_mf_bayes_nash_welfare,hybrid_mf_bayes,nash_welfare,0.03333333333333333,0.05555555555555556,0.06943122193677727,0.03566437745575459,0.03566437745575459,0.050437046291521404,0.0,0.3333333333333333,,,0.0,0.6666666666666666,0.3333333333333333,0.3668403625488281,0.0,0.46902236342430115,,,0.0,,
test_group_0042,homogeneous_cluster_0,hybrid_mf_bayes_tuned_fairness,hybrid_mf_bayes,tuned_fairness,0.03333333333333333,0.05555555555555556,0.06943122193677727,0.03566437745575459,0.03566437745575459,0.050437046291521404,0.0,0.3333333333333333,,,0.0,0.6666666666666666,0.3333333333333333,0.3668403625488281,0.0,0.46902236342430115,,,0.0,0.0,
test_group_0042,homogeneous_cluster_0,mf_average,mf,average,0.03333333333333333,0.05555555555555556,0.07839826897867533,0.04027043423316473,0.04027043423316473,0.05695099425519533,0.0,0.33333333333333337,,,0.0,0.6666666666666666,0.3333333333333333,0.42055219411849976,0.0,0.46902236342430115,,,0.0,,
test_group_0042,homogeneous_cluster_0,mf_dbscan_minority_nash,mf,dbscan_minority_nash,0.06666666666666667,0.11111111111111112,0.1478294909154526,0.08132083235661973,0.08132083235661973,0.05751044603454194,0.0,0.6666053449710972,,,0.0,0.3333333333333333,0.6666666666666666,0.3699377775192261,0.0,0.46902236342430115,,,0.0,,2.0
test_group_0042,homogeneous_cluster_0,mf_least_misery,mf,least_misery,0.03333333333333333,0.05555555555555556,0.09478836436955076,0.04868944994756882,0.04868944994756882,0.0688572804603378,0.0,0.33333333333333337,,,0.0,0.6666666666666666,0.3333333333333333,0.4173445403575897,0.0,0.46902236342430115,,,0.0,,
test_group_0042,homogeneous_cluster_0,mf_nash_welfare,mf,nash_welfare,0.06666666666666667,0.11111111111111112,0.1478294909154526,0.08132083235661973,0.08132083235661973,0.05751044603454194,0.0,0.6666053449710972,,,0.0,0.3333333333333333,0.6666666666666666,0.3699377775192261,0.0,0.46902236342430115,,,0.0,,
test_group_0042,homogeneous_cluster_0,mf_tuned_fairness,mf,tuned_fairness,0.03333333333333333,0.05555555555555556,0.07839826897867533,0.04027043423316473,0.04027043423316473,0.05695099425519533,0.0,0.33333333333333337,,,0.0,0.6666666666666666,0.3333333333333333,0.42055219411849976,0.0,0.46902236342430115,,,0.0,0.0,
test_group_0042,homogeneous_cluster_0,rating_user_knn_average,rating_user_knn,average,0.0,0.0,0.0,0.0,0.0,0.0,0.0,0.0,,,0.0,1.0,0.0,0.28981924057006836,0.0,0.46902236342430115,,,0.0,,
test_group_0042,homogeneous_cluster_0,rating_user_knn_dbscan_minority_nash,rating_user_knn,dbscan_minority_nash,0.0,0.0,0.0,0.0,0.0,0.0,0.0,0.0,,,0.0,1.0,0.0,0.28981924057006836,0.0,0.46902236342430115,,,0.0,,2.0
test_group_0042,homogeneous_cluster_0,rating_user_knn_least_misery,rating_user_knn,least_misery,0.0,0.0,0.0,0.0,0.0,0.0,0.0,0.0,,,0.0,1.0,0.0,0.2908742129802704,0.0,0.46902236342430115,,,0.0,,
test_group_0042,homogeneous_cluster_0,rating_user_knn_nash_welfare,rating_user_knn,nash_welfare,0.0,0.0,0.0,0.0,0.0,0.0,0.0,0.0,,,0.0,1.0,0.0,0.28981924057006836,0.0,0.46902236342430115,,,0.0,,
test_group_0042,homogeneous_cluster_0,rating_user_knn_tuned_fairness,rating_user_knn,tuned_fairness,0.0,0.0,0.0,0.0,0.0,0.0,0.0,0.0,,,0.0,1.0,0.0,0.28981924057006836,0.0,0.46902236342430115,,,0.0,0.0,
test_group_0043,homogeneous_cluster_0,hybrid_mf_bayes_average,hybrid_mf_bayes,average,0.0,0.0,0.0,0.0,0.0,0.0,0.0,0.0,,,0.0,1.0,0.0,0.3022170066833496,0.0,0.7265083193778992,,,0.0,,
test_group_0043,homogeneous_cluster_0,hybrid_mf_bayes_dbscan_minority_nash,hybrid_mf_bayes,dbscan_minority_nash,0.0,0.0,0.0,0.0,0.0,0.0,0.0,0.0,,,0.0,1.0,0.0,0.3022170066833496,0.0,0.7265083193778992,,,0.0,,2.0
test_group_0043,homogeneous_cluster_0,hybrid_mf_bayes_least_misery,hybrid_mf_bayes,least_misery,0.0,0.0,0.0,0.0,0.0,0.0,0.0,0.0,,,0.0,1.0,0.0,0.36841440200805664,0.0,0.7265083193778992,,,0.0,,
test_group_0043,homogeneous_cluster_0,hybrid_mf_bayes_nash_welfare,hybrid_mf_bayes,nash_welfare,0.0,0.0,0.0,0.0,0.0,0.0,0.0,0.0,,,0.0,1.0,0.0,0.3022170066833496,0.0,0.7265083193778992,,,0.0,,
test_group_0043,homogeneous_cluster_0,hybrid_mf_bayes_tuned_fairness,hybrid_mf_bayes,tuned_fairness,0.0,0.0,0.0,0.0,0.0,0.0,0.0,0.0,,,0.0,1.0,0.0,0.3022170066833496,0.0,0.7265083193778992,,,0.0,0.0,
test_group_0043,homogeneous_cluster_0,mf_average,mf,average,0.0,0.0,0.0,0.0,0.0,0.0,0.0,0.0,,,0.0,1.0,0.0,0.38998252153396606,0.0,0.7265083193778992,,,0.0,,
test_group_0043,homogeneous_cluster_0,mf_dbscan_minority_nash,mf,dbscan_minority_nash,0.0,0.0,0.0,0.0,0.0,0.0,0.0,0.0,,,0.0,1.0,0.0,0.37422117590904236,0.0,0.7265083193778992,,,0.0,,2.0
test_group_0043,homogeneous_cluster_0,mf_least_misery,mf,least_misery,0.0,0.0,0.0,0.0,0.0,0.0,0.0,0.0,,,0.0,1.0,0.0,0.48914480209350586,0.0,0.7265083193778992,,,0.0,,
test_group_0043,homogeneous_cluster_0,mf_nash_welfare,mf,nash_welfare,0.0,0.0,0.0,0.0,0.0,0.0,0.0,0.0,,,0.0,1.0,0.0,0.37422117590904236,0.0,0.7265083193778992,,,0.0,,
test_group_0043,homogeneous_cluster_0,mf_tuned_fairness,mf,tuned_fairness,0.0,0.0,0.0,0.0,0.0,0.0,0.0,0.0,,,0.0,1.0,0.0,0.38998252153396606,0.0,0.7265083193778992,,,0.0,0.0,
test_group_0043,homogeneous_cluster_0,rating_user_knn_average,rating_user_knn,average,0.03333333333333333,0.2,0.16958010263680806,0.16666666666666666,0.16666666666666666,0.23570226039551584,0.0,0.3333333333333333,,,0.0,0.6666666666666666,0.3333333333333333,0.8641467690467834,0.0,0.7265083193778992,,,0.0,,
test_group_0043,homogeneous_cluster_0,rating_user_knn_dbscan_minority_nash,rating_user_knn,dbscan_minority_nash,0.03333333333333333,0.2,0.16958010263680806,0.16666666666666666,0.16666666666666666,0.23570226039551584,0.0,0.3333333333333333,,,0.0,0.6666666666666666,0.3333333333333333,0.8641467690467834,0.0,0.7265083193778992,,,0.0,,2.0
test_group_0043,homogeneous_cluster_0,rating_user_knn_least_misery,rating_user_knn,least_misery,0.03333333333333333,0.2,0.11305340175787204,0.1111111111111111,0.1111111111111111,0.15713484026367722,0.0,0.3333333333333333,,,0.0,0.6666666666666666,0.3333333333333333,0.7102409601211548,0.0,0.7265083193778992,,,0.0,,
test_group_0043,homogeneous_cluster_0,rating_user_knn_nash_welfare,rating_user_knn,nash_welfare,0.03333333333333333,0.2,0.16958010263680806,0.16666666666666666,0.16666666666666666,0.23570226039551584,0.0,0.3333333333333333,,,0.0,0.6666666666666666,0.3333333333333333,0.8641467690467834,0.0,0.7265083193778992,,,0.0,,
test_group_0043,homogeneous_cluster_0,rating_user_knn_tuned_fairness,rating_user_knn,tuned_fairness,0.03333333333333333,0.2,0.16958010263680806,0.16666666666666666,0.16666666666666666,0.23570226039551584,0.0,0.3333333333333333,,,0.0,0.6666666666666666,0.3333333333333333,0.8641467690467834,0.0,0.7265083193778992,,,0.0,0.0,
test_group_0044,homogeneous_cluster_0,hybrid_mf_bayes_average,hybrid_mf_bayes,average,0.0,0.0,0.0,0.0,0.0,0.0,0.0,0.0,,,0.0,1.0,0.0,0.32296305894851685,0.0,0.6477232575416565,,,0.0,,
test_group_0044,homogeneous_cluster_0,hybrid_mf_bayes_dbscan_minority_nash,hybrid_mf_bayes,dbscan_minority_nash,0.0,0.0,0.0,0.0,0.0,0.0,0.0,0.0,,,0.0,1.0,0.0,0.32296305894851685,0.0,0.6477232575416565,,,0.0,,2.0
test_group_0044,homogeneous_cluster_0,hybrid_mf_bayes_least_misery,hybrid_mf_bayes,least_misery,0.0,0.0,0.0,0.0,0.0,0.0,0.0,0.0,,,0.0,1.0,0.0,0.32296305894851685,0.0,0.6477232575416565,,,0.0,,
test_group_0044,homogeneous_cluster_0,hybrid_mf_bayes_nash_welfare,hybrid_mf_bayes,nash_welfare,0.0,0.0,0.0,0.0,0.0,0.0,0.0,0.0,,,0.0,1.0,0.0,0.32296305894851685,0.0,0.6477232575416565,,,0.0,,
test_group_0044,homogeneous_cluster_0,hybrid_mf_bayes_tuned_fairness,hybrid_mf_bayes,tuned_fairness,0.0,0.0,0.0,0.0,0.0,0.0,0.0,0.0,,,0.0,1.0,0.0,0.32296305894851685,0.0,0.6477232575416565,,,0.0,0.0,
test_group_0044,homogeneous_cluster_0,mf_average,mf,average,0.0,0.0,0.0,0.0,0.0,0.0,0.0,0.0,,,0.0,1.0,0.0,0.32296308875083923,0.0,0.6477232575416565,,,0.0,,
test_group_0044,homogeneous_cluster_0,mf_dbscan_minority_nash,mf,dbscan_minority_nash,0.0,0.0,0.0,0.0,0.0,0.0,0.0,0.0,,,0.0,1.0,0.0,0.32296308875083923,0.0,0.6477232575416565,,,0.0,,2.0
test_group_0044,homogeneous_cluster_0,mf_least_misery,mf,least_misery,0.0,0.0,0.0,0.0,0.0,0.0,0.0,0.0,,,0.0,1.0,0.0,0.2944721579551697,0.0,0.6477232575416565,,,0.0,,
test_group_0044,homogeneous_cluster_0,mf_nash_welfare,mf,nash_welfare,0.0,0.0,0.0,0.0,0.0,0.0,0.0,0.0,,,0.0,1.0,0.0,0.32296308875083923,0.0,0.6477232575416565,,,0.0,,
test_group_0044,homogeneous_cluster_0,mf_tuned_fairness,mf,tuned_fairness,0.0,0.0,0.0,0.0,0.0,0.0,0.0,0.0,,,0.0,1.0,0.0,0.32296308875083923,0.0,0.6477232575416565,,,0.0,0.0,
test_group_0044,homogeneous_cluster_0,rating_user_knn_average,rating_user_knn,average,0.0,0.0,0.0,0.0,0.0,0.0,0.0,0.0,,,0.0,1.0,0.0,0.3685528635978699,0.0,0.6477232575416565,,,0.0,,
test_group_0044,homogeneous_cluster_0,rating_user_knn_dbscan_minority_nash,rating_user_knn,dbscan_minority_nash,0.0,0.0,0.0,0.0,0.0,0.0,0.0,0.0,,,0.0,1.0,0.0,0.36855289340019226,0.0,0.6477232575416565,,,0.0,,2.0
test_group_0044,homogeneous_cluster_0,rating_user_knn_least_misery,rating_user_knn,least_misery,0.0,0.0,0.0,0.0,0.0,0.0,0.0,0.0,,,0.0,1.0,0.0,0.351500540971756,0.0,0.6477232575416565,,,0.0,,
test_group_0044,homogeneous_cluster_0,rating_user_knn_nash_welfare,rating_user_knn,nash_welfare,0.0,0.0,0.0,0.0,0.0,0.0,0.0,0.0,,,0.0,1.0,0.0,0.36855289340019226,0.0,0.6477232575416565,,,0.0,,
test_group_0044,homogeneous_cluster_0,rating_user_knn_tuned_fairness,rating_user_knn,tuned_fairness,0.0,0.0,0.0,0.0,0.0,0.0,0.0,0.0,,,0.0,1.0,0.0,0.3685528635978699,0.0,0.6477232575416565,,,0.0,0.0,
test_group_0045,homogeneous_cluster_0,hybrid_mf_bayes_average,hybrid_mf_bayes,average,0.06666666666666667,0.06249999999999998,0.13943787236634073,0.06827808250619698,0.06827808250619698,0.09655979029309292,0.0,0.3333333333333333,,,0.0,0.6666666666666666,0.3333333333333333,0.38171446323394775,0.0,1.1004973649978638,,,0.0,,
test_group_0045,homogeneous_cluster_0,hybrid_mf_bayes_dbscan_minority_nash,hybrid_mf_bayes,dbscan_minority_nash,0.06666666666666667,0.06249999999999998,0.13943787236634073,0.06827808250619698,0.06827808250619698,0.09655979029309292,0.0,0.3333333333333333,,,0.0,0.6666666666666666,0.3333333333333333,0.405508816242218,0.0,1.1004973649978638,,,0.0,,2.0
test_group_0045,homogeneous_cluster_0,hybrid_mf_bayes_least_misery,hybrid_mf_bayes,least_misery,0.06666666666666667,0.06249999999999998,0.1970884750459006,0.0965076627449525,0.0965076627449525,0.13648244552684052,0.0,0.3333333333333333,,,0.0,0.6666666666666666,0.3333333333333333,0.4874773621559143,0.0,1.1004973649978638,,,0.0,,
test_group_0045,homogeneous_cluster_0,hybrid_mf_bayes_nash_welfare,hybrid_mf_bayes,nash_welfare,0.06666666666666667,0.06249999999999998,0.13943787236634073,0.06827808250619698,0.06827808250619698,0.09655979029309292,0.0,0.3333333333333333,,,0.0,0.6666666666666666,0.3333333333333333,0.405508816242218,0.0,1.1004973649978638,,,0.0,,
test_group_0045,homogeneous_cluster_0,hybrid_mf_bayes_tuned_fairness,hybrid_mf_bayes,tuned_fairness,0.06666666666666667,0.06249999999999998,0.13943787236634073,0.06827808250619698,0.06827808250619698,0.09655979029309292,0.0,0.3333333333333333,,,0.0,0.6666666666666666,0.3333333333333333,0.38171446323394775,0.0,1.1004973649978638,,,0.0,0.0,
test_group_0045,homogeneous_cluster_0,mf_average,mf,average,0.03333333333333333,0.03124999999999999,0.04510157879202129,0.022084741151463014,0.022084741151463014,0.031232540457898198,0.0,0.33333333333333337,,,0.0,0.6666666666666666,0.3333333333333333,0.3577466309070587,0.0,1.1004973649978638,,,0.0,,
test_group_0045,homogeneous_cluster_0,mf_dbscan_minority_nash,mf,dbscan_minority_nash,0.0,0.0,0.0,0.0,0.0,0.0,0.0,0.0,,,0.0,1.0,0.0,0.2802559733390808,0.0,1.1004973649978638,,,0.0,,2.0
test_group_0045,homogeneous_cluster_0,mf_least_misery,mf,least_misery,0.03333333333333333,0.03124999999999999,0.07491210085649577,0.03668196104968003,0.03668196104968003,0.05187612681089912,0.0,0.33333333333333337,,,0.0,0.6666666666666666,0.3333333333333333,0.4200465679168701,0.0,1.1004973649978638,,,0.0,,
test_group_0045,homogeneous_cluster_0,mf_nash_welfare,mf,nash_welfare,0.0,0.0,0.0,0.0,0.0,0.0,0.0,0.0,,,0.0,1.0,0.0,0.2802559733390808,0.0,1.1004973649978638,,,0.0,,
test_group_0045,homogeneous_cluster_0,mf_tuned_fairness,mf,tuned_fairness,0.03333333333333333,0.03124999999999999,0.04510157879202129,0.022084741151463014,0.022084741151463014,0.031232540457898198,0.0,0.33333333333333337,,,0.0,0.6666666666666666,0.3333333333333333,0.3577466309070587,0.0,1.1004973649978638,,,0.0,0.0,
test_group_0045,homogeneous_cluster_0,rating_user_knn_average,rating_user_knn,average,0.03333333333333333,0.03124999999999999,0.053368457452889644,0.026132756326225113,0.026132756326225113,0.036957298418738856,0.0,0.33333333333333337,,,0.0,0.6666666666666666,0.3333333333333333,0.5392827391624451,0.0,1.1004973649978638,,,0.0,,
test_group_0045,homogeneous_cluster_0,rating_user_knn_dbscan_minority_nash,rating_user_knn,dbscan_minority_nash,0.03333333333333333,0.03124999999999999,0.057959913024345,0.02838103921387367,0.02838103921387367,0.04013685057050279,0.0,0.3333333333333333,,,0.0,0.6666666666666666,0.3333333333333333,0.5392826795578003,0.0,1.1004973649978638,,,0.0,,2.0
test_group_0045,homogeneous_cluster_0,rating_user_knn_least_misery,rating_user_knn,least_misery,0.03333333333333333,0.03124999999999999,0.06452577150984495,0.03159612145651693,0.03159612145651693,0.04468366348219379,0.0,0.3333333333333333,,,0.0,0.6666666666666666,0.3333333333333333,0.45689430832862854,0.0,1.1004973649978638,,,0.0,,
test_group_0045,homogeneous_cluster_0,rating_user_knn_nash_welfare,rating_user_knn,nash_welfare,0.03333333333333333,0.03124999999999999,0.057959913024345,0.02838103921387367,0.02838103921387367,0.04013685057050279,0.0,0.3333333333333333,,,0.0,0.6666666666666666,0.3333333333333333,0.5392826795578003,0.0,1.1004973649978638,,,0.0,,
test_group_0045,homogeneous_cluster_0,rating_user_knn_tuned_fairness,rating_user_knn,tuned_fairness,0.03333333333333333,0.03124999999999999,0.053368457452889644,0.026132756326225113,0.026132756326225113,0.036957298418738856,0.0,0.33333333333333337,,,0.0,0.6666666666666666,0.3333333333333333,0.5392827391624451,0.0,1.1004973649978638,,,0.0,0.0,
test_group_0046,homogeneous_cluster_0,hybrid_mf_bayes_average,hybrid_mf_bayes,average,0.0,0.0,0.0,0.0,0.0,0.0,0.0,0.0,,,0.0,1.0,0.0,0.25934290885925293,0.0,0.9865553975105286,,,0.0,,
test_group_0046,homogeneous_cluster_0,hybrid_mf_bayes_dbscan_minority_nash,hybrid_mf_bayes,dbscan_minority_nash,0.0,0.0,0.0,0.0,0.0,0.0,0.0,0.0,,,0.0,1.0,0.0,0.25934290885925293,0.0,0.9865553975105286,,,0.0,,2.0
test_group_0046,homogeneous_cluster_0,hybrid_mf_bayes_least_misery,hybrid_mf_bayes,least_misery,0.0,0.0,0.0,0.0,0.0,0.0,0.0,0.0,,,0.0,1.0,0.0,0.34853747487068176,0.0,0.9865553975105286,,,0.0,,
test_group_0046,homogeneous_cluster_0,hybrid_mf_bayes_nash_welfare,hybrid_mf_bayes,nash_welfare,0.0,0.0,0.0,0.0,0.0,0.0,0.0,0.0,,,0.0,1.0,0.0,0.25934290885925293,0.0,0.9865553975105286,,,0.0,,
test_group_0046,homogeneous_cluster_0,hybrid_mf_bayes_tuned_fairness,hybrid_mf_bayes,tuned_fairness,0.0,0.0,0.0,0.0,0.0,0.0,0.0,0.0,,,0.0,1.0,0.0,0.25934290885925293,0.0,0.9865553975105286,,,0.0,0.0,
test_group_0046,homogeneous_cluster_0,mf_average,mf,average,0.0,0.0,0.0,0.0,0.0,0.0,0.0,0.0,,,0.0,1.0,0.0,0.35991981625556946,0.0,0.9865553975105286,,,0.0,,
test_group_0046,homogeneous_cluster_0,mf_dbscan_minority_nash,mf,dbscan_minority_nash,0.0,0.0,0.0,0.0,0.0,0.0,0.0,0.0,,,0.0,1.0,0.0,0.33281469345092773,0.0,0.9865553975105286,,,0.0,,2.0
test_group_0046,homogeneous_cluster_0,mf_least_misery,mf,least_misery,0.0,0.0,0.0,0.0,0.0,0.0,0.0,0.0,,,0.0,1.0,0.0,0.3386463522911072,0.0,0.9865553975105286,,,0.0,,
test_group_0046,homogeneous_cluster_0,mf_nash_welfare,mf,nash_welfare,0.0,0.0,0.0,0.0,0.0,0.0,0.0,0.0,,,0.0,1.0,0.0,0.33281469345092773,0.0,0.9865553975105286,,,0.0,,
test_group_0046,homogeneous_cluster_0,mf_tuned_fairness,mf,tuned_fairness,0.0,0.0,0.0,0.0,0.0,0.0,0.0,0.0,,,0.0,1.0,0.0,0.35991981625556946,0.0,0.9865553975105286,,,0.0,0.0,
test_group_0046,homogeneous_cluster_0,rating_user_knn_average,rating_user_knn,average,0.0,0.0,0.0,0.0,0.0,0.0,0.0,0.0,,,0.0,1.0,0.0,0.5978707075119019,0.0,0.9865553975105286,,,0.0,,
test_group_0046,homogeneous_cluster_0,rating_user_knn_dbscan_minority_nash,rating_user_knn,dbscan_minority_nash,0.03333333333333333,0.03703703703703703,0.06362078819895171,0.026485693144255806,0.026485693144255806,0.03745642645345867,0.0,0.3333333333333333,,,0.0,0.6666666666666666,0.3333333333333333,0.633673369884491,0.0,0.9865553975105286,,,0.0,,2.0
test_group_0046,homogeneous_cluster_0,rating_user_knn_least_misery,rating_user_knn,least_misery,0.0,0.0,0.0,0.0,0.0,0.0,0.0,0.0,,,0.0,1.0,0.0,0.2991039752960205,0.0,0.9865553975105286,,,0.0,,
test_group_0046,homogeneous_cluster_0,rating_user_knn_nash_welfare,rating_user_knn,nash_welfare,0.03333333333333333,0.03703703703703703,0.06362078819895171,0.026485693144255806,0.026485693144255806,0.03745642645345867,0.0,0.3333333333333333,,,0.0,0.6666666666666666,0.3333333333333333,0.633673369884491,0.0,0.9865553975105286,,,0.0,,
test_group_0046,homogeneous_cluster_0,rating_user_knn_tuned_fairness,rating_user_knn,tuned_fairness,0.0,0.0,0.0,0.0,0.0,0.0,0.0,0.0,,,0.0,1.0,0.0,0.5978707075119019,0.0,0.9865553975105286,,,0.0,0.0,
test_group_0047,homogeneous_cluster_0,hybrid_mf_bayes_average,hybrid_mf_bayes,average,0.06666666666666667,0.11764705882352942,0.18340980524840017,0.14779307216079116,0.14779307216079116,0.13867567795999033,0.0,0.531794630654804,,,0.0,0.3333333333333333,0.6666666666666666,0.5420663952827454,0.0,0.7137987017631531,,,0.0,,
test_group_0047,homogeneous_cluster_0,hybrid_mf_bayes_dbscan_minority_nash,hybrid_mf_bayes,dbscan_minority_nash,0.06666666666666667,0.11764705882352942,0.18340980524840017,0.14779307216079116,0.14779307216079116,0.13867567795999033,0.0,0.531794630654804,,,0.0,0.3333333333333333,0.6666666666666666,0.5420663952827454,0.0,0.7137987017631531,,,0.0,,2.0
test_group_0047,homogeneous_cluster_0,hybrid_mf_bayes_least_misery,hybrid_mf_bayes,least_misery,0.06666666666666667,0.11764705882352942,0.16815228646891084,0.14270723256762805,0.14270723256762805,0.14023775341615705,0.0,0.5087271066038688,,,0.0,0.3333333333333333,0.6666666666666666,0.5605902671813965,0.0,0.7137987017631531,,,0.0,,
test_group_0047,homogeneous_cluster_0,hybrid_mf_bayes_nash_welfare,hybrid_mf_bayes,nash_welfare,0.06666666666666667,0.11764705882352942,0.18340980524840017,0.14779307216079116,0.14779307216079116,0.13867567795999033,0.0,0.531794630654804,,,0.0,0.3333333333333333,0.6666666666666666,0.5420663952827454,0.0,0.7137987017631531,,,0.0,,
test_group_0047,homogeneous_cluster_0,hybrid_mf_bayes_tuned_fairness,hybrid_mf_bayes,tuned_fairness,0.06666666666666667,0.11764705882352942,0.18340980524840017,0.14779307216079116,0.14779307216079116,0.13867567795999033,0.0,0.531794630654804,,,0.0,0.3333333333333333,0.6666666666666666,0.5420663952827454,0.0,0.7137987017631531,,,0.0,0.0,
test_group_0047,homogeneous_cluster_0,mf_average,mf,average,0.06666666666666667,0.11764705882352942,0.17947710508581738,0.1418369199782563,0.1418369199782563,0.13073516394698148,0.0,0.540662160454807,,,0.0,0.3333333333333333,0.6666666666666666,0.5600038766860962,0.0,0.7137987017631531,,,0.0,,
test_group_0047,homogeneous_cluster_0,mf_dbscan_minority_nash,mf,dbscan_minority_nash,0.06666666666666667,0.11764705882352942,0.18340980524840017,0.14779307216079116,0.14779307216079116,0.13867567795999033,0.0,0.531794630654804,,,0.0,0.3333333333333333,0.6666666666666666,0.5353086590766907,0.0,0.7137987017631531,,,0.0,,2.0
test_group_0047,homogeneous_cluster_0,mf_least_misery,mf,least_misery,0.06666666666666667,0.11764705882352942,0.17366667134799177,0.18787359606631723,0.18787359606631723,0.22222971628053906,0.0,0.4168095362498695,,,0.0,0.3333333333333333,0.6666666666666666,0.5216120481491089,0.0,0.7137987017631531,,,0.0,,
test_group_0047,homogeneous_cluster_0,mf_nash_welfare,mf,nash_welfare,0.06666666666666667,0.11764705882352942,0.18340980524840017,0.14779307216079116,0.14779307216079116,0.13867567795999033,0.0,0.531794630654804,,,0.0,0.3333333333333333,0.6666666666666666,0.5353086590766907,0.0,0.7137987017631531,,,0.0,,
test_group_0047,homogeneous_cluster_0,mf_tuned_fairness,mf,tuned_fairness,0.06666666666666667,0.11764705882352942,0.17947710508581738,0.1418369199782563,0.1418369199782563,0.13073516394698148,0.0,0.540662160454807,,,0.0,0.3333333333333333,0.6666666666666666,0.5600038766860962,0.0,0.7137987017631531,,,0.0,0.0,
test_group_0047,homogeneous_cluster_0,rating_user_knn_average,rating_user_knn,average,0.0,0.0,0.0,0.0,0.0,0.0,0.0,0.0,,,0.0,1.0,0.0,0.5101007223129272,0.0,0.7137987017631531,,,0.0,,
test_group_0047,homogeneous_cluster_0,rating_user_knn_dbscan_minority_nash,rating_user_knn,dbscan_minority_nash,0.0,0.0,0.0,0.0,0.0,0.0,0.0,0.0,,,0.0,1.0,0.0,0.510100781917572,0.0,0.7137987017631531,,,0.0,,2.0
test_group_0047,homogeneous_cluster_0,rating_user_knn_least_misery,rating_user_knn,least_misery,0.0,0.0,0.0,0.0,0.0,0.0,0.0,0.0,,,0.0,1.0,0.0,0.299945592880249,0.0,0.7137987017631531,,,0.0,,
test_group_0047,homogeneous_cluster_0,rating_user_knn_nash_welfare,rating_user_knn,nash_welfare,0.0,0.0,0.0,0.0,0.0,0.0,0.0,0.0,,,0.0,1.0,0.0,0.510100781917572,0.0,0.7137987017631531,,,0.0,,
test_group_0047,homogeneous_cluster_0,rating_user_knn_tuned_fairness,rating_user_knn,tuned_fairness,0.0,0.0,0.0,0.0,0.0,0.0,0.0,0.0,,,0.0,1.0,0.0,0.5101007223129272,0.0,0.7137987017631531,,,0.0,0.0,
test_group_0048,homogeneous_cluster_0,hybrid_mf_bayes_average,hybrid_mf_bayes,average,0.0,0.0,0.0,0.0,0.0,0.0,0.0,0.0,,,0.0,1.0,0.0,0.6731534600257874,0.0,0.7877827286720276,,,0.0,,
test_group_0048,homogeneous_cluster_0,hybrid_mf_bayes_dbscan_minority_nash,hybrid_mf_bayes,dbscan_minority_nash,0.0,0.0,0.0,0.0,0.0,0.0,0.0,0.0,,,0.0,1.0,0.0,0.7044684886932373,0.0,0.7877827286720276,,,0.0,,2.0
test_group_0048,homogeneous_cluster_0,hybrid_mf_bayes_least_misery,hybrid_mf_bayes,least_misery,0.0,0.0,0.0,0.0,0.0,0.0,0.0,0.0,,,0.0,1.0,0.0,0.6955624222755432,0.0,0.7877827286720276,,,0.0,,
test_group_0048,homogeneous_cluster_0,hybrid_mf_bayes_nash_welfare,hybrid_mf_bayes,nash_welfare,0.0,0.0,0.0,0.0,0.0,0.0,0.0,0.0,,,0.0,1.0,0.0,0.7044684886932373,0.0,0.7877827286720276,,,0.0,,
test_group_0048,homogeneous_cluster_0,hybrid_mf_bayes_tuned_fairness,hybrid_mf_bayes,tuned_fairness,0.0,0.0,0.0,0.0,0.0,0.0,0.0,0.0,,,0.0,1.0,0.0,0.6731534600257874,0.0,0.7877827286720276,,,0.0,0.0,
test_group_0048,homogeneous_cluster_0,mf_average,mf,average,0.0,0.0,0.0,0.0,0.0,0.0,0.0,0.0,,,0.0,1.0,0.0,0.6524553298950195,0.0,0.7877827286720276,,,0.0,,
test_group_0048,homogeneous_cluster_0,mf_dbscan_minority_nash,mf,dbscan_minority_nash,0.0,0.0,0.0,0.0,0.0,0.0,0.0,0.0,,,0.0,1.0,0.0,0.6451306939125061,0.0,0.7877827286720276,,,0.0,,2.0
test_group_0048,homogeneous_cluster_0,mf_least_misery,mf,least_misery,0.0,0.0,0.0,0.0,0.0,0.0,0.0,0.0,,,0.0,1.0,0.0,0.5934168696403503,0.0,0.7877827286720276,,,0.0,,
test_group_0048,homogeneous_cluster_0,mf_nash_welfare,mf,nash_welfare,0.0,0.0,0.0,0.0,0.0,0.0,0.0,0.0,,,0.0,1.0,0.0,0.6451306939125061,0.0,0.7877827286720276,,,0.0,,
test_group_0048,homogeneous_cluster_0,mf_tuned_fairness,mf,tuned_fairness,0.0,0.0,0.0,0.0,0.0,0.0,0.0,0.0,,,0.0,1.0,0.0,0.6524553298950195,0.0,0.7877827286720276,,,0.0,0.0,
test_group_0048,homogeneous_cluster_0,rating_user_knn_average,rating_user_knn,average,0.0,0.0,0.0,0.0,0.0,0.0,0.0,0.0,,,0.0,1.0,0.0,0.45179283618927,0.0,0.7877827286720276,,,0.0,,
test_group_0048,homogeneous_cluster_0,rating_user_knn_dbscan_minority_nash,rating_user_knn,dbscan_minority_nash,0.0,0.0,0.0,0.0,0.0,0.0,0.0,0.0,,,0.0,1.0,0.0,0.39914241433143616,0.0,0.7877827286720276,,,0.0,,2.0
test_group_0048,homogeneous_cluster_0,rating_user_knn_least_misery,rating_user_knn,least_misery,0.0,0.0,0.0,0.0,0.0,0.0,0.0,0.0,,,0.0,1.0,0.0,0.38738253712654114,0.0,0.7877827286720276,,,0.0,,
test_group_0048,homogeneous_cluster_0,rating_user_knn_nash_welfare,rating_user_knn,nash_welfare,0.0,0.0,0.0,0.0,0.0,0.0,0.0,0.0,,,0.0,1.0,0.0,0.39914241433143616,0.0,0.7877827286720276,,,0.0,,
test_group_0048,homogeneous_cluster_0,rating_user_knn_tuned_fairness,rating_user_knn,tuned_fairness,0.0,0.0,0.0,0.0,0.0,0.0,0.0,0.0,,,0.0,1.0,0.0,0.45179283618927,0.0,0.7877827286720276,,,0.0,0.0,
test_group_0049,homogeneous_cluster_0,hybrid_mf_bayes_average,hybrid_mf_bayes,average,0.1,0.09375,0.3024038304938509,0.10080127683128363,0.10080127683128363,0.09281179511270932,0.0,0.541195050228613,,,0.0,0.3333333333333333,0.6666666666666666,0.3535307049751282,0.0,0.7676906585693359,,,0.0,,
test_group_0049,homogeneous_cluster_0,hybrid_mf_bayes_dbscan_minority_nash,hybrid_mf_bayes,dbscan_minority_nash,0.1,0.09375,0.3024038304938509,0.10080127683128363,0.10080127683128363,0.09281179511270932,0.0,0.541195050228613,,,0.0,0.3333333333333333,0.6666666666666666,0.3535307049751282,0.0,0.7676906585693359,,,0.0,,2.0
test_group_0049,homogeneous_cluster_0,hybrid_mf_bayes_least_misery,hybrid_mf_bayes,least_misery,0.1,0.09375,0.26845503571754253,0.08948501190584755,0.08948501190584755,0.08559978890198701,0.0,0.5221795996512076,,,0.0,0.3333333333333333,0.6666666666666666,0.3755805492401123,0.0,0.7676906585693359,,,0.0,,
test_group_0049,homogeneous_cluster_0,hybrid_mf_bayes_nash_welfare,hybrid_mf_bayes,nash_welfare,0.1,0.09375,0.3024038304938509,0.10080127683128363,0.10080127683128363,0.09281179511270932,0.0,0.541195050228613,,,0.0,0.3333333333333333,0.6666666666666666,0.3535307049751282,0.0,0.7676906585693359,,,0.0,,
test_group_0049,homogeneous_cluster_0,hybrid_mf_bayes_tuned_fairness,hybrid_mf_bayes,tuned_fairness,0.1,0.09375,0.3024038304938509,0.10080127683128363,0.10080127683128363,0.09281179511270932,0.0,0.541195050228613,,,0.0,0.3333333333333333,0.6666666666666666,0.3535307049751282,0.0,0.7676906585693359,,,0.0,0.0,
test_group_0049,homogeneous_cluster_0,mf_average,mf,average,0.06666666666666667,0.0625,0.19518900079066107,0.0650630002635537,0.0650630002635537,0.09201297738140189,0.0,0.3333333333333333,,,0.0,0.6666666666666666,0.3333333333333333,0.482513427734375,0.0,0.7676906585693359,,,0.0,,
test_group_0049,homogeneous_cluster_0,mf_dbscan_minority_nash,mf,dbscan_minority_nash,0.06666666666666667,0.0625,0.19518900079066107,0.0650630002635537,0.0650630002635537,0.09201297738140189,0.0,0.3333333333333333,,,0.0,0.6666666666666666,0.3333333333333333,0.482513427734375,0.0,0.7676906585693359,,,0.0,,2.0
test_group_0049,homogeneous_cluster_0,mf_least_misery,mf,least_misery,0.1,0.09375,0.2781981696179509,0.11165364361643049,0.11165364361643049,0.08463729334180685,0.0,0.6350754627369648,,,0.0,0.3333333333333333,0.6666666666666666,0.36399972438812256,0.0,0.7676906585693359,,,0.0,,
test_group_0049,homogeneous_cluster_0,mf_nash_welfare,mf,nash_welfare,0.06666666666666667,0.0625,0.19518900079066107,0.0650630002635537,0.0650630002635537,0.09201297738140189,0.0,0.3333333333333333,,,0.0,0.6666666666666666,0.3333333333333333,0.482513427734375,0.0,0.7676906585693359,,,0.0,,
test_group_0049,homogeneous_cluster_0,mf_tuned_fairness,mf,tuned_fairness,0.06666666666666667,0.0625,0.19518900079066107,0.0650630002635537,0.0650630002635537,0.09201297738140189,0.0,0.3333333333333333,,,0.0,0.6666666666666666,0.3333333333333333,0.482513427734375,0.0,0.7676906585693359,,,0.0,0.0,
test_group_0049,homogeneous_cluster_0,rating_user_knn_average,rating_user_knn,average,0.06666666666666667,0.0625,0.17366667134799177,0.057888890449330606,0.057888890449330606,0.045108499482707475,0.0,0.6222030508499007,,,0.0,0.3333333333333333,0.6666666666666666,0.498761922121048,0.0,0.7676906585693359,,,0.0,,
test_group_0049,homogeneous_cluster_0,rating_user_knn_dbscan_minority_nash,rating_user_knn,dbscan_minority_nash,0.06666666666666667,0.0625,0.17366667134799177,0.057888890449330606,0.057888890449330606,0.045108499482707475,0.0,0.6222030508499007,,,0.0,0.3333333333333333,0.6666666666666666,0.4987618625164032,0.0,0.7676906585693359,,,0.0,,2.0
test_group_0049,homogeneous_cluster_0,rating_user_knn_least_misery,rating_user_knn,least_misery,0.03333333333333333,0.03125,0.07839826897867533,0.026132756326225113,0.026132756326225113,0.036957298418738856,0.0,0.33333333333333337,,,0.0,0.6666666666666666,0.3333333333333333,0.33755606412887573,0.0,0.7676906585693359,,,0.0,,
test_group_0049,homogeneous_cluster_0,rating_user_knn_nash_welfare,rating_user_knn,nash_welfare,0.06666666666666667,0.0625,0.17366667134799177,0.057888890449330606,0.057888890449330606,0.045108499482707475,0.0,0.6222030508499007,,,0.0,0.3333333333333333,0.6666666666666666,0.4987618625164032,0.0,0.7676906585693359,,,0.0,,
test_group_0049,homogeneous_cluster_0,rating_user_knn_tuned_fairness,rating_user_knn,tuned_fairness,0.06666666666666667,0.0625,0.17366667134799177,0.057888890449330606,0.057888890449330606,0.045108499482707475,0.0,0.6222030508499007,,,0.0,0.3333333333333333,0.6666666666666666,0.498761922121048,0.0,0.7676906585693359,,,0.0,0.0,
test_group_0050,homogeneous_cluster_0,hybrid_mf_bayes_average,hybrid_mf_bayes,average,0.0,0.0,0.0,0.0,0.0,0.0,0.0,0.0,,,0.0,1.0,0.0,0.34307771921157837,0.0,0.5635294914245605,,,0.0,,
test_group_0050,homogeneous_cluster_0,hybrid_mf_bayes_dbscan_minority_nash,hybrid_mf_bayes,dbscan_minority_nash,0.0,0.0,0.0,0.0,0.0,0.0,0.0,0.0,,,0.0,1.0,0.0,0.34307771921157837,0.0,0.5635294914245605,,,0.0,,2.0
test_group_0050,homogeneous_cluster_0,hybrid_mf_bayes_least_misery,hybrid_mf_bayes,least_misery,0.0,0.0,0.0,0.0,0.0,0.0,0.0,0.0,,,0.0,1.0,0.0,0.2633717954158783,0.0,0.5635294914245605,,,0.0,,
test_group_0050,homogeneous_cluster_0,hybrid_mf_bayes_nash_welfare,hybrid_mf_bayes,nash_welfare,0.0,0.0,0.0,0.0,0.0,0.0,0.0,0.0,,,0.0,1.0,0.0,0.34307771921157837,0.0,0.5635294914245605,,,0.0,,
test_group_0050,homogeneous_cluster_0,hybrid_mf_bayes_tuned_fairness,hybrid_mf_bayes,tuned_fairness,0.0,0.0,0.0,0.0,0.0,0.0,0.0,0.0,,,0.0,1.0,0.0,0.34307771921157837,0.0,0.5635294914245605,,,0.0,0.0,
test_group_0050,homogeneous_cluster_0,mf_average,mf,average,0.0,0.0,0.0,0.0,0.0,0.0,0.0,0.0,,,0.0,1.0,0.0,0.34307771921157837,0.0,0.5635294914245605,,,0.0,,
test_group_0050,homogeneous_cluster_0,mf_dbscan_minority_nash,mf,dbscan_minority_nash,0.0,0.0,0.0,0.0,0.0,0.0,0.0,0.0,,,0.0,1.0,0.0,0.34307774901390076,0.0,0.5635294914245605,,,0.0,,2.0
test_group_0050,homogeneous_cluster_0,mf_least_misery,mf,least_misery,0.0,0.0,0.0,0.0,0.0,0.0,0.0,0.0,,,0.0,1.0,0.0,0.3444278836250305,0.0,0.5635294914245605,,,0.0,,
test_group_0050,homogeneous_cluster_0,mf_nash_welfare,mf,nash_welfare,0.0,0.0,0.0,0.0,0.0,0.0,0.0,0.0,,,0.0,1.0,0.0,0.34307774901390076,0.0,0.5635294914245605,,,0.0,,
test_group_0050,homogeneous_cluster_0,mf_tuned_fairness,mf,tuned_fairness,0.0,0.0,0.0,0.0,0.0,0.0,0.0,0.0,,,0.0,1.0,0.0,0.34307771921157837,0.0,0.5635294914245605,,,0.0,0.0,
test_group_0050,homogeneous_cluster_0,rating_user_knn_average,rating_user_knn,average,0.0,0.0,0.0,0.0,0.0,0.0,0.0,0.0,,,0.0,1.0,0.0,0.4470730125904083,0.0,0.5635294914245605,,,0.0,,
test_group_0050,homogeneous_cluster_0,rating_user_knn_dbscan_minority_nash,rating_user_knn,dbscan_minority_nash,0.0,0.0,0.0,0.0,0.0,0.0,0.0,0.0,,,0.0,1.0,0.0,0.3828023374080658,0.0,0.5635294914245605,,,0.0,,2.0
test_group_0050,homogeneous_cluster_0,rating_user_knn_least_misery,rating_user_knn,least_misery,0.0,0.0,0.0,0.0,0.0,0.0,0.0,0.0,,,0.0,1.0,0.0,0.3371441662311554,0.0,0.5635294914245605,,,0.0,,
test_group_0050,homogeneous_cluster_0,rating_user_knn_nash_welfare,rating_user_knn,nash_welfare,0.0,0.0,0.0,0.0,0.0,0.0,0.0,0.0,,,0.0,1.0,0.0,0.3828023374080658,0.0,0.5635294914245605,,,0.0,,
test_group_0050,homogeneous_cluster_0,rating_user_knn_tuned_fairness,rating_user_knn,tuned_fairness,0.0,0.0,0.0,0.0,0.0,0.0,0.0,0.0,,,0.0,1.0,0.0,0.4470730125904083,0.0,0.5635294914245605,,,0.0,0.0,
test_group_0051,homogeneous_cluster_1,hybrid_mf_bayes_average,hybrid_mf_bayes,average,0.0,0.0,0.0,0.0,0.0,0.0,0.0,0.0,,,0.0,1.0,0.0,0.2310684621334076,0.0,0.5503537058830261,,,0.0,,
test_group_0051,homogeneous_cluster_1,hybrid_mf_bayes_dbscan_minority_nash,hybrid_mf_bayes,dbscan_minority_nash,0.0,0.0,0.0,0.0,0.0,0.0,0.0,0.0,,,0.0,1.0,0.0,0.2310684621334076,0.0,0.5503537058830261,,,0.0,,2.0
test_group_0051,homogeneous_cluster_1,hybrid_mf_bayes_least_misery,hybrid_mf_bayes,least_misery,0.0,0.0,0.0,0.0,0.0,0.0,0.0,0.0,,,0.0,1.0,0.0,0.2226521372795105,0.0,0.5503537058830261,,,0.0,,
test_group_0051,homogeneous_cluster_1,hybrid_mf_bayes_nash_welfare,hybrid_mf_bayes,nash_welfare,0.0,0.0,0.0,0.0,0.0,0.0,0.0,0.0,,,0.0,1.0,0.0,0.2310684621334076,0.0,0.5503537058830261,,,0.0,,
test_group_0051,homogeneous_cluster_1,hybrid_mf_bayes_tuned_fairness,hybrid_mf_bayes,tuned_fairness,0.0,0.0,0.0,0.0,0.0,0.0,0.0,0.0,,,0.0,1.0,0.0,0.2310684621334076,0.0,0.5503537058830261,,,0.0,0.0,
test_group_0051,homogeneous_cluster_1,mf_average,mf,average,0.0,0.0,0.0,0.0,0.0,0.0,0.0,0.0,,,0.0,1.0,0.0,0.24028483033180237,0.0,0.5503537058830261,,,0.0,,
test_group_0051,homogeneous_cluster_1,mf_dbscan_minority_nash,mf,dbscan_minority_nash,0.0,0.0,0.0,0.0,0.0,0.0,0.0,0.0,,,0.0,1.0,0.0,0.24028483033180237,0.0,0.5503537058830261,,,0.0,,2.0
test_group_0051,homogeneous_cluster_1,mf_least_misery,mf,least_misery,0.03333333333333333,0.024390243902439025,0.06943122193677727,0.023143740645592426,0.023143740645592426,0.03273019190504226,0.0,0.3333333333333333,,,0.0,0.6666666666666666,0.3333333333333333,0.2431488037109375,0.0,0.5503537058830261,,,0.0,,
test_group_0051,homogeneous_cluster_1,mf_nash_welfare,mf,nash_welfare,0.0,0.0,0.0,0.0,0.0,0.0,0.0,0.0,,,0.0,1.0,0.0,0.24028483033180237,0.0,0.5503537058830261,,,0.0,,
test_group_0051,homogeneous_cluster_1,mf_tuned_fairness,mf,tuned_fairness,0.0,0.0,0.0,0.0,0.0,0.0,0.0,0.0,,,0.0,1.0,0.0,0.24028483033180237,0.0,0.5503537058830261,,,0.0,0.0,
test_group_0051,homogeneous_cluster_1,rating_user_knn_average,rating_user_knn,average,0.0,0.0,0.0,0.0,0.0,0.0,0.0,0.0,,,0.0,1.0,0.0,0.5595748424530029,0.0,0.5503537058830261,,,0.0,,
test_group_0051,homogeneous_cluster_1,rating_user_knn_dbscan_minority_nash,rating_user_knn,dbscan_minority_nash,0.0,0.0,0.0,0.0,0.0,0.0,0.0,0.0,,,0.0,1.0,0.0,0.5247083902359009,0.0,0.5503537058830261,,,0.0,,2.0
test_group_0051,homogeneous_cluster_1,rating_user_knn_least_misery,rating_user_knn,least_misery,0.0,0.0,0.0,0.0,0.0,0.0,0.0,0.0,,,0.0,1.0,0.0,0.4381072223186493,0.0,0.5503537058830261,,,0.0,,
test_group_0051,homogeneous_cluster_1,rating_user_knn_nash_welfare,rating_user_knn,nash_welfare,0.0,0.0,0.0,0.0,0.0,0.0,0.0,0.0,,,0.0,1.0,0.0,0.5247083902359009,0.0,0.5503537058830261,,,0.0,,
test_group_0051,homogeneous_cluster_1,rating_user_knn_tuned_fairness,rating_user_knn,tuned_fairness,0.0,0.0,0.0,0.0,0.0,0.0,0.0,0.0,,,0.0,1.0,0.0,0.5595748424530029,0.0,0.5503537058830261,,,0.0,0.0,
test_group_0052,homogeneous_cluster_1,hybrid_mf_bayes_average,hybrid_mf_bayes,average,0.0,0.0,0.0,0.0,0.0,0.0,0.0,0.0,,,0.0,1.0,0.0,0.2344595342874527,0.0,0.44573912024497986,,,0.0,,
test_group_0052,homogeneous_cluster_1,hybrid_mf_bayes_dbscan_minority_nash,hybrid_mf_bayes,dbscan_minority_nash,0.0,0.0,0.0,0.0,0.0,0.0,0.0,0.0,,,0.0,1.0,0.0,0.2344595342874527,0.0,0.44573912024497986,,,0.0,,2.0
test_group_0052,homogeneous_cluster_1,hybrid_mf_bayes_least_misery,hybrid_mf_bayes,least_misery,0.0,0.0,0.0,0.0,0.0,0.0,0.0,0.0,,,0.0,1.0,0.0,0.22957579791545868,0.0,0.44573912024497986,,,0.0,,
test_group_0052,homogeneous_cluster_1,hybrid_mf_bayes_nash_welfare,hybrid_mf_bayes,nash_welfare,0.0,0.0,0.0,0.0,0.0,0.0,0.0,0.0,,,0.0,1.0,0.0,0.2344595342874527,0.0,0.44573912024497986,,,0.0,,
test_group_0052,homogeneous_cluster_1,hybrid_mf_bayes_tuned_fairness,hybrid_mf_bayes,tuned_fairness,0.0,0.0,0.0,0.0,0.0,0.0,0.0,0.0,,,0.0,1.0,0.0,0.2344595342874527,0.0,0.44573912024497986,,,0.0,0.0,
test_group_0052,homogeneous_cluster_1,mf_average,mf,average,0.0,0.0,0.0,0.0,0.0,0.0,0.0,0.0,,,0.0,1.0,0.0,0.26930415630340576,0.0,0.44573912024497986,,,0.0,,
test_group_0052,homogeneous_cluster_1,mf_dbscan_minority_nash,mf,dbscan_minority_nash,0.0,0.0,0.0,0.0,0.0,0.0,0.0,0.0,,,0.0,1.0,0.0,0.26930415630340576,0.0,0.44573912024497986,,,0.0,,2.0
test_group_0052,homogeneous_cluster_1,mf_least_misery,mf,least_misery,0.0,0.0,0.0,0.0,0.0,0.0,0.0,0.0,,,0.0,1.0,0.0,0.2527824342250824,0.0,0.44573912024497986,,,0.0,,
test_group_0052,homogeneous_cluster_1,mf_nash_welfare,mf,nash_welfare,0.0,0.0,0.0,0.0,0.0,0.0,0.0,0.0,,,0.0,1.0,0.0,0.26930415630340576,0.0,0.44573912024497986,,,0.0,,
test_group_0052,homogeneous_cluster_1,mf_tuned_fairness,mf,tuned_fairness,0.0,0.0,0.0,0.0,0.0,0.0,0.0,0.0,,,0.0,1.0,0.0,0.26930415630340576,0.0,0.44573912024497986,,,0.0,0.0,
test_group_0052,homogeneous_cluster_1,rating_user_knn_average,rating_user_knn,average,0.0,0.0,0.0,0.0,0.0,0.0,0.0,0.0,,,0.0,1.0,0.0,0.40776365995407104,0.0,0.44573912024497986,,,0.0,,
test_group_0052,homogeneous_cluster_1,rating_user_knn_dbscan_minority_nash,rating_user_knn,dbscan_minority_nash,0.0,0.0,0.0,0.0,0.0,0.0,0.0,0.0,,,0.0,1.0,0.0,0.40776365995407104,0.0,0.44573912024497986,,,0.0,,2.0
test_group_0052,homogeneous_cluster_1,rating_user_knn_least_misery,rating_user_knn,least_misery,0.0,0.0,0.0,0.0,0.0,0.0,0.0,0.0,,,0.0,1.0,0.0,0.40776365995407104,0.0,0.44573912024497986,,,0.0,,
test_group_0052,homogeneous_cluster_1,rating_user_knn_nash_welfare,rating_user_knn,nash_welfare,0.0,0.0,0.0,0.0,0.0,0.0,0.0,0.0,,,0.0,1.0,0.0,0.40776365995407104,0.0,0.44573912024497986,,,0.0,,
test_group_0052,homogeneous_cluster_1,rating_user_knn_tuned_fairness,rating_user_knn,tuned_fairness,0.0,0.0,0.0,0.0,0.0,0.0,0.0,0.0,,,0.0,1.0,0.0,0.40776365995407104,0.0,0.44573912024497986,,,0.0,0.0,
test_group_0053,homogeneous_cluster_1,hybrid_mf_bayes_average,hybrid_mf_bayes,average,0.0,0.0,0.0,0.0,0.0,0.0,0.0,0.0,,,0.0,1.0,0.0,0.2594546675682068,0.0,0.26617202162742615,,,0.0,,
test_group_0053,homogeneous_cluster_1,hybrid_mf_bayes_dbscan_minority_nash,hybrid_mf_bayes,dbscan_minority_nash,0.0,0.0,0.0,0.0,0.0,0.0,0.0,0.0,,,0.0,1.0,0.0,0.2594546675682068,0.0,0.26617202162742615,,,0.0,,2.0
test_group_0053,homogeneous_cluster_1,hybrid_mf_bayes_least_misery,hybrid_mf_bayes,least_misery,0.0,0.0,0.0,0.0,0.0,0.0,0.0,0.0,,,0.0,1.0,0.0,0.280910462141037,0.0,0.26617202162742615,,,0.0,,
test_group_0053,homogeneous_cluster_1,hybrid_mf_bayes_nash_welfare,hybrid_mf_bayes,nash_welfare,0.0,0.0,0.0,0.0,0.0,0.0,0.0,0.0,,,0.0,1.0,0.0,0.2594546675682068,0.0,0.26617202162742615,,,0.0,,
test_group_0053,homogeneous_cluster_1,hybrid_mf_bayes_tuned_fairness,hybrid_mf_bayes,tuned_fairness,0.0,0.0,0.0,0.0,0.0,0.0,0.0,0.0,,,0.0,1.0,0.0,0.2594546675682068,0.0,0.26617202162742615,,,0.0,0.0,
test_group_0053,homogeneous_cluster_1,mf_average,mf,average,0.0,0.0,0.0,0.0,0.0,0.0,0.0,0.0,,,0.0,1.0,0.0,0.29781609773635864,0.0,0.26617202162742615,,,0.0,,
test_group_0053,homogeneous_cluster_1,mf_dbscan_minority_nash,mf,dbscan_minority_nash,0.0,0.0,0.0,0.0,0.0,0.0,0.0,0.0,,,0.0,1.0,0.0,0.29781609773635864,0.0,0.26617202162742615,,,0.0,,2.0
test_group_0053,homogeneous_cluster_1,mf_least_misery,mf,least_misery,0.0,0.0,0.0,0.0,0.0,0.0,0.0,0.0,,,0.0,1.0,0.0,0.2919781506061554,0.0,0.26617202162742615,,,0.0,,
test_group_0053,homogeneous_cluster_1,mf_nash_welfare,mf,nash_welfare,0.0,0.0,0.0,0.0,0.0,0.0,0.0,0.0,,,0.0,1.0,0.0,0.29781609773635864,0.0,0.26617202162742615,,,0.0,,
test_group_0053,homogeneous_cluster_1,mf_tuned_fairness,mf,tuned_fairness,0.0,0.0,0.0,0.0,0.0,0.0,0.0,0.0,,,0.0,1.0,0.0,0.29781609773635864,0.0,0.26617202162742615,,,0.0,0.0,
test_group_0053,homogeneous_cluster_1,rating_user_knn_average,rating_user_knn,average,0.0,0.0,0.0,0.0,0.0,0.0,0.0,0.0,,,0.0,1.0,0.0,0.3621887266635895,0.0,0.26617202162742615,,,0.0,,
test_group_0053,homogeneous_cluster_1,rating_user_knn_dbscan_minority_nash,rating_user_knn,dbscan_minority_nash,0.0,0.0,0.0,0.0,0.0,0.0,0.0,0.0,,,0.0,1.0,0.0,0.3621887266635895,0.0,0.26617202162742615,,,0.0,,2.0
test_group_0053,homogeneous_cluster_1,rating_user_knn_least_misery,rating_user_knn,least_misery,0.0,0.0,0.0,0.0,0.0,0.0,0.0,0.0,,,0.0,1.0,0.0,0.37581151723861694,0.0,0.26617202162742615,,,0.0,,
test_group_0053,homogeneous_cluster_1,rating_user_knn_nash_welfare,rating_user_knn,nash_welfare,0.0,0.0,0.0,0.0,0.0,0.0,0.0,0.0,,,0.0,1.0,0.0,0.3621887266635895,0.0,0.26617202162742615,,,0.0,,
test_group_0053,homogeneous_cluster_1,rating_user_knn_tuned_fairness,rating_user_knn,tuned_fairness,0.0,0.0,0.0,0.0,0.0,0.0,0.0,0.0,,,0.0,1.0,0.0,0.3621887266635895,0.0,0.26617202162742615,,,0.0,0.0,
test_group_0054,homogeneous_cluster_1,hybrid_mf_bayes_average,hybrid_mf_bayes,average,0.03333333333333333,0.08333333333333333,0.06625422345438904,0.039172034918809044,0.039172034918809044,0.05539762304793222,0.0,0.3333333333333333,,,0.0,0.6666666666666666,0.3333333333333333,0.29955124855041504,0.0,0.24618540704250336,,,0.0,,
test_group_0054,homogeneous_cluster_1,hybrid_mf_bayes_dbscan_minority_nash,hybrid_mf_bayes,dbscan_minority_nash,0.03333333333333333,0.08333333333333333,0.06625422345438904,0.039172034918809044,0.039172034918809044,0.05539762304793222,0.0,0.3333333333333333,,,0.0,0.6666666666666666,0.3333333333333333,0.29955124855041504,0.0,0.24618540704250336,,,0.0,,2.0
test_group_0054,homogeneous_cluster_1,hybrid_mf_bayes_least_misery,hybrid_mf_bayes,least_misery,0.0,0.0,0.0,0.0,0.0,0.0,0.0,0.0,,,0.0,1.0,0.0,0.22250576317310333,0.0,0.24618540704250336,,,0.0,,
test_group_0054,homogeneous_cluster_1,hybrid_mf_bayes_nash_welfare,hybrid_mf_bayes,nash_welfare,0.03333333333333333,0.08333333333333333,0.06625422345438904,0.039172034918809044,0.039172034918809044,0.05539762304793222,0.0,0.3333333333333333,,,0.0,0.6666666666666666,0.3333333333333333,0.29955124855041504,0.0,0.24618540704250336,,,0.0,,
test_group_0054,homogeneous_cluster_1,hybrid_mf_bayes_tuned_fairness,hybrid_mf_bayes,tuned_fairness,0.03333333333333333,0.08333333333333333,0.06625422345438904,0.039172034918809044,0.039172034918809044,0.05539762304793222,0.0,0.3333333333333333,,,0.0,0.6666666666666666,0.3333333333333333,0.29955124855041504,0.0,0.24618540704250336,,,0.0,0.0,
test_group_0054,homogeneous_cluster_1,mf_average,mf,average,0.03333333333333333,0.08333333333333333,0.085143117641621,0.050339872742601745,0.050339872742601745,0.07119133076072309,0.0,0.33333333333333337,,,0.0,0.6666666666666666,0.3333333333333333,0.3077925443649292,0.0,0.24618540704250336,,,0.0,,
test_group_0054,homogeneous_cluster_1,mf_dbscan_minority_nash,mf,dbscan_minority_nash,0.03333333333333333,0.08333333333333333,0.085143117641621,0.050339872742601745,0.050339872742601745,0.07119133076072309,0.0,0.33333333333333337,,,0.0,0.6666666666666666,0.3333333333333333,0.3077925443649292,0.0,0.24618540704250336,,,0.0,,2.0
test_group_0054,homogeneous_cluster_1,mf_least_misery,mf,least_misery,0.03333333333333333,0.08333333333333333,0.06362078819895171,0.03761504711631176,0.03761504711631176,0.05319570978119106,0.0,0.33333333333333337,,,0.0,0.6666666666666666,0.3333333333333333,0.2890956997871399,0.0,0.24618540704250336,,,0.0,,
test_group_0054,homogeneous_cluster_1,mf_nash_welfare,mf,nash_welfare,0.03333333333333333,0.08333333333333333,0.085143117641621,0.050339872742601745,0.050339872742601745,0.07119133076072309,0.0,0.33333333333333337,,,0.0,0.6666666666666666,0.3333333333333333,0.3077925443649292,0.0,0.24618540704250336,,,0.0,,
test_group_0054,homogeneous_cluster_1,mf_tuned_fairness,mf,tuned_fairness,0.03333333333333333,0.08333333333333333,0.085143117641621,0.050339872742601745,0.050339872742601745,0.07119133076072309,0.0,0.33333333333333337,,,0.0,0.6666666666666666,0.3333333333333333,0.3077925443649292,0.0,0.24618540704250336,,,0.0,0.0,
test_group_0054,homogeneous_cluster_1,rating_user_knn_average,rating_user_knn,average,0.0,0.0,0.0,0.0,0.0,0.0,0.0,0.0,,,0.0,1.0,0.0,0.4754025638103485,0.0,0.24618540704250336,,,0.0,,
test_group_0054,homogeneous_cluster_1,rating_user_knn_dbscan_minority_nash,rating_user_knn,dbscan_minority_nash,0.0,0.0,0.0,0.0,0.0,0.0,0.0,0.0,,,0.0,1.0,0.0,0.4754025638103485,0.0,0.24618540704250336,,,0.0,,2.0
test_group_0054,homogeneous_cluster_1,rating_user_knn_least_misery,rating_user_knn,least_misery,0.0,0.0,0.0,0.0,0.0,0.0,0.0,0.0,,,0.0,1.0,0.0,0.34176895022392273,0.0,0.24618540704250336,,,0.0,,
test_group_0054,homogeneous_cluster_1,rating_user_knn_nash_welfare,rating_user_knn,nash_welfare,0.0,0.0,0.0,0.0,0.0,0.0,0.0,0.0,,,0.0,1.0,0.0,0.4754025638103485,0.0,0.24618540704250336,,,0.0,,
test_group_0054,homogeneous_cluster_1,rating_user_knn_tuned_fairness,rating_user_knn,tuned_fairness,0.0,0.0,0.0,0.0,0.0,0.0,0.0,0.0,,,0.0,1.0,0.0,0.4754025638103485,0.0,0.24618540704250336,,,0.0,0.0,
test_group_0055,homogeneous_cluster_1,hybrid_mf_bayes_average,hybrid_mf_bayes,average,0.0,0.0,0.0,0.0,0.0,0.0,0.0,0.0,,,0.0,1.0,0.0,0.2208913117647171,0.0,0.49270519614219666,,,0.0,,
test_group_0055,homogeneous_cluster_1,hybrid_mf_bayes_dbscan_minority_nash,hybrid_mf_bayes,dbscan_minority_nash,0.0,0.0,0.0,0.0,0.0,0.0,0.0,0.0,,,0.0,1.0,0.0,0.2464936077594757,0.0,0.49270519614219666,,,0.0,,2.0
test_group_0055,homogeneous_cluster_1,hybrid_mf_bayes_least_misery,hybrid_mf_bayes,least_misery,0.0,0.0,0.0,0.0,0.0,0.0,0.0,0.0,,,0.0,1.0,0.0,0.23183494806289673,0.0,0.49270519614219666,,,0.0,,
test_group_0055,homogeneous_cluster_1,hybrid_mf_bayes_nash_welfare,hybrid_mf_bayes,nash_welfare,0.0,0.0,0.0,0.0,0.0,0.0,0.0,0.0,,,0.0,1.0,0.0,0.2464936077594757,0.0,0.49270519614219666,,,0.0,,
test_group_0055,homogeneous_cluster_1,hybrid_mf_bayes_tuned_fairness,hybrid_mf_bayes,tuned_fairness,0.0,0.0,0.0,0.0,0.0,0.0,0.0,0.0,,,0.0,1.0,0.0,0.2208913117647171,0.0,0.49270519614219666,,,0.0,0.0,
test_group_0055,homogeneous_cluster_1,mf_average,mf,average,0.0,0.0,0.0,0.0,0.0,0.0,0.0,0.0,,,0.0,1.0,0.0,0.25694185495376587,0.0,0.49270519614219666,,,0.0,,
test_group_0055,homogeneous_cluster_1,mf_dbscan_minority_nash,mf,dbscan_minority_nash,0.0,0.0,0.0,0.0,0.0,0.0,0.0,0.0,,,0.0,1.0,0.0,0.25694188475608826,0.0,0.49270519614219666,,,0.0,,2.0
test_group_0055,homogeneous_cluster_1,mf_least_misery,mf,least_misery,0.0,0.0,0.0,0.0,0.0,0.0,0.0,0.0,,,0.0,1.0,0.0,0.2700254023075104,0.0,0.49270519614219666,,,0.0,,
test_group_0055,homogeneous_cluster_1,mf_nash_welfare,mf,nash_welfare,0.0,0.0,0.0,0.0,0.0,0.0,0.0,0.0,,,0.0,1.0,0.0,0.25694188475608826,0.0,0.49270519614219666,,,0.0,,
test_group_0055,homogeneous_cluster_1,mf_tuned_fairness,mf,tuned_fairness,0.0,0.0,0.0,0.0,0.0,0.0,0.0,0.0,,,0.0,1.0,0.0,0.25694185495376587,0.0,0.49270519614219666,,,0.0,0.0,
test_group_0055,homogeneous_cluster_1,rating_user_knn_average,rating_user_knn,average,0.0,0.0,0.0,0.0,0.0,0.0,0.0,0.0,,,0.0,1.0,0.0,0.5004565119743347,0.0,0.49270519614219666,,,0.0,,
test_group_0055,homogeneous_cluster_1,rating_user_knn_dbscan_minority_nash,rating_user_knn,dbscan_minority_nash,0.0,0.0,0.0,0.0,0.0,0.0,0.0,0.0,,,0.0,1.0,0.0,0.5004565119743347,0.0,0.49270519614219666,,,0.0,,2.0
test_group_0055,homogeneous_cluster_1,rating_user_knn_least_misery,rating_user_knn,least_misery,0.0,0.0,0.0,0.0,0.0,0.0,0.0,0.0,,,0.0,1.0,0.0,0.43576228618621826,0.0,0.49270519614219666,,,0.0,,
test_group_0055,homogeneous_cluster_1,rating_user_knn_nash_welfare,rating_user_knn,nash_welfare,0.0,0.0,0.0,0.0,0.0,0.0,0.0,0.0,,,0.0,1.0,0.0,0.5004565119743347,0.0,0.49270519614219666,,,0.0,,
test_group_0055,homogeneous_cluster_1,rating_user_knn_tuned_fairness,rating_user_knn,tuned_fairness,0.0,0.0,0.0,0.0,0.0,0.0,0.0,0.0,,,0.0,1.0,0.0,0.5004565119743347,0.0,0.49270519614219666,,,0.0,0.0,
test_group_0056,homogeneous_cluster_1,hybrid_mf_bayes_average,hybrid_mf_bayes,average,0.03333333333333333,0.02439024390243902,0.04875383067250013,0.022084741151463014,0.022084741151463014,0.031232540457898198,0.0,0.33333333333333337,,,0.0,0.6666666666666666,0.3333333333333333,0.2526945471763611,0.0,0.2657060921192169,,,0.0,,
test_group_0056,homogeneous_cluster_1,hybrid_mf_bayes_dbscan_minority_nash,hybrid_mf_bayes,dbscan_minority_nash,0.03333333333333333,0.02439024390243902,0.04875383067250013,0.022084741151463014,0.022084741151463014,0.031232540457898198,0.0,0.33333333333333337,,,0.0,0.6666666666666666,0.3333333333333333,0.2526945471763611,0.0,0.2657060921192169,,,0.0,,2.0
test_group_0056,homogeneous_cluster_1,hybrid_mf_bayes_least_misery,hybrid_mf_bayes,least_misery,0.0,0.0,0.0,0.0,0.0,0.0,0.0,0.0,,,0.0,1.0,0.0,0.2261655032634735,0.0,0.2657060921192169,,,0.0,,
test_group_0056,homogeneous_cluster_1,hybrid_mf_bayes_nash_welfare,hybrid_mf_bayes,nash_welfare,0.03333333333333333,0.02439024390243902,0.04875383067250013,0.022084741151463014,0.022084741151463014,0.031232540457898198,0.0,0.33333333333333337,,,0.0,0.6666666666666666,0.3333333333333333,0.2526945471763611,0.0,0.2657060921192169,,,0.0,,
test_group_0056,homogeneous_cluster_1,hybrid_mf_bayes_tuned_fairness,hybrid_mf_bayes,tuned_fairness,0.03333333333333333,0.02439024390243902,0.04875383067250013,0.022084741151463014,0.022084741151463014,0.031232540457898198,0.0,0.33333333333333337,,,0.0,0.6666666666666666,0.3333333333333333,0.2526945471763611,0.0,0.2657060921192169,,,0.0,0.0,
test_group_0056,homogeneous_cluster_1,mf_average,mf,average,0.03333333333333333,0.02439024390243902,0.04875383067250013,0.022084741151463014,0.022084741151463014,0.031232540457898198,0.0,0.33333333333333337,,,0.0,0.6666666666666666,0.3333333333333333,0.2655850946903229,0.0,0.2657060921192169,,,0.0,,
test_group_0056,homogeneous_cluster_1,mf_dbscan_minority_nash,mf,dbscan_minority_nash,0.03333333333333333,0.02439024390243902,0.04875383067250013,0.022084741151463014,0.022084741151463014,0.031232540457898198,0.0,0.33333333333333337,,,0.0,0.6666666666666666,0.3333333333333333,0.25091424584388733,0.0,0.2657060921192169,,,0.0,,2.0
test_group_0056,homogeneous_cluster_1,mf_least_misery,mf,least_misery,0.0,0.0,0.0,0.0,0.0,0.0,0.0,0.0,,,0.0,1.0,0.0,0.2516483962535858,0.0,0.2657060921192169,,,0.0,,
test_group_0056,homogeneous_cluster_1,mf_nash_welfare,mf,nash_welfare,0.03333333333333333,0.02439024390243902,0.04875383067250013,0.022084741151463014,0.022084741151463014,0.031232540457898198,0.0,0.33333333333333337,,,0.0,0.6666666666666666,0.3333333333333333,0.25091424584388733,0.0,0.2657060921192169,,,0.0,,
test_group_0056,homogeneous_cluster_1,mf_tuned_fairness,mf,tuned_fairness,0.03333333333333333,0.02439024390243902,0.04875383067250013,0.022084741151463014,0.022084741151463014,0.031232540457898198,0.0,0.33333333333333337,,,0.0,0.6666666666666666,0.3333333333333333,0.2655850946903229,0.0,0.2657060921192169,,,0.0,0.0,
test_group_0056,homogeneous_cluster_1,rating_user_knn_average,rating_user_knn,average,0.0,0.0,0.0,0.0,0.0,0.0,0.0,0.0,,,0.0,1.0,0.0,0.49684444069862366,0.0,0.2657060921192169,,,0.0,,
test_group_0056,homogeneous_cluster_1,rating_user_knn_dbscan_minority_nash,rating_user_knn,dbscan_minority_nash,0.0,0.0,0.0,0.0,0.0,0.0,0.0,0.0,,,0.0,1.0,0.0,0.49684444069862366,0.0,0.2657060921192169,,,0.0,,2.0
test_group_0056,homogeneous_cluster_1,rating_user_knn_least_misery,rating_user_knn,least_misery,0.03333333333333333,0.02439024390243902,0.057690147609001256,0.026132756326225113,0.026132756326225113,0.036957298418738856,0.0,0.33333333333333337,,,0.0,0.6666666666666666,0.3333333333333333,0.5376196503639221,0.0,0.2657060921192169,,,0.0,,
test_group_0056,homogeneous_cluster_1,rating_user_knn_nash_welfare,rating_user_knn,nash_welfare,0.0,0.0,0.0,0.0,0.0,0.0,0.0,0.0,,,0.0,1.0,0.0,0.49684444069862366,0.0,0.2657060921192169,,,0.0,,
test_group_0056,homogeneous_cluster_1,rating_user_knn_tuned_fairness,rating_user_knn,tuned_fairness,0.0,0.0,0.0,0.0,0.0,0.0,0.0,0.0,,,0.0,1.0,0.0,0.49684444069862366,0.0,0.2657060921192169,,,0.0,0.0,
test_group_0057,homogeneous_cluster_1,hybrid_mf_bayes_average,hybrid_mf_bayes,average,0.06666666666666667,0.0606060606060606,0.2051166673279436,0.06837222244264787,0.06837222244264787,0.09669292426798273,0.0,0.33333333333333337,,,0.0,0.6666666666666666,0.3333333333333333,0.2319200038909912,0.0,0.366873174905777,,,0.0,,
test_group_0057,homogeneous_cluster_1,hybrid_mf_bayes_dbscan_minority_nash,hybrid_mf_bayes,dbscan_minority_nash,0.06666666666666667,0.0606060606060606,0.2051166673279436,0.06837222244264787,0.06837222244264787,0.09669292426798273,0.0,0.33333333333333337,,,0.0,0.6666666666666666,0.3333333333333333,0.2319200038909912,0.0,0.366873174905777,,,0.0,,2.0
test_group_0057,homogeneous_cluster_1,hybrid_mf_bayes_least_misery,hybrid_mf_bayes,least_misery,0.03333333333333333,0.0303030303030303,0.085143117641621,0.02838103921387367,0.02838103921387367,0.04013685057050279,0.0,0.3333333333333333,,,0.0,0.6666666666666666,0.3333333333333333,0.22352324426174164,0.0,0.366873174905777,,,0.0,,
test_group_0057,homogeneous_cluster_1,hybrid_mf_bayes_nash_welfare,hybrid_mf_bayes,nash_welfare,0.06666666666666667,0.0606060606060606,0.2051166673279436,0.06837222244264787,0.06837222244264787,0.09669292426798273,0.0,0.33333333333333337,,,0.0,0.6666666666666666,0.3333333333333333,0.2319200038909912,0.0,0.366873174905777,,,0.0,,
test_group_0057,homogeneous_cluster_1,hybrid_mf_bayes_tuned_fairness,hybrid_mf_bayes,tuned_fairness,0.06666666666666667,0.0606060606060606,0.2051166673279436,0.06837222244264787,0.06837222244264787,0.09669292426798273,0.0,0.33333333333333337,,,0.0,0.6666666666666666,0.3333333333333333,0.2319200038909912,0.0,0.366873174905777,,,0.0,0.0,
test_group_0057,homogeneous_cluster_1,mf_average,mf,average,0.03333333333333333,0.0303030303030303,0.13886244387355454,0.04628748129118485,0.04628748129118485,0.06546038381008452,0.0,0.3333333333333333,,,0.0,0.6666666666666666,0.3333333333333333,0.23607270419597626,0.0,0.366873174905777,,,0.0,,
test_group_0057,homogeneous_cluster_1,mf_dbscan_minority_nash,mf,dbscan_minority_nash,0.03333333333333333,0.0303030303030303,0.13886244387355454,0.04628748129118485,0.04628748129118485,0.06546038381008452,0.0,0.3333333333333333,,,0.0,0.6666666666666666,0.3333333333333333,0.23607270419597626,0.0,0.366873174905777,,,0.0,,2.0
test_group_0057,homogeneous_cluster_1,mf_least_misery,mf,least_misery,0.03333333333333333,0.0303030303030303,0.13886244387355454,0.04628748129118485,0.04628748129118485,0.06546038381008452,0.0,0.3333333333333333,,,0.0,0.6666666666666666,0.3333333333333333,0.23891162872314453,0.0,0.366873174905777,,,0.0,,
test_group_0057,homogeneous_cluster_1,mf_nash_welfare,mf,nash_welfare,0.03333333333333333,0.0303030303030303,0.13886244387355454,0.04628748129118485,0.04628748129118485,0.06546038381008452,0.0,0.3333333333333333,,,0.0,0.6666666666666666,0.3333333333333333,0.23607270419597626,0.0,0.366873174905777,,,0.0,,
test_group_0057,homogeneous_cluster_1,mf_tuned_fairness,mf,tuned_fairness,0.03333333333333333,0.0303030303030303,0.13886244387355454,0.04628748129118485,0.04628748129118485,0.06546038381008452,0.0,0.3333333333333333,,,0.0,0.6666666666666666,0.3333333333333333,0.23607270419597626,0.0,0.366873174905777,,,0.0,0.0,
test_group_0057,homogeneous_cluster_1,rating_user_knn_average,rating_user_knn,average,0.03333333333333333,0.0303030303030303,0.06625422345438904,0.022084741151463014,0.022084741151463014,0.031232540457898198,0.0,0.33333333333333337,,,0.0,0.6666666666666666,0.3333333333333333,0.4126149117946625,0.0,0.366873174905777,,,0.0,,
test_group_0057,homogeneous_cluster_1,rating_user_knn_dbscan_minority_nash,rating_user_knn,dbscan_minority_nash,0.03333333333333333,0.0303030303030303,0.06943122193677727,0.023143740645592426,0.023143740645592426,0.03273019190504226,0.0,0.3333333333333333,,,0.0,0.6666666666666666,0.3333333333333333,0.39037591218948364,0.0,0.366873174905777,,,0.0,,2.0
test_group_0057,homogeneous_cluster_1,rating_user_knn_least_misery,rating_user_knn,least_misery,0.03333333333333333,0.0303030303030303,0.09478836436955076,0.03159612145651693,0.03159612145651693,0.04468366348219379,0.0,0.3333333333333333,,,0.0,0.6666666666666666,0.3333333333333333,0.3229687213897705,0.0,0.366873174905777,,,0.0,,
test_group_0057,homogeneous_cluster_1,rating_user_knn_nash_welfare,rating_user_knn,nash_welfare,0.03333333333333333,0.0303030303030303,0.06943122193677727,0.023143740645592426,0.023143740645592426,0.03273019190504226,0.0,0.3333333333333333,,,0.0,0.6666666666666666,0.3333333333333333,0.39037591218948364,0.0,0.366873174905777,,,0.0,,
test_group_0057,homogeneous_cluster_1,rating_user_knn_tuned_fairness,rating_user_knn,tuned_fairness,0.03333333333333333,0.0303030303030303,0.06625422345438904,0.022084741151463014,0.022084741151463014,0.031232540457898198,0.0,0.33333333333333337,,,0.0,0.6666666666666666,0.3333333333333333,0.4126149117946625,0.0,0.366873174905777,,,0.0,0.0,
test_group_0058,homogeneous_cluster_1,hybrid_mf_bayes_average,hybrid_mf_bayes,average,0.03333333333333333,0.03846153846153846,0.09478836436955076,0.03159612145651693,0.03159612145651693,0.04468366348219379,0.0,0.3333333333333333,,,0.0,0.6666666666666666,0.3333333333333333,0.2940400540828705,0.0,0.20438532531261444,,,0.0,,
test_group_0058,homogeneous_cluster_1,hybrid_mf_bayes_dbscan_minority_nash,hybrid_mf_bayes,dbscan_minority_nash,0.03333333333333333,0.03846153846153846,0.09478836436955076,0.03159612145651693,0.03159612145651693,0.04468366348219379,0.0,0.3333333333333333,,,0.0,0.6666666666666666,0.3333333333333333,0.2940400540828705,0.0,0.20438532531261444,,,0.0,,2.0
test_group_0058,homogeneous_cluster_1,hybrid_mf_bayes_least_misery,hybrid_mf_bayes,least_misery,0.03333333333333333,0.03846153846153846,0.09478836436955076,0.03159612145651693,0.03159612145651693,0.04468366348219379,0.0,0.3333333333333333,,,0.0,0.6666666666666666,0.3333333333333333,0.29404008388519287,0.0,0.20438532531261444,,,0.0,,
test_group_0058,homogeneous_cluster_1,hybrid_mf_bayes_nash_welfare,hybrid_mf_bayes,nash_welfare,0.03333333333333333,0.03846153846153846,0.09478836436955076,0.03159612145651693,0.03159612145651693,0.04468366348219379,0.0,0.3333333333333333,,,0.0,0.6666666666666666,0.3333333333333333,0.2940400540828705,0.0,0.20438532531261444,,,0.0,,
test_group_0058,homogeneous_cluster_1,hybrid_mf_bayes_tuned_fairness,hybrid_mf_bayes,tuned_fairness,0.03333333333333333,0.03846153846153846,0.09478836436955076,0.03159612145651693,0.03159612145651693,0.04468366348219379,0.0,0.3333333333333333,,,0.0,0.6666666666666666,0.3333333333333333,0.2940400540828705,0.0,0.20438532531261444,,,0.0,0.0,
test_group_0058,homogeneous_cluster_1,mf_average,mf,average,0.06666666666666667,0.07692307692307691,0.13698471029831177,0.045661570099437256,0.045661570099437256,0.06457521171387397,0.0,0.3333333333333333,,,0.0,0.6666666666666666,0.3333333333333333,0.32639098167419434,0.0,0.20438532531261444,,,0.0,,
test_group_0058,homogeneous_cluster_1,mf_dbscan_minority_nash,mf,dbscan_minority_nash,0.06666666666666667,0.07692307692307691,0.13698471029831177,0.045661570099437256,0.045661570099437256,0.06457521171387397,0.0,0.3333333333333333,,,0.0,0.6666666666666666,0.3333333333333333,0.32639098167419434,0.0,0.20438532531261444,,,0.0,,2.0
test_group_0058,homogeneous_cluster_1,mf_least_misery,mf,least_misery,0.03333333333333333,0.03846153846153846,0.085143117641621,0.02838103921387367,0.02838103921387367,0.04013685057050279,0.0,0.3333333333333333,,,0.0,0.6666666666666666,0.3333333333333333,0.3042718470096588,0.0,0.20438532531261444,,,0.0,,
test_group_0058,homogeneous_cluster_1,mf_nash_welfare,mf,nash_welfare,0.06666666666666667,0.07692307692307691,0.13698471029831177,0.045661570099437256,0.045661570099437256,0.06457521171387397,0.0,0.3333333333333333,,,0.0,0.6666666666666666,0.3333333333333333,0.32639098167419434,0.0,0.20438532531261444,,,0.0,,
test_group_0058,homogeneous_cluster_1,mf_tuned_fairness,mf,tuned_fairness,0.06666666666666667,0.07692307692307691,0.13698471029831177,0.045661570099437256,0.045661570099437256,0.06457521171387397,0.0,0.3333333333333333,,,0.0,0.6666666666666666,0.3333333333333333,0.32639098167419434,0.0,0.20438532531261444,,,0.0,0.0,
test_group_0058,homogeneous_cluster_1,rating_user_knn_average,rating_user_knn,average,0.0,0.0,0.0,0.0,0.0,0.0,0.0,0.0,,,0.0,1.0,0.0,0.5245451927185059,0.0,0.20438532531261444,,,0.0,,
test_group_0058,homogeneous_cluster_1,rating_user_knn_dbscan_minority_nash,rating_user_knn,dbscan_minority_nash,0.0,0.0,0.0,0.0,0.0,0.0,0.0,0.0,,,0.0,1.0,0.0,0.5388323664665222,0.0,0.20438532531261444,,,0.0,,2.0
test_group_0058,homogeneous_cluster_1,rating_user_knn_least_misery,rating_user_knn,least_misery,0.0,0.0,0.0,0.0,0.0,0.0,0.0,0.0,,,0.0,1.0,0.0,0.39346545934677124,0.0,0.20438532531261444,,,0.0,,
test_group_0058,homogeneous_cluster_1,rating_user_knn_nash_welfare,rating_user_knn,nash_welfare,0.0,0.0,0.0,0.0,0.0,0.0,0.0,0.0,,,0.0,1.0,0.0,0.5388323664665222,0.0,0.20438532531261444,,,0.0,,
test_group_0058,homogeneous_cluster_1,rating_user_knn_tuned_fairness,rating_user_knn,tuned_fairness,0.0,0.0,0.0,0.0,0.0,0.0,0.0,0.0,,,0.0,1.0,0.0,0.5245451927185059,0.0,0.20438532531261444,,,0.0,0.0,
test_group_0059,homogeneous_cluster_1,hybrid_mf_bayes_average,hybrid_mf_bayes,average,0.03333333333333333,0.04761904761904763,0.06362078819895171,0.021206929399650576,0.021206929399650576,0.029991127173274564,0.0,0.3333333333333333,,,0.0,0.6666666666666666,0.3333333333333333,0.2815856635570526,0.0,0.28026464581489563,,,0.0,,
test_group_0059,homogeneous_cluster_1,hybrid_mf_bayes_dbscan_minority_nash,hybrid_mf_bayes,dbscan_minority_nash,0.03333333333333333,0.04761904761904763,0.06362078819895171,0.021206929399650576,0.021206929399650576,0.029991127173274564,0.0,0.3333333333333333,,,0.0,0.6666666666666666,0.3333333333333333,0.2815856635570526,0.0,0.28026464581489563,,,0.0,,2.0
test_group_0059,homogeneous_cluster_1,hybrid_mf_bayes_least_misery,hybrid_mf_bayes,least_misery,0.03333333333333333,0.04761904761904763,0.06362078819895171,0.021206929399650576,0.021206929399650576,0.029991127173274564,0.0,0.3333333333333333,,,0.0,0.6666666666666666,0.3333333333333333,0.28158560395240784,0.0,0.28026464581489563,,,0.0,,
test_group_0059,homogeneous_cluster_1,hybrid_mf_bayes_nash_welfare,hybrid_mf_bayes,nash_welfare,0.03333333333333333,0.04761904761904763,0.06362078819895171,0.021206929399650576,0.021206929399650576,0.029991127173274564,0.0,0.3333333333333333,,,0.0,0.6666666666666666,0.3333333333333333,0.2815856635570526,0.0,0.28026464581489563,,,0.0,,
test_group_0059,homogeneous_cluster_1,hybrid_mf_bayes_tuned_fairness,hybrid_mf_bayes,tuned_fairness,0.03333333333333333,0.04761904761904763,0.06362078819895171,0.021206929399650576,0.021206929399650576,0.029991127173274564,0.0,0.3333333333333333,,,0.0,0.6666666666666666,0.3333333333333333,0.2815856635570526,0.0,0.28026464581489563,,,0.0,0.0,
test_group_0059,homogeneous_cluster_1,mf_average,mf,average,0.0,0.0,0.0,0.0,0.0,0.0,0.0,0.0,,,0.0,1.0,0.0,0.3040030300617218,0.0,0.28026464581489563,,,0.0,,
test_group_0059,homogeneous_cluster_1,mf_dbscan_minority_nash,mf,dbscan_minority_nash,0.0,0.0,0.0,0.0,0.0,0.0,0.0,0.0,,,0.0,1.0,0.0,0.3040030300617218,0.0,0.28026464581489563,,,0.0,,2.0
test_group_0059,homogeneous_cluster_1,mf_least_misery,mf,least_misery,0.0,0.0,0.0,0.0,0.0,0.0,0.0,0.0,,,0.0,1.0,0.0,0.2523554861545563,0.0,0.28026464581489563,,,0.0,,
test_group_0059,homogeneous_cluster_1,mf_nash_welfare,mf,nash_welfare,0.0,0.0,0.0,0.0,0.0,0.0,0.0,0.0,,,0.0,1.0,0.0,0.3040030300617218,0.0,0.28026464581489563,,,0.0,,
test_group_0059,homogeneous_cluster_1,mf_tuned_fairness,mf,tuned_fairness,0.0,0.0,0.0,0.0,0.0,0.0,0.0,0.0,,,0.0,1.0,0.0,0.3040030300617218,0.0,0.28026464581489563,,,0.0,0.0,
test_group_0059,homogeneous_cluster_1,rating_user_knn_average,rating_user_knn,average,0.03333333333333333,0.04761904761904763,0.085143117641621,0.02838103921387367,0.02838103921387367,0.04013685057050279,0.0,0.3333333333333333,,,0.0,0.6666666666666666,0.3333333333333333,0.5741065144538879,0.0,0.28026464581489563,,,0.0,,
test_group_0059,homogeneous_cluster_1,rating_user_knn_dbscan_minority_nash,rating_user_knn,dbscan_minority_nash,0.03333333333333333,0.04761904761904763,0.085143117641621,0.02838103921387367,0.02838103921387367,0.04013685057050279,0.0,0.3333333333333333,,,0.0,0.6666666666666666,0.3333333333333333,0.5741065144538879,0.0,0.28026464581489563,,,0.0,,2.0
test_group_0059,homogeneous_cluster_1,rating_user_knn_least_misery,rating_user_knn,least_misery,0.0,0.0,0.0,0.0,0.0,0.0,0.0,0.0,,,0.0,1.0,0.0,0.5905600786209106,0.0,0.28026464581489563,,,0.0,,
test_group_0059,homogeneous_cluster_1,rating_user_knn_nash_welfare,rating_user_knn,nash_welfare,0.03333333333333333,0.04761904761904763,0.085143117641621,0.02838103921387367,0.02838103921387367,0.04013685057050279,0.0,0.3333333333333333,,,0.0,0.6666666666666666,0.3333333333333333,0.5741065144538879,0.0,0.28026464581489563,,,0.0,,
test_group_0059,homogeneous_cluster_1,rating_user_knn_tuned_fairness,rating_user_knn,tuned_fairness,0.03333333333333333,0.04761904761904763,0.085143117641621,0.02838103921387367,0.02838103921387367,0.04013685057050279,0.0,0.3333333333333333,,,0.0,0.6666666666666666,0.3333333333333333,0.5741065144538879,0.0,0.28026464581489563,,,0.0,0.0,
test_group_0060,homogeneous_cluster_1,hybrid_mf_bayes_average,hybrid_mf_bayes,average,0.0,0.0,0.0,0.0,0.0,0.0,0.0,0.0,,,0.0,1.0,0.0,0.22612877190113068,0.0,0.49037209153175354,,,0.0,,
test_group_0060,homogeneous_cluster_1,hybrid_mf_bayes_dbscan_minority_nash,hybrid_mf_bayes,dbscan_minority_nash,0.0,0.0,0.0,0.0,0.0,0.0,0.0,0.0,,,0.0,1.0,0.0,0.22612877190113068,0.0,0.49037209153175354,,,0.0,,2.0
test_group_0060,homogeneous_cluster_1,hybrid_mf_bayes_least_misery,hybrid_mf_bayes,least_misery,0.0,0.0,0.0,0.0,0.0,0.0,0.0,0.0,,,0.0,1.0,0.0,0.22612877190113068,0.0,0.49037209153175354,,,0.0,,
test_group_0060,homogeneous_cluster_1,hybrid_mf_bayes_nash_welfare,hybrid_mf_bayes,nash_welfare,0.0,0.0,0.0,0.0,0.0,0.0,0.0,0.0,,,0.0,1.0,0.0,0.22612877190113068,0.0,0.49037209153175354,,,0.0,,
test_group_0060,homogeneous_cluster_1,hybrid_mf_bayes_tuned_fairness,hybrid_mf_bayes,tuned_fairness,0.0,0.0,0.0,0.0,0.0,0.0,0.0,0.0,,,0.0,1.0,0.0,0.22612877190113068,0.0,0.49037209153175354,,,0.0,0.0,
test_group_0060,homogeneous_cluster_1,mf_average,mf,average,0.0,0.0,0.0,0.0,0.0,0.0,0.0,0.0,,,0.0,1.0,0.0,0.25572633743286133,0.0,0.49037209153175354,,,0.0,,
test_group_0060,homogeneous_cluster_1,mf_dbscan_minority_nash,mf,dbscan_minority_nash,0.0,0.0,0.0,0.0,0.0,0.0,0.0,0.0,,,0.0,1.0,0.0,0.25572633743286133,0.0,0.49037209153175354,,,0.0,,2.0
test_group_0060,homogeneous_cluster_1,mf_least_misery,mf,least_misery,0.0,0.0,0.0,0.0,0.0,0.0,0.0,0.0,,,0.0,1.0,0.0,0.24694839119911194,0.0,0.49037209153175354,,,0.0,,
test_group_0060,homogeneous_cluster_1,mf_nash_welfare,mf,nash_welfare,0.0,0.0,0.0,0.0,0.0,0.0,0.0,0.0,,,0.0,1.0,0.0,0.25572633743286133,0.0,0.49037209153175354,,,0.0,,
test_group_0060,homogeneous_cluster_1,mf_tuned_fairness,mf,tuned_fairness,0.0,0.0,0.0,0.0,0.0,0.0,0.0,0.0,,,0.0,1.0,0.0,0.25572633743286133,0.0,0.49037209153175354,,,0.0,0.0,
test_group_0060,homogeneous_cluster_1,rating_user_knn_average,rating_user_knn,average,0.0,0.0,0.0,0.0,0.0,0.0,0.0,0.0,,,0.0,1.0,0.0,0.48115238547325134,0.0,0.49037209153175354,,,0.0,,
test_group_0060,homogeneous_cluster_1,rating_user_knn_dbscan_minority_nash,rating_user_knn,dbscan_minority_nash,0.0,0.0,0.0,0.0,0.0,0.0,0.0,0.0,,,0.0,1.0,0.0,0.4586118459701538,0.0,0.49037209153175354,,,0.0,,2.0
test_group_0060,homogeneous_cluster_1,rating_user_knn_least_misery,rating_user_knn,least_misery,0.0,0.0,0.0,0.0,0.0,0.0,0.0,0.0,,,0.0,1.0,0.0,0.4382287859916687,0.0,0.49037209153175354,,,0.0,,
test_group_0060,homogeneous_cluster_1,rating_user_knn_nash_welfare,rating_user_knn,nash_welfare,0.0,0.0,0.0,0.0,0.0,0.0,0.0,0.0,,,0.0,1.0,0.0,0.4586118459701538,0.0,0.49037209153175354,,,0.0,,
test_group_0060,homogeneous_cluster_1,rating_user_knn_tuned_fairness,rating_user_knn,tuned_fairness,0.0,0.0,0.0,0.0,0.0,0.0,0.0,0.0,,,0.0,1.0,0.0,0.48115238547325134,0.0,0.49037209153175354,,,0.0,0.0,
test_group_0061,homogeneous_cluster_1,hybrid_mf_bayes_average,hybrid_mf_bayes,average,0.03333333333333333,0.09999999999999999,0.13886244387355454,0.05780921899607982,0.05780921899607982,0.08175458153445243,0.0,0.3333333333333333,,,0.0,0.6666666666666666,0.3333333333333333,0.20899607241153717,0.0,0.4522422254085541,,,0.0,,
test_group_0061,homogeneous_cluster_1,hybrid_mf_bayes_dbscan_minority_nash,hybrid_mf_bayes,dbscan_minority_nash,0.03333333333333333,0.09999999999999999,0.13886244387355454,0.05780921899607982,0.05780921899607982,0.08175458153445243,0.0,0.3333333333333333,,,0.0,0.6666666666666666,0.3333333333333333,0.20899607241153717,0.0,0.4522422254085541,,,0.0,,2.0
test_group_0061,homogeneous_cluster_1,hybrid_mf_bayes_least_misery,hybrid_mf_bayes,least_misery,0.03333333333333333,0.09999999999999999,0.13886244387355454,0.05780921899607982,0.05780921899607982,0.08175458153445243,0.0,0.3333333333333333,,,0.0,0.6666666666666666,0.3333333333333333,0.2226571887731552,0.0,0.4522422254085541,,,0.0,,
test_group_0061,homogeneous_cluster_1,hybrid_mf_bayes_nash_welfare,hybrid_mf_bayes,nash_welfare,0.03333333333333333,0.09999999999999999,0.13886244387355454,0.05780921899607982,0.05780921899607982,0.08175458153445243,0.0,0.3333333333333333,,,0.0,0.6666666666666666,0.3333333333333333,0.20899607241153717,0.0,0.4522422254085541,,,0.0,,
test_group_0061,homogeneous_cluster_1,hybrid_mf_bayes_tuned_fairness,hybrid_mf_bayes,tuned_fairness,0.03333333333333333,0.09999999999999999,0.13886244387355454,0.05780921899607982,0.05780921899607982,0.08175458153445243,0.0,0.3333333333333333,,,0.0,0.6666666666666666,0.3333333333333333,0.20899607241153717,0.0,0.4522422254085541,,,0.0,0.0,
test_group_0061,homogeneous_cluster_1,mf_average,mf,average,0.03333333333333333,0.09999999999999999,0.11004588314904008,0.04581272215238181,0.04581272215238181,0.06478897299712869,0.0,0.3333333333333333,,,0.0,0.6666666666666666,0.3333333333333333,0.21603454649448395,0.0,0.4522422254085541,,,0.0,,
test_group_0061,homogeneous_cluster_1,mf_dbscan_minority_nash,mf,dbscan_minority_nash,0.03333333333333333,0.09999999999999999,0.11004588314904008,0.04581272215238181,0.04581272215238181,0.06478897299712869,0.0,0.3333333333333333,,,0.0,0.6666666666666666,0.3333333333333333,0.21603454649448395,0.0,0.4522422254085541,,,0.0,,2.0
test_group_0061,homogeneous_cluster_1,mf_least_misery,mf,least_misery,0.03333333333333333,0.09999999999999999,0.11004588314904008,0.04581272215238181,0.04581272215238181,0.06478897299712869,0.0,0.3333333333333333,,,0.0,0.6666666666666666,0.3333333333333333,0.240275576710701,0.0,0.4522422254085541,,,0.0,,
test_group_0061,homogeneous_cluster_1,mf_nash_welfare,mf,nash_welfare,0.03333333333333333,0.09999999999999999,0.11004588314904008,0.04581272215238181,0.04581272215238181,0.06478897299712869,0.0,0.3333333333333333,,,0.0,0.6666666666666666,0.3333333333333333,0.21603454649448395,0.0,0.4522422254085541,,,0.0,,
test_group_0061,homogeneous_cluster_1,mf_tuned_fairness,mf,tuned_fairness,0.03333333333333333,0.09999999999999999,0.11004588314904008,0.04581272215238181,0.04581272215238181,0.06478897299712869,0.0,0.3333333333333333,,,0.0,0.6666666666666666,0.3333333333333333,0.21603454649448395,0.0,0.4522422254085541,,,0.0,0.0,
test_group_0061,homogeneous_cluster_1,rating_user_knn_average,rating_user_knn,average,0.0,0.0,0.0,0.0,0.0,0.0,0.0,0.0,,,0.0,1.0,0.0,0.3415512144565582,0.0,0.4522422254085541,,,0.0,,
test_group_0061,homogeneous_cluster_1,rating_user_knn_dbscan_minority_nash,rating_user_knn,dbscan_minority_nash,0.0,0.0,0.0,0.0,0.0,0.0,0.0,0.0,,,0.0,1.0,0.0,0.32186126708984375,0.0,0.4522422254085541,,,0.0,,2.0
test_group_0061,homogeneous_cluster_1,rating_user_knn_least_misery,rating_user_knn,least_misery,0.0,0.0,0.0,0.0,0.0,0.0,0.0,0.0,,,0.0,1.0,0.0,0.2848317325115204,0.0,0.4522422254085541,,,0.0,,
test_group_0061,homogeneous_cluster_1,rating_user_knn_nash_welfare,rating_user_knn,nash_welfare,0.0,0.0,0.0,0.0,0.0,0.0,0.0,0.0,,,0.0,1.0,0.0,0.32186126708984375,0.0,0.4522422254085541,,,0.0,,
test_group_0061,homogeneous_cluster_1,rating_user_knn_tuned_fairness,rating_user_knn,tuned_fairness,0.0,0.0,0.0,0.0,0.0,0.0,0.0,0.0,,,0.0,1.0,0.0,0.3415512144565582,0.0,0.4522422254085541,,,0.0,0.0,
test_group_0062,homogeneous_cluster_1,hybrid_mf_bayes_average,hybrid_mf_bayes,average,0.03333333333333333,0.02941176470588235,0.06425604298318155,0.026132756326225113,0.026132756326225113,0.036957298418738856,0.0,0.33333333333333337,,,0.0,0.6666666666666666,0.3333333333333333,0.24276383221149445,0.0,0.5381121635437012,,,0.0,,
test_group_0062,homogeneous_cluster_1,hybrid_mf_bayes_dbscan_minority_nash,hybrid_mf_bayes,dbscan_minority_nash,0.03333333333333333,0.02941176470588235,0.06425604298318155,0.026132756326225113,0.026132756326225113,0.036957298418738856,0.0,0.33333333333333337,,,0.0,0.6666666666666666,0.3333333333333333,0.24276383221149445,0.0,0.5381121635437012,,,0.0,,2.0
test_group_0062,homogeneous_cluster_1,hybrid_mf_bayes_least_misery,hybrid_mf_bayes,least_misery,0.03333333333333333,0.02941176470588235,0.09019475927038985,0.03668196104968003,0.03668196104968003,0.05187612681089912,0.0,0.33333333333333337,,,0.0,0.6666666666666666,0.3333333333333333,0.2483287751674652,0.0,0.5381121635437012,,,0.0,,
test_group_0062,homogeneous_cluster_1,hybrid_mf_bayes_nash_welfare,hybrid_mf_bayes,nash_welfare,0.03333333333333333,0.02941176470588235,0.06425604298318155,0.026132756326225113,0.026132756326225113,0.036957298418738856,0.0,0.33333333333333337,,,0.0,0.6666666666666666,0.3333333333333333,0.24276383221149445,0.0,0.5381121635437012,,,0.0,,
test_group_0062,homogeneous_cluster_1,hybrid_mf_bayes_tuned_fairness,hybrid_mf_bayes,tuned_fairness,0.03333333333333333,0.02941176470588235,0.06425604298318155,0.026132756326225113,0.026132756326225113,0.036957298418738856,0.0,0.33333333333333337,,,0.0,0.6666666666666666,0.3333333333333333,0.24276383221149445,0.0,0.5381121635437012,,,0.0,0.0,
test_group_0062,homogeneous_cluster_1,mf_average,mf,average,0.03333333333333333,0.02941176470588235,0.054302655984158565,0.022084741151463014,0.022084741151463014,0.031232540457898198,0.0,0.33333333333333337,,,0.0,0.6666666666666666,0.3333333333333333,0.2363785058259964,0.0,0.5381121635437012,,,0.0,,
test_group_0062,homogeneous_cluster_1,mf_dbscan_minority_nash,mf,dbscan_minority_nash,0.03333333333333333,0.02941176470588235,0.054302655984158565,0.022084741151463014,0.022084741151463014,0.031232540457898198,0.0,0.33333333333333337,,,0.0,0.6666666666666666,0.3333333333333333,0.2363785058259964,0.0,0.5381121635437012,,,0.0,,2.0
test_group_0062,homogeneous_cluster_1,mf_least_misery,mf,least_misery,0.03333333333333333,0.02941176470588235,0.06425604298318155,0.026132756326225113,0.026132756326225113,0.036957298418738856,0.0,0.33333333333333337,,,0.0,0.6666666666666666,0.3333333333333333,0.22932186722755432,0.0,0.5381121635437012,,,0.0,,
test_group_0062,homogeneous_cluster_1,mf_nash_welfare,mf,nash_welfare,0.03333333333333333,0.02941176470588235,0.054302655984158565,0.022084741151463014,0.022084741151463014,0.031232540457898198,0.0,0.33333333333333337,,,0.0,0.6666666666666666,0.3333333333333333,0.2363785058259964,0.0,0.5381121635437012,,,0.0,,
test_group_0062,homogeneous_cluster_1,mf_tuned_fairness,mf,tuned_fairness,0.03333333333333333,0.02941176470588235,0.054302655984158565,0.022084741151463014,0.022084741151463014,0.031232540457898198,0.0,0.33333333333333337,,,0.0,0.6666666666666666,0.3333333333333333,0.2363785058259964,0.0,0.5381121635437012,,,0.0,0.0,
test_group_0062,homogeneous_cluster_1,rating_user_knn_average,rating_user_knn,average,0.0,0.0,0.0,0.0,0.0,0.0,0.0,0.0,,,0.0,1.0,0.0,0.5961484909057617,0.0,0.5381121635437012,,,0.0,,
test_group_0062,homogeneous_cluster_1,rating_user_knn_dbscan_minority_nash,rating_user_knn,dbscan_minority_nash,0.0,0.0,0.0,0.0,0.0,0.0,0.0,0.0,,,0.0,1.0,0.0,0.5961484313011169,0.0,0.5381121635437012,,,0.0,,2.0
test_group_0062,homogeneous_cluster_1,rating_user_knn_least_misery,rating_user_knn,least_misery,0.0,0.0,0.0,0.0,0.0,0.0,0.0,0.0,,,0.0,1.0,0.0,0.3403949439525604,0.0,0.5381121635437012,,,0.0,,
test_group_0062,homogeneous_cluster_1,rating_user_knn_nash_welfare,rating_user_knn,nash_welfare,0.0,0.0,0.0,0.0,0.0,0.0,0.0,0.0,,,0.0,1.0,0.0,0.5961484313011169,0.0,0.5381121635437012,,,0.0,,
test_group_0062,homogeneous_cluster_1,rating_user_knn_tuned_fairness,rating_user_knn,tuned_fairness,0.0,0.0,0.0,0.0,0.0,0.0,0.0,0.0,,,0.0,1.0,0.0,0.5961484909057617,0.0,0.5381121635437012,,,0.0,0.0,
test_group_0063,homogeneous_cluster_1,hybrid_mf_bayes_average,hybrid_mf_bayes,average,0.03333333333333333,0.04,0.0809783599221797,0.03668196104968003,0.03668196104968003,0.05187612681089912,0.0,0.33333333333333337,,,0.0,0.6666666666666666,0.3333333333333333,0.23829595744609833,0.0,0.28552982211112976,,,0.0,,
test_group_0063,homogeneous_cluster_1,hybrid_mf_bayes_dbscan_minority_nash,hybrid_mf_bayes,dbscan_minority_nash,0.03333333333333333,0.04,0.0809783599221797,0.03668196104968003,0.03668196104968003,0.05187612681089912,0.0,0.33333333333333337,,,0.0,0.6666666666666666,0.3333333333333333,0.23829595744609833,0.0,0.28552982211112976,,,0.0,,2.0
test_group_0063,homogeneous_cluster_1,hybrid_mf_bayes_least_misery,hybrid_mf_bayes,least_misery,0.03333333333333333,0.04,0.0697509626594255,0.03159612145651693,0.03159612145651693,0.04468366348219379,0.0,0.3333333333333333,,,0.0,0.6666666666666666,0.3333333333333333,0.24780966341495514,0.0,0.28552982211112976,,,0.0,,
test_group_0063,homogeneous_cluster_1,hybrid_mf_bayes_nash_welfare,hybrid_mf_bayes,nash_welfare,0.03333333333333333,0.04,0.0809783599221797,0.03668196104968003,0.03668196104968003,0.05187612681089912,0.0,0.33333333333333337,,,0.0,0.6666666666666666,0.3333333333333333,0.23829595744609833,0.0,0.28552982211112976,,,0.0,,
test_group_0063,homogeneous_cluster_1,hybrid_mf_bayes_tuned_fairness,hybrid_mf_bayes,tuned_fairness,0.03333333333333333,0.04,0.0809783599221797,0.03668196104968003,0.03668196104968003,0.05187612681089912,0.0,0.33333333333333337,,,0.0,0.6666666666666666,0.3333333333333333,0.23829595744609833,0.0,0.28552982211112976,,,0.0,0.0,
test_group_0063,homogeneous_cluster_1,mf_average,mf,average,0.03333333333333333,0.04,0.05109165667032163,0.023143740645592426,0.023143740645592426,0.03273019190504226,0.0,0.3333333333333333,,,0.0,0.6666666666666666,0.3333333333333333,0.2474524974822998,0.0,0.28552982211112976,,,0.0,,
test_group_0063,homogeneous_cluster_1,mf_dbscan_minority_nash,mf,dbscan_minority_nash,0.03333333333333333,0.04,0.05109165667032163,0.023143740645592426,0.023143740645592426,0.03273019190504226,0.0,0.3333333333333333,,,0.0,0.6666666666666666,0.3333333333333333,0.2474524974822998,0.0,0.28552982211112976,,,0.0,,2.0
test_group_0063,homogeneous_cluster_1,mf_least_misery,mf,least_misery,0.0,0.0,0.0,0.0,0.0,0.0,0.0,0.0,,,0.0,1.0,0.0,0.2778429388999939,0.0,0.28552982211112976,,,0.0,,
test_group_0063,homogeneous_cluster_1,mf_nash_welfare,mf,nash_welfare,0.03333333333333333,0.04,0.05109165667032163,0.023143740645592426,0.023143740645592426,0.03273019190504226,0.0,0.3333333333333333,,,0.0,0.6666666666666666,0.3333333333333333,0.2474524974822998,0.0,0.28552982211112976,,,0.0,,
test_group_0063,homogeneous_cluster_1,mf_tuned_fairness,mf,tuned_fairness,0.03333333333333333,0.04,0.05109165667032163,0.023143740645592426,0.023143740645592426,0.03273019190504226,0.0,0.3333333333333333,,,0.0,0.6666666666666666,0.3333333333333333,0.2474524974822998,0.0,0.28552982211112976,,,0.0,0.0,
test_group_0063,homogeneous_cluster_1,rating_user_knn_average,rating_user_knn,average,0.0,0.0,0.0,0.0,0.0,0.0,0.0,0.0,,,0.0,1.0,0.0,0.569277822971344,0.0,0.28552982211112976,,,0.0,,
test_group_0063,homogeneous_cluster_1,rating_user_knn_dbscan_minority_nash,rating_user_knn,dbscan_minority_nash,0.0,0.0,0.0,0.0,0.0,0.0,0.0,0.0,,,0.0,1.0,0.0,0.569277822971344,0.0,0.28552982211112976,,,0.0,,2.0
test_group_0063,homogeneous_cluster_1,rating_user_knn_least_misery,rating_user_knn,least_misery,0.0,0.0,0.0,0.0,0.0,0.0,0.0,0.0,,,0.0,1.0,0.0,0.41703659296035767,0.0,0.28552982211112976,,,0.0,,
test_group_0063,homogeneous_cluster_1,rating_user_knn_nash_welfare,rating_user_knn,nash_welfare,0.0,0.0,0.0,0.0,0.0,0.0,0.0,0.0,,,0.0,1.0,0.0,0.569277822971344,0.0,0.28552982211112976,,,0.0,,
test_group_0063,homogeneous_cluster_1,rating_user_knn_tuned_fairness,rating_user_knn,tuned_fairness,0.0,0.0,0.0,0.0,0.0,0.0,0.0,0.0,,,0.0,1.0,0.0,0.569277822971344,0.0,0.28552982211112976,,,0.0,0.0,
test_group_0064,homogeneous_cluster_1,hybrid_mf_bayes_average,hybrid_mf_bayes,average,0.03333333333333333,0.04761904761904763,0.13886244387355454,0.05780921899607982,0.05780921899607982,0.08175458153445243,0.0,0.3333333333333333,,,0.0,0.6666666666666666,0.3333333333333333,0.24315641820430756,0.0,0.25992751121520996,,,0.0,,
test_group_0064,homogeneous_cluster_1,hybrid_mf_bayes_dbscan_minority_nash,hybrid_mf_bayes,dbscan_minority_nash,0.03333333333333333,0.04761904761904763,0.13886244387355454,0.05780921899607982,0.05780921899607982,0.08175458153445243,0.0,0.3333333333333333,,,0.0,0.6666666666666666,0.3333333333333333,0.24315641820430756,0.0,0.25992751121520996,,,0.0,,2.0
test_group_0064,homogeneous_cluster_1,hybrid_mf_bayes_least_misery,hybrid_mf_bayes,least_misery,0.03333333333333333,0.04761904761904763,0.13886244387355454,0.05780921899607982,0.05780921899607982,0.08175458153445243,0.0,0.3333333333333333,,,0.0,0.6666666666666666,0.3333333333333333,0.24906057119369507,0.0,0.25992751121520996,,,0.0,,
test_group_0064,homogeneous_cluster_1,hybrid_mf_bayes_nash_welfare,hybrid_mf_bayes,nash_welfare,0.03333333333333333,0.04761904761904763,0.13886244387355454,0.05780921899607982,0.05780921899607982,0.08175458153445243,0.0,0.3333333333333333,,,0.0,0.6666666666666666,0.3333333333333333,0.24315641820430756,0.0,0.25992751121520996,,,0.0,,
test_group_0064,homogeneous_cluster_1,hybrid_mf_bayes_tuned_fairness,hybrid_mf_bayes,tuned_fairness,0.03333333333333333,0.04761904761904763,0.13886244387355454,0.05780921899607982,0.05780921899607982,0.08175458153445243,0.0,0.3333333333333333,,,0.0,0.6666666666666666,0.3333333333333333,0.24315641820430756,0.0,0.25992751121520996,,,0.0,0.0,
test_group_0064,homogeneous_cluster_1,mf_average,mf,average,0.03333333333333333,0.04761904761904763,0.13886244387355454,0.05780921899607982,0.05780921899607982,0.08175458153445243,0.0,0.3333333333333333,,,0.0,0.6666666666666666,0.3333333333333333,0.2466105818748474,0.0,0.25992751121520996,,,0.0,,
test_group_0064,homogeneous_cluster_1,mf_dbscan_minority_nash,mf,dbscan_minority_nash,0.03333333333333333,0.04761904761904763,0.13886244387355454,0.05780921899607982,0.05780921899607982,0.08175458153445243,0.0,0.3333333333333333,,,0.0,0.6666666666666666,0.3333333333333333,0.2466105818748474,0.0,0.25992751121520996,,,0.0,,2.0
test_group_0064,homogeneous_cluster_1,mf_least_misery,mf,least_misery,0.03333333333333333,0.04761904761904763,0.13886244387355454,0.05780921899607982,0.05780921899607982,0.08175458153445243,0.0,0.3333333333333333,,,0.0,0.6666666666666666,0.3333333333333333,0.25111961364746094,0.0,0.25992751121520996,,,0.0,,
test_group_0064,homogeneous_cluster_1,mf_nash_welfare,mf,nash_welfare,0.03333333333333333,0.04761904761904763,0.13886244387355454,0.05780921899607982,0.05780921899607982,0.08175458153445243,0.0,0.3333333333333333,,,0.0,0.6666666666666666,0.3333333333333333,0.2466105818748474,0.0,0.25992751121520996,,,0.0,,
test_group_0064,homogeneous_cluster_1,mf_tuned_fairness,mf,tuned_fairness,0.03333333333333333,0.04761904761904763,0.13886244387355454,0.05780921899607982,0.05780921899607982,0.08175458153445243,0.0,0.3333333333333333,,,0.0,0.6666666666666666,0.3333333333333333,0.2466105818748474,0.0,0.25992751121520996,,,0.0,0.0,
test_group_0064,homogeneous_cluster_1,rating_user_knn_average,rating_user_knn,average,0.0,0.0,0.0,0.0,0.0,0.0,0.0,0.0,,,0.0,1.0,0.0,0.5429706573486328,0.0,0.25992751121520996,,,0.0,,
test_group_0064,homogeneous_cluster_1,rating_user_knn_dbscan_minority_nash,rating_user_knn,dbscan_minority_nash,0.0,0.0,0.0,0.0,0.0,0.0,0.0,0.0,,,0.0,1.0,0.0,0.5429705381393433,0.0,0.25992751121520996,,,0.0,,2.0
test_group_0064,homogeneous_cluster_1,rating_user_knn_least_misery,rating_user_knn,least_misery,0.0,0.0,0.0,0.0,0.0,0.0,0.0,0.0,,,0.0,1.0,0.0,0.46007439494132996,0.0,0.25992751121520996,,,0.0,,
test_group_0064,homogeneous_cluster_1,rating_user_knn_nash_welfare,rating_user_knn,nash_welfare,0.0,0.0,0.0,0.0,0.0,0.0,0.0,0.0,,,0.0,1.0,0.0,0.5429705381393433,0.0,0.25992751121520996,,,0.0,,
test_group_0064,homogeneous_cluster_1,rating_user_knn_tuned_fairness,rating_user_knn,tuned_fairness,0.0,0.0,0.0,0.0,0.0,0.0,0.0,0.0,,,0.0,1.0,0.0,0.5429706573486328,0.0,0.25992751121520996,,,0.0,0.0,
test_group_0065,homogeneous_cluster_1,hybrid_mf_bayes_average,hybrid_mf_bayes,average,0.03333333333333333,0.07142857142857144,0.06625422345438904,0.06152523225985606,0.06152523225985606,0.0870098178900431,0.0,0.33333333333333337,,,0.0,0.6666666666666666,0.3333333333333333,0.25163158774375916,0.0,0.4326978921890259,,,0.0,,
test_group_0065,homogeneous_cluster_1,hybrid_mf_bayes_dbscan_minority_nash,hybrid_mf_bayes,dbscan_minority_nash,0.03333333333333333,0.07142857142857144,0.06625422345438904,0.06152523225985606,0.06152523225985606,0.0870098178900431,0.0,0.33333333333333337,,,0.0,0.6666666666666666,0.3333333333333333,0.25163158774375916,0.0,0.4326978921890259,,,0.0,,2.0
test_group_0065,homogeneous_cluster_1,hybrid_mf_bayes_least_misery,hybrid_mf_bayes,least_misery,0.03333333333333333,0.07142857142857144,0.06625422345438904,0.06152523225985606,0.06152523225985606,0.0870098178900431,0.0,0.33333333333333337,,,0.0,0.6666666666666666,0.3333333333333333,0.25163155794143677,0.0,0.4326978921890259,,,0.0,,
test_group_0065,homogeneous_cluster_1,hybrid_mf_bayes_nash_welfare,hybrid_mf_bayes,nash_welfare,0.03333333333333333,0.07142857142857144,0.06625422345438904,0.06152523225985606,0.06152523225985606,0.0870098178900431,0.0,0.33333333333333337,,,0.0,0.6666666666666666,0.3333333333333333,0.25163158774375916,0.0,0.4326978921890259,,,0.0,,
test_group_0065,homogeneous_cluster_1,hybrid_mf_bayes_tuned_fairness,hybrid_mf_bayes,tuned_fairness,0.03333333333333333,0.07142857142857144,0.06625422345438904,0.06152523225985606,0.06152523225985606,0.0870098178900431,0.0,0.33333333333333337,,,0.0,0.6666666666666666,0.3333333333333333,0.25163158774375916,0.0,0.4326978921890259,,,0.0,0.0,
test_group_0065,homogeneous_cluster_1,mf_average,mf,average,0.03333333333333333,0.07142857142857144,0.085143117641621,0.07906590425643208,0.07906590425643208,0.11181607412073885,0.0,0.3333333333333333,,,0.0,0.6666666666666666,0.3333333333333333,0.35529109835624695,0.0,0.4326978921890259,,,0.0,,
test_group_0065,homogeneous_cluster_1,mf_dbscan_minority_nash,mf,dbscan_minority_nash,0.03333333333333333,0.07142857142857144,0.085143117641621,0.07906590425643208,0.07906590425643208,0.11181607412073885,0.0,0.3333333333333333,,,0.0,0.6666666666666666,0.3333333333333333,0.35529109835624695,0.0,0.4326978921890259,,,0.0,,2.0
test_group_0065,homogeneous_cluster_1,mf_least_misery,mf,least_misery,0.03333333333333333,0.07142857142857144,0.085143117641621,0.07906590425643208,0.07906590425643208,0.11181607412073885,0.0,0.3333333333333333,,,0.0,0.6666666666666666,0.3333333333333333,0.2850440442562103,0.0,0.4326978921890259,,,0.0,,
test_group_0065,homogeneous_cluster_1,mf_nash_welfare,mf,nash_welfare,0.03333333333333333,0.07142857142857144,0.085143117641621,0.07906590425643208,0.07906590425643208,0.11181607412073885,0.0,0.3333333333333333,,,0.0,0.6666666666666666,0.3333333333333333,0.35529109835624695,0.0,0.4326978921890259,,,0.0,,
test_group_0065,homogeneous_cluster_1,mf_tuned_fairness,mf,tuned_fairness,0.03333333333333333,0.07142857142857144,0.085143117641621,0.07906590425643208,0.07906590425643208,0.11181607412073885,0.0,0.3333333333333333,,,0.0,0.6666666666666666,0.3333333333333333,0.35529109835624695,0.0,0.4326978921890259,,,0.0,0.0,
test_group_0065,homogeneous_cluster_1,rating_user_knn_average,rating_user_knn,average,0.03333333333333333,0.07142857142857144,0.06625422345438904,0.06152523225985606,0.06152523225985606,0.0870098178900431,0.0,0.33333333333333337,,,0.0,0.6666666666666666,0.3333333333333333,0.5450273752212524,0.0,0.4326978921890259,,,0.0,,
test_group_0065,homogeneous_cluster_1,rating_user_knn_dbscan_minority_nash,rating_user_knn,dbscan_minority_nash,0.03333333333333333,0.07142857142857144,0.06625422345438904,0.06152523225985606,0.06152523225985606,0.0870098178900431,0.0,0.33333333333333337,,,0.0,0.6666666666666666,0.3333333333333333,0.5023643970489502,0.0,0.4326978921890259,,,0.0,,2.0
test_group_0065,homogeneous_cluster_1,rating_user_knn_least_misery,rating_user_knn,least_misery,0.0,0.0,0.0,0.0,0.0,0.0,0.0,0.0,,,0.0,1.0,0.0,0.5353243350982666,0.0,0.4326978921890259,,,0.0,,
test_group_0065,homogeneous_cluster_1,rating_user_knn_nash_welfare,rating_user_knn,nash_welfare,0.03333333333333333,0.07142857142857144,0.06625422345438904,0.06152523225985606,0.06152523225985606,0.0870098178900431,0.0,0.33333333333333337,,,0.0,0.6666666666666666,0.3333333333333333,0.5023643970489502,0.0,0.4326978921890259,,,0.0,,
test_group_0065,homogeneous_cluster_1,rating_user_knn_tuned_fairness,rating_user_knn,tuned_fairness,0.03333333333333333,0.07142857142857144,0.06625422345438904,0.06152523225985606,0.06152523225985606,0.0870098178900431,0.0,0.33333333333333337,,,0.0,0.6666666666666666,0.3333333333333333,0.5450273752212524,0.0,0.4326978921890259,,,0.0,0.0,
test_group_0066,homogeneous_cluster_1,hybrid_mf_bayes_average,hybrid_mf_bayes,average,0.06666666666666667,0.052631578947368404,0.2336508082431053,0.07788360274770179,0.07788360274770179,0.11014404729227832,0.0,0.3333333333333333,,,0.0,0.6666666666666666,0.3333333333333333,0.26065000891685486,0.0,0.5978691577911377,,,0.0,,
test_group_0066,homogeneous_cluster_1,hybrid_mf_bayes_dbscan_minority_nash,hybrid_mf_bayes,dbscan_minority_nash,0.06666666666666667,0.052631578947368404,0.2336508082431053,0.07788360274770179,0.07788360274770179,0.11014404729227832,0.0,0.3333333333333333,,,0.0,0.6666666666666666,0.3333333333333333,0.26065000891685486,0.0,0.5978691577911377,,,0.0,,2.0
test_group_0066,homogeneous_cluster_1,hybrid_mf_bayes_least_misery,hybrid_mf_bayes,least_misery,0.06666666666666667,0.052631578947368404,0.22400556151517553,0.07466852050505852,0.07466852050505852,0.1055972343805873,0.0,0.3333333333333333,,,0.0,0.6666666666666666,0.3333333333333333,0.22611171007156372,0.0,0.5978691577911377,,,0.0,,
test_group_0066,homogeneous_cluster_1,hybrid_mf_bayes_nash_welfare,hybrid_mf_bayes,nash_welfare,0.06666666666666667,0.052631578947368404,0.2336508082431053,0.07788360274770179,0.07788360274770179,0.11014404729227832,0.0,0.3333333333333333,,,0.0,0.6666666666666666,0.3333333333333333,0.26065000891685486,0.0,0.5978691577911377,,,0.0,,
test_group_0066,homogeneous_cluster_1,hybrid_mf_bayes_tuned_fairness,hybrid_mf_bayes,tuned_fairness,0.06666666666666667,0.052631578947368404,0.2336508082431053,0.07788360274770179,0.07788360274770179,0.11014404729227832,0.0,0.3333333333333333,,,0.0,0.6666666666666666,0.3333333333333333,0.26065000891685486,0.0,0.5978691577911377,,,0.0,0.0,
test_group_0066,homogeneous_cluster_1,mf_average,mf,average,0.06666666666666667,0.052631578947368404,0.24890832702259463,0.08296944234086488,0.08296944234086488,0.11733651062098364,0.0,0.3333333333333333,,,0.0,0.6666666666666666,0.3333333333333333,0.27449268102645874,0.0,0.5978691577911377,,,0.0,,
test_group_0066,homogeneous_cluster_1,mf_dbscan_minority_nash,mf,dbscan_minority_nash,0.06666666666666667,0.052631578947368404,0.24890832702259463,0.08296944234086488,0.08296944234086488,0.11733651062098364,0.0,0.3333333333333333,,,0.0,0.6666666666666666,0.3333333333333333,0.27449268102645874,0.0,0.5978691577911377,,,0.0,,2.0
test_group_0066,homogeneous_cluster_1,mf_least_misery,mf,least_misery,0.1,0.07894736842105261,0.31252911522154636,0.10417637174051546,0.10417637174051546,0.14732763779425817,0.0,0.3333333333333333,,,0.0,0.6666666666666666,0.3333333333333333,0.26731225848197937,0.0,0.5978691577911377,,,0.0,,
test_group_0066,homogeneous_cluster_1,mf_nash_welfare,mf,nash_welfare,0.06666666666666667,0.052631578947368404,0.24890832702259463,0.08296944234086488,0.08296944234086488,0.11733651062098364,0.0,0.3333333333333333,,,0.0,0.6666666666666666,0.3333333333333333,0.27449268102645874,0.0,0.5978691577911377,,,0.0,,
test_group_0066,homogeneous_cluster_1,mf_tuned_fairness,mf,tuned_fairness,0.06666666666666667,0.052631578947368404,0.24890832702259463,0.08296944234086488,0.08296944234086488,0.11733651062098364,0.0,0.3333333333333333,,,0.0,0.6666666666666666,0.3333333333333333,0.27449268102645874,0.0,0.5978691577911377,,,0.0,0.0,
test_group_0066,homogeneous_cluster_1,rating_user_knn_average,rating_user_knn,average,0.06666666666666667,0.052631578947368404,0.19518900079066107,0.0650630002635537,0.0650630002635537,0.09201297738140189,0.0,0.3333333333333333,,,0.0,0.6666666666666666,0.3333333333333333,0.4584501385688782,0.0,0.5978691577911377,,,0.0,,
test_group_0066,homogeneous_cluster_1,rating_user_knn_dbscan_minority_nash,rating_user_knn,dbscan_minority_nash,0.06666666666666667,0.052631578947368404,0.19518900079066107,0.0650630002635537,0.0650630002635537,0.09201297738140189,0.0,0.3333333333333333,,,0.0,0.6666666666666666,0.3333333333333333,0.4584501385688782,0.0,0.5978691577911377,,,0.0,,2.0
test_group_0066,homogeneous_cluster_1,rating_user_knn_least_misery,rating_user_knn,least_misery,0.06666666666666667,0.052631578947368404,0.19518900079066107,0.0650630002635537,0.0650630002635537,0.09201297738140189,0.0,0.3333333333333333,,,0.0,0.6666666666666666,0.3333333333333333,0.4887320101261139,0.0,0.5978691577911377,,,0.0,,
test_group_0066,homogeneous_cluster_1,rating_user_knn_nash_welfare,rating_user_knn,nash_welfare,0.06666666666666667,0.052631578947368404,0.19518900079066107,0.0650630002635537,0.0650630002635537,0.09201297738140189,0.0,0.3333333333333333,,,0.0,0.6666666666666666,0.3333333333333333,0.4584501385688782,0.0,0.5978691577911377,,,0.0,,
test_group_0066,homogeneous_cluster_1,rating_user_knn_tuned_fairness,rating_user_knn,tuned_fairness,0.06666666666666667,0.052631578947368404,0.19518900079066107,0.0650630002635537,0.0650630002635537,0.09201297738140189,0.0,0.3333333333333333,,,0.0,0.6666666666666666,0.3333333333333333,0.4584501385688782,0.0,0.5978691577911377,,,0.0,0.0,
test_group_0067,homogeneous_cluster_1,hybrid_mf_bayes_average,hybrid_mf_bayes,average,0.06666666666666667,0.03921568627450981,0.13305201013572898,0.044350670045243006,0.044350670045243006,0.06272131907831682,0.0,0.3333333333333333,,,0.0,0.6666666666666666,0.3333333333333333,0.2062244564294815,0.0,0.3503763675689697,,,0.0,,
test_group_0067,homogeneous_cluster_1,hybrid_mf_bayes_dbscan_minority_nash,hybrid_mf_bayes,dbscan_minority_nash,0.06666666666666667,0.03921568627450981,0.13305201013572898,0.044350670045243006,0.044350670045243006,0.06272131907831682,0.0,0.3333333333333333,,,0.0,0.6666666666666666,0.3333333333333333,0.2062244564294815,0.0,0.3503763675689697,,,0.0,,2.0
test_group_0067,homogeneous_cluster_1,hybrid_mf_bayes_least_misery,hybrid_mf_bayes,least_misery,0.06666666666666667,0.03921568627450981,0.14201905717762703,0.047339685725875685,0.047339685725875685,0.06694842559201342,0.0,0.3333333333333333,,,0.0,0.6666666666666666,0.3333333333333333,0.2062244862318039,0.0,0.3503763675689697,,,0.0,,
test_group_0067,homogeneous_cluster_1,hybrid_mf_bayes_nash_welfare,hybrid_mf_bayes,nash_welfare,0.06666666666666667,0.03921568627450981,0.13305201013572898,0.044350670045243006,0.044350670045243006,0.06272131907831682,0.0,0.3333333333333333,,,0.0,0.6666666666666666,0.3333333333333333,0.2062244564294815,0.0,0.3503763675689697,,,0.0,,
test_group_0067,homogeneous_cluster_1,hybrid_mf_bayes_tuned_fairness,hybrid_mf_bayes,tuned_fairness,0.06666666666666667,0.03921568627450981,0.13305201013572898,0.044350670045243006,0.044350670045243006,0.06272131907831682,0.0,0.3333333333333333,,,0.0,0.6666666666666666,0.3333333333333333,0.2062244564294815,0.0,0.3503763675689697,,,0.0,0.0,
test_group_0067,homogeneous_cluster_1,mf_average,mf,average,0.03333333333333333,0.019607843137254905,0.06943122193677727,0.023143740645592426,0.023143740645592426,0.03273019190504226,0.0,0.3333333333333333,,,0.0,0.6666666666666666,0.3333333333333333,0.26939111948013306,0.0,0.3503763675689697,,,0.0,,
test_group_0067,homogeneous_cluster_1,mf_dbscan_minority_nash,mf,dbscan_minority_nash,0.03333333333333333,0.019607843137254905,0.06943122193677727,0.023143740645592426,0.023143740645592426,0.03273019190504226,0.0,0.3333333333333333,,,0.0,0.6666666666666666,0.3333333333333333,0.26939111948013306,0.0,0.3503763675689697,,,0.0,,2.0
test_group_0067,homogeneous_cluster_1,mf_least_misery,mf,least_misery,0.06666666666666667,0.03921568627450981,0.1478294909154526,0.049276496971817546,0.049276496971817546,0.06968749032378113,0.0,0.3333333333333333,,,0.0,0.6666666666666666,0.3333333333333333,0.2560245990753174,0.0,0.3503763675689697,,,0.0,,
test_group_0067,homogeneous_cluster_1,mf_nash_welfare,mf,nash_welfare,0.03333333333333333,0.019607843137254905,0.06943122193677727,0.023143740645592426,0.023143740645592426,0.03273019190504226,0.0,0.3333333333333333,,,0.0,0.6666666666666666,0.3333333333333333,0.26939111948013306,0.0,0.3503763675689697,,,0.0,,
test_group_0067,homogeneous_cluster_1,mf_tuned_fairness,mf,tuned_fairness,0.03333333333333333,0.019607843137254905,0.06943122193677727,0.023143740645592426,0.023143740645592426,0.03273019190504226,0.0,0.3333333333333333,,,0.0,0.6666666666666666,0.3333333333333333,0.26939111948013306,0.0,0.3503763675689697,,,0.0,0.0,
test_group_0067,homogeneous_cluster_1,rating_user_knn_average,rating_user_knn,average,0.03333333333333333,0.019607843137254905,0.22009176629808017,0.07336392209936006,0.07336392209936006,0.10375225362179824,0.0,0.33333333333333337,,,0.0,0.6666666666666666,0.3333333333333333,0.5368397831916809,0.0,0.3503763675689697,,,0.0,,
test_group_0067,homogeneous_cluster_1,rating_user_knn_dbscan_minority_nash,rating_user_knn,dbscan_minority_nash,0.03333333333333333,0.019607843137254905,0.22009176629808017,0.07336392209936006,0.07336392209936006,0.10375225362179824,0.0,0.33333333333333337,,,0.0,0.6666666666666666,0.3333333333333333,0.5368397831916809,0.0,0.3503763675689697,,,0.0,,2.0
test_group_0067,homogeneous_cluster_1,rating_user_knn_least_misery,rating_user_knn,least_misery,0.03333333333333333,0.019607843137254905,0.22009176629808017,0.07336392209936006,0.07336392209936006,0.10375225362179824,0.0,0.33333333333333337,,,0.0,0.6666666666666666,0.3333333333333333,0.45856788754463196,0.0,0.3503763675689697,,,0.0,,
test_group_0067,homogeneous_cluster_1,rating_user_knn_nash_welfare,rating_user_knn,nash_welfare,0.03333333333333333,0.019607843137254905,0.22009176629808017,0.07336392209936006,0.07336392209936006,0.10375225362179824,0.0,0.33333333333333337,,,0.0,0.6666666666666666,0.3333333333333333,0.5368397831916809,0.0,0.3503763675689697,,,0.0,,
test_group_0067,homogeneous_cluster_1,rating_user_knn_tuned_fairness,rating_user_knn,tuned_fairness,0.03333333333333333,0.019607843137254905,0.22009176629808017,0.07336392209936006,0.07336392209936006,0.10375225362179824,0.0,0.33333333333333337,,,0.0,0.6666666666666666,0.3333333333333333,0.5368397831916809,0.0,0.3503763675689697,,,0.0,0.0,
test_group_0068,homogeneous_cluster_1,hybrid_mf_bayes_average,hybrid_mf_bayes,average,0.0,0.0,0.0,0.0,0.0,0.0,0.0,0.0,,,0.0,1.0,0.0,0.22134901583194733,0.0,0.48441195487976074,,,0.0,,
test_group_0068,homogeneous_cluster_1,hybrid_mf_bayes_dbscan_minority_nash,hybrid_mf_bayes,dbscan_minority_nash,0.0,0.0,0.0,0.0,0.0,0.0,0.0,0.0,,,0.0,1.0,0.0,0.22134901583194733,0.0,0.48441195487976074,,,0.0,,2.0
test_group_0068,homogeneous_cluster_1,hybrid_mf_bayes_least_misery,hybrid_mf_bayes,least_misery,0.0,0.0,0.0,0.0,0.0,0.0,0.0,0.0,,,0.0,1.0,0.0,0.22500751912593842,0.0,0.48441195487976074,,,0.0,,
test_group_0068,homogeneous_cluster_1,hybrid_mf_bayes_nash_welfare,hybrid_mf_bayes,nash_welfare,0.0,0.0,0.0,0.0,0.0,0.0,0.0,0.0,,,0.0,1.0,0.0,0.22134901583194733,0.0,0.48441195487976074,,,0.0,,
test_group_0068,homogeneous_cluster_1,hybrid_mf_bayes_tuned_fairness,hybrid_mf_bayes,tuned_fairness,0.0,0.0,0.0,0.0,0.0,0.0,0.0,0.0,,,0.0,1.0,0.0,0.22134901583194733,0.0,0.48441195487976074,,,0.0,0.0,
test_group_0068,homogeneous_cluster_1,mf_average,mf,average,0.0,0.0,0.0,0.0,0.0,0.0,0.0,0.0,,,0.0,1.0,0.0,0.2425081729888916,0.0,0.48441195487976074,,,0.0,,
test_group_0068,homogeneous_cluster_1,mf_dbscan_minority_nash,mf,dbscan_minority_nash,0.0,0.0,0.0,0.0,0.0,0.0,0.0,0.0,,,0.0,1.0,0.0,0.2425081729888916,0.0,0.48441195487976074,,,0.0,,2.0
test_group_0068,homogeneous_cluster_1,mf_least_misery,mf,least_misery,0.0,0.0,0.0,0.0,0.0,0.0,0.0,0.0,,,0.0,1.0,0.0,0.2540460228919983,0.0,0.48441195487976074,,,0.0,,
test_group_0068,homogeneous_cluster_1,mf_nash_welfare,mf,nash_welfare,0.0,0.0,0.0,0.0,0.0,0.0,0.0,0.0,,,0.0,1.0,0.0,0.2425081729888916,0.0,0.48441195487976074,,,0.0,,
test_group_0068,homogeneous_cluster_1,mf_tuned_fairness,mf,tuned_fairness,0.0,0.0,0.0,0.0,0.0,0.0,0.0,0.0,,,0.0,1.0,0.0,0.2425081729888916,0.0,0.48441195487976074,,,0.0,0.0,
test_group_0068,homogeneous_cluster_1,rating_user_knn_average,rating_user_knn,average,0.0,0.0,0.0,0.0,0.0,0.0,0.0,0.0,,,0.0,1.0,0.0,0.45225733518600464,0.0,0.48441195487976074,,,0.0,,
test_group_0068,homogeneous_cluster_1,rating_user_knn_dbscan_minority_nash,rating_user_knn,dbscan_minority_nash,0.0,0.0,0.0,0.0,0.0,0.0,0.0,0.0,,,0.0,1.0,0.0,0.39693260192871094,0.0,0.48441195487976074,,,0.0,,2.0
test_group_0068,homogeneous_cluster_1,rating_user_knn_least_misery,rating_user_knn,least_misery,0.0,0.0,0.0,0.0,0.0,0.0,0.0,0.0,,,0.0,1.0,0.0,0.4561362862586975,0.0,0.48441195487976074,,,0.0,,
test_group_0068,homogeneous_cluster_1,rating_user_knn_nash_welfare,rating_user_knn,nash_welfare,0.0,0.0,0.0,0.0,0.0,0.0,0.0,0.0,,,0.0,1.0,0.0,0.39693260192871094,0.0,0.48441195487976074,,,0.0,,
test_group_0068,homogeneous_cluster_1,rating_user_knn_tuned_fairness,rating_user_knn,tuned_fairness,0.0,0.0,0.0,0.0,0.0,0.0,0.0,0.0,,,0.0,1.0,0.0,0.45225733518600464,0.0,0.48441195487976074,,,0.0,0.0,
test_group_0069,homogeneous_cluster_1,hybrid_mf_bayes_average,hybrid_mf_bayes,average,0.03333333333333333,0.019230769230769235,0.06943122193677727,0.023143740645592426,0.023143740645592426,0.03273019190504226,0.0,0.3333333333333333,,,0.0,0.6666666666666666,0.3333333333333333,0.22777467966079712,0.0,0.29298165440559387,,,0.0,,
test_group_0069,homogeneous_cluster_1,hybrid_mf_bayes_dbscan_minority_nash,hybrid_mf_bayes,dbscan_minority_nash,0.03333333333333333,0.019230769230769235,0.06625422345438904,0.022084741151463014,0.022084741151463014,0.031232540457898198,0.0,0.33333333333333337,,,0.0,0.6666666666666666,0.3333333333333333,0.2277747094631195,0.0,0.29298165440559387,,,0.0,,2.0
test_group_0069,homogeneous_cluster_1,hybrid_mf_bayes_least_misery,hybrid_mf_bayes,least_misery,0.0,0.0,0.0,0.0,0.0,0.0,0.0,0.0,,,0.0,1.0,0.0,0.23402777314186096,0.0,0.29298165440559387,,,0.0,,
test_group_0069,homogeneous_cluster_1,hybrid_mf_bayes_nash_welfare,hybrid_mf_bayes,nash_welfare,0.03333333333333333,0.019230769230769235,0.06625422345438904,0.022084741151463014,0.022084741151463014,0.031232540457898198,0.0,0.33333333333333337,,,0.0,0.6666666666666666,0.3333333333333333,0.2277747094631195,0.0,0.29298165440559387,,,0.0,,
test_group_0069,homogeneous_cluster_1,hybrid_mf_bayes_tuned_fairness,hybrid_mf_bayes,tuned_fairness,0.03333333333333333,0.019230769230769235,0.06943122193677727,0.023143740645592426,0.023143740645592426,0.03273019190504226,0.0,0.3333333333333333,,,0.0,0.6666666666666666,0.3333333333333333,0.22777467966079712,0.0,0.29298165440559387,,,0.0,0.0,
test_group_0069,homogeneous_cluster_1,mf_average,mf,average,0.06666666666666667,0.03846153846153847,0.15139734109601002,0.050465780365336686,0.050465780365336686,0.07136939102840098,0.0,0.3333333333333333,,,0.0,0.6666666666666666,0.3333333333333333,0.2606014907360077,0.0,0.29298165440559387,,,0.0,,
test_group_0069,homogeneous_cluster_1,mf_dbscan_minority_nash,mf,dbscan_minority_nash,0.06666666666666667,0.03846153846153847,0.15139734109601002,0.050465780365336686,0.050465780365336686,0.07136939102840098,0.0,0.3333333333333333,,,0.0,0.6666666666666666,0.3333333333333333,0.2606014907360077,0.0,0.29298165440559387,,,0.0,,2.0
test_group_0069,homogeneous_cluster_1,mf_least_misery,mf,least_misery,0.03333333333333333,0.019230769230769235,0.07839826897867533,0.026132756326225113,0.026132756326225113,0.036957298418738856,0.0,0.33333333333333337,,,0.0,0.6666666666666666,0.3333333333333333,0.25130394101142883,0.0,0.29298165440559387,,,0.0,,
test_group_0069,homogeneous_cluster_1,mf_nash_welfare,mf,nash_welfare,0.06666666666666667,0.03846153846153847,0.15139734109601002,0.050465780365336686,0.050465780365336686,0.07136939102840098,0.0,0.3333333333333333,,,0.0,0.6666666666666666,0.3333333333333333,0.2606014907360077,0.0,0.29298165440559387,,,0.0,,
test_group_0069,homogeneous_cluster_1,mf_tuned_fairness,mf,tuned_fairness,0.06666666666666667,0.03846153846153847,0.15139734109601002,0.050465780365336686,0.050465780365336686,0.07136939102840098,0.0,0.3333333333333333,,,0.0,0.6666666666666666,0.3333333333333333,0.2606014907360077,0.0,0.29298165440559387,,,0.0,0.0,
test_group_0069,homogeneous_cluster_1,rating_user_knn_average,rating_user_knn,average,0.03333333333333333,0.019230769230769235,0.06625422345438904,0.022084741151463014,0.022084741151463014,0.031232540457898198,0.0,0.33333333333333337,,,0.0,0.6666666666666666,0.3333333333333333,0.4238278567790985,0.0,0.29298165440559387,,,0.0,,
test_group_0069,homogeneous_cluster_1,rating_user_knn_dbscan_minority_nash,rating_user_knn,dbscan_minority_nash,0.03333333333333333,0.019230769230769235,0.06625422345438904,0.022084741151463014,0.022084741151463014,0.031232540457898198,0.0,0.33333333333333337,,,0.0,0.6666666666666666,0.3333333333333333,0.4238278567790985,0.0,0.29298165440559387,,,0.0,,2.0
test_group_0069,homogeneous_cluster_1,rating_user_knn_least_misery,rating_user_knn,least_misery,0.03333333333333333,0.019230769230769235,0.07839826897867533,0.026132756326225113,0.026132756326225113,0.036957298418738856,0.0,0.33333333333333337,,,0.0,0.6666666666666666,0.3333333333333333,0.5183833837509155,0.0,0.29298165440559387,,,0.0,,
test_group_0069,homogeneous_cluster_1,rating_user_knn_nash_welfare,rating_user_knn,nash_welfare,0.03333333333333333,0.019230769230769235,0.06625422345438904,0.022084741151463014,0.022084741151463014,0.031232540457898198,0.0,0.33333333333333337,,,0.0,0.6666666666666666,0.3333333333333333,0.4238278567790985,0.0,0.29298165440559387,,,0.0,,
test_group_0069,homogeneous_cluster_1,rating_user_knn_tuned_fairness,rating_user_knn,tuned_fairness,0.03333333333333333,0.019230769230769235,0.06625422345438904,0.022084741151463014,0.022084741151463014,0.031232540457898198,0.0,0.33333333333333337,,,0.0,0.6666666666666666,0.3333333333333333,0.4238278567790985,0.0,0.29298165440559387,,,0.0,0.0,
test_group_0070,homogeneous_cluster_1,hybrid_mf_bayes_average,hybrid_mf_bayes,average,0.03333333333333333,0.018867924528301893,0.113813114479808,0.04628748129118485,0.04628748129118485,0.06546038381008452,0.0,0.3333333333333333,,,0.0,0.6666666666666666,0.3333333333333333,0.2551107704639435,0.0,0.4094100892543793,,,0.0,,
test_group_0070,homogeneous_cluster_1,hybrid_mf_bayes_dbscan_minority_nash,hybrid_mf_bayes,dbscan_minority_nash,0.03333333333333333,0.018867924528301893,0.113813114479808,0.04628748129118485,0.04628748129118485,0.06546038381008452,0.0,0.3333333333333333,,,0.0,0.6666666666666666,0.3333333333333333,0.2551107704639435,0.0,0.4094100892543793,,,0.0,,2.0
test_group_0070,homogeneous_cluster_1,hybrid_mf_bayes_least_misery,hybrid_mf_bayes,least_misery,0.03333333333333333,0.018867924528301893,0.113813114479808,0.04628748129118485,0.04628748129118485,0.06546038381008452,0.0,0.3333333333333333,,,0.0,0.6666666666666666,0.3333333333333333,0.2551107704639435,0.0,0.4094100892543793,,,0.0,,
test_group_0070,homogeneous_cluster_1,hybrid_mf_bayes_nash_welfare,hybrid_mf_bayes,nash_welfare,0.03333333333333333,0.018867924528301893,0.113813114479808,0.04628748129118485,0.04628748129118485,0.06546038381008452,0.0,0.3333333333333333,,,0.0,0.6666666666666666,0.3333333333333333,0.2551107704639435,0.0,0.4094100892543793,,,0.0,,
test_group_0070,homogeneous_cluster_1,hybrid_mf_bayes_tuned_fairness,hybrid_mf_bayes,tuned_fairness,0.03333333333333333,0.018867924528301893,0.113813114479808,0.04628748129118485,0.04628748129118485,0.06546038381008452,0.0,0.3333333333333333,,,0.0,0.6666666666666666,0.3333333333333333,0.2551107704639435,0.0,0.4094100892543793,,,0.0,0.0,
test_group_0070,homogeneous_cluster_1,mf_average,mf,average,0.03333333333333333,0.018867924528301893,0.113813114479808,0.04628748129118485,0.04628748129118485,0.06546038381008452,0.0,0.3333333333333333,,,0.0,0.6666666666666666,0.3333333333333333,0.2555082142353058,0.0,0.4094100892543793,,,0.0,,
test_group_0070,homogeneous_cluster_1,mf_dbscan_minority_nash,mf,dbscan_minority_nash,0.03333333333333333,0.018867924528301893,0.113813114479808,0.04628748129118485,0.04628748129118485,0.06546038381008452,0.0,0.3333333333333333,,,0.0,0.6666666666666666,0.3333333333333333,0.2555082142353058,0.0,0.4094100892543793,,,0.0,,2.0
test_group_0070,homogeneous_cluster_1,mf_least_misery,mf,least_misery,0.03333333333333333,0.018867924528301893,0.113813114479808,0.04628748129118485,0.04628748129118485,0.06546038381008452,0.0,0.3333333333333333,,,0.0,0.6666666666666666,0.3333333333333333,0.22865113615989685,0.0,0.4094100892543793,,,0.0,,
test_group_0070,homogeneous_cluster_1,mf_nash_welfare,mf,nash_welfare,0.03333333333333333,0.018867924528301893,0.113813114479808,0.04628748129118485,0.04628748129118485,0.06546038381008452,0.0,0.3333333333333333,,,0.0,0.6666666666666666,0.3333333333333333,0.2555082142353058,0.0,0.4094100892543793,,,0.0,,
test_group_0070,homogeneous_cluster_1,mf_tuned_fairness,mf,tuned_fairness,0.03333333333333333,0.018867924528301893,0.113813114479808,0.04628748129118485,0.04628748129118485,0.06546038381008452,0.0,0.3333333333333333,,,0.0,0.6666666666666666,0.3333333333333333,0.2555082142353058,0.0,0.4094100892543793,,,0.0,0.0,
test_group_0070,homogeneous_cluster_1,rating_user_knn_average,rating_user_knn,average,0.03333333333333333,0.018867924528301893,0.1803895185407797,0.07336392209936006,0.07336392209936006,0.10375225362179824,0.0,0.33333333333333337,,,0.0,0.6666666666666666,0.3333333333333333,0.40686848759651184,0.0,0.4094100892543793,,,0.0,,
test_group_0070,homogeneous_cluster_1,rating_user_knn_dbscan_minority_nash,rating_user_knn,dbscan_minority_nash,0.03333333333333333,0.018867924528301893,0.1803895185407797,0.07336392209936006,0.07336392209936006,0.10375225362179824,0.0,0.33333333333333337,,,0.0,0.6666666666666666,0.3333333333333333,0.40686848759651184,0.0,0.4094100892543793,,,0.0,,2.0
test_group_0070,homogeneous_cluster_1,rating_user_knn_least_misery,rating_user_knn,least_misery,0.03333333333333333,0.018867924528301893,0.1803895185407797,0.07336392209936006,0.07336392209936006,0.10375225362179824,0.0,0.33333333333333337,,,0.0,0.6666666666666666,0.3333333333333333,0.2809177041053772,0.0,0.4094100892543793,,,0.0,,
test_group_0070,homogeneous_cluster_1,rating_user_knn_nash_welfare,rating_user_knn,nash_welfare,0.03333333333333333,0.018867924528301893,0.1803895185407797,0.07336392209936006,0.07336392209936006,0.10375225362179824,0.0,0.33333333333333337,,,0.0,0.6666666666666666,0.3333333333333333,0.40686848759651184,0.0,0.4094100892543793,,,0.0,,
test_group_0070,homogeneous_cluster_1,rating_user_knn_tuned_fairness,rating_user_knn,tuned_fairness,0.03333333333333333,0.018867924528301893,0.1803895185407797,0.07336392209936006,0.07336392209936006,0.10375225362179824,0.0,0.33333333333333337,,,0.0,0.6666666666666666,0.3333333333333333,0.40686848759651184,0.0,0.4094100892543793,,,0.0,0.0,
test_group_0071,homogeneous_cluster_1,hybrid_mf_bayes_average,hybrid_mf_bayes,average,0.0,0.0,0.0,0.0,0.0,0.0,0.0,0.0,,,0.0,1.0,0.0,0.217795267701149,0.0,0.3433908522129059,,,0.0,,
test_group_0071,homogeneous_cluster_1,hybrid_mf_bayes_dbscan_minority_nash,hybrid_mf_bayes,dbscan_minority_nash,0.0,0.0,0.0,0.0,0.0,0.0,0.0,0.0,,,0.0,1.0,0.0,0.217795267701149,0.0,0.3433908522129059,,,0.0,,2.0
test_group_0071,homogeneous_cluster_1,hybrid_mf_bayes_least_misery,hybrid_mf_bayes,least_misery,0.0,0.0,0.0,0.0,0.0,0.0,0.0,0.0,,,0.0,1.0,0.0,0.2033449411392212,0.0,0.3433908522129059,,,0.0,,
test_group_0071,homogeneous_cluster_1,hybrid_mf_bayes_nash_welfare,hybrid_mf_bayes,nash_welfare,0.0,0.0,0.0,0.0,0.0,0.0,0.0,0.0,,,0.0,1.0,0.0,0.217795267701149,0.0,0.3433908522129059,,,0.0,,
test_group_0071,homogeneous_cluster_1,hybrid_mf_bayes_tuned_fairness,hybrid_mf_bayes,tuned_fairness,0.0,0.0,0.0,0.0,0.0,0.0,0.0,0.0,,,0.0,1.0,0.0,0.217795267701149,0.0,0.3433908522129059,,,0.0,0.0,
test_group_0071,homogeneous_cluster_1,mf_average,mf,average,0.03333333333333333,0.03703703703703703,0.06943122193677727,0.023143740645592426,0.023143740645592426,0.03273019190504226,0.0,0.3333333333333333,,,0.0,0.6666666666666666,0.3333333333333333,0.2784973680973053,0.0,0.3433908522129059,,,0.0,,
test_group_0071,homogeneous_cluster_1,mf_dbscan_minority_nash,mf,dbscan_minority_nash,0.03333333333333333,0.03703703703703703,0.07336392209936006,0.024454640699786687,0.024454640699786687,0.03458408454059941,0.0,0.33333333333333337,,,0.0,0.6666666666666666,0.3333333333333333,0.2784973680973053,0.0,0.3433908522129059,,,0.0,,2.0
test_group_0071,homogeneous_cluster_1,mf_least_misery,mf,least_misery,0.03333333333333333,0.03703703703703703,0.09478836436955076,0.03159612145651693,0.03159612145651693,0.04468366348219379,0.0,0.3333333333333333,,,0.0,0.6666666666666666,0.3333333333333333,0.23952123522758484,0.0,0.3433908522129059,,,0.0,,
test_group_0071,homogeneous_cluster_1,mf_nash_welfare,mf,nash_welfare,0.03333333333333333,0.03703703703703703,0.07336392209936006,0.024454640699786687,0.024454640699786687,0.03458408454059941,0.0,0.33333333333333337,,,0.0,0.6666666666666666,0.3333333333333333,0.2784973680973053,0.0,0.3433908522129059,,,0.0,,
test_group_0071,homogeneous_cluster_1,mf_tuned_fairness,mf,tuned_fairness,0.03333333333333333,0.03703703703703703,0.06943122193677727,0.023143740645592426,0.023143740645592426,0.03273019190504226,0.0,0.3333333333333333,,,0.0,0.6666666666666666,0.3333333333333333,0.2784973680973053,0.0,0.3433908522129059,,,0.0,0.0,
test_group_0071,homogeneous_cluster_1,rating_user_knn_average,rating_user_knn,average,0.0,0.0,0.0,0.0,0.0,0.0,0.0,0.0,,,0.0,1.0,0.0,0.3917897641658783,0.0,0.3433908522129059,,,0.0,,
test_group_0071,homogeneous_cluster_1,rating_user_knn_dbscan_minority_nash,rating_user_knn,dbscan_minority_nash,0.0,0.0,0.0,0.0,0.0,0.0,0.0,0.0,,,0.0,1.0,0.0,0.42834022641181946,0.0,0.3433908522129059,,,0.0,,2.0
test_group_0071,homogeneous_cluster_1,rating_user_knn_least_misery,rating_user_knn,least_misery,0.0,0.0,0.0,0.0,0.0,0.0,0.0,0.0,,,0.0,1.0,0.0,0.50133216381073,0.0,0.3433908522129059,,,0.0,,
test_group_0071,homogeneous_cluster_1,rating_user_knn_nash_welfare,rating_user_knn,nash_welfare,0.0,0.0,0.0,0.0,0.0,0.0,0.0,0.0,,,0.0,1.0,0.0,0.42834022641181946,0.0,0.3433908522129059,,,0.0,,
test_group_0071,homogeneous_cluster_1,rating_user_knn_tuned_fairness,rating_user_knn,tuned_fairness,0.0,0.0,0.0,0.0,0.0,0.0,0.0,0.0,,,0.0,1.0,0.0,0.3917897641658783,0.0,0.3433908522129059,,,0.0,0.0,
test_group_0072,homogeneous_cluster_1,hybrid_mf_bayes_average,hybrid_mf_bayes,average,0.0,0.0,0.0,0.0,0.0,0.0,0.0,0.0,,,0.0,1.0,0.0,0.2385179102420807,0.0,0.4492502212524414,,,0.0,,
test_group_0072,homogeneous_cluster_1,hybrid_mf_bayes_dbscan_minority_nash,hybrid_mf_bayes,dbscan_minority_nash,0.0,0.0,0.0,0.0,0.0,0.0,0.0,0.0,,,0.0,1.0,0.0,0.2385179102420807,0.0,0.4492502212524414,,,0.0,,2.0
test_group_0072,homogeneous_cluster_1,hybrid_mf_bayes_least_misery,hybrid_mf_bayes,least_misery,0.0,0.0,0.0,0.0,0.0,0.0,0.0,0.0,,,0.0,1.0,0.0,0.21508727967739105,0.0,0.4492502212524414,,,0.0,,
test_group_0072,homogeneous_cluster_1,hybrid_mf_bayes_nash_welfare,hybrid_mf_bayes,nash_welfare,0.0,0.0,0.0,0.0,0.0,0.0,0.0,0.0,,,0.0,1.0,0.0,0.2385179102420807,0.0,0.4492502212524414,,,0.0,,
test_group_0072,homogeneous_cluster_1,hybrid_mf_bayes_tuned_fairness,hybrid_mf_bayes,tuned_fairness,0.0,0.0,0.0,0.0,0.0,0.0,0.0,0.0,,,0.0,1.0,0.0,0.2385179102420807,0.0,0.4492502212524414,,,0.0,0.0,
test_group_0072,homogeneous_cluster_1,mf_average,mf,average,0.0,0.0,0.0,0.0,0.0,0.0,0.0,0.0,,,0.0,1.0,0.0,0.24080127477645874,0.0,0.4492502212524414,,,0.0,,
test_group_0072,homogeneous_cluster_1,mf_dbscan_minority_nash,mf,dbscan_minority_nash,0.0,0.0,0.0,0.0,0.0,0.0,0.0,0.0,,,0.0,1.0,0.0,0.24080127477645874,0.0,0.4492502212524414,,,0.0,,2.0
test_group_0072,homogeneous_cluster_1,mf_least_misery,mf,least_misery,0.0,0.0,0.0,0.0,0.0,0.0,0.0,0.0,,,0.0,1.0,0.0,0.22001565992832184,0.0,0.4492502212524414,,,0.0,,
test_group_0072,homogeneous_cluster_1,mf_nash_welfare,mf,nash_welfare,0.0,0.0,0.0,0.0,0.0,0.0,0.0,0.0,,,0.0,1.0,0.0,0.24080127477645874,0.0,0.4492502212524414,,,0.0,,
test_group_0072,homogeneous_cluster_1,mf_tuned_fairness,mf,tuned_fairness,0.0,0.0,0.0,0.0,0.0,0.0,0.0,0.0,,,0.0,1.0,0.0,0.24080127477645874,0.0,0.4492502212524414,,,0.0,0.0,
test_group_0072,homogeneous_cluster_1,rating_user_knn_average,rating_user_knn,average,0.0,0.0,0.0,0.0,0.0,0.0,0.0,0.0,,,0.0,1.0,0.0,0.4373079538345337,0.0,0.4492502212524414,,,0.0,,
test_group_0072,homogeneous_cluster_1,rating_user_knn_dbscan_minority_nash,rating_user_knn,dbscan_minority_nash,0.0,0.0,0.0,0.0,0.0,0.0,0.0,0.0,,,0.0,1.0,0.0,0.4373079538345337,0.0,0.4492502212524414,,,0.0,,2.0
test_group_0072,homogeneous_cluster_1,rating_user_knn_least_misery,rating_user_knn,least_misery,0.0,0.0,0.0,0.0,0.0,0.0,0.0,0.0,,,0.0,1.0,0.0,0.40503814816474915,0.0,0.4492502212524414,,,0.0,,
test_group_0072,homogeneous_cluster_1,rating_user_knn_nash_welfare,rating_user_knn,nash_welfare,0.0,0.0,0.0,0.0,0.0,0.0,0.0,0.0,,,0.0,1.0,0.0,0.4373079538345337,0.0,0.4492502212524414,,,0.0,,
test_group_0072,homogeneous_cluster_1,rating_user_knn_tuned_fairness,rating_user_knn,tuned_fairness,0.0,0.0,0.0,0.0,0.0,0.0,0.0,0.0,,,0.0,1.0,0.0,0.4373079538345337,0.0,0.4492502212524414,,,0.0,0.0,
test_group_0073,homogeneous_cluster_1,hybrid_mf_bayes_average,hybrid_mf_bayes,average,0.0,0.0,0.0,0.0,0.0,0.0,0.0,0.0,,,0.0,1.0,0.0,0.21565450727939606,0.0,0.4324190616607666,,,0.0,,
test_group_0073,homogeneous_cluster_1,hybrid_mf_bayes_dbscan_minority_nash,hybrid_mf_bayes,dbscan_minority_nash,0.0,0.0,0.0,0.0,0.0,0.0,0.0,0.0,,,0.0,1.0,0.0,0.21565450727939606,0.0,0.4324190616607666,,,0.0,,2.0
test_group_0073,homogeneous_cluster_1,hybrid_mf_bayes_least_misery,hybrid_mf_bayes,least_misery,0.0,0.0,0.0,0.0,0.0,0.0,0.0,0.0,,,0.0,1.0,0.0,0.20474278926849365,0.0,0.4324190616607666,,,0.0,,
test_group_0073,homogeneous_cluster_1,hybrid_mf_bayes_nash_welfare,hybrid_mf_bayes,nash_welfare,0.0,0.0,0.0,0.0,0.0,0.0,0.0,0.0,,,0.0,1.0,0.0,0.21565450727939606,0.0,0.4324190616607666,,,0.0,,
test_group_0073,homogeneous_cluster_1,hybrid_mf_bayes_tuned_fairness,hybrid_mf_bayes,tuned_fairness,0.0,0.0,0.0,0.0,0.0,0.0,0.0,0.0,,,0.0,1.0,0.0,0.21565450727939606,0.0,0.4324190616607666,,,0.0,0.0,
test_group_0073,homogeneous_cluster_1,mf_average,mf,average,0.0,0.0,0.0,0.0,0.0,0.0,0.0,0.0,,,0.0,1.0,0.0,0.25061625242233276,0.0,0.4324190616607666,,,0.0,,
test_group_0073,homogeneous_cluster_1,mf_dbscan_minority_nash,mf,dbscan_minority_nash,0.0,0.0,0.0,0.0,0.0,0.0,0.0,0.0,,,0.0,1.0,0.0,0.25061628222465515,0.0,0.4324190616607666,,,0.0,,2.0
test_group_0073,homogeneous_cluster_1,mf_least_misery,mf,least_misery,0.0,0.0,0.0,0.0,0.0,0.0,0.0,0.0,,,0.0,1.0,0.0,0.2129373550415039,0.0,0.4324190616607666,,,0.0,,
test_group_0073,homogeneous_cluster_1,mf_nash_welfare,mf,nash_welfare,0.0,0.0,0.0,0.0,0.0,0.0,0.0,0.0,,,0.0,1.0,0.0,0.25061628222465515,0.0,0.4324190616607666,,,0.0,,
test_group_0073,homogeneous_cluster_1,mf_tuned_fairness,mf,tuned_fairness,0.0,0.0,0.0,0.0,0.0,0.0,0.0,0.0,,,0.0,1.0,0.0,0.25061625242233276,0.0,0.4324190616607666,,,0.0,0.0,
test_group_0073,homogeneous_cluster_1,rating_user_knn_average,rating_user_knn,average,0.0,0.0,0.0,0.0,0.0,0.0,0.0,0.0,,,0.0,1.0,0.0,0.516652524471283,0.0,0.4324190616607666,,,0.0,,
test_group_0073,homogeneous_cluster_1,rating_user_knn_dbscan_minority_nash,rating_user_knn,dbscan_minority_nash,0.0,0.0,0.0,0.0,0.0,0.0,0.0,0.0,,,0.0,1.0,0.0,0.5166524648666382,0.0,0.4324190616607666,,,0.0,,2.0
test_group_0073,homogeneous_cluster_1,rating_user_knn_least_misery,rating_user_knn,least_misery,0.0,0.0,0.0,0.0,0.0,0.0,0.0,0.0,,,0.0,1.0,0.0,0.4617000222206116,0.0,0.4324190616607666,,,0.0,,
test_group_0073,homogeneous_cluster_1,rating_user_knn_nash_welfare,rating_user_knn,nash_welfare,0.0,0.0,0.0,0.0,0.0,0.0,0.0,0.0,,,0.0,1.0,0.0,0.5166524648666382,0.0,0.4324190616607666,,,0.0,,
test_group_0073,homogeneous_cluster_1,rating_user_knn_tuned_fairness,rating_user_knn,tuned_fairness,0.0,0.0,0.0,0.0,0.0,0.0,0.0,0.0,,,0.0,1.0,0.0,0.516652524471283,0.0,0.4324190616607666,,,0.0,0.0,
test_group_0074,homogeneous_cluster_1,hybrid_mf_bayes_average,hybrid_mf_bayes,average,0.03333333333333333,0.032258064516129024,0.0809783599221797,0.03668196104968003,0.03668196104968003,0.05187612681089912,0.0,0.33333333333333337,,,0.0,0.6666666666666666,0.3333333333333333,0.223113015294075,0.0,0.40057650208473206,,,0.0,,
test_group_0074,homogeneous_cluster_1,hybrid_mf_bayes_dbscan_minority_nash,hybrid_mf_bayes,dbscan_minority_nash,0.03333333333333333,0.032258064516129024,0.0809783599221797,0.03668196104968003,0.03668196104968003,0.05187612681089912,0.0,0.33333333333333337,,,0.0,0.6666666666666666,0.3333333333333333,0.223113015294075,0.0,0.40057650208473206,,,0.0,,2.0
test_group_0074,homogeneous_cluster_1,hybrid_mf_bayes_least_misery,hybrid_mf_bayes,least_misery,0.03333333333333333,0.032258064516129024,0.0809783599221797,0.03668196104968003,0.03668196104968003,0.05187612681089912,0.0,0.33333333333333337,,,0.0,0.6666666666666666,0.3333333333333333,0.19331245124340057,0.0,0.40057650208473206,,,0.0,,
test_group_0074,homogeneous_cluster_1,hybrid_mf_bayes_nash_welfare,hybrid_mf_bayes,nash_welfare,0.03333333333333333,0.032258064516129024,0.0809783599221797,0.03668196104968003,0.03668196104968003,0.05187612681089912,0.0,0.33333333333333337,,,0.0,0.6666666666666666,0.3333333333333333,0.223113015294075,0.0,0.40057650208473206,,,0.0,,
test_group_0074,homogeneous_cluster_1,hybrid_mf_bayes_tuned_fairness,hybrid_mf_bayes,tuned_fairness,0.03333333333333333,0.032258064516129024,0.0809783599221797,0.03668196104968003,0.03668196104968003,0.05187612681089912,0.0,0.33333333333333337,,,0.0,0.6666666666666666,0.3333333333333333,0.223113015294075,0.0,0.40057650208473206,,,0.0,0.0,
test_group_0074,homogeneous_cluster_1,mf_average,mf,average,0.03333333333333333,0.032258064516129024,0.10218331334064326,0.04628748129118485,0.04628748129118485,0.06546038381008452,0.0,0.3333333333333333,,,0.0,0.6666666666666666,0.3333333333333333,0.3209412395954132,0.0,0.40057650208473206,,,0.0,,
test_group_0074,homogeneous_cluster_1,mf_dbscan_minority_nash,mf,dbscan_minority_nash,0.03333333333333333,0.032258064516129024,0.10218331334064326,0.04628748129118485,0.04628748129118485,0.06546038381008452,0.0,0.3333333333333333,,,0.0,0.6666666666666666,0.3333333333333333,0.2724232077598572,0.0,0.40057650208473206,,,0.0,,2.0
test_group_0074,homogeneous_cluster_1,mf_least_misery,mf,least_misery,0.03333333333333333,0.032258064516129024,0.10218331334064326,0.04628748129118485,0.04628748129118485,0.06546038381008452,0.0,0.3333333333333333,,,0.0,0.6666666666666666,0.3333333333333333,0.25688374042510986,0.0,0.40057650208473206,,,0.0,,
test_group_0074,homogeneous_cluster_1,mf_nash_welfare,mf,nash_welfare,0.03333333333333333,0.032258064516129024,0.10218331334064326,0.04628748129118485,0.04628748129118485,0.06546038381008452,0.0,0.3333333333333333,,,0.0,0.6666666666666666,0.3333333333333333,0.2724232077598572,0.0,0.40057650208473206,,,0.0,,
test_group_0074,homogeneous_cluster_1,mf_tuned_fairness,mf,tuned_fairness,0.03333333333333333,0.032258064516129024,0.10218331334064326,0.04628748129118485,0.04628748129118485,0.06546038381008452,0.0,0.3333333333333333,,,0.0,0.6666666666666666,0.3333333333333333,0.3209412395954132,0.0,0.40057650208473206,,,0.0,0.0,
test_group_0074,homogeneous_cluster_1,rating_user_knn_average,rating_user_knn,average,0.0,0.0,0.0,0.0,0.0,0.0,0.0,0.0,,,0.0,1.0,0.0,0.49714961647987366,0.0,0.40057650208473206,,,0.0,,
test_group_0074,homogeneous_cluster_1,rating_user_knn_dbscan_minority_nash,rating_user_knn,dbscan_minority_nash,0.0,0.0,0.0,0.0,0.0,0.0,0.0,0.0,,,0.0,1.0,0.0,0.446847140789032,0.0,0.40057650208473206,,,0.0,,2.0
test_group_0074,homogeneous_cluster_1,rating_user_knn_least_misery,rating_user_knn,least_misery,0.0,0.0,0.0,0.0,0.0,0.0,0.0,0.0,,,0.0,1.0,0.0,0.4486163258552551,0.0,0.40057650208473206,,,0.0,,
test_group_0074,homogeneous_cluster_1,rating_user_knn_nash_welfare,rating_user_knn,nash_welfare,0.0,0.0,0.0,0.0,0.0,0.0,0.0,0.0,,,0.0,1.0,0.0,0.446847140789032,0.0,0.40057650208473206,,,0.0,,
test_group_0074,homogeneous_cluster_1,rating_user_knn_tuned_fairness,rating_user_knn,tuned_fairness,0.0,0.0,0.0,0.0,0.0,0.0,0.0,0.0,,,0.0,1.0,0.0,0.49714961647987366,0.0,0.40057650208473206,,,0.0,0.0,
test_group_0075,homogeneous_cluster_1,hybrid_mf_bayes_average,hybrid_mf_bayes,average,0.0,0.0,0.0,0.0,0.0,0.0,0.0,0.0,,,0.0,1.0,0.0,0.24405480921268463,0.0,0.37405478954315186,,,0.0,,
test_group_0075,homogeneous_cluster_1,hybrid_mf_bayes_dbscan_minority_nash,hybrid_mf_bayes,dbscan_minority_nash,0.0,0.0,0.0,0.0,0.0,0.0,0.0,0.0,,,0.0,1.0,0.0,0.24405480921268463,0.0,0.37405478954315186,,,0.0,,2.0
test_group_0075,homogeneous_cluster_1,hybrid_mf_bayes_least_misery,hybrid_mf_bayes,least_misery,0.0,0.0,0.0,0.0,0.0,0.0,0.0,0.0,,,0.0,1.0,0.0,0.2270650416612625,0.0,0.37405478954315186,,,0.0,,
test_group_0075,homogeneous_cluster_1,hybrid_mf_bayes_nash_welfare,hybrid_mf_bayes,nash_welfare,0.0,0.0,0.0,0.0,0.0,0.0,0.0,0.0,,,0.0,1.0,0.0,0.24405480921268463,0.0,0.37405478954315186,,,0.0,,
test_group_0075,homogeneous_cluster_1,hybrid_mf_bayes_tuned_fairness,hybrid_mf_bayes,tuned_fairness,0.0,0.0,0.0,0.0,0.0,0.0,0.0,0.0,,,0.0,1.0,0.0,0.24405480921268463,0.0,0.37405478954315186,,,0.0,0.0,
test_group_0075,homogeneous_cluster_1,mf_average,mf,average,0.0,0.0,0.0,0.0,0.0,0.0,0.0,0.0,,,0.0,1.0,0.0,0.24405480921268463,0.0,0.37405478954315186,,,0.0,,
test_group_0075,homogeneous_cluster_1,mf_dbscan_minority_nash,mf,dbscan_minority_nash,0.0,0.0,0.0,0.0,0.0,0.0,0.0,0.0,,,0.0,1.0,0.0,0.24405480921268463,0.0,0.37405478954315186,,,0.0,,2.0
test_group_0075,homogeneous_cluster_1,mf_least_misery,mf,least_misery,0.0,0.0,0.0,0.0,0.0,0.0,0.0,0.0,,,0.0,1.0,0.0,0.21721485257148743,0.0,0.37405478954315186,,,0.0,,
test_group_0075,homogeneous_cluster_1,mf_nash_welfare,mf,nash_welfare,0.0,0.0,0.0,0.0,0.0,0.0,0.0,0.0,,,0.0,1.0,0.0,0.24405480921268463,0.0,0.37405478954315186,,,0.0,,
test_group_0075,homogeneous_cluster_1,mf_tuned_fairness,mf,tuned_fairness,0.0,0.0,0.0,0.0,0.0,0.0,0.0,0.0,,,0.0,1.0,0.0,0.24405480921268463,0.0,0.37405478954315186,,,0.0,0.0,
test_group_0075,homogeneous_cluster_1,rating_user_knn_average,rating_user_knn,average,0.03333333333333333,0.02941176470588235,0.13886244387355454,0.04628748129118485,0.04628748129118485,0.06546038381008452,0.0,0.3333333333333333,,,0.0,0.6666666666666666,0.3333333333333333,0.4622120261192322,0.0,0.37405478954315186,,,0.0,,
test_group_0075,homogeneous_cluster_1,rating_user_knn_dbscan_minority_nash,rating_user_knn,dbscan_minority_nash,0.03333333333333333,0.02941176470588235,0.13886244387355454,0.04628748129118485,0.04628748129118485,0.06546038381008452,0.0,0.3333333333333333,,,0.0,0.6666666666666666,0.3333333333333333,0.48325759172439575,0.0,0.37405478954315186,,,0.0,,2.0
test_group_0075,homogeneous_cluster_1,rating_user_knn_least_misery,rating_user_knn,least_misery,0.03333333333333333,0.02941176470588235,0.13886244387355454,0.04628748129118485,0.04628748129118485,0.06546038381008452,0.0,0.3333333333333333,,,0.0,0.6666666666666666,0.3333333333333333,0.493557870388031,0.0,0.37405478954315186,,,0.0,,
test_group_0075,homogeneous_cluster_1,rating_user_knn_nash_welfare,rating_user_knn,nash_welfare,0.03333333333333333,0.02941176470588235,0.13886244387355454,0.04628748129118485,0.04628748129118485,0.06546038381008452,0.0,0.3333333333333333,,,0.0,0.6666666666666666,0.3333333333333333,0.48325759172439575,0.0,0.37405478954315186,,,0.0,,
test_group_0075,homogeneous_cluster_1,rating_user_knn_tuned_fairness,rating_user_knn,tuned_fairness,0.03333333333333333,0.02941176470588235,0.13886244387355454,0.04628748129118485,0.04628748129118485,0.06546038381008452,0.0,0.3333333333333333,,,0.0,0.6666666666666666,0.3333333333333333,0.4622120261192322,0.0,0.37405478954315186,,,0.0,0.0,
test_group_0076,homogeneous_cluster_1,hybrid_mf_bayes_average,hybrid_mf_bayes,average,0.03333333333333333,0.03846153846153846,0.09478836436955076,0.03159612145651693,0.03159612145651693,0.04468366348219379,0.0,0.3333333333333333,,,0.0,0.6666666666666666,0.3333333333333333,0.2694128751754761,0.0,0.3564569652080536,,,0.0,,
test_group_0076,homogeneous_cluster_1,hybrid_mf_bayes_dbscan_minority_nash,hybrid_mf_bayes,dbscan_minority_nash,0.03333333333333333,0.03846153846153846,0.09478836436955076,0.03159612145651693,0.03159612145651693,0.04468366348219379,0.0,0.3333333333333333,,,0.0,0.6666666666666666,0.3333333333333333,0.2694128751754761,0.0,0.3564569652080536,,,0.0,,2.0
test_group_0076,homogeneous_cluster_1,hybrid_mf_bayes_least_misery,hybrid_mf_bayes,least_misery,0.03333333333333333,0.03846153846153846,0.09478836436955076,0.03159612145651693,0.03159612145651693,0.04468366348219379,0.0,0.3333333333333333,,,0.0,0.6666666666666666,0.3333333333333333,0.25937193632125854,0.0,0.3564569652080536,,,0.0,,
test_group_0076,homogeneous_cluster_1,hybrid_mf_bayes_nash_welfare,hybrid_mf_bayes,nash_welfare,0.03333333333333333,0.03846153846153846,0.09478836436955076,0.03159612145651693,0.03159612145651693,0.04468366348219379,0.0,0.3333333333333333,,,0.0,0.6666666666666666,0.3333333333333333,0.2694128751754761,0.0,0.3564569652080536,,,0.0,,
test_group_0076,homogeneous_cluster_1,hybrid_mf_bayes_tuned_fairness,hybrid_mf_bayes,tuned_fairness,0.03333333333333333,0.03846153846153846,0.09478836436955076,0.03159612145651693,0.03159612145651693,0.04468366348219379,0.0,0.3333333333333333,,,0.0,0.6666666666666666,0.3333333333333333,0.2694128751754761,0.0,0.3564569652080536,,,0.0,0.0,
test_group_0076,homogeneous_cluster_1,mf_average,mf,average,0.03333333333333333,0.03846153846153846,0.085143117641621,0.02838103921387367,0.02838103921387367,0.04013685057050279,0.0,0.3333333333333333,,,0.0,0.6666666666666666,0.3333333333333333,0.3470686674118042,0.0,0.3564569652080536,,,0.0,,
test_group_0076,homogeneous_cluster_1,mf_dbscan_minority_nash,mf,dbscan_minority_nash,0.03333333333333333,0.03846153846153846,0.085143117641621,0.02838103921387367,0.02838103921387367,0.04013685057050279,0.0,0.3333333333333333,,,0.0,0.6666666666666666,0.3333333333333333,0.2767033576965332,0.0,0.3564569652080536,,,0.0,,2.0
test_group_0076,homogeneous_cluster_1,mf_least_misery,mf,least_misery,0.03333333333333333,0.03846153846153846,0.07336392209936006,0.024454640699786687,0.024454640699786687,0.03458408454059941,0.0,0.33333333333333337,,,0.0,0.6666666666666666,0.3333333333333333,0.3233494162559509,0.0,0.3564569652080536,,,0.0,,
test_group_0076,homogeneous_cluster_1,mf_nash_welfare,mf,nash_welfare,0.03333333333333333,0.03846153846153846,0.085143117641621,0.02838103921387367,0.02838103921387367,0.04013685057050279,0.0,0.3333333333333333,,,0.0,0.6666666666666666,0.3333333333333333,0.2767033576965332,0.0,0.3564569652080536,,,0.0,,
test_group_0076,homogeneous_cluster_1,mf_tuned_fairness,mf,tuned_fairness,0.03333333333333333,0.03846153846153846,0.085143117641621,0.02838103921387367,0.02838103921387367,0.04013685057050279,0.0,0.3333333333333333,,,0.0,0.6666666666666666,0.3333333333333333,0.3470686674118042,0.0,0.3564569652080536,,,0.0,0.0,
test_group_0076,homogeneous_cluster_1,rating_user_knn_average,rating_user_knn,average,0.0,0.0,0.0,0.0,0.0,0.0,0.0,0.0,,,0.0,1.0,0.0,0.5446215867996216,0.0,0.3564569652080536,,,0.0,,
test_group_0076,homogeneous_cluster_1,rating_user_knn_dbscan_minority_nash,rating_user_knn,dbscan_minority_nash,0.0,0.0,0.0,0.0,0.0,0.0,0.0,0.0,,,0.0,1.0,0.0,0.5280722975730896,0.0,0.3564569652080536,,,0.0,,2.0
test_group_0076,homogeneous_cluster_1,rating_user_knn_least_misery,rating_user_knn,least_misery,0.0,0.0,0.0,0.0,0.0,0.0,0.0,0.0,,,0.0,1.0,0.0,0.3846968412399292,0.0,0.3564569652080536,,,0.0,,
test_group_0076,homogeneous_cluster_1,rating_user_knn_nash_welfare,rating_user_knn,nash_welfare,0.0,0.0,0.0,0.0,0.0,0.0,0.0,0.0,,,0.0,1.0,0.0,0.5280722975730896,0.0,0.3564569652080536,,,0.0,,
test_group_0076,homogeneous_cluster_1,rating_user_knn_tuned_fairness,rating_user_knn,tuned_fairness,0.0,0.0,0.0,0.0,0.0,0.0,0.0,0.0,,,0.0,1.0,0.0,0.5446215867996216,0.0,0.3564569652080536,,,0.0,0.0,
test_group_0077,homogeneous_cluster_1,hybrid_mf_bayes_average,hybrid_mf_bayes,average,0.03333333333333333,0.024999999999999994,0.057690147609001256,0.026132756326225113,0.026132756326225113,0.036957298418738856,0.0,0.33333333333333337,,,0.0,0.6666666666666666,0.3333333333333333,0.20183777809143066,0.0,0.4297632873058319,,,0.0,,
test_group_0077,homogeneous_cluster_1,hybrid_mf_bayes_dbscan_minority_nash,hybrid_mf_bayes,dbscan_minority_nash,0.03333333333333333,0.024999999999999994,0.057690147609001256,0.026132756326225113,0.026132756326225113,0.036957298418738856,0.0,0.33333333333333337,,,0.0,0.6666666666666666,0.3333333333333333,0.20183777809143066,0.0,0.4297632873058319,,,0.0,,2.0
test_group_0077,homogeneous_cluster_1,hybrid_mf_bayes_least_misery,hybrid_mf_bayes,least_misery,0.1,0.07499999999999998,0.14955539504677784,0.06774631125090028,0.06774631125090028,0.09580775217177216,0.0,0.3333333333333333,,,0.0,0.6666666666666666,0.3333333333333333,0.21933285892009735,0.0,0.4297632873058319,,,0.0,,
test_group_0077,homogeneous_cluster_1,hybrid_mf_bayes_nash_welfare,hybrid_mf_bayes,nash_welfare,0.03333333333333333,0.024999999999999994,0.057690147609001256,0.026132756326225113,0.026132756326225113,0.036957298418738856,0.0,0.33333333333333337,,,0.0,0.6666666666666666,0.3333333333333333,0.20183777809143066,0.0,0.4297632873058319,,,0.0,,
test_group_0077,homogeneous_cluster_1,hybrid_mf_bayes_tuned_fairness,hybrid_mf_bayes,tuned_fairness,0.03333333333333333,0.024999999999999994,0.057690147609001256,0.026132756326225113,0.026132756326225113,0.036957298418738856,0.0,0.33333333333333337,,,0.0,0.6666666666666666,0.3333333333333333,0.20183777809143066,0.0,0.4297632873058319,,,0.0,0.0,
test_group_0077,homogeneous_cluster_1,mf_average,mf,average,0.03333333333333333,0.024999999999999994,0.057690147609001256,0.026132756326225113,0.026132756326225113,0.036957298418738856,0.0,0.33333333333333337,,,0.0,0.6666666666666666,0.3333333333333333,0.25169581174850464,0.0,0.4297632873058319,,,0.0,,
test_group_0077,homogeneous_cluster_1,mf_dbscan_minority_nash,mf,dbscan_minority_nash,0.03333333333333333,0.024999999999999994,0.057690147609001256,0.026132756326225113,0.026132756326225113,0.036957298418738856,0.0,0.33333333333333337,,,0.0,0.6666666666666666,0.3333333333333333,0.25169581174850464,0.0,0.4297632873058319,,,0.0,,2.0
test_group_0077,homogeneous_cluster_1,mf_least_misery,mf,least_misery,0.03333333333333333,0.024999999999999994,0.053985573281453134,0.024454640699786687,0.024454640699786687,0.03458408454059941,0.0,0.33333333333333337,,,0.0,0.6666666666666666,0.3333333333333333,0.23801733553409576,0.0,0.4297632873058319,,,0.0,,
test_group_0077,homogeneous_cluster_1,mf_nash_welfare,mf,nash_welfare,0.03333333333333333,0.024999999999999994,0.057690147609001256,0.026132756326225113,0.026132756326225113,0.036957298418738856,0.0,0.33333333333333337,,,0.0,0.6666666666666666,0.3333333333333333,0.25169581174850464,0.0,0.4297632873058319,,,0.0,,
test_group_0077,homogeneous_cluster_1,mf_tuned_fairness,mf,tuned_fairness,0.03333333333333333,0.024999999999999994,0.057690147609001256,0.026132756326225113,0.026132756326225113,0.036957298418738856,0.0,0.33333333333333337,,,0.0,0.6666666666666666,0.3333333333333333,0.25169581174850464,0.0,0.4297632873058319,,,0.0,0.0,
test_group_0077,homogeneous_cluster_1,rating_user_knn_average,rating_user_knn,average,0.0,0.0,0.0,0.0,0.0,0.0,0.0,0.0,,,0.0,1.0,0.0,0.5606479048728943,0.0,0.4297632873058319,,,0.0,,
test_group_0077,homogeneous_cluster_1,rating_user_knn_dbscan_minority_nash,rating_user_knn,dbscan_minority_nash,0.0,0.0,0.0,0.0,0.0,0.0,0.0,0.0,,,0.0,1.0,0.0,0.5606479048728943,0.0,0.4297632873058319,,,0.0,,2.0
test_group_0077,homogeneous_cluster_1,rating_user_knn_least_misery,rating_user_knn,least_misery,0.03333333333333333,0.024999999999999994,0.046815991092824576,0.021206929399650576,0.021206929399650576,0.02999112717327456,0.0,0.3333333333333333,,,0.0,0.6666666666666666,0.3333333333333333,0.501372754573822,0.0,0.4297632873058319,,,0.0,,
test_group_0077,homogeneous_cluster_1,rating_user_knn_nash_welfare,rating_user_knn,nash_welfare,0.0,0.0,0.0,0.0,0.0,0.0,0.0,0.0,,,0.0,1.0,0.0,0.5606479048728943,0.0,0.4297632873058319,,,0.0,,
test_group_0077,homogeneous_cluster_1,rating_user_knn_tuned_fairness,rating_user_knn,tuned_fairness,0.0,0.0,0.0,0.0,0.0,0.0,0.0,0.0,,,0.0,1.0,0.0,0.5606479048728943,0.0,0.4297632873058319,,,0.0,0.0,
test_group_0078,homogeneous_cluster_1,hybrid_mf_bayes_average,hybrid_mf_bayes,average,0.0,0.0,0.0,0.0,0.0,0.0,0.0,0.0,,,0.0,1.0,0.0,0.19985023140907288,0.0,0.4212077558040619,,,0.0,,
test_group_0078,homogeneous_cluster_1,hybrid_mf_bayes_dbscan_minority_nash,hybrid_mf_bayes,dbscan_minority_nash,0.0,0.0,0.0,0.0,0.0,0.0,0.0,0.0,,,0.0,1.0,0.0,0.19985023140907288,0.0,0.4212077558040619,,,0.0,,2.0
test_group_0078,homogeneous_cluster_1,hybrid_mf_bayes_least_misery,hybrid_mf_bayes,least_misery,0.0,0.0,0.0,0.0,0.0,0.0,0.0,0.0,,,0.0,1.0,0.0,0.20695018768310547,0.0,0.4212077558040619,,,0.0,,
test_group_0078,homogeneous_cluster_1,hybrid_mf_bayes_nash_welfare,hybrid_mf_bayes,nash_welfare,0.0,0.0,0.0,0.0,0.0,0.0,0.0,0.0,,,0.0,1.0,0.0,0.19985023140907288,0.0,0.4212077558040619,,,0.0,,
test_group_0078,homogeneous_cluster_1,hybrid_mf_bayes_tuned_fairness,hybrid_mf_bayes,tuned_fairness,0.0,0.0,0.0,0.0,0.0,0.0,0.0,0.0,,,0.0,1.0,0.0,0.19985023140907288,0.0,0.4212077558040619,,,0.0,0.0,
test_group_0078,homogeneous_cluster_1,mf_average,mf,average,0.0,0.0,0.0,0.0,0.0,0.0,0.0,0.0,,,0.0,1.0,0.0,0.2817784547805786,0.0,0.4212077558040619,,,0.0,,
test_group_0078,homogeneous_cluster_1,mf_dbscan_minority_nash,mf,dbscan_minority_nash,0.0,0.0,0.0,0.0,0.0,0.0,0.0,0.0,,,0.0,1.0,0.0,0.2817784547805786,0.0,0.4212077558040619,,,0.0,,2.0
test_group_0078,homogeneous_cluster_1,mf_least_misery,mf,least_misery,0.0,0.0,0.0,0.0,0.0,0.0,0.0,0.0,,,0.0,1.0,0.0,0.2716807425022125,0.0,0.4212077558040619,,,0.0,,
test_group_0078,homogeneous_cluster_1,mf_nash_welfare,mf,nash_welfare,0.0,0.0,0.0,0.0,0.0,0.0,0.0,0.0,,,0.0,1.0,0.0,0.2817784547805786,0.0,0.4212077558040619,,,0.0,,
test_group_0078,homogeneous_cluster_1,mf_tuned_fairness,mf,tuned_fairness,0.0,0.0,0.0,0.0,0.0,0.0,0.0,0.0,,,0.0,1.0,0.0,0.2817784547805786,0.0,0.4212077558040619,,,0.0,0.0,
test_group_0078,homogeneous_cluster_1,rating_user_knn_average,rating_user_knn,average,0.0,0.0,0.0,0.0,0.0,0.0,0.0,0.0,,,0.0,1.0,0.0,0.5435190200805664,0.0,0.4212077558040619,,,0.0,,
test_group_0078,homogeneous_cluster_1,rating_user_knn_dbscan_minority_nash,rating_user_knn,dbscan_minority_nash,0.0,0.0,0.0,0.0,0.0,0.0,0.0,0.0,,,0.0,1.0,0.0,0.5435190200805664,0.0,0.4212077558040619,,,0.0,,2.0
test_group_0078,homogeneous_cluster_1,rating_user_knn_least_misery,rating_user_knn,least_misery,0.0,0.0,0.0,0.0,0.0,0.0,0.0,0.0,,,0.0,1.0,0.0,0.5572146773338318,0.0,0.4212077558040619,,,0.0,,
test_group_0078,homogeneous_cluster_1,rating_user_knn_nash_welfare,rating_user_knn,nash_welfare,0.0,0.0,0.0,0.0,0.0,0.0,0.0,0.0,,,0.0,1.0,0.0,0.5435190200805664,0.0,0.4212077558040619,,,0.0,,
test_group_0078,homogeneous_cluster_1,rating_user_knn_tuned_fairness,rating_user_knn,tuned_fairness,0.0,0.0,0.0,0.0,0.0,0.0,0.0,0.0,,,0.0,1.0,0.0,0.5435190200805664,0.0,0.4212077558040619,,,0.0,0.0,
test_group_0079,homogeneous_cluster_1,hybrid_mf_bayes_average,hybrid_mf_bayes,average,0.0,0.0,0.0,0.0,0.0,0.0,0.0,0.0,,,0.0,1.0,0.0,0.24075934290885925,0.0,0.4201819896697998,,,0.0,,
test_group_0079,homogeneous_cluster_1,hybrid_mf_bayes_dbscan_minority_nash,hybrid_mf_bayes,dbscan_minority_nash,0.0,0.0,0.0,0.0,0.0,0.0,0.0,0.0,,,0.0,1.0,0.0,0.24075934290885925,0.0,0.4201819896697998,,,0.0,,2.0
test_group_0079,homogeneous_cluster_1,hybrid_mf_bayes_least_misery,hybrid_mf_bayes,least_misery,0.0,0.0,0.0,0.0,0.0,0.0,0.0,0.0,,,0.0,1.0,0.0,0.24611717462539673,0.0,0.4201819896697998,,,0.0,,
test_group_0079,homogeneous_cluster_1,hybrid_mf_bayes_nash_welfare,hybrid_mf_bayes,nash_welfare,0.0,0.0,0.0,0.0,0.0,0.0,0.0,0.0,,,0.0,1.0,0.0,0.24075934290885925,0.0,0.4201819896697998,,,0.0,,
test_group_0079,homogeneous_cluster_1,hybrid_mf_bayes_tuned_fairness,hybrid_mf_bayes,tuned_fairness,0.0,0.0,0.0,0.0,0.0,0.0,0.0,0.0,,,0.0,1.0,0.0,0.24075934290885925,0.0,0.4201819896697998,,,0.0,0.0,
test_group_0079,homogeneous_cluster_1,mf_average,mf,average,0.0,0.0,0.0,0.0,0.0,0.0,0.0,0.0,,,0.0,1.0,0.0,0.2723836600780487,0.0,0.4201819896697998,,,0.0,,
test_group_0079,homogeneous_cluster_1,mf_dbscan_minority_nash,mf,dbscan_minority_nash,0.0,0.0,0.0,0.0,0.0,0.0,0.0,0.0,,,0.0,1.0,0.0,0.2723836600780487,0.0,0.4201819896697998,,,0.0,,2.0
test_group_0079,homogeneous_cluster_1,mf_least_misery,mf,least_misery,0.0,0.0,0.0,0.0,0.0,0.0,0.0,0.0,,,0.0,1.0,0.0,0.2542409598827362,0.0,0.4201819896697998,,,0.0,,
test_group_0079,homogeneous_cluster_1,mf_nash_welfare,mf,nash_welfare,0.0,0.0,0.0,0.0,0.0,0.0,0.0,0.0,,,0.0,1.0,0.0,0.2723836600780487,0.0,0.4201819896697998,,,0.0,,
test_group_0079,homogeneous_cluster_1,mf_tuned_fairness,mf,tuned_fairness,0.0,0.0,0.0,0.0,0.0,0.0,0.0,0.0,,,0.0,1.0,0.0,0.2723836600780487,0.0,0.4201819896697998,,,0.0,0.0,
test_group_0079,homogeneous_cluster_1,rating_user_knn_average,rating_user_knn,average,0.0,0.0,0.0,0.0,0.0,0.0,0.0,0.0,,,0.0,1.0,0.0,0.49462851881980896,0.0,0.4201819896697998,,,0.0,,
test_group_0079,homogeneous_cluster_1,rating_user_knn_dbscan_minority_nash,rating_user_knn,dbscan_minority_nash,0.0,0.0,0.0,0.0,0.0,0.0,0.0,0.0,,,0.0,1.0,0.0,0.5224291682243347,0.0,0.4201819896697998,,,0.0,,2.0
test_group_0079,homogeneous_cluster_1,rating_user_knn_least_misery,rating_user_knn,least_misery,0.0,0.0,0.0,0.0,0.0,0.0,0.0,0.0,,,0.0,1.0,0.0,0.4580686390399933,0.0,0.4201819896697998,,,0.0,,
test_group_0079,homogeneous_cluster_1,rating_user_knn_nash_welfare,rating_user_knn,nash_welfare,0.0,0.0,0.0,0.0,0.0,0.0,0.0,0.0,,,0.0,1.0,0.0,0.5224291682243347,0.0,0.4201819896697998,,,0.0,,
test_group_0079,homogeneous_cluster_1,rating_user_knn_tuned_fairness,rating_user_knn,tuned_fairness,0.0,0.0,0.0,0.0,0.0,0.0,0.0,0.0,,,0.0,1.0,0.0,0.49462851881980896,0.0,0.4201819896697998,,,0.0,0.0,
test_group_0080,homogeneous_cluster_1,hybrid_mf_bayes_average,hybrid_mf_bayes,average,0.03333333333333333,0.015384615384615385,0.06943122193677727,0.023143740645592426,0.023143740645592426,0.03273019190504226,0.0,0.3333333333333333,,,0.0,0.6666666666666666,0.3333333333333333,0.22925187647342682,0.0,0.5538720488548279,,,0.0,,
test_group_0080,homogeneous_cluster_1,hybrid_mf_bayes_dbscan_minority_nash,hybrid_mf_bayes,dbscan_minority_nash,0.03333333333333333,0.015384615384615385,0.06625422345438904,0.022084741151463014,0.022084741151463014,0.031232540457898198,0.0,0.33333333333333337,,,0.0,0.6666666666666666,0.3333333333333333,0.22925186157226562,0.0,0.5538720488548279,,,0.0,,2.0
test_group_0080,homogeneous_cluster_1,hybrid_mf_bayes_least_misery,hybrid_mf_bayes,least_misery,0.0,0.0,0.0,0.0,0.0,0.0,0.0,0.0,,,0.0,1.0,0.0,0.2135055810213089,0.0,0.5538720488548279,,,0.0,,
test_group_0080,homogeneous_cluster_1,hybrid_mf_bayes_nash_welfare,hybrid_mf_bayes,nash_welfare,0.03333333333333333,0.015384615384615385,0.06625422345438904,0.022084741151463014,0.022084741151463014,0.031232540457898198,0.0,0.33333333333333337,,,0.0,0.6666666666666666,0.3333333333333333,0.22925186157226562,0.0,0.5538720488548279,,,0.0,,
test_group_0080,homogeneous_cluster_1,hybrid_mf_bayes_tuned_fairness,hybrid_mf_bayes,tuned_fairness,0.03333333333333333,0.015384615384615385,0.06943122193677727,0.023143740645592426,0.023143740645592426,0.03273019190504226,0.0,0.3333333333333333,,,0.0,0.6666666666666666,0.3333333333333333,0.22925187647342682,0.0,0.5538720488548279,,,0.0,0.0,
test_group_0080,homogeneous_cluster_1,mf_average,mf,average,0.03333333333333333,0.015384615384615385,0.06943122193677727,0.023143740645592426,0.023143740645592426,0.03273019190504226,0.0,0.3333333333333333,,,0.0,0.6666666666666666,0.3333333333333333,0.2966795265674591,0.0,0.5538720488548279,,,0.0,,
test_group_0080,homogeneous_cluster_1,mf_dbscan_minority_nash,mf,dbscan_minority_nash,0.03333333333333333,0.015384615384615385,0.06943122193677727,0.023143740645592426,0.023143740645592426,0.03273019190504226,0.0,0.3333333333333333,,,0.0,0.6666666666666666,0.3333333333333333,0.2966795265674591,0.0,0.5538720488548279,,,0.0,,2.0
test_group_0080,homogeneous_cluster_1,mf_least_misery,mf,least_misery,0.03333333333333333,0.015384615384615385,0.07336392209936006,0.024454640699786687,0.024454640699786687,0.03458408454059941,0.0,0.33333333333333337,,,0.0,0.6666666666666666,0.3333333333333333,0.22858212888240814,0.0,0.5538720488548279,,,0.0,,
test_group_0080,homogeneous_cluster_1,mf_nash_welfare,mf,nash_welfare,0.03333333333333333,0.015384615384615385,0.06943122193677727,0.023143740645592426,0.023143740645592426,0.03273019190504226,0.0,0.3333333333333333,,,0.0,0.6666666666666666,0.3333333333333333,0.2966795265674591,0.0,0.5538720488548279,,,0.0,,
test_group_0080,homogeneous_cluster_1,mf_tuned_fairness,mf,tuned_fairness,0.03333333333333333,0.015384615384615385,0.06943122193677727,0.023143740645592426,0.023143740645592426,0.03273019190504226,0.0,0.3333333333333333,,,0.0,0.6666666666666666,0.3333333333333333,0.2966795265674591,0.0,0.5538720488548279,,,0.0,0.0,
test_group_0080,homogeneous_cluster_1,rating_user_knn_average,rating_user_knn,average,0.06666666666666667,0.03076923076923077,0.20248323207250624,0.06749441069083544,0.06749441069083544,0.09545151098335906,0.0,0.33333333333333337,,,0.0,0.6666666666666666,0.3333333333333333,0.4185124337673187,0.0,0.5538720488548279,,,0.0,,
test_group_0080,homogeneous_cluster_1,rating_user_knn_dbscan_minority_nash,rating_user_knn,dbscan_minority_nash,0.03333333333333333,0.015384615384615385,0.11004588314904008,0.03668196104968003,0.03668196104968003,0.05187612681089912,0.0,0.33333333333333337,,,0.0,0.6666666666666666,0.3333333333333333,0.42175254225730896,0.0,0.5538720488548279,,,0.0,,2.0
test_group_0080,homogeneous_cluster_1,rating_user_knn_least_misery,rating_user_knn,least_misery,0.06666666666666667,0.03076923076923077,0.12987501165334076,0.0432916705511136,0.0432916705511136,0.06122366763117276,0.0,0.3333333333333333,,,0.0,0.6666666666666666,0.3333333333333333,0.2701347768306732,0.0,0.5538720488548279,,,0.0,,
test_group_0080,homogeneous_cluster_1,rating_user_knn_nash_welfare,rating_user_knn,nash_welfare,0.03333333333333333,0.015384615384615385,0.11004588314904008,0.03668196104968003,0.03668196104968003,0.05187612681089912,0.0,0.33333333333333337,,,0.0,0.6666666666666666,0.3333333333333333,0.42175254225730896,0.0,0.5538720488548279,,,0.0,,
test_group_0080,homogeneous_cluster_1,rating_user_knn_tuned_fairness,rating_user_knn,tuned_fairness,0.06666666666666667,0.03076923076923077,0.20248323207250624,0.06749441069083544,0.06749441069083544,0.09545151098335906,0.0,0.33333333333333337,,,0.0,0.6666666666666666,0.3333333333333333,0.4185124337673187,0.0,0.5538720488548279,,,0.0,0.0,
test_group_0081,homogeneous_cluster_1,hybrid_mf_bayes_average,hybrid_mf_bayes,average,0.03333333333333333,0.021739130434782605,0.06943122193677727,0.023143740645592426,0.023143740645592426,0.03273019190504226,0.0,0.3333333333333333,,,0.0,0.6666666666666666,0.3333333333333333,0.2333628088235855,0.0,0.25983887910842896,,,0.0,,
test_group_0081,homogeneous_cluster_1,hybrid_mf_bayes_dbscan_minority_nash,hybrid_mf_bayes,dbscan_minority_nash,0.03333333333333333,0.021739130434782605,0.06943122193677727,0.023143740645592426,0.023143740645592426,0.03273019190504226,0.0,0.3333333333333333,,,0.0,0.6666666666666666,0.3333333333333333,0.2333628088235855,0.0,0.25983887910842896,,,0.0,,2.0
test_group_0081,homogeneous_cluster_1,hybrid_mf_bayes_least_misery,hybrid_mf_bayes,least_misery,0.03333333333333333,0.021739130434782605,0.06943122193677727,0.023143740645592426,0.023143740645592426,0.03273019190504226,0.0,0.3333333333333333,,,0.0,0.6666666666666666,0.3333333333333333,0.24247586727142334,0.0,0.25983887910842896,,,0.0,,
test_group_0081,homogeneous_cluster_1,hybrid_mf_bayes_nash_welfare,hybrid_mf_bayes,nash_welfare,0.03333333333333333,0.021739130434782605,0.06943122193677727,0.023143740645592426,0.023143740645592426,0.03273019190504226,0.0,0.3333333333333333,,,0.0,0.6666666666666666,0.3333333333333333,0.2333628088235855,0.0,0.25983887910842896,,,0.0,,
test_group_0081,homogeneous_cluster_1,hybrid_mf_bayes_tuned_fairness,hybrid_mf_bayes,tuned_fairness,0.03333333333333333,0.021739130434782605,0.06943122193677727,0.023143740645592426,0.023143740645592426,0.03273019190504226,0.0,0.3333333333333333,,,0.0,0.6666666666666666,0.3333333333333333,0.2333628088235855,0.0,0.25983887910842896,,,0.0,0.0,
test_group_0081,homogeneous_cluster_1,mf_average,mf,average,0.03333333333333333,0.021739130434782605,0.06625422345438904,0.022084741151463014,0.022084741151463014,0.031232540457898198,0.0,0.33333333333333337,,,0.0,0.6666666666666666,0.3333333333333333,0.2520155906677246,0.0,0.25983887910842896,,,0.0,,
test_group_0081,homogeneous_cluster_1,mf_dbscan_minority_nash,mf,dbscan_minority_nash,0.03333333333333333,0.021739130434782605,0.06625422345438904,0.022084741151463014,0.022084741151463014,0.031232540457898198,0.0,0.33333333333333337,,,0.0,0.6666666666666666,0.3333333333333333,0.2520155906677246,0.0,0.25983887910842896,,,0.0,,2.0
test_group_0081,homogeneous_cluster_1,mf_least_misery,mf,least_misery,0.0,0.0,0.0,0.0,0.0,0.0,0.0,0.0,,,0.0,1.0,0.0,0.225849449634552,0.0,0.25983887910842896,,,0.0,,
test_group_0081,homogeneous_cluster_1,mf_nash_welfare,mf,nash_welfare,0.03333333333333333,0.021739130434782605,0.06625422345438904,0.022084741151463014,0.022084741151463014,0.031232540457898198,0.0,0.33333333333333337,,,0.0,0.6666666666666666,0.3333333333333333,0.2520155906677246,0.0,0.25983887910842896,,,0.0,,
test_group_0081,homogeneous_cluster_1,mf_tuned_fairness,mf,tuned_fairness,0.03333333333333333,0.021739130434782605,0.06625422345438904,0.022084741151463014,0.022084741151463014,0.031232540457898198,0.0,0.33333333333333337,,,0.0,0.6666666666666666,0.3333333333333333,0.2520155906677246,0.0,0.25983887910842896,,,0.0,0.0,
test_group_0081,homogeneous_cluster_1,rating_user_knn_average,rating_user_knn,average,0.0,0.0,0.0,0.0,0.0,0.0,0.0,0.0,,,0.0,1.0,0.0,0.24759945273399353,0.0,0.25983887910842896,,,0.0,,
test_group_0081,homogeneous_cluster_1,rating_user_knn_dbscan_minority_nash,rating_user_knn,dbscan_minority_nash,0.0,0.0,0.0,0.0,0.0,0.0,0.0,0.0,,,0.0,1.0,0.0,0.24525879323482513,0.0,0.25983887910842896,,,0.0,,2.0
test_group_0081,homogeneous_cluster_1,rating_user_knn_least_misery,rating_user_knn,least_misery,0.0,0.0,0.0,0.0,0.0,0.0,0.0,0.0,,,0.0,1.0,0.0,0.42210090160369873,0.0,0.25983887910842896,,,0.0,,
test_group_0081,homogeneous_cluster_1,rating_user_knn_nash_welfare,rating_user_knn,nash_welfare,0.0,0.0,0.0,0.0,0.0,0.0,0.0,0.0,,,0.0,1.0,0.0,0.24525879323482513,0.0,0.25983887910842896,,,0.0,,
test_group_0081,homogeneous_cluster_1,rating_user_knn_tuned_fairness,rating_user_knn,tuned_fairness,0.0,0.0,0.0,0.0,0.0,0.0,0.0,0.0,,,0.0,1.0,0.0,0.24759945273399353,0.0,0.25983887910842896,,,0.0,0.0,
test_group_0082,homogeneous_cluster_1,hybrid_mf_bayes_average,hybrid_mf_bayes,average,0.0,0.0,0.0,0.0,0.0,0.0,0.0,0.0,,,0.0,1.0,0.0,0.2158016860485077,0.0,0.4637371003627777,,,0.0,,
test_group_0082,homogeneous_cluster_1,hybrid_mf_bayes_dbscan_minority_nash,hybrid_mf_bayes,dbscan_minority_nash,0.0,0.0,0.0,0.0,0.0,0.0,0.0,0.0,,,0.0,1.0,0.0,0.2158016860485077,0.0,0.4637371003627777,,,0.0,,2.0
test_group_0082,homogeneous_cluster_1,hybrid_mf_bayes_least_misery,hybrid_mf_bayes,least_misery,0.0,0.0,0.0,0.0,0.0,0.0,0.0,0.0,,,0.0,1.0,0.0,0.2191556990146637,0.0,0.4637371003627777,,,0.0,,
test_group_0082,homogeneous_cluster_1,hybrid_mf_bayes_nash_welfare,hybrid_mf_bayes,nash_welfare,0.0,0.0,0.0,0.0,0.0,0.0,0.0,0.0,,,0.0,1.0,0.0,0.2158016860485077,0.0,0.4637371003627777,,,0.0,,
test_group_0082,homogeneous_cluster_1,hybrid_mf_bayes_tuned_fairness,hybrid_mf_bayes,tuned_fairness,0.0,0.0,0.0,0.0,0.0,0.0,0.0,0.0,,,0.0,1.0,0.0,0.2158016860485077,0.0,0.4637371003627777,,,0.0,0.0,
test_group_0082,homogeneous_cluster_1,mf_average,mf,average,0.03333333333333333,0.08333333333333333,0.085143117641621,0.03544556034340995,0.03544556034340995,0.0501275921635643,0.0,0.3333333333333333,,,0.0,0.6666666666666666,0.3333333333333333,0.34377631545066833,0.0,0.4637371003627777,,,0.0,,
test_group_0082,homogeneous_cluster_1,mf_dbscan_minority_nash,mf,dbscan_minority_nash,0.03333333333333333,0.08333333333333333,0.09478836436955076,0.03946093098512097,0.03946093098512097,0.055806183783026785,0.0,0.3333333333333333,,,0.0,0.6666666666666666,0.3333333333333333,0.2925672233104706,0.0,0.4637371003627777,,,0.0,,2.0
test_group_0082,homogeneous_cluster_1,mf_least_misery,mf,least_misery,0.03333333333333333,0.08333333333333333,0.085143117641621,0.03544556034340995,0.03544556034340995,0.0501275921635643,0.0,0.3333333333333333,,,0.0,0.6666666666666666,0.3333333333333333,0.23836512863636017,0.0,0.4637371003627777,,,0.0,,
test_group_0082,homogeneous_cluster_1,mf_nash_welfare,mf,nash_welfare,0.03333333333333333,0.08333333333333333,0.09478836436955076,0.03946093098512097,0.03946093098512097,0.055806183783026785,0.0,0.3333333333333333,,,0.0,0.6666666666666666,0.3333333333333333,0.2925672233104706,0.0,0.4637371003627777,,,0.0,,
test_group_0082,homogeneous_cluster_1,mf_tuned_fairness,mf,tuned_fairness,0.03333333333333333,0.08333333333333333,0.085143117641621,0.03544556034340995,0.03544556034340995,0.0501275921635643,0.0,0.3333333333333333,,,0.0,0.6666666666666666,0.3333333333333333,0.34377631545066833,0.0,0.4637371003627777,,,0.0,0.0,
test_group_0082,homogeneous_cluster_1,rating_user_knn_average,rating_user_knn,average,0.0,0.0,0.0,0.0,0.0,0.0,0.0,0.0,,,0.0,1.0,0.0,0.4276151955127716,0.0,0.4637371003627777,,,0.0,,
test_group_0082,homogeneous_cluster_1,rating_user_knn_dbscan_minority_nash,rating_user_knn,dbscan_minority_nash,0.0,0.0,0.0,0.0,0.0,0.0,0.0,0.0,,,0.0,1.0,0.0,0.4276151955127716,0.0,0.4637371003627777,,,0.0,,2.0
test_group_0082,homogeneous_cluster_1,rating_user_knn_least_misery,rating_user_knn,least_misery,0.0,0.0,0.0,0.0,0.0,0.0,0.0,0.0,,,0.0,1.0,0.0,0.43856242299079895,0.0,0.4637371003627777,,,0.0,,
test_group_0082,homogeneous_cluster_1,rating_user_knn_nash_welfare,rating_user_knn,nash_welfare,0.0,0.0,0.0,0.0,0.0,0.0,0.0,0.0,,,0.0,1.0,0.0,0.4276151955127716,0.0,0.4637371003627777,,,0.0,,
test_group_0082,homogeneous_cluster_1,rating_user_knn_tuned_fairness,rating_user_knn,tuned_fairness,0.0,0.0,0.0,0.0,0.0,0.0,0.0,0.0,,,0.0,1.0,0.0,0.4276151955127716,0.0,0.4637371003627777,,,0.0,0.0,
test_group_0083,homogeneous_cluster_1,hybrid_mf_bayes_average,hybrid_mf_bayes,average,0.06666666666666667,0.07142857142857141,0.15850703974098104,0.09650850507670237,0.09650850507670237,0.08382489739397889,0.0,0.5699879879016305,,,0.0,0.3333333333333333,0.6666666666666666,0.2394220530986786,0.0,0.36242905259132385,,,0.0,,
test_group_0083,homogeneous_cluster_1,hybrid_mf_bayes_dbscan_minority_nash,hybrid_mf_bayes,dbscan_minority_nash,0.06666666666666667,0.07142857142857141,0.15850703974098104,0.09650850507670237,0.09650850507670237,0.08382489739397889,0.0,0.5699879879016305,,,0.0,0.3333333333333333,0.6666666666666666,0.2394220530986786,0.0,0.36242905259132385,,,0.0,,2.0
test_group_0083,homogeneous_cluster_1,hybrid_mf_bayes_least_misery,hybrid_mf_bayes,least_misery,0.03333333333333333,0.035714285714285705,0.085143117641621,0.02838103921387367,0.02838103921387367,0.04013685057050279,0.0,0.3333333333333333,,,0.0,0.6666666666666666,0.3333333333333333,0.22135043144226074,0.0,0.36242905259132385,,,0.0,,
test_group_0083,homogeneous_cluster_1,hybrid_mf_bayes_nash_welfare,hybrid_mf_bayes,nash_welfare,0.06666666666666667,0.07142857142857141,0.15850703974098104,0.09650850507670237,0.09650850507670237,0.08382489739397889,0.0,0.5699879879016305,,,0.0,0.3333333333333333,0.6666666666666666,0.2394220530986786,0.0,0.36242905259132385,,,0.0,,
test_group_0083,homogeneous_cluster_1,hybrid_mf_bayes_tuned_fairness,hybrid_mf_bayes,tuned_fairness,0.06666666666666667,0.07142857142857141,0.15850703974098104,0.09650850507670237,0.09650850507670237,0.08382489739397889,0.0,0.5699879879016305,,,0.0,0.3333333333333333,0.6666666666666666,0.2394220530986786,0.0,0.36242905259132385,,,0.0,0.0,
test_group_0083,homogeneous_cluster_1,mf_average,mf,average,0.06666666666666667,0.07142857142857141,0.1731866333482261,0.10439860039590498,0.10439860039590498,0.08942303801493875,0.0,0.5768061374766517,,,0.0,0.3333333333333333,0.6666666666666666,0.242278590798378,0.0,0.36242905259132385,,,0.0,,
test_group_0083,homogeneous_cluster_1,mf_dbscan_minority_nash,mf,dbscan_minority_nash,0.06666666666666667,0.07142857142857141,0.1731866333482261,0.10439860039590498,0.10439860039590498,0.08942303801493875,0.0,0.5768061374766517,,,0.0,0.3333333333333333,0.6666666666666666,0.242278590798378,0.0,0.36242905259132385,,,0.0,,2.0
test_group_0083,homogeneous_cluster_1,mf_least_misery,mf,least_misery,0.06666666666666667,0.07142857142857141,0.1610425878239398,0.09312135371637298,0.09312135371637298,0.07536193183035286,0.0,0.6042493285973589,,,0.0,0.3333333333333333,0.6666666666666666,0.24136583507061005,0.0,0.36242905259132385,,,0.0,,
test_group_0083,homogeneous_cluster_1,mf_nash_welfare,mf,nash_welfare,0.06666666666666667,0.07142857142857141,0.1731866333482261,0.10439860039590498,0.10439860039590498,0.08942303801493875,0.0,0.5768061374766517,,,0.0,0.3333333333333333,0.6666666666666666,0.242278590798378,0.0,0.36242905259132385,,,0.0,,
test_group_0083,homogeneous_cluster_1,mf_tuned_fairness,mf,tuned_fairness,0.06666666666666667,0.07142857142857141,0.1731866333482261,0.10439860039590498,0.10439860039590498,0.08942303801493875,0.0,0.5768061374766517,,,0.0,0.3333333333333333,0.6666666666666666,0.242278590798378,0.0,0.36242905259132385,,,0.0,0.0,
test_group_0083,homogeneous_cluster_1,rating_user_knn_average,rating_user_knn,average,0.0,0.0,0.0,0.0,0.0,0.0,0.0,0.0,,,0.0,1.0,0.0,0.4602612257003784,0.0,0.36242905259132385,,,0.0,,
test_group_0083,homogeneous_cluster_1,rating_user_knn_dbscan_minority_nash,rating_user_knn,dbscan_minority_nash,0.0,0.0,0.0,0.0,0.0,0.0,0.0,0.0,,,0.0,1.0,0.0,0.42918142676353455,0.0,0.36242905259132385,,,0.0,,2.0
test_group_0083,homogeneous_cluster_1,rating_user_knn_least_misery,rating_user_knn,least_misery,0.0,0.0,0.0,0.0,0.0,0.0,0.0,0.0,,,0.0,1.0,0.0,0.3396700620651245,0.0,0.36242905259132385,,,0.0,,
test_group_0083,homogeneous_cluster_1,rating_user_knn_nash_welfare,rating_user_knn,nash_welfare,0.0,0.0,0.0,0.0,0.0,0.0,0.0,0.0,,,0.0,1.0,0.0,0.42918142676353455,0.0,0.36242905259132385,,,0.0,,
test_group_0083,homogeneous_cluster_1,rating_user_knn_tuned_fairness,rating_user_knn,tuned_fairness,0.0,0.0,0.0,0.0,0.0,0.0,0.0,0.0,,,0.0,1.0,0.0,0.4602612257003784,0.0,0.36242905259132385,,,0.0,0.0,
test_group_0084,homogeneous_cluster_1,hybrid_mf_bayes_average,hybrid_mf_bayes,average,0.0,0.0,0.0,0.0,0.0,0.0,0.0,0.0,,,0.0,1.0,0.0,0.23510847985744476,0.0,0.3040182888507843,,,0.0,,
test_group_0084,homogeneous_cluster_1,hybrid_mf_bayes_dbscan_minority_nash,hybrid_mf_bayes,dbscan_minority_nash,0.0,0.0,0.0,0.0,0.0,0.0,0.0,0.0,,,0.0,1.0,0.0,0.23510847985744476,0.0,0.3040182888507843,,,0.0,,2.0
test_group_0084,homogeneous_cluster_1,hybrid_mf_bayes_least_misery,hybrid_mf_bayes,least_misery,0.0,0.0,0.0,0.0,0.0,0.0,0.0,0.0,,,0.0,1.0,0.0,0.23239457607269287,0.0,0.3040182888507843,,,0.0,,
test_group_0084,homogeneous_cluster_1,hybrid_mf_bayes_nash_welfare,hybrid_mf_bayes,nash_welfare,0.0,0.0,0.0,0.0,0.0,0.0,0.0,0.0,,,0.0,1.0,0.0,0.23510847985744476,0.0,0.3040182888507843,,,0.0,,
test_group_0084,homogeneous_cluster_1,hybrid_mf_bayes_tuned_fairness,hybrid_mf_bayes,tuned_fairness,0.0,0.0,0.0,0.0,0.0,0.0,0.0,0.0,,,0.0,1.0,0.0,0.23510847985744476,0.0,0.3040182888507843,,,0.0,0.0,
test_group_0084,homogeneous_cluster_1,mf_average,mf,average,0.0,0.0,0.0,0.0,0.0,0.0,0.0,0.0,,,0.0,1.0,0.0,0.241470068693161,0.0,0.3040182888507843,,,0.0,,
test_group_0084,homogeneous_cluster_1,mf_dbscan_minority_nash,mf,dbscan_minority_nash,0.0,0.0,0.0,0.0,0.0,0.0,0.0,0.0,,,0.0,1.0,0.0,0.241470068693161,0.0,0.3040182888507843,,,0.0,,2.0
test_group_0084,homogeneous_cluster_1,mf_least_misery,mf,least_misery,0.0,0.0,0.0,0.0,0.0,0.0,0.0,0.0,,,0.0,1.0,0.0,0.23226287961006165,0.0,0.3040182888507843,,,0.0,,
test_group_0084,homogeneous_cluster_1,mf_nash_welfare,mf,nash_welfare,0.0,0.0,0.0,0.0,0.0,0.0,0.0,0.0,,,0.0,1.0,0.0,0.241470068693161,0.0,0.3040182888507843,,,0.0,,
test_group_0084,homogeneous_cluster_1,mf_tuned_fairness,mf,tuned_fairness,0.0,0.0,0.0,0.0,0.0,0.0,0.0,0.0,,,0.0,1.0,0.0,0.241470068693161,0.0,0.3040182888507843,,,0.0,0.0,
test_group_0084,homogeneous_cluster_1,rating_user_knn_average,rating_user_knn,average,0.0,0.0,0.0,0.0,0.0,0.0,0.0,0.0,,,0.0,1.0,0.0,0.6107722520828247,0.0,0.3040182888507843,,,0.0,,
test_group_0084,homogeneous_cluster_1,rating_user_knn_dbscan_minority_nash,rating_user_knn,dbscan_minority_nash,0.0,0.0,0.0,0.0,0.0,0.0,0.0,0.0,,,0.0,1.0,0.0,0.6065927147865295,0.0,0.3040182888507843,,,0.0,,2.0
test_group_0084,homogeneous_cluster_1,rating_user_knn_least_misery,rating_user_knn,least_misery,0.0,0.0,0.0,0.0,0.0,0.0,0.0,0.0,,,0.0,1.0,0.0,0.4839410185813904,0.0,0.3040182888507843,,,0.0,,
test_group_0084,homogeneous_cluster_1,rating_user_knn_nash_welfare,rating_user_knn,nash_welfare,0.0,0.0,0.0,0.0,0.0,0.0,0.0,0.0,,,0.0,1.0,0.0,0.6065927147865295,0.0,0.3040182888507843,,,0.0,,
test_group_0084,homogeneous_cluster_1,rating_user_knn_tuned_fairness,rating_user_knn,tuned_fairness,0.0,0.0,0.0,0.0,0.0,0.0,0.0,0.0,,,0.0,1.0,0.0,0.6107722520828247,0.0,0.3040182888507843,,,0.0,0.0,
test_group_0085,homogeneous_cluster_1,hybrid_mf_bayes_average,hybrid_mf_bayes,average,0.03333333333333333,0.020408163265306124,0.06625422345438904,0.022084741151463014,0.022084741151463014,0.031232540457898198,0.0,0.33333333333333337,,,0.0,0.6666666666666666,0.3333333333333333,0.24539998173713684,0.0,0.619818389415741,,,0.0,,
test_group_0085,homogeneous_cluster_1,hybrid_mf_bayes_dbscan_minority_nash,hybrid_mf_bayes,dbscan_minority_nash,0.03333333333333333,0.020408163265306124,0.06625422345438904,0.022084741151463014,0.022084741151463014,0.031232540457898198,0.0,0.33333333333333337,,,0.0,0.6666666666666666,0.3333333333333333,0.24539998173713684,0.0,0.619818389415741,,,0.0,,2.0
test_group_0085,homogeneous_cluster_1,hybrid_mf_bayes_least_misery,hybrid_mf_bayes,least_misery,0.03333333333333333,0.020408163265306124,0.07839826897867533,0.026132756326225113,0.026132756326225113,0.036957298418738856,0.0,0.33333333333333337,,,0.0,0.6666666666666666,0.3333333333333333,0.2467343807220459,0.0,0.619818389415741,,,0.0,,
test_group_0085,homogeneous_cluster_1,hybrid_mf_bayes_nash_welfare,hybrid_mf_bayes,nash_welfare,0.03333333333333333,0.020408163265306124,0.06625422345438904,0.022084741151463014,0.022084741151463014,0.031232540457898198,0.0,0.33333333333333337,,,0.0,0.6666666666666666,0.3333333333333333,0.24539998173713684,0.0,0.619818389415741,,,0.0,,
test_group_0085,homogeneous_cluster_1,hybrid_mf_bayes_tuned_fairness,hybrid_mf_bayes,tuned_fairness,0.03333333333333333,0.020408163265306124,0.06625422345438904,0.022084741151463014,0.022084741151463014,0.031232540457898198,0.0,0.33333333333333337,,,0.0,0.6666666666666666,0.3333333333333333,0.24539998173713684,0.0,0.619818389415741,,,0.0,0.0,
test_group_0085,homogeneous_cluster_1,mf_average,mf,average,0.0,0.0,0.0,0.0,0.0,0.0,0.0,0.0,,,0.0,1.0,0.0,0.280781090259552,0.0,0.619818389415741,,,0.0,,
test_group_0085,homogeneous_cluster_1,mf_dbscan_minority_nash,mf,dbscan_minority_nash,0.03333333333333333,0.020408163265306124,0.06625422345438904,0.022084741151463014,0.022084741151463014,0.031232540457898198,0.0,0.33333333333333337,,,0.0,0.6666666666666666,0.3333333333333333,0.28607431054115295,0.0,0.619818389415741,,,0.0,,2.0
test_group_0085,homogeneous_cluster_1,mf_least_misery,mf,least_misery,0.03333333333333333,0.020408163265306124,0.06625422345438904,0.022084741151463014,0.022084741151463014,0.031232540457898198,0.0,0.33333333333333337,,,0.0,0.6666666666666666,0.3333333333333333,0.23619753122329712,0.0,0.619818389415741,,,0.0,,
test_group_0085,homogeneous_cluster_1,mf_nash_welfare,mf,nash_welfare,0.03333333333333333,0.020408163265306124,0.06625422345438904,0.022084741151463014,0.022084741151463014,0.031232540457898198,0.0,0.33333333333333337,,,0.0,0.6666666666666666,0.3333333333333333,0.28607431054115295,0.0,0.619818389415741,,,0.0,,
test_group_0085,homogeneous_cluster_1,mf_tuned_fairness,mf,tuned_fairness,0.0,0.0,0.0,0.0,0.0,0.0,0.0,0.0,,,0.0,1.0,0.0,0.280781090259552,0.0,0.619818389415741,,,0.0,0.0,
test_group_0085,homogeneous_cluster_1,rating_user_knn_average,rating_user_knn,average,0.03333333333333333,0.020408163265306124,0.085143117641621,0.02838103921387367,0.02838103921387367,0.04013685057050279,0.0,0.3333333333333333,,,0.0,0.6666666666666666,0.3333333333333333,0.31849759817123413,0.0,0.619818389415741,,,0.0,,
test_group_0085,homogeneous_cluster_1,rating_user_knn_dbscan_minority_nash,rating_user_knn,dbscan_minority_nash,0.03333333333333333,0.020408163265306124,0.085143117641621,0.02838103921387367,0.02838103921387367,0.04013685057050279,0.0,0.3333333333333333,,,0.0,0.6666666666666666,0.3333333333333333,0.31849759817123413,0.0,0.619818389415741,,,0.0,,2.0
test_group_0085,homogeneous_cluster_1,rating_user_knn_least_misery,rating_user_knn,least_misery,0.0,0.0,0.0,0.0,0.0,0.0,0.0,0.0,,,0.0,1.0,0.0,0.40367043018341064,0.0,0.619818389415741,,,0.0,,
test_group_0085,homogeneous_cluster_1,rating_user_knn_nash_welfare,rating_user_knn,nash_welfare,0.03333333333333333,0.020408163265306124,0.085143117641621,0.02838103921387367,0.02838103921387367,0.04013685057050279,0.0,0.3333333333333333,,,0.0,0.6666666666666666,0.3333333333333333,0.31849759817123413,0.0,0.619818389415741,,,0.0,,
test_group_0085,homogeneous_cluster_1,rating_user_knn_tuned_fairness,rating_user_knn,tuned_fairness,0.03333333333333333,0.020408163265306124,0.085143117641621,0.02838103921387367,0.02838103921387367,0.04013685057050279,0.0,0.3333333333333333,,,0.0,0.6666666666666666,0.3333333333333333,0.31849759817123413,0.0,0.619818389415741,,,0.0,0.0,
test_group_0086,homogeneous_cluster_1,hybrid_mf_bayes_average,hybrid_mf_bayes,average,0.03333333333333333,0.039999999999999994,0.07336392209936006,0.024454640699786687,0.024454640699786687,0.03458408454059941,0.0,0.33333333333333337,,,0.0,0.6666666666666666,0.3333333333333333,0.25048887729644775,0.0,0.5765841007232666,,,0.0,,
test_group_0086,homogeneous_cluster_1,hybrid_mf_bayes_dbscan_minority_nash,hybrid_mf_bayes,dbscan_minority_nash,0.03333333333333333,0.039999999999999994,0.07336392209936006,0.024454640699786687,0.024454640699786687,0.03458408454059941,0.0,0.33333333333333337,,,0.0,0.6666666666666666,0.3333333333333333,0.25048884749412537,0.0,0.5765841007232666,,,0.0,,2.0
test_group_0086,homogeneous_cluster_1,hybrid_mf_bayes_least_misery,hybrid_mf_bayes,least_misery,0.0,0.0,0.0,0.0,0.0,0.0,0.0,0.0,,,0.0,1.0,0.0,0.23893652856349945,0.0,0.5765841007232666,,,0.0,,
test_group_0086,homogeneous_cluster_1,hybrid_mf_bayes_nash_welfare,hybrid_mf_bayes,nash_welfare,0.03333333333333333,0.039999999999999994,0.07336392209936006,0.024454640699786687,0.024454640699786687,0.03458408454059941,0.0,0.33333333333333337,,,0.0,0.6666666666666666,0.3333333333333333,0.25048884749412537,0.0,0.5765841007232666,,,0.0,,
test_group_0086,homogeneous_cluster_1,hybrid_mf_bayes_tuned_fairness,hybrid_mf_bayes,tuned_fairness,0.03333333333333333,0.039999999999999994,0.07336392209936006,0.024454640699786687,0.024454640699786687,0.03458408454059941,0.0,0.33333333333333337,,,0.0,0.6666666666666666,0.3333333333333333,0.25048887729644775,0.0,0.5765841007232666,,,0.0,0.0,
test_group_0086,homogeneous_cluster_1,mf_average,mf,average,0.03333333333333333,0.039999999999999994,0.085143117641621,0.02838103921387367,0.02838103921387367,0.04013685057050279,0.0,0.3333333333333333,,,0.0,0.6666666666666666,0.3333333333333333,0.28003859519958496,0.0,0.5765841007232666,,,0.0,,
test_group_0086,homogeneous_cluster_1,mf_dbscan_minority_nash,mf,dbscan_minority_nash,0.03333333333333333,0.039999999999999994,0.085143117641621,0.02838103921387367,0.02838103921387367,0.04013685057050279,0.0,0.3333333333333333,,,0.0,0.6666666666666666,0.3333333333333333,0.25493159890174866,0.0,0.5765841007232666,,,0.0,,2.0
test_group_0086,homogeneous_cluster_1,mf_least_misery,mf,least_misery,0.0,0.0,0.0,0.0,0.0,0.0,0.0,0.0,,,0.0,1.0,0.0,0.27913326025009155,0.0,0.5765841007232666,,,0.0,,
test_group_0086,homogeneous_cluster_1,mf_nash_welfare,mf,nash_welfare,0.03333333333333333,0.039999999999999994,0.085143117641621,0.02838103921387367,0.02838103921387367,0.04013685057050279,0.0,0.3333333333333333,,,0.0,0.6666666666666666,0.3333333333333333,0.25493159890174866,0.0,0.5765841007232666,,,0.0,,
test_group_0086,homogeneous_cluster_1,mf_tuned_fairness,mf,tuned_fairness,0.03333333333333333,0.039999999999999994,0.085143117641621,0.02838103921387367,0.02838103921387367,0.04013685057050279,0.0,0.3333333333333333,,,0.0,0.6666666666666666,0.3333333333333333,0.28003859519958496,0.0,0.5765841007232666,,,0.0,0.0,
test_group_0086,homogeneous_cluster_1,rating_user_knn_average,rating_user_knn,average,0.03333333333333333,0.039999999999999994,0.06362078819895171,0.021206929399650576,0.021206929399650576,0.029991127173274564,0.0,0.3333333333333333,,,0.0,0.6666666666666666,0.3333333333333333,0.6216849684715271,0.0,0.5765841007232666,,,0.0,,
test_group_0086,homogeneous_cluster_1,rating_user_knn_dbscan_minority_nash,rating_user_knn,dbscan_minority_nash,0.03333333333333333,0.039999999999999994,0.06362078819895171,0.021206929399650576,0.021206929399650576,0.029991127173274564,0.0,0.3333333333333333,,,0.0,0.6666666666666666,0.3333333333333333,0.6216849684715271,0.0,0.5765841007232666,,,0.0,,2.0
test_group_0086,homogeneous_cluster_1,rating_user_knn_least_misery,rating_user_knn,least_misery,0.0,0.0,0.0,0.0,0.0,0.0,0.0,0.0,,,0.0,1.0,0.0,0.6738415360450745,0.0,0.5765841007232666,,,0.0,,
test_group_0086,homogeneous_cluster_1,rating_user_knn_nash_welfare,rating_user_knn,nash_welfare,0.03333333333333333,0.039999999999999994,0.06362078819895171,0.021206929399650576,0.021206929399650576,0.029991127173274564,0.0,0.3333333333333333,,,0.0,0.6666666666666666,0.3333333333333333,0.6216849684715271,0.0,0.5765841007232666,,,0.0,,
test_group_0086,homogeneous_cluster_1,rating_user_knn_tuned_fairness,rating_user_knn,tuned_fairness,0.03333333333333333,0.039999999999999994,0.06362078819895171,0.021206929399650576,0.021206929399650576,0.029991127173274564,0.0,0.3333333333333333,,,0.0,0.6666666666666666,0.3333333333333333,0.6216849684715271,0.0,0.5765841007232666,,,0.0,0.0,
test_group_0087,homogeneous_cluster_1,hybrid_mf_bayes_average,hybrid_mf_bayes,average,0.0,0.0,0.0,0.0,0.0,0.0,0.0,0.0,,,0.0,1.0,0.0,0.2349076122045517,0.0,0.3225737512111664,,,0.0,,
test_group_0087,homogeneous_cluster_1,hybrid_mf_bayes_dbscan_minority_nash,hybrid_mf_bayes,dbscan_minority_nash,0.0,0.0,0.0,0.0,0.0,0.0,0.0,0.0,,,0.0,1.0,0.0,0.2349076122045517,0.0,0.3225737512111664,,,0.0,,2.0
test_group_0087,homogeneous_cluster_1,hybrid_mf_bayes_least_misery,hybrid_mf_bayes,least_misery,0.0,0.0,0.0,0.0,0.0,0.0,0.0,0.0,,,0.0,1.0,0.0,0.21238042414188385,0.0,0.3225737512111664,,,0.0,,
test_group_0087,homogeneous_cluster_1,hybrid_mf_bayes_nash_welfare,hybrid_mf_bayes,nash_welfare,0.0,0.0,0.0,0.0,0.0,0.0,0.0,0.0,,,0.0,1.0,0.0,0.2349076122045517,0.0,0.3225737512111664,,,0.0,,
test_group_0087,homogeneous_cluster_1,hybrid_mf_bayes_tuned_fairness,hybrid_mf_bayes,tuned_fairness,0.0,0.0,0.0,0.0,0.0,0.0,0.0,0.0,,,0.0,1.0,0.0,0.2349076122045517,0.0,0.3225737512111664,,,0.0,0.0,
test_group_0087,homogeneous_cluster_1,mf_average,mf,average,0.0,0.0,0.0,0.0,0.0,0.0,0.0,0.0,,,0.0,1.0,0.0,0.2821984887123108,0.0,0.3225737512111664,,,0.0,,
test_group_0087,homogeneous_cluster_1,mf_dbscan_minority_nash,mf,dbscan_minority_nash,0.0,0.0,0.0,0.0,0.0,0.0,0.0,0.0,,,0.0,1.0,0.0,0.2821984887123108,0.0,0.3225737512111664,,,0.0,,2.0
test_group_0087,homogeneous_cluster_1,mf_least_misery,mf,least_misery,0.0,0.0,0.0,0.0,0.0,0.0,0.0,0.0,,,0.0,1.0,0.0,0.2628811299800873,0.0,0.3225737512111664,,,0.0,,
test_group_0087,homogeneous_cluster_1,mf_nash_welfare,mf,nash_welfare,0.0,0.0,0.0,0.0,0.0,0.0,0.0,0.0,,,0.0,1.0,0.0,0.2821984887123108,0.0,0.3225737512111664,,,0.0,,
test_group_0087,homogeneous_cluster_1,mf_tuned_fairness,mf,tuned_fairness,0.0,0.0,0.0,0.0,0.0,0.0,0.0,0.0,,,0.0,1.0,0.0,0.2821984887123108,0.0,0.3225737512111664,,,0.0,0.0,
test_group_0087,homogeneous_cluster_1,rating_user_knn_average,rating_user_knn,average,0.0,0.0,0.0,0.0,0.0,0.0,0.0,0.0,,,0.0,1.0,0.0,0.5509667992591858,0.0,0.3225737512111664,,,0.0,,
test_group_0087,homogeneous_cluster_1,rating_user_knn_dbscan_minority_nash,rating_user_knn,dbscan_minority_nash,0.0,0.0,0.0,0.0,0.0,0.0,0.0,0.0,,,0.0,1.0,0.0,0.5509667992591858,0.0,0.3225737512111664,,,0.0,,2.0
test_group_0087,homogeneous_cluster_1,rating_user_knn_least_misery,rating_user_knn,least_misery,0.0,0.0,0.0,0.0,0.0,0.0,0.0,0.0,,,0.0,1.0,0.0,0.5650147199630737,0.0,0.3225737512111664,,,0.0,,
test_group_0087,homogeneous_cluster_1,rating_user_knn_nash_welfare,rating_user_knn,nash_welfare,0.0,0.0,0.0,0.0,0.0,0.0,0.0,0.0,,,0.0,1.0,0.0,0.5509667992591858,0.0,0.3225737512111664,,,0.0,,
test_group_0087,homogeneous_cluster_1,rating_user_knn_tuned_fairness,rating_user_knn,tuned_fairness,0.0,0.0,0.0,0.0,0.0,0.0,0.0,0.0,,,0.0,1.0,0.0,0.5509667992591858,0.0,0.3225737512111664,,,0.0,0.0,
test_group_0088,homogeneous_cluster_1,hybrid_mf_bayes_average,hybrid_mf_bayes,average,0.03333333333333333,0.04545454545454546,0.06943122193677727,0.023143740645592426,0.023143740645592426,0.03273019190504226,0.0,0.3333333333333333,,,0.0,0.6666666666666666,0.3333333333333333,0.21282225847244263,0.0,0.36842313408851624,,,0.0,,
test_group_0088,homogeneous_cluster_1,hybrid_mf_bayes_dbscan_minority_nash,hybrid_mf_bayes,dbscan_minority_nash,0.03333333333333333,0.04545454545454546,0.06943122193677727,0.023143740645592426,0.023143740645592426,0.03273019190504226,0.0,0.3333333333333333,,,0.0,0.6666666666666666,0.3333333333333333,0.21282225847244263,0.0,0.36842313408851624,,,0.0,,2.0
test_group_0088,homogeneous_cluster_1,hybrid_mf_bayes_least_misery,hybrid_mf_bayes,least_misery,0.03333333333333333,0.04545454545454546,0.06625422345438904,0.022084741151463014,0.022084741151463014,0.031232540457898198,0.0,0.33333333333333337,,,0.0,0.6666666666666666,0.3333333333333333,0.19337120652198792,0.0,0.36842313408851624,,,0.0,,
test_group_0088,homogeneous_cluster_1,hybrid_mf_bayes_nash_welfare,hybrid_mf_bayes,nash_welfare,0.03333333333333333,0.04545454545454546,0.06943122193677727,0.023143740645592426,0.023143740645592426,0.03273019190504226,0.0,0.3333333333333333,,,0.0,0.6666666666666666,0.3333333333333333,0.21282225847244263,0.0,0.36842313408851624,,,0.0,,
test_group_0088,homogeneous_cluster_1,hybrid_mf_bayes_tuned_fairness,hybrid_mf_bayes,tuned_fairness,0.03333333333333333,0.04545454545454546,0.06943122193677727,0.023143740645592426,0.023143740645592426,0.03273019190504226,0.0,0.3333333333333333,,,0.0,0.6666666666666666,0.3333333333333333,0.21282225847244263,0.0,0.36842313408851624,,,0.0,0.0,
test_group_0088,homogeneous_cluster_1,mf_average,mf,average,0.0,0.0,0.0,0.0,0.0,0.0,0.0,0.0,,,0.0,1.0,0.0,0.22450724244117737,0.0,0.36842313408851624,,,0.0,,
test_group_0088,homogeneous_cluster_1,mf_dbscan_minority_nash,mf,dbscan_minority_nash,0.0,0.0,0.0,0.0,0.0,0.0,0.0,0.0,,,0.0,1.0,0.0,0.22450724244117737,0.0,0.36842313408851624,,,0.0,,2.0
test_group_0088,homogeneous_cluster_1,mf_least_misery,mf,least_misery,0.03333333333333333,0.04545454545454546,0.06625422345438904,0.022084741151463014,0.022084741151463014,0.031232540457898198,0.0,0.33333333333333337,,,0.0,0.6666666666666666,0.3333333333333333,0.22638164460659027,0.0,0.36842313408851624,,,0.0,,
test_group_0088,homogeneous_cluster_1,mf_nash_welfare,mf,nash_welfare,0.0,0.0,0.0,0.0,0.0,0.0,0.0,0.0,,,0.0,1.0,0.0,0.22450724244117737,0.0,0.36842313408851624,,,0.0,,
test_group_0088,homogeneous_cluster_1,mf_tuned_fairness,mf,tuned_fairness,0.0,0.0,0.0,0.0,0.0,0.0,0.0,0.0,,,0.0,1.0,0.0,0.22450724244117737,0.0,0.36842313408851624,,,0.0,0.0,
test_group_0088,homogeneous_cluster_1,rating_user_knn_average,rating_user_knn,average,0.0,0.0,0.0,0.0,0.0,0.0,0.0,0.0,,,0.0,1.0,0.0,0.343014121055603,0.0,0.36842313408851624,,,0.0,,
test_group_0088,homogeneous_cluster_1,rating_user_knn_dbscan_minority_nash,rating_user_knn,dbscan_minority_nash,0.0,0.0,0.0,0.0,0.0,0.0,0.0,0.0,,,0.0,1.0,0.0,0.34301409125328064,0.0,0.36842313408851624,,,0.0,,2.0
test_group_0088,homogeneous_cluster_1,rating_user_knn_least_misery,rating_user_knn,least_misery,0.0,0.0,0.0,0.0,0.0,0.0,0.0,0.0,,,0.0,1.0,0.0,0.3309880793094635,0.0,0.36842313408851624,,,0.0,,
test_group_0088,homogeneous_cluster_1,rating_user_knn_nash_welfare,rating_user_knn,nash_welfare,0.0,0.0,0.0,0.0,0.0,0.0,0.0,0.0,,,0.0,1.0,0.0,0.34301409125328064,0.0,0.36842313408851624,,,0.0,,
test_group_0088,homogeneous_cluster_1,rating_user_knn_tuned_fairness,rating_user_knn,tuned_fairness,0.0,0.0,0.0,0.0,0.0,0.0,0.0,0.0,,,0.0,1.0,0.0,0.343014121055603,0.0,0.36842313408851624,,,0.0,0.0,
test_group_0089,homogeneous_cluster_1,hybrid_mf_bayes_average,hybrid_mf_bayes,average,0.0,0.0,0.0,0.0,0.0,0.0,0.0,0.0,,,0.0,1.0,0.0,0.3321813642978668,0.0,0.632615864276886,,,0.0,,
test_group_0089,homogeneous_cluster_1,hybrid_mf_bayes_dbscan_minority_nash,hybrid_mf_bayes,dbscan_minority_nash,0.0,0.0,0.0,0.0,0.0,0.0,0.0,0.0,,,0.0,1.0,0.0,0.3321813642978668,0.0,0.632615864276886,,,0.0,,2.0
test_group_0089,homogeneous_cluster_1,hybrid_mf_bayes_least_misery,hybrid_mf_bayes,least_misery,0.0,0.0,0.0,0.0,0.0,0.0,0.0,0.0,,,0.0,1.0,0.0,0.3434053957462311,0.0,0.632615864276886,,,0.0,,
test_group_0089,homogeneous_cluster_1,hybrid_mf_bayes_nash_welfare,hybrid_mf_bayes,nash_welfare,0.0,0.0,0.0,0.0,0.0,0.0,0.0,0.0,,,0.0,1.0,0.0,0.3321813642978668,0.0,0.632615864276886,,,0.0,,
test_group_0089,homogeneous_cluster_1,hybrid_mf_bayes_tuned_fairness,hybrid_mf_bayes,tuned_fairness,0.0,0.0,0.0,0.0,0.0,0.0,0.0,0.0,,,0.0,1.0,0.0,0.3321813642978668,0.0,0.632615864276886,,,0.0,0.0,
test_group_0089,homogeneous_cluster_1,mf_average,mf,average,0.0,0.0,0.0,0.0,0.0,0.0,0.0,0.0,,,0.0,1.0,0.0,0.3112719655036926,0.0,0.632615864276886,,,0.0,,
test_group_0089,homogeneous_cluster_1,mf_dbscan_minority_nash,mf,dbscan_minority_nash,0.0,0.0,0.0,0.0,0.0,0.0,0.0,0.0,,,0.0,1.0,0.0,0.3021892309188843,0.0,0.632615864276886,,,0.0,,2.0
test_group_0089,homogeneous_cluster_1,mf_least_misery,mf,least_misery,0.0,0.0,0.0,0.0,0.0,0.0,0.0,0.0,,,0.0,1.0,0.0,0.3008542060852051,0.0,0.632615864276886,,,0.0,,
test_group_0089,homogeneous_cluster_1,mf_nash_welfare,mf,nash_welfare,0.0,0.0,0.0,0.0,0.0,0.0,0.0,0.0,,,0.0,1.0,0.0,0.3021892309188843,0.0,0.632615864276886,,,0.0,,
test_group_0089,homogeneous_cluster_1,mf_tuned_fairness,mf,tuned_fairness,0.0,0.0,0.0,0.0,0.0,0.0,0.0,0.0,,,0.0,1.0,0.0,0.3112719655036926,0.0,0.632615864276886,,,0.0,0.0,
test_group_0089,homogeneous_cluster_1,rating_user_knn_average,rating_user_knn,average,0.0,0.0,0.0,0.0,0.0,0.0,0.0,0.0,,,0.0,1.0,0.0,0.3593907654285431,0.0,0.632615864276886,,,0.0,,
test_group_0089,homogeneous_cluster_1,rating_user_knn_dbscan_minority_nash,rating_user_knn,dbscan_minority_nash,0.0,0.0,0.0,0.0,0.0,0.0,0.0,0.0,,,0.0,1.0,0.0,0.3593907356262207,0.0,0.632615864276886,,,0.0,,2.0
test_group_0089,homogeneous_cluster_1,rating_user_knn_least_misery,rating_user_knn,least_misery,0.0,0.0,0.0,0.0,0.0,0.0,0.0,0.0,,,0.0,1.0,0.0,0.33199262619018555,0.0,0.632615864276886,,,0.0,,
test_group_0089,homogeneous_cluster_1,rating_user_knn_nash_welfare,rating_user_knn,nash_welfare,0.0,0.0,0.0,0.0,0.0,0.0,0.0,0.0,,,0.0,1.0,0.0,0.3593907356262207,0.0,0.632615864276886,,,0.0,,
test_group_0089,homogeneous_cluster_1,rating_user_knn_tuned_fairness,rating_user_knn,tuned_fairness,0.0,0.0,0.0,0.0,0.0,0.0,0.0,0.0,,,0.0,1.0,0.0,0.3593907654285431,0.0,0.632615864276886,,,0.0,0.0,
test_group_0090,homogeneous_cluster_1,hybrid_mf_bayes_average,hybrid_mf_bayes,average,0.0,0.0,0.0,0.0,0.0,0.0,0.0,0.0,,,0.0,1.0,0.0,0.24403566122055054,0.0,0.4360552728176117,,,0.0,,
test_group_0090,homogeneous_cluster_1,hybrid_mf_bayes_dbscan_minority_nash,hybrid_mf_bayes,dbscan_minority_nash,0.0,0.0,0.0,0.0,0.0,0.0,0.0,0.0,,,0.0,1.0,0.0,0.24403566122055054,0.0,0.4360552728176117,,,0.0,,2.0
test_group_0090,homogeneous_cluster_1,hybrid_mf_bayes_least_misery,hybrid_mf_bayes,least_misery,0.0,0.0,0.0,0.0,0.0,0.0,0.0,0.0,,,0.0,1.0,0.0,0.23794198036193848,0.0,0.4360552728176117,,,0.0,,
test_group_0090,homogeneous_cluster_1,hybrid_mf_bayes_nash_welfare,hybrid_mf_bayes,nash_welfare,0.0,0.0,0.0,0.0,0.0,0.0,0.0,0.0,,,0.0,1.0,0.0,0.24403566122055054,0.0,0.4360552728176117,,,0.0,,
test_group_0090,homogeneous_cluster_1,hybrid_mf_bayes_tuned_fairness,hybrid_mf_bayes,tuned_fairness,0.0,0.0,0.0,0.0,0.0,0.0,0.0,0.0,,,0.0,1.0,0.0,0.24403566122055054,0.0,0.4360552728176117,,,0.0,0.0,
test_group_0090,homogeneous_cluster_1,mf_average,mf,average,0.0,0.0,0.0,0.0,0.0,0.0,0.0,0.0,,,0.0,1.0,0.0,0.29499438405036926,0.0,0.4360552728176117,,,0.0,,
test_group_0090,homogeneous_cluster_1,mf_dbscan_minority_nash,mf,dbscan_minority_nash,0.0,0.0,0.0,0.0,0.0,0.0,0.0,0.0,,,0.0,1.0,0.0,0.29499438405036926,0.0,0.4360552728176117,,,0.0,,2.0
test_group_0090,homogeneous_cluster_1,mf_least_misery,mf,least_misery,0.0,0.0,0.0,0.0,0.0,0.0,0.0,0.0,,,0.0,1.0,0.0,0.217006117105484,0.0,0.4360552728176117,,,0.0,,
test_group_0090,homogeneous_cluster_1,mf_nash_welfare,mf,nash_welfare,0.0,0.0,0.0,0.0,0.0,0.0,0.0,0.0,,,0.0,1.0,0.0,0.29499438405036926,0.0,0.4360552728176117,,,0.0,,
test_group_0090,homogeneous_cluster_1,mf_tuned_fairness,mf,tuned_fairness,0.0,0.0,0.0,0.0,0.0,0.0,0.0,0.0,,,0.0,1.0,0.0,0.29499438405036926,0.0,0.4360552728176117,,,0.0,0.0,
test_group_0090,homogeneous_cluster_1,rating_user_knn_average,rating_user_knn,average,0.0,0.0,0.0,0.0,0.0,0.0,0.0,0.0,,,0.0,1.0,0.0,0.5773398280143738,0.0,0.4360552728176117,,,0.0,,
test_group_0090,homogeneous_cluster_1,rating_user_knn_dbscan_minority_nash,rating_user_knn,dbscan_minority_nash,0.0,0.0,0.0,0.0,0.0,0.0,0.0,0.0,,,0.0,1.0,0.0,0.5659534931182861,0.0,0.4360552728176117,,,0.0,,2.0
test_group_0090,homogeneous_cluster_1,rating_user_knn_least_misery,rating_user_knn,least_misery,0.0,0.0,0.0,0.0,0.0,0.0,0.0,0.0,,,0.0,1.0,0.0,0.4724963307380676,0.0,0.4360552728176117,,,0.0,,
test_group_0090,homogeneous_cluster_1,rating_user_knn_nash_welfare,rating_user_knn,nash_welfare,0.0,0.0,0.0,0.0,0.0,0.0,0.0,0.0,,,0.0,1.0,0.0,0.5659534931182861,0.0,0.4360552728176117,,,0.0,,
test_group_0090,homogeneous_cluster_1,rating_user_knn_tuned_fairness,rating_user_knn,tuned_fairness,0.0,0.0,0.0,0.0,0.0,0.0,0.0,0.0,,,0.0,1.0,0.0,0.5773398280143738,0.0,0.4360552728176117,,,0.0,0.0,
test_group_0091,homogeneous_cluster_1,hybrid_mf_bayes_average,hybrid_mf_bayes,average,0.03333333333333333,0.03846153846153846,0.085143117641621,0.07906590425643208,0.07906590425643208,0.11181607412073885,0.0,0.3333333333333333,,,0.0,0.6666666666666666,0.3333333333333333,0.2258497029542923,0.0,0.20596925914287567,,,0.0,,
test_group_0091,homogeneous_cluster_1,hybrid_mf_bayes_dbscan_minority_nash,hybrid_mf_bayes,dbscan_minority_nash,0.03333333333333333,0.03846153846153846,0.085143117641621,0.07906590425643208,0.07906590425643208,0.11181607412073885,0.0,0.3333333333333333,,,0.0,0.6666666666666666,0.3333333333333333,0.2258497029542923,0.0,0.20596925914287567,,,0.0,,2.0
test_group_0091,homogeneous_cluster_1,hybrid_mf_bayes_least_misery,hybrid_mf_bayes,least_misery,0.03333333333333333,0.03846153846153846,0.07839826897867533,0.07280247893938806,0.07280247893938806,0.10295825309046422,0.0,0.3333333333333333,,,0.0,0.6666666666666666,0.3333333333333333,0.23096832633018494,0.0,0.20596925914287567,,,0.0,,
test_group_0091,homogeneous_cluster_1,hybrid_mf_bayes_nash_welfare,hybrid_mf_bayes,nash_welfare,0.03333333333333333,0.03846153846153846,0.085143117641621,0.07906590425643208,0.07906590425643208,0.11181607412073885,0.0,0.3333333333333333,,,0.0,0.6666666666666666,0.3333333333333333,0.2258497029542923,0.0,0.20596925914287567,,,0.0,,
test_group_0091,homogeneous_cluster_1,hybrid_mf_bayes_tuned_fairness,hybrid_mf_bayes,tuned_fairness,0.03333333333333333,0.03846153846153846,0.085143117641621,0.07906590425643208,0.07906590425643208,0.11181607412073885,0.0,0.3333333333333333,,,0.0,0.6666666666666666,0.3333333333333333,0.2258497029542923,0.0,0.20596925914287567,,,0.0,0.0,
test_group_0091,homogeneous_cluster_1,mf_average,mf,average,0.03333333333333333,0.03846153846153846,0.07839826897867533,0.07280247893938806,0.07280247893938806,0.10295825309046422,0.0,0.3333333333333333,,,0.0,0.6666666666666666,0.3333333333333333,0.3027975857257843,0.0,0.20596925914287567,,,0.0,,
test_group_0091,homogeneous_cluster_1,mf_dbscan_minority_nash,mf,dbscan_minority_nash,0.03333333333333333,0.03846153846153846,0.07839826897867533,0.07280247893938806,0.07280247893938806,0.10295825309046422,0.0,0.3333333333333333,,,0.0,0.6666666666666666,0.3333333333333333,0.3027975857257843,0.0,0.20596925914287567,,,0.0,,2.0
test_group_0091,homogeneous_cluster_1,mf_least_misery,mf,least_misery,0.03333333333333333,0.03846153846153846,0.085143117641621,0.07906590425643208,0.07906590425643208,0.11181607412073885,0.0,0.3333333333333333,,,0.0,0.6666666666666666,0.3333333333333333,0.2795548439025879,0.0,0.20596925914287567,,,0.0,,
test_group_0091,homogeneous_cluster_1,mf_nash_welfare,mf,nash_welfare,0.03333333333333333,0.03846153846153846,0.07839826897867533,0.07280247893938806,0.07280247893938806,0.10295825309046422,0.0,0.3333333333333333,,,0.0,0.6666666666666666,0.3333333333333333,0.3027975857257843,0.0,0.20596925914287567,,,0.0,,
test_group_0091,homogeneous_cluster_1,mf_tuned_fairness,mf,tuned_fairness,0.03333333333333333,0.03846153846153846,0.07839826897867533,0.07280247893938806,0.07280247893938806,0.10295825309046422,0.0,0.3333333333333333,,,0.0,0.6666666666666666,0.3333333333333333,0.3027975857257843,0.0,0.20596925914287567,,,0.0,0.0,
test_group_0091,homogeneous_cluster_1,rating_user_knn_average,rating_user_knn,average,0.06666666666666667,0.07692307692307691,0.19518900079066107,0.1157478653061121,0.1157478653061121,0.09691946205015126,0.0,0.5878459678138616,,,0.0,0.3333333333333333,0.6666666666666666,0.6384965181350708,0.0,0.20596925914287567,,,0.0,,
test_group_0091,homogeneous_cluster_1,rating_user_knn_dbscan_minority_nash,rating_user_knn,dbscan_minority_nash,0.06666666666666667,0.07692307692307691,0.18844415212771543,0.1094844399890681,0.1094844399890681,0.08916534651304285,0.0,0.601226927749873,,,0.0,0.3333333333333333,0.6666666666666666,0.6384965181350708,0.0,0.20596925914287567,,,0.0,,2.0
test_group_0091,homogeneous_cluster_1,rating_user_knn_least_misery,rating_user_knn,least_misery,0.06666666666666667,0.07692307692307691,0.20829366581033182,0.11076294916360846,0.11076294916360846,0.08142738935719994,0.0,0.6491628056068551,,,0.0,0.3333333333333333,0.6666666666666666,0.5601930618286133,0.0,0.20596925914287567,,,0.0,,
test_group_0091,homogeneous_cluster_1,rating_user_knn_nash_welfare,rating_user_knn,nash_welfare,0.06666666666666667,0.07692307692307691,0.18844415212771543,0.1094844399890681,0.1094844399890681,0.08916534651304285,0.0,0.601226927749873,,,0.0,0.3333333333333333,0.6666666666666666,0.6384965181350708,0.0,0.20596925914287567,,,0.0,,
test_group_0091,homogeneous_cluster_1,rating_user_knn_tuned_fairness,rating_user_knn,tuned_fairness,0.06666666666666667,0.07692307692307691,0.19518900079066107,0.1157478653061121,0.1157478653061121,0.09691946205015126,0.0,0.5878459678138616,,,0.0,0.3333333333333333,0.6666666666666666,0.6384965181350708,0.0,0.20596925914287567,,,0.0,0.0,
test_group_0092,homogeneous_cluster_1,hybrid_mf_bayes_average,hybrid_mf_bayes,average,0.0,0.0,0.0,0.0,0.0,0.0,0.0,0.0,,,0.0,1.0,0.0,0.30800196528434753,0.0,0.6951122283935547,,,0.0,,
test_group_0092,homogeneous_cluster_1,hybrid_mf_bayes_dbscan_minority_nash,hybrid_mf_bayes,dbscan_minority_nash,0.0,0.0,0.0,0.0,0.0,0.0,0.0,0.0,,,0.0,1.0,0.0,0.30800196528434753,0.0,0.6951122283935547,,,0.0,,2.0
test_group_0092,homogeneous_cluster_1,hybrid_mf_bayes_least_misery,hybrid_mf_bayes,least_misery,0.03333333333333333,0.06250000000000001,0.06012983951359323,0.03362249038875705,0.03362249038875705,0.04754938190853925,0.0,0.3333333333333333,,,0.0,0.6666666666666666,0.3333333333333333,0.3010421395301819,0.0,0.6951122283935547,,,0.0,,
test_group_0092,homogeneous_cluster_1,hybrid_mf_bayes_nash_welfare,hybrid_mf_bayes,nash_welfare,0.0,0.0,0.0,0.0,0.0,0.0,0.0,0.0,,,0.0,1.0,0.0,0.30800196528434753,0.0,0.6951122283935547,,,0.0,,
test_group_0092,homogeneous_cluster_1,hybrid_mf_bayes_tuned_fairness,hybrid_mf_bayes,tuned_fairness,0.0,0.0,0.0,0.0,0.0,0.0,0.0,0.0,,,0.0,1.0,0.0,0.30800196528434753,0.0,0.6951122283935547,,,0.0,0.0,
test_group_0092,homogeneous_cluster_1,mf_average,mf,average,0.0,0.0,0.0,0.0,0.0,0.0,0.0,0.0,,,0.0,1.0,0.0,0.3610302805900574,0.0,0.6951122283935547,,,0.0,,
test_group_0092,homogeneous_cluster_1,mf_dbscan_minority_nash,mf,dbscan_minority_nash,0.0,0.0,0.0,0.0,0.0,0.0,0.0,0.0,,,0.0,1.0,0.0,0.3610302805900574,0.0,0.6951122283935547,,,0.0,,2.0
test_group_0092,homogeneous_cluster_1,mf_least_misery,mf,least_misery,0.03333333333333333,0.06250000000000001,0.06978419164318801,0.03902086437932118,0.03902086437932118,0.05518383562075721,0.0,0.3333333333333333,,,0.0,0.6666666666666666,0.3333333333333333,0.2848924398422241,0.0,0.6951122283935547,,,0.0,,
test_group_0092,homogeneous_cluster_1,mf_nash_welfare,mf,nash_welfare,0.0,0.0,0.0,0.0,0.0,0.0,0.0,0.0,,,0.0,1.0,0.0,0.3610302805900574,0.0,0.6951122283935547,,,0.0,,
test_group_0092,homogeneous_cluster_1,mf_tuned_fairness,mf,tuned_fairness,0.0,0.0,0.0,0.0,0.0,0.0,0.0,0.0,,,0.0,1.0,0.0,0.3610302805900574,0.0,0.6951122283935547,,,0.0,0.0,
test_group_0092,homogeneous_cluster_1,rating_user_knn_average,rating_user_knn,average,0.03333333333333333,0.06250000000000001,0.09019475927038985,0.050433735583135575,0.050433735583135575,0.07132407286280888,0.0,0.33333333333333337,,,0.0,0.6666666666666666,0.3333333333333333,0.7370744347572327,0.0,0.6951122283935547,,,0.0,,
test_group_0092,homogeneous_cluster_1,rating_user_knn_dbscan_minority_nash,rating_user_knn,dbscan_minority_nash,0.03333333333333333,0.06250000000000001,0.09019475927038985,0.050433735583135575,0.050433735583135575,0.07132407286280888,0.0,0.33333333333333337,,,0.0,0.6666666666666666,0.3333333333333333,0.7370744347572327,0.0,0.6951122283935547,,,0.0,,2.0
test_group_0092,homogeneous_cluster_1,rating_user_knn_least_misery,rating_user_knn,least_misery,0.03333333333333333,0.06250000000000001,0.1803895185407797,0.10086747116627115,0.10086747116627115,0.14264814572561776,0.0,0.33333333333333337,,,0.0,0.6666666666666666,0.3333333333333333,0.712647557258606,0.0,0.6951122283935547,,,0.0,,
test_group_0092,homogeneous_cluster_1,rating_user_knn_nash_welfare,rating_user_knn,nash_welfare,0.03333333333333333,0.06250000000000001,0.09019475927038985,0.050433735583135575,0.050433735583135575,0.07132407286280888,0.0,0.33333333333333337,,,0.0,0.6666666666666666,0.3333333333333333,0.7370744347572327,0.0,0.6951122283935547,,,0.0,,
test_group_0092,homogeneous_cluster_1,rating_user_knn_tuned_fairness,rating_user_knn,tuned_fairness,0.03333333333333333,0.06250000000000001,0.09019475927038985,0.050433735583135575,0.050433735583135575,0.07132407286280888,0.0,0.33333333333333337,,,0.0,0.6666666666666666,0.3333333333333333,0.7370744347572327,0.0,0.6951122283935547,,,0.0,0.0,
test_group_0093,homogeneous_cluster_1,hybrid_mf_bayes_average,hybrid_mf_bayes,average,0.06666666666666667,0.09523809523809526,0.2122263659729146,0.07554858234721475,0.07554858234721475,0.1068418297734917,0.0,0.3333333333333333,,,0.0,0.6666666666666666,0.3333333333333333,0.2788952589035034,0.0,0.37863636016845703,,,0.0,,
test_group_0093,homogeneous_cluster_1,hybrid_mf_bayes_dbscan_minority_nash,hybrid_mf_bayes,dbscan_minority_nash,0.06666666666666667,0.09523809523809526,0.2122263659729146,0.07554858234721475,0.07554858234721475,0.1068418297734917,0.0,0.3333333333333333,,,0.0,0.6666666666666666,0.3333333333333333,0.2788952589035034,0.0,0.37863636016845703,,,0.0,,2.0
test_group_0093,homogeneous_cluster_1,hybrid_mf_bayes_least_misery,hybrid_mf_bayes,least_misery,0.06666666666666667,0.09523809523809526,0.20829366581033182,0.07414861528507456,0.07414861528507456,0.10486197736733742,0.0,0.3333333333333333,,,0.0,0.6666666666666666,0.3333333333333333,0.23788407444953918,0.0,0.37863636016845703,,,0.0,,
test_group_0093,homogeneous_cluster_1,hybrid_mf_bayes_nash_welfare,hybrid_mf_bayes,nash_welfare,0.06666666666666667,0.09523809523809526,0.2122263659729146,0.07554858234721475,0.07554858234721475,0.1068418297734917,0.0,0.3333333333333333,,,0.0,0.6666666666666666,0.3333333333333333,0.2788952589035034,0.0,0.37863636016845703,,,0.0,,
test_group_0093,homogeneous_cluster_1,hybrid_mf_bayes_tuned_fairness,hybrid_mf_bayes,tuned_fairness,0.06666666666666667,0.09523809523809526,0.2122263659729146,0.07554858234721475,0.07554858234721475,0.1068418297734917,0.0,0.3333333333333333,,,0.0,0.6666666666666666,0.3333333333333333,0.2788952589035034,0.0,0.37863636016845703,,,0.0,0.0,
test_group_0093,homogeneous_cluster_1,mf_average,mf,average,0.1,0.1428571428571429,0.24936270394794904,0.08876841803878453,0.08876841803878453,0.12553750070085357,0.0,0.3333333333333333,,,0.0,0.6666666666666666,0.3333333333333333,0.2927577495574951,0.0,0.37863636016845703,,,0.0,,
test_group_0093,homogeneous_cluster_1,mf_dbscan_minority_nash,mf,dbscan_minority_nash,0.1,0.1428571428571429,0.24936270394794904,0.08876841803878453,0.08876841803878453,0.12553750070085357,0.0,0.3333333333333333,,,0.0,0.6666666666666666,0.3333333333333333,0.2927577495574951,0.0,0.37863636016845703,,,0.0,,2.0
test_group_0093,homogeneous_cluster_1,mf_least_misery,mf,least_misery,0.03333333333333333,0.04761904761904763,0.11004588314904008,0.03917425823574757,0.03917425823574757,0.055400767292900124,0.0,0.3333333333333333,,,0.0,0.6666666666666666,0.3333333333333333,0.25427430868148804,0.0,0.37863636016845703,,,0.0,,
test_group_0093,homogeneous_cluster_1,mf_nash_welfare,mf,nash_welfare,0.1,0.1428571428571429,0.24936270394794904,0.08876841803878453,0.08876841803878453,0.12553750070085357,0.0,0.3333333333333333,,,0.0,0.6666666666666666,0.3333333333333333,0.2927577495574951,0.0,0.37863636016845703,,,0.0,,
test_group_0093,homogeneous_cluster_1,mf_tuned_fairness,mf,tuned_fairness,0.1,0.1428571428571429,0.24936270394794904,0.08876841803878453,0.08876841803878453,0.12553750070085357,0.0,0.3333333333333333,,,0.0,0.6666666666666666,0.3333333333333333,0.2927577495574951,0.0,0.37863636016845703,,,0.0,0.0,
test_group_0093,homogeneous_cluster_1,rating_user_knn_average,rating_user_knn,average,0.03333333333333333,0.04761904761904763,0.06625422345438904,0.02358525357369354,0.02358525357369354,0.033354585475925916,0.0,0.3333333333333333,,,0.0,0.6666666666666666,0.3333333333333333,0.4838370978832245,0.0,0.37863636016845703,,,0.0,,
test_group_0093,homogeneous_cluster_1,rating_user_knn_dbscan_minority_nash,rating_user_knn,dbscan_minority_nash,0.03333333333333333,0.04761904761904763,0.06625422345438904,0.02358525357369354,0.02358525357369354,0.033354585475925916,0.0,0.3333333333333333,,,0.0,0.6666666666666666,0.3333333333333333,0.4838370978832245,0.0,0.37863636016845703,,,0.0,,2.0
test_group_0093,homogeneous_cluster_1,rating_user_knn_least_misery,rating_user_knn,least_misery,0.0,0.0,0.0,0.0,0.0,0.0,0.0,0.0,,,0.0,1.0,0.0,0.6334531307220459,0.0,0.37863636016845703,,,0.0,,
test_group_0093,homogeneous_cluster_1,rating_user_knn_nash_welfare,rating_user_knn,nash_welfare,0.03333333333333333,0.04761904761904763,0.06625422345438904,0.02358525357369354,0.02358525357369354,0.033354585475925916,0.0,0.3333333333333333,,,0.0,0.6666666666666666,0.3333333333333333,0.4838370978832245,0.0,0.37863636016845703,,,0.0,,
test_group_0093,homogeneous_cluster_1,rating_user_knn_tuned_fairness,rating_user_knn,tuned_fairness,0.03333333333333333,0.04761904761904763,0.06625422345438904,0.02358525357369354,0.02358525357369354,0.033354585475925916,0.0,0.3333333333333333,,,0.0,0.6666666666666666,0.3333333333333333,0.4838370978832245,0.0,0.37863636016845703,,,0.0,0.0,
test_group_0094,homogeneous_cluster_1,hybrid_mf_bayes_average,hybrid_mf_bayes,average,0.0,0.0,0.0,0.0,0.0,0.0,0.0,0.0,,,0.0,1.0,0.0,0.30945920944213867,0.0,0.5372881889343262,,,0.0,,
test_group_0094,homogeneous_cluster_1,hybrid_mf_bayes_dbscan_minority_nash,hybrid_mf_bayes,dbscan_minority_nash,0.0,0.0,0.0,0.0,0.0,0.0,0.0,0.0,,,0.0,1.0,0.0,0.30945920944213867,0.0,0.5372881889343262,,,0.0,,2.0
test_group_0094,homogeneous_cluster_1,hybrid_mf_bayes_least_misery,hybrid_mf_bayes,least_misery,0.0,0.0,0.0,0.0,0.0,0.0,0.0,0.0,,,0.0,1.0,0.0,0.29463469982147217,0.0,0.5372881889343262,,,0.0,,
test_group_0094,homogeneous_cluster_1,hybrid_mf_bayes_nash_welfare,hybrid_mf_bayes,nash_welfare,0.0,0.0,0.0,0.0,0.0,0.0,0.0,0.0,,,0.0,1.0,0.0,0.30945920944213867,0.0,0.5372881889343262,,,0.0,,
test_group_0094,homogeneous_cluster_1,hybrid_mf_bayes_tuned_fairness,hybrid_mf_bayes,tuned_fairness,0.0,0.0,0.0,0.0,0.0,0.0,0.0,0.0,,,0.0,1.0,0.0,0.30945920944213867,0.0,0.5372881889343262,,,0.0,0.0,
test_group_0094,homogeneous_cluster_1,mf_average,mf,average,0.0,0.0,0.0,0.0,0.0,0.0,0.0,0.0,,,0.0,1.0,0.0,0.3020418882369995,0.0,0.5372881889343262,,,0.0,,
test_group_0094,homogeneous_cluster_1,mf_dbscan_minority_nash,mf,dbscan_minority_nash,0.0,0.0,0.0,0.0,0.0,0.0,0.0,0.0,,,0.0,1.0,0.0,0.3020418882369995,0.0,0.5372881889343262,,,0.0,,2.0
test_group_0094,homogeneous_cluster_1,mf_least_misery,mf,least_misery,0.0,0.0,0.0,0.0,0.0,0.0,0.0,0.0,,,0.0,1.0,0.0,0.29398494958877563,0.0,0.5372881889343262,,,0.0,,
test_group_0094,homogeneous_cluster_1,mf_nash_welfare,mf,nash_welfare,0.0,0.0,0.0,0.0,0.0,0.0,0.0,0.0,,,0.0,1.0,0.0,0.3020418882369995,0.0,0.5372881889343262,,,0.0,,
test_group_0094,homogeneous_cluster_1,mf_tuned_fairness,mf,tuned_fairness,0.0,0.0,0.0,0.0,0.0,0.0,0.0,0.0,,,0.0,1.0,0.0,0.3020418882369995,0.0,0.5372881889343262,,,0.0,0.0,
test_group_0094,homogeneous_cluster_1,rating_user_knn_average,rating_user_knn,average,0.0,0.0,0.0,0.0,0.0,0.0,0.0,0.0,,,0.0,1.0,0.0,0.4647940695285797,0.0,0.5372881889343262,,,0.0,,
test_group_0094,homogeneous_cluster_1,rating_user_knn_dbscan_minority_nash,rating_user_knn,dbscan_minority_nash,0.0,0.0,0.0,0.0,0.0,0.0,0.0,0.0,,,0.0,1.0,0.0,0.4647941291332245,0.0,0.5372881889343262,,,0.0,,2.0
test_group_0094,homogeneous_cluster_1,rating_user_knn_least_misery,rating_user_knn,least_misery,0.0,0.0,0.0,0.0,0.0,0.0,0.0,0.0,,,0.0,1.0,0.0,0.32498082518577576,0.0,0.5372881889343262,,,0.0,,
test_group_0094,homogeneous_cluster_1,rating_user_knn_nash_welfare,rating_user_knn,nash_welfare,0.0,0.0,0.0,0.0,0.0,0.0,0.0,0.0,,,0.0,1.0,0.0,0.4647941291332245,0.0,0.5372881889343262,,,0.0,,
test_group_0094,homogeneous_cluster_1,rating_user_knn_tuned_fairness,rating_user_knn,tuned_fairness,0.0,0.0,0.0,0.0,0.0,0.0,0.0,0.0,,,0.0,1.0,0.0,0.4647940695285797,0.0,0.5372881889343262,,,0.0,0.0,
test_group_0095,homogeneous_cluster_1,hybrid_mf_bayes_average,hybrid_mf_bayes,average,0.06666666666666667,0.03448275862068967,0.11179004484275401,0.05473986210210935,0.05473986210210935,0.07741385538723604,0.0,0.33333333333333337,,,0.0,0.6666666666666666,0.3333333333333333,0.24333275854587555,0.0,0.3118516206741333,,,0.0,,
test_group_0095,homogeneous_cluster_1,hybrid_mf_bayes_dbscan_minority_nash,hybrid_mf_bayes,dbscan_minority_nash,0.06666666666666667,0.03448275862068967,0.11179004484275401,0.05473986210210935,0.05473986210210935,0.07741385538723604,0.0,0.33333333333333337,,,0.0,0.6666666666666666,0.3333333333333333,0.24333275854587555,0.0,0.3118516206741333,,,0.0,,2.0
test_group_0095,homogeneous_cluster_1,hybrid_mf_bayes_least_misery,hybrid_mf_bayes,least_misery,0.06666666666666667,0.03448275862068967,0.11446717208084214,0.05605076215630362,0.05605076215630362,0.07926774802279321,0.0,0.33333333333333337,,,0.0,0.6666666666666666,0.3333333333333333,0.2639363706111908,0.0,0.3118516206741333,,,0.0,,
test_group_0095,homogeneous_cluster_1,hybrid_mf_bayes_nash_welfare,hybrid_mf_bayes,nash_welfare,0.06666666666666667,0.03448275862068967,0.11179004484275401,0.05473986210210935,0.05473986210210935,0.07741385538723604,0.0,0.33333333333333337,,,0.0,0.6666666666666666,0.3333333333333333,0.24333275854587555,0.0,0.3118516206741333,,,0.0,,
test_group_0095,homogeneous_cluster_1,hybrid_mf_bayes_tuned_fairness,hybrid_mf_bayes,tuned_fairness,0.06666666666666667,0.03448275862068967,0.11179004484275401,0.05473986210210935,0.05473986210210935,0.07741385538723604,0.0,0.33333333333333337,,,0.0,0.6666666666666666,0.3333333333333333,0.24333275854587555,0.0,0.3118516206741333,,,0.0,0.0,
test_group_0095,homogeneous_cluster_1,mf_average,mf,average,0.1,0.0517241379310345,0.1484114368159081,0.07267213817747481,0.07267213817747481,0.10277392341723647,0.0,0.3333333333333333,,,0.0,0.6666666666666666,0.3333333333333333,0.26442304253578186,0.0,0.3118516206741333,,,0.0,,
test_group_0095,homogeneous_cluster_1,mf_dbscan_minority_nash,mf,dbscan_minority_nash,0.1,0.0517241379310345,0.1484114368159081,0.07267213817747481,0.07267213817747481,0.10277392341723647,0.0,0.3333333333333333,,,0.0,0.6666666666666666,0.3333333333333333,0.26442304253578186,0.0,0.3118516206741333,,,0.0,,2.0
test_group_0095,homogeneous_cluster_1,mf_least_misery,mf,least_misery,0.03333333333333333,0.017241379310344834,0.053368457452889644,0.026132756326225113,0.026132756326225113,0.036957298418738856,0.0,0.33333333333333337,,,0.0,0.6666666666666666,0.3333333333333333,0.2692328989505768,0.0,0.3118516206741333,,,0.0,,
test_group_0095,homogeneous_cluster_1,mf_nash_welfare,mf,nash_welfare,0.1,0.0517241379310345,0.1484114368159081,0.07267213817747481,0.07267213817747481,0.10277392341723647,0.0,0.3333333333333333,,,0.0,0.6666666666666666,0.3333333333333333,0.26442304253578186,0.0,0.3118516206741333,,,0.0,,
test_group_0095,homogeneous_cluster_1,mf_tuned_fairness,mf,tuned_fairness,0.1,0.0517241379310345,0.1484114368159081,0.07267213817747481,0.07267213817747481,0.10277392341723647,0.0,0.3333333333333333,,,0.0,0.6666666666666666,0.3333333333333333,0.26442304253578186,0.0,0.3118516206741333,,,0.0,0.0,
test_group_0095,homogeneous_cluster_1,rating_user_knn_average,rating_user_knn,average,0.13333333333333333,0.06896551724137934,0.35301686087887274,0.18033749208314784,0.18033749208314784,0.1440495152052692,0.0,0.6104837070881344,,,0.0,0.3333333333333333,0.6666666666666666,0.571660041809082,0.0,0.3118516206741333,,,0.0,,
test_group_0095,homogeneous_cluster_1,rating_user_knn_dbscan_minority_nash,rating_user_knn,dbscan_minority_nash,0.13333333333333333,0.06896551724137934,0.35301686087887274,0.18033749208314784,0.18033749208314784,0.1440495152052692,0.0,0.6104837070881344,,,0.0,0.3333333333333333,0.6666666666666666,0.571660041809082,0.0,0.3118516206741333,,,0.0,,2.0
test_group_0095,homogeneous_cluster_1,rating_user_knn_least_misery,rating_user_knn,least_misery,0.16666666666666666,0.08620689655172417,0.3544945313778763,0.18006927335295533,0.18006927335295533,0.13062162092275884,0.0,0.6552220840526017,,,0.0,0.3333333333333333,0.6666666666666666,0.4656217396259308,0.0,0.3118516206741333,,,0.0,,
test_group_0095,homogeneous_cluster_1,rating_user_knn_nash_welfare,rating_user_knn,nash_welfare,0.13333333333333333,0.06896551724137934,0.35301686087887274,0.18033749208314784,0.18033749208314784,0.1440495152052692,0.0,0.6104837070881344,,,0.0,0.3333333333333333,0.6666666666666666,0.571660041809082,0.0,0.3118516206741333,,,0.0,,
test_group_0095,homogeneous_cluster_1,rating_user_knn_tuned_fairness,rating_user_knn,tuned_fairness,0.13333333333333333,0.06896551724137934,0.35301686087887274,0.18033749208314784,0.18033749208314784,0.1440495152052692,0.0,0.6104837070881344,,,0.0,0.3333333333333333,0.6666666666666666,0.571660041809082,0.0,0.3118516206741333,,,0.0,0.0,
test_group_0096,homogeneous_cluster_1,hybrid_mf_bayes_average,hybrid_mf_bayes,average,0.03333333333333333,0.039999999999999994,0.09478836436955076,0.03159612145651693,0.03159612145651693,0.04468366348219379,0.0,0.3333333333333333,,,0.0,0.6666666666666666,0.3333333333333333,0.21030597388744354,0.0,0.40009939670562744,,,0.0,,
test_group_0096,homogeneous_cluster_1,hybrid_mf_bayes_dbscan_minority_nash,hybrid_mf_bayes,dbscan_minority_nash,0.03333333333333333,0.039999999999999994,0.09478836436955076,0.03159612145651693,0.03159612145651693,0.04468366348219379,0.0,0.3333333333333333,,,0.0,0.6666666666666666,0.3333333333333333,0.21030597388744354,0.0,0.40009939670562744,,,0.0,,2.0
test_group_0096,homogeneous_cluster_1,hybrid_mf_bayes_least_misery,hybrid_mf_bayes,least_misery,0.03333333333333333,0.039999999999999994,0.09478836436955076,0.03159612145651693,0.03159612145651693,0.04468366348219379,0.0,0.3333333333333333,,,0.0,0.6666666666666666,0.3333333333333333,0.1986965388059616,0.0,0.40009939670562744,,,0.0,,
test_group_0096,homogeneous_cluster_1,hybrid_mf_bayes_nash_welfare,hybrid_mf_bayes,nash_welfare,0.03333333333333333,0.039999999999999994,0.09478836436955076,0.03159612145651693,0.03159612145651693,0.04468366348219379,0.0,0.3333333333333333,,,0.0,0.6666666666666666,0.3333333333333333,0.21030597388744354,0.0,0.40009939670562744,,,0.0,,
test_group_0096,homogeneous_cluster_1,hybrid_mf_bayes_tuned_fairness,hybrid_mf_bayes,tuned_fairness,0.03333333333333333,0.039999999999999994,0.09478836436955076,0.03159612145651693,0.03159612145651693,0.04468366348219379,0.0,0.3333333333333333,,,0.0,0.6666666666666666,0.3333333333333333,0.21030597388744354,0.0,0.40009939670562744,,,0.0,0.0,
test_group_0096,homogeneous_cluster_1,mf_average,mf,average,0.03333333333333333,0.039999999999999994,0.07839826897867533,0.026132756326225113,0.026132756326225113,0.036957298418738856,0.0,0.33333333333333337,,,0.0,0.6666666666666666,0.3333333333333333,0.25759032368659973,0.0,0.40009939670562744,,,0.0,,
test_group_0096,homogeneous_cluster_1,mf_dbscan_minority_nash,mf,dbscan_minority_nash,0.03333333333333333,0.039999999999999994,0.07839826897867533,0.026132756326225113,0.026132756326225113,0.036957298418738856,0.0,0.33333333333333337,,,0.0,0.6666666666666666,0.3333333333333333,0.25759029388427734,0.0,0.40009939670562744,,,0.0,,2.0
test_group_0096,homogeneous_cluster_1,mf_least_misery,mf,least_misery,0.0,0.0,0.0,0.0,0.0,0.0,0.0,0.0,,,0.0,1.0,0.0,0.2297774851322174,0.0,0.40009939670562744,,,0.0,,
test_group_0096,homogeneous_cluster_1,mf_nash_welfare,mf,nash_welfare,0.03333333333333333,0.039999999999999994,0.07839826897867533,0.026132756326225113,0.026132756326225113,0.036957298418738856,0.0,0.33333333333333337,,,0.0,0.6666666666666666,0.3333333333333333,0.25759029388427734,0.0,0.40009939670562744,,,0.0,,
test_group_0096,homogeneous_cluster_1,mf_tuned_fairness,mf,tuned_fairness,0.03333333333333333,0.039999999999999994,0.07839826897867533,0.026132756326225113,0.026132756326225113,0.036957298418738856,0.0,0.33333333333333337,,,0.0,0.6666666666666666,0.3333333333333333,0.25759032368659973,0.0,0.40009939670562744,,,0.0,0.0,
test_group_0096,homogeneous_cluster_1,rating_user_knn_average,rating_user_knn,average,0.0,0.0,0.0,0.0,0.0,0.0,0.0,0.0,,,0.0,1.0,0.0,0.45544686913490295,0.0,0.40009939670562744,,,0.0,,
test_group_0096,homogeneous_cluster_1,rating_user_knn_dbscan_minority_nash,rating_user_knn,dbscan_minority_nash,0.0,0.0,0.0,0.0,0.0,0.0,0.0,0.0,,,0.0,1.0,0.0,0.45544686913490295,0.0,0.40009939670562744,,,0.0,,2.0
test_group_0096,homogeneous_cluster_1,rating_user_knn_least_misery,rating_user_knn,least_misery,0.0,0.0,0.0,0.0,0.0,0.0,0.0,0.0,,,0.0,1.0,0.0,0.36242246627807617,0.0,0.40009939670562744,,,0.0,,
test_group_0096,homogeneous_cluster_1,rating_user_knn_nash_welfare,rating_user_knn,nash_welfare,0.0,0.0,0.0,0.0,0.0,0.0,0.0,0.0,,,0.0,1.0,0.0,0.45544686913490295,0.0,0.40009939670562744,,,0.0,,
test_group_0096,homogeneous_cluster_1,rating_user_knn_tuned_fairness,rating_user_knn,tuned_fairness,0.0,0.0,0.0,0.0,0.0,0.0,0.0,0.0,,,0.0,1.0,0.0,0.45544686913490295,0.0,0.40009939670562744,,,0.0,0.0,
test_group_0097,homogeneous_cluster_1,hybrid_mf_bayes_average,hybrid_mf_bayes,average,0.0,0.0,0.0,0.0,0.0,0.0,0.0,0.0,,,0.0,1.0,0.0,0.3070296049118042,0.0,0.5161781311035156,,,0.0,,
test_group_0097,homogeneous_cluster_1,hybrid_mf_bayes_dbscan_minority_nash,hybrid_mf_bayes,dbscan_minority_nash,0.0,0.0,0.0,0.0,0.0,0.0,0.0,0.0,,,0.0,1.0,0.0,0.3070296049118042,0.0,0.5161781311035156,,,0.0,,2.0
test_group_0097,homogeneous_cluster_1,hybrid_mf_bayes_least_misery,hybrid_mf_bayes,least_misery,0.0,0.0,0.0,0.0,0.0,0.0,0.0,0.0,,,0.0,1.0,0.0,0.3150303065776825,0.0,0.5161781311035156,,,0.0,,
test_group_0097,homogeneous_cluster_1,hybrid_mf_bayes_nash_welfare,hybrid_mf_bayes,nash_welfare,0.0,0.0,0.0,0.0,0.0,0.0,0.0,0.0,,,0.0,1.0,0.0,0.3070296049118042,0.0,0.5161781311035156,,,0.0,,
test_group_0097,homogeneous_cluster_1,hybrid_mf_bayes_tuned_fairness,hybrid_mf_bayes,tuned_fairness,0.0,0.0,0.0,0.0,0.0,0.0,0.0,0.0,,,0.0,1.0,0.0,0.3070296049118042,0.0,0.5161781311035156,,,0.0,0.0,
test_group_0097,homogeneous_cluster_1,mf_average,mf,average,0.0,0.0,0.0,0.0,0.0,0.0,0.0,0.0,,,0.0,1.0,0.0,0.33896058797836304,0.0,0.5161781311035156,,,0.0,,
test_group_0097,homogeneous_cluster_1,mf_dbscan_minority_nash,mf,dbscan_minority_nash,0.0,0.0,0.0,0.0,0.0,0.0,0.0,0.0,,,0.0,1.0,0.0,0.33896058797836304,0.0,0.5161781311035156,,,0.0,,2.0
test_group_0097,homogeneous_cluster_1,mf_least_misery,mf,least_misery,0.0,0.0,0.0,0.0,0.0,0.0,0.0,0.0,,,0.0,1.0,0.0,0.3110107481479645,0.0,0.5161781311035156,,,0.0,,
test_group_0097,homogeneous_cluster_1,mf_nash_welfare,mf,nash_welfare,0.0,0.0,0.0,0.0,0.0,0.0,0.0,0.0,,,0.0,1.0,0.0,0.33896058797836304,0.0,0.5161781311035156,,,0.0,,
test_group_0097,homogeneous_cluster_1,mf_tuned_fairness,mf,tuned_fairness,0.0,0.0,0.0,0.0,0.0,0.0,0.0,0.0,,,0.0,1.0,0.0,0.33896058797836304,0.0,0.5161781311035156,,,0.0,0.0,
test_group_0097,homogeneous_cluster_1,rating_user_knn_average,rating_user_knn,average,0.0,0.0,0.0,0.0,0.0,0.0,0.0,0.0,,,0.0,1.0,0.0,0.5656033158302307,0.0,0.5161781311035156,,,0.0,,
test_group_0097,homogeneous_cluster_1,rating_user_knn_dbscan_minority_nash,rating_user_knn,dbscan_minority_nash,0.0,0.0,0.0,0.0,0.0,0.0,0.0,0.0,,,0.0,1.0,0.0,0.5426183938980103,0.0,0.5161781311035156,,,0.0,,2.0
test_group_0097,homogeneous_cluster_1,rating_user_knn_least_misery,rating_user_knn,least_misery,0.0,0.0,0.0,0.0,0.0,0.0,0.0,0.0,,,0.0,1.0,0.0,0.44653311371803284,0.0,0.5161781311035156,,,0.0,,
test_group_0097,homogeneous_cluster_1,rating_user_knn_nash_welfare,rating_user_knn,nash_welfare,0.0,0.0,0.0,0.0,0.0,0.0,0.0,0.0,,,0.0,1.0,0.0,0.5426183938980103,0.0,0.5161781311035156,,,0.0,,
test_group_0097,homogeneous_cluster_1,rating_user_knn_tuned_fairness,rating_user_knn,tuned_fairness,0.0,0.0,0.0,0.0,0.0,0.0,0.0,0.0,,,0.0,1.0,0.0,0.5656033158302307,0.0,0.5161781311035156,,,0.0,0.0,
test_group_0098,homogeneous_cluster_1,hybrid_mf_bayes_average,hybrid_mf_bayes,average,0.1,0.10714285714285711,0.2973694836145356,0.10521033527331307,0.10521033527331307,0.09195301279966418,0.0,0.5669376565842468,,,0.0,0.3333333333333333,0.6666666666666666,0.28303754329681396,0.0,0.32111236453056335,,,0.0,,
test_group_0098,homogeneous_cluster_1,hybrid_mf_bayes_dbscan_minority_nash,hybrid_mf_bayes,dbscan_minority_nash,0.1,0.10714285714285711,0.2973694836145356,0.10521033527331307,0.10521033527331307,0.09195301279966418,0.0,0.5669376565842468,,,0.0,0.3333333333333333,0.6666666666666666,0.28303754329681396,0.0,0.32111236453056335,,,0.0,,2.0
test_group_0098,homogeneous_cluster_1,hybrid_mf_bayes_least_misery,hybrid_mf_bayes,least_misery,0.1,0.10714285714285711,0.23944085680261512,0.0853108848845154,0.0853108848845154,0.0707264042467316,0.0,0.5926584312047266,,,0.0,0.3333333333333333,0.6666666666666666,0.28303757309913635,0.0,0.32111236453056335,,,0.0,,
test_group_0098,homogeneous_cluster_1,hybrid_mf_bayes_nash_welfare,hybrid_mf_bayes,nash_welfare,0.1,0.10714285714285711,0.2973694836145356,0.10521033527331307,0.10521033527331307,0.09195301279966418,0.0,0.5669376565842468,,,0.0,0.3333333333333333,0.6666666666666666,0.28303754329681396,0.0,0.32111236453056335,,,0.0,,
test_group_0098,homogeneous_cluster_1,hybrid_mf_bayes_tuned_fairness,hybrid_mf_bayes,tuned_fairness,0.1,0.10714285714285711,0.2973694836145356,0.10521033527331307,0.10521033527331307,0.09195301279966418,0.0,0.5669376565842468,,,0.0,0.3333333333333333,0.6666666666666666,0.28303754329681396,0.0,0.32111236453056335,,,0.0,0.0,
test_group_0098,homogeneous_cluster_1,mf_average,mf,average,0.1,0.10714285714285711,0.25469837558210445,0.09039672447767848,0.09039672447767848,0.07712197940949148,0.0,0.578748856404974,,,0.0,0.3333333333333333,0.6666666666666666,0.30720555782318115,0.0,0.32111236453056335,,,0.0,,
test_group_0098,homogeneous_cluster_1,mf_dbscan_minority_nash,mf,dbscan_minority_nash,0.1,0.10714285714285711,0.25469837558210445,0.09039672447767848,0.09039672447767848,0.07712197940949148,0.0,0.578748856404974,,,0.0,0.3333333333333333,0.6666666666666666,0.30720555782318115,0.0,0.32111236453056335,,,0.0,,2.0
test_group_0098,homogeneous_cluster_1,mf_least_misery,mf,least_misery,0.06666666666666667,0.07142857142857141,0.15850703974098104,0.05283567991366036,0.05283567991366036,0.07472093511110219,0.0,0.33333333333333337,,,0.0,0.6666666666666666,0.3333333333333333,0.2520851492881775,0.0,0.32111236453056335,,,0.0,,
test_group_0098,homogeneous_cluster_1,mf_nash_welfare,mf,nash_welfare,0.1,0.10714285714285711,0.25469837558210445,0.09039672447767848,0.09039672447767848,0.07712197940949148,0.0,0.578748856404974,,,0.0,0.3333333333333333,0.6666666666666666,0.30720555782318115,0.0,0.32111236453056335,,,0.0,,
test_group_0098,homogeneous_cluster_1,mf_tuned_fairness,mf,tuned_fairness,0.1,0.10714285714285711,0.25469837558210445,0.09039672447767848,0.09039672447767848,0.07712197940949148,0.0,0.578748856404974,,,0.0,0.3333333333333333,0.6666666666666666,0.30720555782318115,0.0,0.32111236453056335,,,0.0,0.0,
test_group_0098,homogeneous_cluster_1,rating_user_knn_average,rating_user_knn,average,0.03333333333333333,0.035714285714285705,0.085143117641621,0.02838103921387367,0.02838103921387367,0.04013685057050279,0.0,0.3333333333333333,,,0.0,0.6666666666666666,0.3333333333333333,0.7754027247428894,0.0,0.32111236453056335,,,0.0,,
test_group_0098,homogeneous_cluster_1,rating_user_knn_dbscan_minority_nash,rating_user_knn,dbscan_minority_nash,0.03333333333333333,0.035714285714285705,0.085143117641621,0.02838103921387367,0.02838103921387367,0.04013685057050279,0.0,0.3333333333333333,,,0.0,0.6666666666666666,0.3333333333333333,0.7754027247428894,0.0,0.32111236453056335,,,0.0,,2.0
test_group_0098,homogeneous_cluster_1,rating_user_knn_least_misery,rating_user_knn,least_misery,0.0,0.0,0.0,0.0,0.0,0.0,0.0,0.0,,,0.0,1.0,0.0,0.6169582009315491,0.0,0.32111236453056335,,,0.0,,
test_group_0098,homogeneous_cluster_1,rating_user_knn_nash_welfare,rating_user_knn,nash_welfare,0.03333333333333333,0.035714285714285705,0.085143117641621,0.02838103921387367,0.02838103921387367,0.04013685057050279,0.0,0.3333333333333333,,,0.0,0.6666666666666666,0.3333333333333333,0.7754027247428894,0.0,0.32111236453056335,,,0.0,,
test_group_0098,homogeneous_cluster_1,rating_user_knn_tuned_fairness,rating_user_knn,tuned_fairness,0.03333333333333333,0.035714285714285705,0.085143117641621,0.02838103921387367,0.02838103921387367,0.04013685057050279,0.0,0.3333333333333333,,,0.0,0.6666666666666666,0.3333333333333333,0.7754027247428894,0.0,0.32111236453056335,,,0.0,0.0,
test_group_0099,homogeneous_cluster_1,hybrid_mf_bayes_average,hybrid_mf_bayes,average,0.0,0.0,0.0,0.0,0.0,0.0,0.0,0.0,,,0.0,1.0,0.0,0.23419690132141113,0.0,0.3057158887386322,,,0.0,,
test_group_0099,homogeneous_cluster_1,hybrid_mf_bayes_dbscan_minority_nash,hybrid_mf_bayes,dbscan_minority_nash,0.0,0.0,0.0,0.0,0.0,0.0,0.0,0.0,,,0.0,1.0,0.0,0.23419690132141113,0.0,0.3057158887386322,,,0.0,,2.0
test_group_0099,homogeneous_cluster_1,hybrid_mf_bayes_least_misery,hybrid_mf_bayes,least_misery,0.0,0.0,0.0,0.0,0.0,0.0,0.0,0.0,,,0.0,1.0,0.0,0.24398407340049744,0.0,0.3057158887386322,,,0.0,,
test_group_0099,homogeneous_cluster_1,hybrid_mf_bayes_nash_welfare,hybrid_mf_bayes,nash_welfare,0.0,0.0,0.0,0.0,0.0,0.0,0.0,0.0,,,0.0,1.0,0.0,0.23419690132141113,0.0,0.3057158887386322,,,0.0,,
test_group_0099,homogeneous_cluster_1,hybrid_mf_bayes_tuned_fairness,hybrid_mf_bayes,tuned_fairness,0.0,0.0,0.0,0.0,0.0,0.0,0.0,0.0,,,0.0,1.0,0.0,0.23419690132141113,0.0,0.3057158887386322,,,0.0,0.0,
test_group_0099,homogeneous_cluster_1,mf_average,mf,average,0.0,0.0,0.0,0.0,0.0,0.0,0.0,0.0,,,0.0,1.0,0.0,0.35356631875038147,0.0,0.3057158887386322,,,0.0,,
test_group_0099,homogeneous_cluster_1,mf_dbscan_minority_nash,mf,dbscan_minority_nash,0.0,0.0,0.0,0.0,0.0,0.0,0.0,0.0,,,0.0,1.0,0.0,0.35356631875038147,0.0,0.3057158887386322,,,0.0,,2.0
test_group_0099,homogeneous_cluster_1,mf_least_misery,mf,least_misery,0.0,0.0,0.0,0.0,0.0,0.0,0.0,0.0,,,0.0,1.0,0.0,0.2930212616920471,0.0,0.3057158887386322,,,0.0,,
test_group_0099,homogeneous_cluster_1,mf_nash_welfare,mf,nash_welfare,0.0,0.0,0.0,0.0,0.0,0.0,0.0,0.0,,,0.0,1.0,0.0,0.35356631875038147,0.0,0.3057158887386322,,,0.0,,
test_group_0099,homogeneous_cluster_1,mf_tuned_fairness,mf,tuned_fairness,0.0,0.0,0.0,0.0,0.0,0.0,0.0,0.0,,,0.0,1.0,0.0,0.35356631875038147,0.0,0.3057158887386322,,,0.0,0.0,
test_group_0099,homogeneous_cluster_1,rating_user_knn_average,rating_user_knn,average,0.0,0.0,0.0,0.0,0.0,0.0,0.0,0.0,,,0.0,1.0,0.0,0.6258896589279175,0.0,0.3057158887386322,,,0.0,,
test_group_0099,homogeneous_cluster_1,rating_user_knn_dbscan_minority_nash,rating_user_knn,dbscan_minority_nash,0.0,0.0,0.0,0.0,0.0,0.0,0.0,0.0,,,0.0,1.0,0.0,0.6258896589279175,0.0,0.3057158887386322,,,0.0,,2.0
test_group_0099,homogeneous_cluster_1,rating_user_knn_least_misery,rating_user_knn,least_misery,0.0,0.0,0.0,0.0,0.0,0.0,0.0,0.0,,,0.0,1.0,0.0,0.6034770011901855,0.0,0.3057158887386322,,,0.0,,
test_group_0099,homogeneous_cluster_1,rating_user_knn_nash_welfare,rating_user_knn,nash_welfare,0.0,0.0,0.0,0.0,0.0,0.0,0.0,0.0,,,0.0,1.0,0.0,0.6258896589279175,0.0,0.3057158887386322,,,0.0,,
test_group_0099,homogeneous_cluster_1,rating_user_knn_tuned_fairness,rating_user_knn,tuned_fairness,0.0,0.0,0.0,0.0,0.0,0.0,0.0,0.0,,,0.0,1.0,0.0,0.6258896589279175,0.0,0.3057158887386322,,,0.0,0.0,
test_group_0100,homogeneous_cluster_1,hybrid_mf_bayes_average,hybrid_mf_bayes,average,0.0,0.0,0.0,0.0,0.0,0.0,0.0,0.0,,,0.0,1.0,0.0,0.26128238439559937,0.0,0.4924425780773163,,,0.0,,
test_group_0100,homogeneous_cluster_1,hybrid_mf_bayes_dbscan_minority_nash,hybrid_mf_bayes,dbscan_minority_nash,0.0,0.0,0.0,0.0,0.0,0.0,0.0,0.0,,,0.0,1.0,0.0,0.26365363597869873,0.0,0.4924425780773163,,,0.0,,2.0
test_group_0100,homogeneous_cluster_1,hybrid_mf_bayes_least_misery,hybrid_mf_bayes,least_misery,0.0,0.0,0.0,0.0,0.0,0.0,0.0,0.0,,,0.0,1.0,0.0,0.28280892968177795,0.0,0.4924425780773163,,,0.0,,
test_group_0100,homogeneous_cluster_1,hybrid_mf_bayes_nash_welfare,hybrid_mf_bayes,nash_welfare,0.0,0.0,0.0,0.0,0.0,0.0,0.0,0.0,,,0.0,1.0,0.0,0.26365363597869873,0.0,0.4924425780773163,,,0.0,,
test_group_0100,homogeneous_cluster_1,hybrid_mf_bayes_tuned_fairness,hybrid_mf_bayes,tuned_fairness,0.0,0.0,0.0,0.0,0.0,0.0,0.0,0.0,,,0.0,1.0,0.0,0.26128238439559937,0.0,0.4924425780773163,,,0.0,0.0,
test_group_0100,homogeneous_cluster_1,mf_average,mf,average,0.0,0.0,0.0,0.0,0.0,0.0,0.0,0.0,,,0.0,1.0,0.0,0.3843270242214203,0.0,0.4924425780773163,,,0.0,,
test_group_0100,homogeneous_cluster_1,mf_dbscan_minority_nash,mf,dbscan_minority_nash,0.0,0.0,0.0,0.0,0.0,0.0,0.0,0.0,,,0.0,1.0,0.0,0.3843270242214203,0.0,0.4924425780773163,,,0.0,,2.0
test_group_0100,homogeneous_cluster_1,mf_least_misery,mf,least_misery,0.0,0.0,0.0,0.0,0.0,0.0,0.0,0.0,,,0.0,1.0,0.0,0.3015040159225464,0.0,0.4924425780773163,,,0.0,,
test_group_0100,homogeneous_cluster_1,mf_nash_welfare,mf,nash_welfare,0.0,0.0,0.0,0.0,0.0,0.0,0.0,0.0,,,0.0,1.0,0.0,0.3843270242214203,0.0,0.4924425780773163,,,0.0,,
test_group_0100,homogeneous_cluster_1,mf_tuned_fairness,mf,tuned_fairness,0.0,0.0,0.0,0.0,0.0,0.0,0.0,0.0,,,0.0,1.0,0.0,0.3843270242214203,0.0,0.4924425780773163,,,0.0,0.0,
test_group_0100,homogeneous_cluster_1,rating_user_knn_average,rating_user_knn,average,0.0,0.0,0.0,0.0,0.0,0.0,0.0,0.0,,,0.0,1.0,0.0,0.7773126363754272,0.0,0.4924425780773163,,,0.0,,
test_group_0100,homogeneous_cluster_1,rating_user_knn_dbscan_minority_nash,rating_user_knn,dbscan_minority_nash,0.0,0.0,0.0,0.0,0.0,0.0,0.0,0.0,,,0.0,1.0,0.0,0.7947351932525635,0.0,0.4924425780773163,,,0.0,,2.0
test_group_0100,homogeneous_cluster_1,rating_user_knn_least_misery,rating_user_knn,least_misery,0.0,0.0,0.0,0.0,0.0,0.0,0.0,0.0,,,0.0,1.0,0.0,0.5627902746200562,0.0,0.4924425780773163,,,0.0,,
test_group_0100,homogeneous_cluster_1,rating_user_knn_nash_welfare,rating_user_knn,nash_welfare,0.0,0.0,0.0,0.0,0.0,0.0,0.0,0.0,,,0.0,1.0,0.0,0.7947351932525635,0.0,0.4924425780773163,,,0.0,,
test_group_0100,homogeneous_cluster_1,rating_user_knn_tuned_fairness,rating_user_knn,tuned_fairness,0.0,0.0,0.0,0.0,0.0,0.0,0.0,0.0,,,0.0,1.0,0.0,0.7773126363754272,0.0,0.4924425780773163,,,0.0,0.0,
test_group_0101,diverse_balanced,hybrid_mf_bayes_average,hybrid_mf_bayes,average,0.0,0.0,0.0,0.0,0.0,0.0,0.0,0.0,,,0.0,1.0,0.0,0.3023087680339813,0.9999999999999998,0.9962959885597229,,,0.3333333333333333,,
test_group_0101,diverse_balanced,hybrid_mf_bayes_dbscan_minority_nash,hybrid_mf_bayes,dbscan_minority_nash,0.0,0.0,0.0,0.0,0.0,0.0,0.0,0.0,,,0.0,1.0,0.0,0.30230873823165894,0.9999999999999998,0.9962959885597229,,,0.3333333333333333,,2.0
test_group_0101,diverse_balanced,hybrid_mf_bayes_least_misery,hybrid_mf_bayes,least_misery,0.0,0.0,0.0,0.0,0.0,0.0,0.0,0.0,,,0.0,1.0,0.0,0.3217379152774811,0.9999999999999998,0.9962959885597229,,,0.3333333333333333,,
test_group_0101,diverse_balanced,hybrid_mf_bayes_nash_welfare,hybrid_mf_bayes,nash_welfare,0.0,0.0,0.0,0.0,0.0,0.0,0.0,0.0,,,0.0,1.0,0.0,0.30230873823165894,0.9999999999999998,0.9962959885597229,,,0.3333333333333333,,
test_group_0101,diverse_balanced,hybrid_mf_bayes_tuned_fairness,hybrid_mf_bayes,tuned_fairness,0.0,0.0,0.0,0.0,0.0,0.0,0.0,0.0,,,0.0,1.0,0.0,0.3023087680339813,0.9999999999999998,0.9962959885597229,,,0.3333333333333333,0.0,
test_group_0101,diverse_balanced,mf_average,mf,average,0.03333333333333333,0.02,0.06425604298318155,0.04027043423316473,0.04027043423316473,0.056950994255195335,0.0,0.33333333333333337,,,0.1208113026994942,0.6666666666666666,0.3333333333333333,0.3132578730583191,0.9999999999999998,0.9962959885597229,,,0.3333333333333333,,
test_group_0101,diverse_balanced,mf_dbscan_minority_nash,mf,dbscan_minority_nash,0.03333333333333333,0.02,0.056906557239904,0.03566437745575459,0.03566437745575459,0.05043704629152141,0.0,0.3333333333333333,,,0.10699313236726378,0.6666666666666666,0.3333333333333333,0.29782864451408386,0.9999999999999998,0.9962959885597229,,,0.3333333333333333,,2.0
test_group_0101,diverse_balanced,mf_least_misery,mf,least_misery,0.0,0.0,0.0,0.0,0.0,0.0,0.0,0.0,,,0.0,1.0,0.0,0.334128737449646,0.9999999999999998,0.9962959885597229,,,0.3333333333333333,,
test_group_0101,diverse_balanced,mf_nash_welfare,mf,nash_welfare,0.03333333333333333,0.02,0.056906557239904,0.03566437745575459,0.03566437745575459,0.05043704629152141,0.0,0.3333333333333333,,,0.10699313236726378,0.6666666666666666,0.3333333333333333,0.29782864451408386,0.9999999999999998,0.9962959885597229,,,0.3333333333333333,,
test_group_0101,diverse_balanced,mf_tuned_fairness,mf,tuned_fairness,0.03333333333333333,0.02,0.06425604298318155,0.04027043423316473,0.04027043423316473,0.056950994255195335,0.0,0.33333333333333337,,,0.1208113026994942,0.6666666666666666,0.3333333333333333,0.3132578730583191,0.9999999999999998,0.9962959885597229,,,0.3333333333333333,0.0,
test_group_0101,diverse_balanced,rating_user_knn_average,rating_user_knn,average,0.0,0.0,0.0,0.0,0.0,0.0,0.0,0.0,,,0.0,1.0,0.0,0.31944096088409424,0.9999999999999998,0.9962959885597229,,,0.3333333333333333,,
test_group_0101,diverse_balanced,rating_user_knn_dbscan_minority_nash,rating_user_knn,dbscan_minority_nash,0.0,0.0,0.0,0.0,0.0,0.0,0.0,0.0,,,0.0,1.0,0.0,0.31944096088409424,0.9999999999999998,0.9962959885597229,,,0.3333333333333333,,2.0
test_group_0101,diverse_balanced,rating_user_knn_least_misery,rating_user_knn,least_misery,0.0,0.0,0.0,0.0,0.0,0.0,0.0,0.0,,,0.0,1.0,0.0,0.31944096088409424,0.9999999999999998,0.9962959885597229,,,0.3333333333333333,,
test_group_0101,diverse_balanced,rating_user_knn_nash_welfare,rating_user_knn,nash_welfare,0.0,0.0,0.0,0.0,0.0,0.0,0.0,0.0,,,0.0,1.0,0.0,0.31944096088409424,0.9999999999999998,0.9962959885597229,,,0.3333333333333333,,
test_group_0101,diverse_balanced,rating_user_knn_tuned_fairness,rating_user_knn,tuned_fairness,0.0,0.0,0.0,0.0,0.0,0.0,0.0,0.0,,,0.0,1.0,0.0,0.31944096088409424,0.9999999999999998,0.9962959885597229,,,0.3333333333333333,0.0,
test_group_0102,diverse_balanced,hybrid_mf_bayes_average,hybrid_mf_bayes,average,0.06666666666666667,0.10526315789473685,0.30523488393970116,0.10174496131323374,0.10174496131323374,0.14388910419230103,0.0,0.33333333333333337,,,0.3052348839397012,0.6666666666666666,0.3333333333333333,0.4463171660900116,0.9999999999999998,0.8186190724372864,,,0.3333333333333333,,
test_group_0102,diverse_balanced,hybrid_mf_bayes_dbscan_minority_nash,hybrid_mf_bayes,dbscan_minority_nash,0.06666666666666667,0.10526315789473685,0.2984900352767555,0.09949667842558518,0.09949667842558518,0.1407095520405371,0.0,0.3333333333333333,,,0.29849003527675555,0.6666666666666666,0.3333333333333333,0.4869035482406616,0.9999999999999998,0.8186190724372864,,,0.3333333333333333,,2.0
test_group_0102,diverse_balanced,hybrid_mf_bayes_least_misery,hybrid_mf_bayes,least_misery,0.0,0.0,0.0,0.0,0.0,0.0,0.0,0.0,,,0.0,1.0,0.0,0.5911608338356018,0.9999999999999998,0.8186190724372864,,,0.3333333333333333,,
test_group_0102,diverse_balanced,hybrid_mf_bayes_nash_welfare,hybrid_mf_bayes,nash_welfare,0.06666666666666667,0.10526315789473685,0.2984900352767555,0.09949667842558518,0.09949667842558518,0.1407095520405371,0.0,0.3333333333333333,,,0.29849003527675555,0.6666666666666666,0.3333333333333333,0.4869035482406616,0.9999999999999998,0.8186190724372864,,,0.3333333333333333,,
test_group_0102,diverse_balanced,hybrid_mf_bayes_tuned_fairness,hybrid_mf_bayes,tuned_fairness,0.06666666666666667,0.10526315789473685,0.30523488393970116,0.10174496131323374,0.10174496131323374,0.14388910419230103,0.0,0.33333333333333337,,,0.3052348839397012,0.6666666666666666,0.3333333333333333,0.4463171660900116,0.9999999999999998,0.8186190724372864,,,0.3333333333333333,0.0,
test_group_0102,diverse_balanced,mf_average,mf,average,0.03333333333333333,0.052631578947368425,0.09478836436955076,0.03159612145651693,0.03159612145651693,0.04468366348219379,0.0,0.3333333333333333,,,0.09478836436955079,0.6666666666666666,0.3333333333333333,0.5600736737251282,0.9999999999999998,0.8186190724372864,,,0.3333333333333333,,
test_group_0102,diverse_balanced,mf_dbscan_minority_nash,mf,dbscan_minority_nash,0.03333333333333333,0.052631578947368425,0.13886244387355454,0.04628748129118485,0.04628748129118485,0.06546038381008452,0.0,0.3333333333333333,,,0.13886244387355456,0.6666666666666666,0.3333333333333333,0.6354146599769592,0.9999999999999998,0.8186190724372864,,,0.3333333333333333,,2.0
test_group_0102,diverse_balanced,mf_least_misery,mf,least_misery,0.0,0.0,0.0,0.0,0.0,0.0,0.0,0.0,,,0.0,1.0,0.0,0.6913195252418518,0.9999999999999998,0.8186190724372864,,,0.3333333333333333,,
test_group_0102,diverse_balanced,mf_nash_welfare,mf,nash_welfare,0.03333333333333333,0.052631578947368425,0.13886244387355454,0.04628748129118485,0.04628748129118485,0.06546038381008452,0.0,0.3333333333333333,,,0.13886244387355456,0.6666666666666666,0.3333333333333333,0.6354146599769592,0.9999999999999998,0.8186190724372864,,,0.3333333333333333,,
test_group_0102,diverse_balanced,mf_tuned_fairness,mf,tuned_fairness,0.03333333333333333,0.052631578947368425,0.09478836436955076,0.03159612145651693,0.03159612145651693,0.04468366348219379,0.0,0.3333333333333333,,,0.09478836436955079,0.6666666666666666,0.3333333333333333,0.5600736737251282,0.9999999999999998,0.8186190724372864,,,0.3333333333333333,0.0,
test_group_0102,diverse_balanced,rating_user_knn_average,rating_user_knn,average,0.06666666666666667,0.10526315789473685,0.1731866333482261,0.05772887778274205,0.05772887778274205,0.08164096190093266,0.0,0.3333333333333333,,,0.17318663334822615,0.6666666666666666,0.3333333333333333,0.4929543435573578,0.9999999999999998,0.8186190724372864,,,0.3333333333333333,,
test_group_0102,diverse_balanced,rating_user_knn_dbscan_minority_nash,rating_user_knn,dbscan_minority_nash,0.06666666666666667,0.10526315789473685,0.1731866333482261,0.05772887778274205,0.05772887778274205,0.08164096190093266,0.0,0.3333333333333333,,,0.17318663334822615,0.6666666666666666,0.3333333333333333,0.4929543435573578,0.9999999999999998,0.8186190724372864,,,0.3333333333333333,,2.0
test_group_0102,diverse_balanced,rating_user_knn_least_misery,rating_user_knn,least_misery,0.06666666666666667,0.10526315789473685,0.16815228646891084,0.05605076215630362,0.05605076215630362,0.07926774802279321,0.0,0.33333333333333337,,,0.16815228646891087,0.6666666666666666,0.3333333333333333,0.38743510842323303,0.9999999999999998,0.8186190724372864,,,0.3333333333333333,,
test_group_0102,diverse_balanced,rating_user_knn_nash_welfare,rating_user_knn,nash_welfare,0.06666666666666667,0.10526315789473685,0.1731866333482261,0.05772887778274205,0.05772887778274205,0.08164096190093266,0.0,0.3333333333333333,,,0.17318663334822615,0.6666666666666666,0.3333333333333333,0.4929543435573578,0.9999999999999998,0.8186190724372864,,,0.3333333333333333,,
test_group_0102,diverse_balanced,rating_user_knn_tuned_fairness,rating_user_knn,tuned_fairness,0.06666666666666667,0.10526315789473685,0.1731866333482261,0.05772887778274205,0.05772887778274205,0.08164096190093266,0.0,0.3333333333333333,,,0.17318663334822615,0.6666666666666666,0.3333333333333333,0.4929543435573578,0.9999999999999998,0.8186190724372864,,,0.3333333333333333,0.0,
test_group_0103,diverse_balanced,hybrid_mf_bayes_average,hybrid_mf_bayes,average,0.06666666666666667,0.057142857142857134,0.22400556151517553,0.07466852050505852,0.07466852050505852,0.1055972343805873,0.0,0.3333333333333333,,,0.22400556151517556,0.6666666666666666,0.3333333333333333,0.2507326900959015,0.9999999999999998,0.761073648929596,,,0.3333333333333333,,
test_group_0103,diverse_balanced,hybrid_mf_bayes_dbscan_minority_nash,hybrid_mf_bayes,dbscan_minority_nash,0.06666666666666667,0.057142857142857134,0.22400556151517553,0.07466852050505852,0.07466852050505852,0.1055972343805873,0.0,0.3333333333333333,,,0.22400556151517556,0.6666666666666666,0.3333333333333333,0.25658389925956726,0.9999999999999998,0.761073648929596,,,0.3333333333333333,,2.0
test_group_0103,diverse_balanced,hybrid_mf_bayes_least_misery,hybrid_mf_bayes,least_misery,0.06666666666666667,0.057142857142857134,0.22400556151517553,0.07466852050505852,0.07466852050505852,0.1055972343805873,0.0,0.3333333333333333,,,0.22400556151517556,0.6666666666666666,0.3333333333333333,0.2586725950241089,0.9999999999999998,0.761073648929596,,,0.3333333333333333,,
test_group_0103,diverse_balanced,hybrid_mf_bayes_nash_welfare,hybrid_mf_bayes,nash_welfare,0.06666666666666667,0.057142857142857134,0.22400556151517553,0.07466852050505852,0.07466852050505852,0.1055972343805873,0.0,0.3333333333333333,,,0.22400556151517556,0.6666666666666666,0.3333333333333333,0.25658389925956726,0.9999999999999998,0.761073648929596,,,0.3333333333333333,,
test_group_0103,diverse_balanced,hybrid_mf_bayes_tuned_fairness,hybrid_mf_bayes,tuned_fairness,0.06666666666666667,0.057142857142857134,0.22400556151517553,0.07466852050505852,0.07466852050505852,0.1055972343805873,0.0,0.3333333333333333,,,0.22400556151517556,0.6666666666666666,0.3333333333333333,0.2507326900959015,0.9999999999999998,0.761073648929596,,,0.3333333333333333,0.0,
test_group_0103,diverse_balanced,mf_average,mf,average,0.06666666666666667,0.057142857142857134,0.20483424751859083,0.06827808250619698,0.06827808250619698,0.0965597902930929,0.0,0.3333333333333333,,,0.20483424751859092,0.6666666666666666,0.3333333333333333,0.25445178151130676,0.9999999999999998,0.761073648929596,,,0.3333333333333333,,
test_group_0103,diverse_balanced,mf_dbscan_minority_nash,mf,dbscan_minority_nash,0.06666666666666667,0.057142857142857134,0.20483424751859083,0.06827808250619698,0.06827808250619698,0.0965597902930929,0.0,0.3333333333333333,,,0.20483424751859092,0.6666666666666666,0.3333333333333333,0.25445178151130676,0.9999999999999998,0.761073648929596,,,0.3333333333333333,,2.0
test_group_0103,diverse_balanced,mf_least_misery,mf,least_misery,0.06666666666666667,0.057142857142857134,0.31488013066763093,0.104960043555877,0.104960043555877,0.148435917103992,0.0,0.33333333333333337,,,0.314880130667631,0.6666666666666666,0.3333333333333333,0.27324873208999634,0.9999999999999998,0.761073648929596,,,0.3333333333333333,,
test_group_0103,diverse_balanced,mf_nash_welfare,mf,nash_welfare,0.06666666666666667,0.057142857142857134,0.20483424751859083,0.06827808250619698,0.06827808250619698,0.0965597902930929,0.0,0.3333333333333333,,,0.20483424751859092,0.6666666666666666,0.3333333333333333,0.25445178151130676,0.9999999999999998,0.761073648929596,,,0.3333333333333333,,
test_group_0103,diverse_balanced,mf_tuned_fairness,mf,tuned_fairness,0.06666666666666667,0.057142857142857134,0.20483424751859083,0.06827808250619698,0.06827808250619698,0.0965597902930929,0.0,0.3333333333333333,,,0.20483424751859092,0.6666666666666666,0.3333333333333333,0.25445178151130676,0.9999999999999998,0.761073648929596,,,0.3333333333333333,0.0,
test_group_0103,diverse_balanced,rating_user_knn_average,rating_user_knn,average,0.03333333333333333,0.028571428571428567,0.06625422345438904,0.022084741151463014,0.022084741151463014,0.031232540457898198,0.0,0.33333333333333337,,,0.06625422345438904,0.6666666666666666,0.3333333333333333,0.5251972079277039,0.9999999999999998,0.761073648929596,,,0.3333333333333333,,
test_group_0103,diverse_balanced,rating_user_knn_dbscan_minority_nash,rating_user_knn,dbscan_minority_nash,0.03333333333333333,0.028571428571428567,0.06362078819895171,0.021206929399650576,0.021206929399650576,0.02999112717327456,0.0,0.3333333333333333,,,0.06362078819895173,0.6666666666666666,0.3333333333333333,0.5251971483230591,0.9999999999999998,0.761073648929596,,,0.3333333333333333,,2.0
test_group_0103,diverse_balanced,rating_user_knn_least_misery,rating_user_knn,least_misery,0.0,0.0,0.0,0.0,0.0,0.0,0.0,0.0,,,0.0,1.0,0.0,0.5580040812492371,0.9999999999999998,0.761073648929596,,,0.3333333333333333,,
test_group_0103,diverse_balanced,rating_user_knn_nash_welfare,rating_user_knn,nash_welfare,0.03333333333333333,0.028571428571428567,0.06362078819895171,0.021206929399650576,0.021206929399650576,0.02999112717327456,0.0,0.3333333333333333,,,0.06362078819895173,0.6666666666666666,0.3333333333333333,0.5251971483230591,0.9999999999999998,0.761073648929596,,,0.3333333333333333,,
test_group_0103,diverse_balanced,rating_user_knn_tuned_fairness,rating_user_knn,tuned_fairness,0.03333333333333333,0.028571428571428567,0.06625422345438904,0.022084741151463014,0.022084741151463014,0.031232540457898198,0.0,0.33333333333333337,,,0.06625422345438904,0.6666666666666666,0.3333333333333333,0.5251972079277039,0.9999999999999998,0.761073648929596,,,0.3333333333333333,0.0,
test_group_0104,diverse_balanced,hybrid_mf_bayes_average,hybrid_mf_bayes,average,0.0,0.0,0.0,0.0,0.0,0.0,0.0,0.0,,,0.0,1.0,0.0,0.2586849331855774,0.9999999999999998,0.566230833530426,,,0.3333333333333333,,
test_group_0104,diverse_balanced,hybrid_mf_bayes_dbscan_minority_nash,hybrid_mf_bayes,dbscan_minority_nash,0.0,0.0,0.0,0.0,0.0,0.0,0.0,0.0,,,0.0,1.0,0.0,0.2586849331855774,0.9999999999999998,0.566230833530426,,,0.3333333333333333,,2.0
test_group_0104,diverse_balanced,hybrid_mf_bayes_least_misery,hybrid_mf_bayes,least_misery,0.0,0.0,0.0,0.0,0.0,0.0,0.0,0.0,,,0.0,1.0,0.0,0.2876577079296112,0.9999999999999998,0.566230833530426,,,0.3333333333333333,,
test_group_0104,diverse_balanced,hybrid_mf_bayes_nash_welfare,hybrid_mf_bayes,nash_welfare,0.0,0.0,0.0,0.0,0.0,0.0,0.0,0.0,,,0.0,1.0,0.0,0.2586849331855774,0.9999999999999998,0.566230833530426,,,0.3333333333333333,,
test_group_0104,diverse_balanced,hybrid_mf_bayes_tuned_fairness,hybrid_mf_bayes,tuned_fairness,0.0,0.0,0.0,0.0,0.0,0.0,0.0,0.0,,,0.0,1.0,0.0,0.2586849331855774,0.9999999999999998,0.566230833530426,,,0.3333333333333333,0.0,
test_group_0104,diverse_balanced,mf_average,mf,average,0.0,0.0,0.0,0.0,0.0,0.0,0.0,0.0,,,0.0,1.0,0.0,0.3579058349132538,0.9999999999999998,0.566230833530426,,,0.3333333333333333,,
test_group_0104,diverse_balanced,mf_dbscan_minority_nash,mf,dbscan_minority_nash,0.0,0.0,0.0,0.0,0.0,0.0,0.0,0.0,,,0.0,1.0,0.0,0.35790586471557617,0.9999999999999998,0.566230833530426,,,0.3333333333333333,,2.0
test_group_0104,diverse_balanced,mf_least_misery,mf,least_misery,0.0,0.0,0.0,0.0,0.0,0.0,0.0,0.0,,,0.0,1.0,0.0,0.2629241645336151,0.9999999999999998,0.566230833530426,,,0.3333333333333333,,
test_group_0104,diverse_balanced,mf_nash_welfare,mf,nash_welfare,0.0,0.0,0.0,0.0,0.0,0.0,0.0,0.0,,,0.0,1.0,0.0,0.35790586471557617,0.9999999999999998,0.566230833530426,,,0.3333333333333333,,
test_group_0104,diverse_balanced,mf_tuned_fairness,mf,tuned_fairness,0.0,0.0,0.0,0.0,0.0,0.0,0.0,0.0,,,0.0,1.0,0.0,0.3579058349132538,0.9999999999999998,0.566230833530426,,,0.3333333333333333,0.0,
test_group_0104,diverse_balanced,rating_user_knn_average,rating_user_knn,average,0.0,0.0,0.0,0.0,0.0,0.0,0.0,0.0,,,0.0,1.0,0.0,0.4086434245109558,0.9999999999999998,0.566230833530426,,,0.3333333333333333,,
test_group_0104,diverse_balanced,rating_user_knn_dbscan_minority_nash,rating_user_knn,dbscan_minority_nash,0.0,0.0,0.0,0.0,0.0,0.0,0.0,0.0,,,0.0,1.0,0.0,0.4086434245109558,0.9999999999999998,0.566230833530426,,,0.3333333333333333,,2.0
test_group_0104,diverse_balanced,rating_user_knn_least_misery,rating_user_knn,least_misery,0.0,0.0,0.0,0.0,0.0,0.0,0.0,0.0,,,0.0,1.0,0.0,0.43709179759025574,0.9999999999999998,0.566230833530426,,,0.3333333333333333,,
test_group_0104,diverse_balanced,rating_user_knn_nash_welfare,rating_user_knn,nash_welfare,0.0,0.0,0.0,0.0,0.0,0.0,0.0,0.0,,,0.0,1.0,0.0,0.4086434245109558,0.9999999999999998,0.566230833530426,,,0.3333333333333333,,
test_group_0104,diverse_balanced,rating_user_knn_tuned_fairness,rating_user_knn,tuned_fairness,0.0,0.0,0.0,0.0,0.0,0.0,0.0,0.0,,,0.0,1.0,0.0,0.4086434245109558,0.9999999999999998,0.566230833530426,,,0.3333333333333333,0.0,
test_group_0105,diverse_balanced,hybrid_mf_bayes_average,hybrid_mf_bayes,average,0.0,0.0,0.0,0.0,0.0,0.0,0.0,0.0,,,0.0,1.0,0.0,0.24636425077915192,0.9999999999999998,0.875510036945343,,,0.3333333333333333,,
test_group_0105,diverse_balanced,hybrid_mf_bayes_dbscan_minority_nash,hybrid_mf_bayes,dbscan_minority_nash,0.0,0.0,0.0,0.0,0.0,0.0,0.0,0.0,,,0.0,1.0,0.0,0.24636425077915192,0.9999999999999998,0.875510036945343,,,0.3333333333333333,,2.0
test_group_0105,diverse_balanced,hybrid_mf_bayes_least_misery,hybrid_mf_bayes,least_misery,0.0,0.0,0.0,0.0,0.0,0.0,0.0,0.0,,,0.0,1.0,0.0,0.2817399799823761,0.9999999999999998,0.875510036945343,,,0.3333333333333333,,
test_group_0105,diverse_balanced,hybrid_mf_bayes_nash_welfare,hybrid_mf_bayes,nash_welfare,0.0,0.0,0.0,0.0,0.0,0.0,0.0,0.0,,,0.0,1.0,0.0,0.24636425077915192,0.9999999999999998,0.875510036945343,,,0.3333333333333333,,
test_group_0105,diverse_balanced,hybrid_mf_bayes_tuned_fairness,hybrid_mf_bayes,tuned_fairness,0.0,0.0,0.0,0.0,0.0,0.0,0.0,0.0,,,0.0,1.0,0.0,0.24636425077915192,0.9999999999999998,0.875510036945343,,,0.3333333333333333,0.0,
test_group_0105,diverse_balanced,mf_average,mf,average,0.0,0.0,0.0,0.0,0.0,0.0,0.0,0.0,,,0.0,1.0,0.0,0.2854043245315552,0.9999999999999998,0.875510036945343,,,0.3333333333333333,,
test_group_0105,diverse_balanced,mf_dbscan_minority_nash,mf,dbscan_minority_nash,0.0,0.0,0.0,0.0,0.0,0.0,0.0,0.0,,,0.0,1.0,0.0,0.2854043245315552,0.9999999999999998,0.875510036945343,,,0.3333333333333333,,2.0
test_group_0105,diverse_balanced,mf_least_misery,mf,least_misery,0.0,0.0,0.0,0.0,0.0,0.0,0.0,0.0,,,0.0,1.0,0.0,0.26284536719322205,0.9999999999999998,0.875510036945343,,,0.3333333333333333,,
test_group_0105,diverse_balanced,mf_nash_welfare,mf,nash_welfare,0.0,0.0,0.0,0.0,0.0,0.0,0.0,0.0,,,0.0,1.0,0.0,0.2854043245315552,0.9999999999999998,0.875510036945343,,,0.3333333333333333,,
test_group_0105,diverse_balanced,mf_tuned_fairness,mf,tuned_fairness,0.0,0.0,0.0,0.0,0.0,0.0,0.0,0.0,,,0.0,1.0,0.0,0.2854043245315552,0.9999999999999998,0.875510036945343,,,0.3333333333333333,0.0,
test_group_0105,diverse_balanced,rating_user_knn_average,rating_user_knn,average,0.0,0.0,0.0,0.0,0.0,0.0,0.0,0.0,,,0.0,1.0,0.0,0.6432426571846008,0.9999999999999998,0.875510036945343,,,0.3333333333333333,,
test_group_0105,diverse_balanced,rating_user_knn_dbscan_minority_nash,rating_user_knn,dbscan_minority_nash,0.0,0.0,0.0,0.0,0.0,0.0,0.0,0.0,,,0.0,1.0,0.0,0.6047374606132507,0.9999999999999998,0.875510036945343,,,0.3333333333333333,,2.0
test_group_0105,diverse_balanced,rating_user_knn_least_misery,rating_user_knn,least_misery,0.0,0.0,0.0,0.0,0.0,0.0,0.0,0.0,,,0.0,1.0,0.0,0.6821079254150391,0.9999999999999998,0.875510036945343,,,0.3333333333333333,,
test_group_0105,diverse_balanced,rating_user_knn_nash_welfare,rating_user_knn,nash_welfare,0.0,0.0,0.0,0.0,0.0,0.0,0.0,0.0,,,0.0,1.0,0.0,0.6047374606132507,0.9999999999999998,0.875510036945343,,,0.3333333333333333,,
test_group_0105,diverse_balanced,rating_user_knn_tuned_fairness,rating_user_knn,tuned_fairness,0.0,0.0,0.0,0.0,0.0,0.0,0.0,0.0,,,0.0,1.0,0.0,0.6432426571846008,0.9999999999999998,0.875510036945343,,,0.3333333333333333,0.0,
test_group_0106,diverse_balanced,hybrid_mf_bayes_average,hybrid_mf_bayes,average,0.0,0.0,0.0,0.0,0.0,0.0,0.0,0.0,,,0.0,1.0,0.0,0.31273511052131653,0.9999999999999998,0.707213819026947,,,0.3333333333333333,,
test_group_0106,diverse_balanced,hybrid_mf_bayes_dbscan_minority_nash,hybrid_mf_bayes,dbscan_minority_nash,0.0,0.0,0.0,0.0,0.0,0.0,0.0,0.0,,,0.0,1.0,0.0,0.31273511052131653,0.9999999999999998,0.707213819026947,,,0.3333333333333333,,2.0
test_group_0106,diverse_balanced,hybrid_mf_bayes_least_misery,hybrid_mf_bayes,least_misery,0.0,0.0,0.0,0.0,0.0,0.0,0.0,0.0,,,0.0,1.0,0.0,0.32696059346199036,0.9999999999999998,0.707213819026947,,,0.3333333333333333,,
test_group_0106,diverse_balanced,hybrid_mf_bayes_nash_welfare,hybrid_mf_bayes,nash_welfare,0.0,0.0,0.0,0.0,0.0,0.0,0.0,0.0,,,0.0,1.0,0.0,0.31273511052131653,0.9999999999999998,0.707213819026947,,,0.3333333333333333,,
test_group_0106,diverse_balanced,hybrid_mf_bayes_tuned_fairness,hybrid_mf_bayes,tuned_fairness,0.0,0.0,0.0,0.0,0.0,0.0,0.0,0.0,,,0.0,1.0,0.0,0.31273511052131653,0.9999999999999998,0.707213819026947,,,0.3333333333333333,0.0,
test_group_0106,diverse_balanced,mf_average,mf,average,0.0,0.0,0.0,0.0,0.0,0.0,0.0,0.0,,,0.0,1.0,0.0,0.35625144839286804,0.9999999999999998,0.707213819026947,,,0.3333333333333333,,
test_group_0106,diverse_balanced,mf_dbscan_minority_nash,mf,dbscan_minority_nash,0.0,0.0,0.0,0.0,0.0,0.0,0.0,0.0,,,0.0,1.0,0.0,0.35625144839286804,0.9999999999999998,0.707213819026947,,,0.3333333333333333,,2.0
test_group_0106,diverse_balanced,mf_least_misery,mf,least_misery,0.0,0.0,0.0,0.0,0.0,0.0,0.0,0.0,,,0.0,1.0,0.0,0.4865981340408325,0.9999999999999998,0.707213819026947,,,0.3333333333333333,,
test_group_0106,diverse_balanced,mf_nash_welfare,mf,nash_welfare,0.0,0.0,0.0,0.0,0.0,0.0,0.0,0.0,,,0.0,1.0,0.0,0.35625144839286804,0.9999999999999998,0.707213819026947,,,0.3333333333333333,,
test_group_0106,diverse_balanced,mf_tuned_fairness,mf,tuned_fairness,0.0,0.0,0.0,0.0,0.0,0.0,0.0,0.0,,,0.0,1.0,0.0,0.35625144839286804,0.9999999999999998,0.707213819026947,,,0.3333333333333333,0.0,
test_group_0106,diverse_balanced,rating_user_knn_average,rating_user_knn,average,0.0,0.0,0.0,0.0,0.0,0.0,0.0,0.0,,,0.0,1.0,0.0,0.5494493246078491,0.9999999999999998,0.707213819026947,,,0.3333333333333333,,
test_group_0106,diverse_balanced,rating_user_knn_dbscan_minority_nash,rating_user_knn,dbscan_minority_nash,0.0,0.0,0.0,0.0,0.0,0.0,0.0,0.0,,,0.0,1.0,0.0,0.5494493246078491,0.9999999999999998,0.707213819026947,,,0.3333333333333333,,2.0
test_group_0106,diverse_balanced,rating_user_knn_least_misery,rating_user_knn,least_misery,0.0,0.0,0.0,0.0,0.0,0.0,0.0,0.0,,,0.0,1.0,0.0,0.37977850437164307,0.9999999999999998,0.707213819026947,,,0.3333333333333333,,
test_group_0106,diverse_balanced,rating_user_knn_nash_welfare,rating_user_knn,nash_welfare,0.0,0.0,0.0,0.0,0.0,0.0,0.0,0.0,,,0.0,1.0,0.0,0.5494493246078491,0.9999999999999998,0.707213819026947,,,0.3333333333333333,,
test_group_0106,diverse_balanced,rating_user_knn_tuned_fairness,rating_user_knn,tuned_fairness,0.0,0.0,0.0,0.0,0.0,0.0,0.0,0.0,,,0.0,1.0,0.0,0.5494493246078491,0.9999999999999998,0.707213819026947,,,0.3333333333333333,0.0,
test_group_0107,diverse_balanced,hybrid_mf_bayes_average,hybrid_mf_bayes,average,0.0,0.0,0.0,0.0,0.0,0.0,0.0,0.0,,,0.0,1.0,0.0,0.23682422935962677,0.9999999999999998,0.802112877368927,,,0.3333333333333333,,
test_group_0107,diverse_balanced,hybrid_mf_bayes_dbscan_minority_nash,hybrid_mf_bayes,dbscan_minority_nash,0.0,0.0,0.0,0.0,0.0,0.0,0.0,0.0,,,0.0,1.0,0.0,0.23682419955730438,0.9999999999999998,0.802112877368927,,,0.3333333333333333,,2.0
test_group_0107,diverse_balanced,hybrid_mf_bayes_least_misery,hybrid_mf_bayes,least_misery,0.0,0.0,0.0,0.0,0.0,0.0,0.0,0.0,,,0.0,1.0,0.0,0.27683883905410767,0.9999999999999998,0.802112877368927,,,0.3333333333333333,,
test_group_0107,diverse_balanced,hybrid_mf_bayes_nash_welfare,hybrid_mf_bayes,nash_welfare,0.0,0.0,0.0,0.0,0.0,0.0,0.0,0.0,,,0.0,1.0,0.0,0.23682419955730438,0.9999999999999998,0.802112877368927,,,0.3333333333333333,,
test_group_0107,diverse_balanced,hybrid_mf_bayes_tuned_fairness,hybrid_mf_bayes,tuned_fairness,0.0,0.0,0.0,0.0,0.0,0.0,0.0,0.0,,,0.0,1.0,0.0,0.23682422935962677,0.9999999999999998,0.802112877368927,,,0.3333333333333333,0.0,
test_group_0107,diverse_balanced,mf_average,mf,average,0.0,0.0,0.0,0.0,0.0,0.0,0.0,0.0,,,0.0,1.0,0.0,0.25896066427230835,0.9999999999999998,0.802112877368927,,,0.3333333333333333,,
test_group_0107,diverse_balanced,mf_dbscan_minority_nash,mf,dbscan_minority_nash,0.0,0.0,0.0,0.0,0.0,0.0,0.0,0.0,,,0.0,1.0,0.0,0.2809056043624878,0.9999999999999998,0.802112877368927,,,0.3333333333333333,,2.0
test_group_0107,diverse_balanced,mf_least_misery,mf,least_misery,0.0,0.0,0.0,0.0,0.0,0.0,0.0,0.0,,,0.0,1.0,0.0,0.2982219159603119,0.9999999999999998,0.802112877368927,,,0.3333333333333333,,
test_group_0107,diverse_balanced,mf_nash_welfare,mf,nash_welfare,0.0,0.0,0.0,0.0,0.0,0.0,0.0,0.0,,,0.0,1.0,0.0,0.2809056043624878,0.9999999999999998,0.802112877368927,,,0.3333333333333333,,
test_group_0107,diverse_balanced,mf_tuned_fairness,mf,tuned_fairness,0.0,0.0,0.0,0.0,0.0,0.0,0.0,0.0,,,0.0,1.0,0.0,0.25896066427230835,0.9999999999999998,0.802112877368927,,,0.3333333333333333,0.0,
test_group_0107,diverse_balanced,rating_user_knn_average,rating_user_knn,average,0.0,0.0,0.0,0.0,0.0,0.0,0.0,0.0,,,0.0,1.0,0.0,0.606154203414917,0.9999999999999998,0.802112877368927,,,0.3333333333333333,,
test_group_0107,diverse_balanced,rating_user_knn_dbscan_minority_nash,rating_user_knn,dbscan_minority_nash,0.0,0.0,0.0,0.0,0.0,0.0,0.0,0.0,,,0.0,1.0,0.0,0.606154203414917,0.9999999999999998,0.802112877368927,,,0.3333333333333333,,2.0
test_group_0107,diverse_balanced,rating_user_knn_least_misery,rating_user_knn,least_misery,0.0,0.0,0.0,0.0,0.0,0.0,0.0,0.0,,,0.0,1.0,0.0,0.604054868221283,0.9999999999999998,0.802112877368927,,,0.3333333333333333,,
test_group_0107,diverse_balanced,rating_user_knn_nash_welfare,rating_user_knn,nash_welfare,0.0,0.0,0.0,0.0,0.0,0.0,0.0,0.0,,,0.0,1.0,0.0,0.606154203414917,0.9999999999999998,0.802112877368927,,,0.3333333333333333,,
test_group_0107,diverse_balanced,rating_user_knn_tuned_fairness,rating_user_knn,tuned_fairness,0.0,0.0,0.0,0.0,0.0,0.0,0.0,0.0,,,0.0,1.0,0.0,0.606154203414917,0.9999999999999998,0.802112877368927,,,0.3333333333333333,0.0,
test_group_0108,diverse_balanced,hybrid_mf_bayes_average,hybrid_mf_bayes,average,0.03333333333333333,0.052631578947368425,0.11004588314904008,0.03668196104968003,0.03668196104968003,0.05187612681089912,0.0,0.33333333333333337,,,0.1100458831490401,0.6666666666666666,0.3333333333333333,0.5021040439605713,0.9999999999999998,0.7410264015197754,,,0.3333333333333333,,
test_group_0108,diverse_balanced,hybrid_mf_bayes_dbscan_minority_nash,hybrid_mf_bayes,dbscan_minority_nash,0.06666666666666667,0.10526315789473685,0.1584091525685025,0.05280305085616751,0.05280305085616751,0.07467479065546835,0.0,0.33333333333333337,,,0.15840915256850252,0.6666666666666666,0.3333333333333333,0.5672593116760254,0.9999999999999998,0.7410264015197754,,,0.3333333333333333,,2.0
test_group_0108,diverse_balanced,hybrid_mf_bayes_least_misery,hybrid_mf_bayes,least_misery,0.03333333333333333,0.052631578947368425,0.06943122193677727,0.023143740645592426,0.023143740645592426,0.03273019190504226,0.0,0.3333333333333333,,,0.06943122193677728,0.6666666666666666,0.3333333333333333,0.6280288696289062,0.9999999999999998,0.7410264015197754,,,0.3333333333333333,,
test_group_0108,diverse_balanced,hybrid_mf_bayes_nash_welfare,hybrid_mf_bayes,nash_welfare,0.06666666666666667,0.10526315789473685,0.1584091525685025,0.05280305085616751,0.05280305085616751,0.07467479065546835,0.0,0.33333333333333337,,,0.15840915256850252,0.6666666666666666,0.3333333333333333,0.5672593116760254,0.9999999999999998,0.7410264015197754,,,0.3333333333333333,,
test_group_0108,diverse_balanced,hybrid_mf_bayes_tuned_fairness,hybrid_mf_bayes,tuned_fairness,0.03333333333333333,0.052631578947368425,0.11004588314904008,0.03668196104968003,0.03668196104968003,0.05187612681089912,0.0,0.33333333333333337,,,0.1100458831490401,0.6666666666666666,0.3333333333333333,0.5021040439605713,0.9999999999999998,0.7410264015197754,,,0.3333333333333333,0.0,
test_group_0108,diverse_balanced,mf_average,mf,average,0.03333333333333333,0.052631578947368425,0.22009176629808017,0.07336392209936006,0.07336392209936006,0.10375225362179824,0.0,0.33333333333333337,,,0.2200917662980802,0.6666666666666666,0.3333333333333333,0.640930712223053,0.9999999999999998,0.7410264015197754,,,0.3333333333333333,,
test_group_0108,diverse_balanced,mf_dbscan_minority_nash,mf,dbscan_minority_nash,0.06666666666666667,0.10526315789473685,0.29345568839744024,0.09781856279914675,0.09781856279914675,0.13833633816239763,0.0,0.33333333333333337,,,0.29345568839744024,0.6666666666666666,0.3333333333333333,0.6894005537033081,0.9999999999999998,0.7410264015197754,,,0.3333333333333333,,2.0
test_group_0108,diverse_balanced,mf_least_misery,mf,least_misery,0.06666666666666667,0.10526315789473685,0.20483424751859083,0.06827808250619698,0.06827808250619698,0.09655979029309292,0.0,0.3333333333333333,,,0.20483424751859092,0.6666666666666666,0.3333333333333333,0.7842769026756287,0.9999999999999998,0.7410264015197754,,,0.3333333333333333,,
test_group_0108,diverse_balanced,mf_nash_welfare,mf,nash_welfare,0.06666666666666667,0.10526315789473685,0.29345568839744024,0.09781856279914675,0.09781856279914675,0.13833633816239763,0.0,0.33333333333333337,,,0.29345568839744024,0.6666666666666666,0.3333333333333333,0.6894005537033081,0.9999999999999998,0.7410264015197754,,,0.3333333333333333,,
test_group_0108,diverse_balanced,mf_tuned_fairness,mf,tuned_fairness,0.03333333333333333,0.052631578947368425,0.22009176629808017,0.07336392209936006,0.07336392209936006,0.10375225362179824,0.0,0.33333333333333337,,,0.2200917662980802,0.6666666666666666,0.3333333333333333,0.640930712223053,0.9999999999999998,0.7410264015197754,,,0.3333333333333333,0.0,
test_group_0108,diverse_balanced,rating_user_knn_average,rating_user_knn,average,0.0,0.0,0.0,0.0,0.0,0.0,0.0,0.0,,,0.0,1.0,0.0,0.45403748750686646,0.9999999999999998,0.7410264015197754,,,0.3333333333333333,,
test_group_0108,diverse_balanced,rating_user_knn_dbscan_minority_nash,rating_user_knn,dbscan_minority_nash,0.0,0.0,0.0,0.0,0.0,0.0,0.0,0.0,,,0.0,1.0,0.0,0.45403748750686646,0.9999999999999998,0.7410264015197754,,,0.3333333333333333,,2.0
test_group_0108,diverse_balanced,rating_user_knn_least_misery,rating_user_knn,least_misery,0.0,0.0,0.0,0.0,0.0,0.0,0.0,0.0,,,0.0,1.0,0.0,0.3068028390407562,0.9999999999999998,0.7410264015197754,,,0.3333333333333333,,
test_group_0108,diverse_balanced,rating_user_knn_nash_welfare,rating_user_knn,nash_welfare,0.0,0.0,0.0,0.0,0.0,0.0,0.0,0.0,,,0.0,1.0,0.0,0.45403748750686646,0.9999999999999998,0.7410264015197754,,,0.3333333333333333,,
test_group_0108,diverse_balanced,rating_user_knn_tuned_fairness,rating_user_knn,tuned_fairness,0.0,0.0,0.0,0.0,0.0,0.0,0.0,0.0,,,0.0,1.0,0.0,0.45403748750686646,0.9999999999999998,0.7410264015197754,,,0.3333333333333333,0.0,
test_group_0109,diverse_balanced,hybrid_mf_bayes_average,hybrid_mf_bayes,average,0.0,0.0,0.0,0.0,0.0,0.0,0.0,0.0,,,0.0,1.0,0.0,0.23445285856723785,0.9999999999999998,0.7635040879249573,,,0.3333333333333333,,
test_group_0109,diverse_balanced,hybrid_mf_bayes_dbscan_minority_nash,hybrid_mf_bayes,dbscan_minority_nash,0.0,0.0,0.0,0.0,0.0,0.0,0.0,0.0,,,0.0,1.0,0.0,0.23445285856723785,0.9999999999999998,0.7635040879249573,,,0.3333333333333333,,2.0
test_group_0109,diverse_balanced,hybrid_mf_bayes_least_misery,hybrid_mf_bayes,least_misery,0.0,0.0,0.0,0.0,0.0,0.0,0.0,0.0,,,0.0,1.0,0.0,0.23235520720481873,0.9999999999999998,0.7635040879249573,,,0.3333333333333333,,
test_group_0109,diverse_balanced,hybrid_mf_bayes_nash_welfare,hybrid_mf_bayes,nash_welfare,0.0,0.0,0.0,0.0,0.0,0.0,0.0,0.0,,,0.0,1.0,0.0,0.23445285856723785,0.9999999999999998,0.7635040879249573,,,0.3333333333333333,,
test_group_0109,diverse_balanced,hybrid_mf_bayes_tuned_fairness,hybrid_mf_bayes,tuned_fairness,0.0,0.0,0.0,0.0,0.0,0.0,0.0,0.0,,,0.0,1.0,0.0,0.23445285856723785,0.9999999999999998,0.7635040879249573,,,0.3333333333333333,0.0,
test_group_0109,diverse_balanced,mf_average,mf,average,0.03333333333333333,0.02941176470588235,0.06625422345438904,0.022084741151463014,0.022084741151463014,0.031232540457898198,0.0,0.33333333333333337,,,0.06625422345438904,0.6666666666666666,0.3333333333333333,0.2798839807510376,0.9999999999999998,0.7635040879249573,,,0.3333333333333333,,
test_group_0109,diverse_balanced,mf_dbscan_minority_nash,mf,dbscan_minority_nash,0.03333333333333333,0.02941176470588235,0.06362078819895171,0.021206929399650576,0.021206929399650576,0.02999112717327456,0.0,0.3333333333333333,,,0.06362078819895173,0.6666666666666666,0.3333333333333333,0.2798839807510376,0.9999999999999998,0.7635040879249573,,,0.3333333333333333,,2.0
test_group_0109,diverse_balanced,mf_least_misery,mf,least_misery,0.0,0.0,0.0,0.0,0.0,0.0,0.0,0.0,,,0.0,1.0,0.0,0.27310267090797424,0.9999999999999998,0.7635040879249573,,,0.3333333333333333,,
test_group_0109,diverse_balanced,mf_nash_welfare,mf,nash_welfare,0.03333333333333333,0.02941176470588235,0.06362078819895171,0.021206929399650576,0.021206929399650576,0.02999112717327456,0.0,0.3333333333333333,,,0.06362078819895173,0.6666666666666666,0.3333333333333333,0.2798839807510376,0.9999999999999998,0.7635040879249573,,,0.3333333333333333,,
test_group_0109,diverse_balanced,mf_tuned_fairness,mf,tuned_fairness,0.03333333333333333,0.02941176470588235,0.06625422345438904,0.022084741151463014,0.022084741151463014,0.031232540457898198,0.0,0.33333333333333337,,,0.06625422345438904,0.6666666666666666,0.3333333333333333,0.2798839807510376,0.9999999999999998,0.7635040879249573,,,0.3333333333333333,0.0,
test_group_0109,diverse_balanced,rating_user_knn_average,rating_user_knn,average,0.03333333333333333,0.02941176470588235,0.07336392209936006,0.024454640699786687,0.024454640699786687,0.03458408454059941,0.0,0.33333333333333337,,,0.07336392209936006,0.6666666666666666,0.3333333333333333,0.5838388204574585,0.9999999999999998,0.7635040879249573,,,0.3333333333333333,,
test_group_0109,diverse_balanced,rating_user_knn_dbscan_minority_nash,rating_user_knn,dbscan_minority_nash,0.03333333333333333,0.02941176470588235,0.07336392209936006,0.024454640699786687,0.024454640699786687,0.03458408454059941,0.0,0.33333333333333337,,,0.07336392209936006,0.6666666666666666,0.3333333333333333,0.5860311985015869,0.9999999999999998,0.7635040879249573,,,0.3333333333333333,,2.0
test_group_0109,diverse_balanced,rating_user_knn_least_misery,rating_user_knn,least_misery,0.0,0.0,0.0,0.0,0.0,0.0,0.0,0.0,,,0.0,1.0,0.0,0.5817680954933167,0.9999999999999998,0.7635040879249573,,,0.3333333333333333,,
test_group_0109,diverse_balanced,rating_user_knn_nash_welfare,rating_user_knn,nash_welfare,0.03333333333333333,0.02941176470588235,0.07336392209936006,0.024454640699786687,0.024454640699786687,0.03458408454059941,0.0,0.33333333333333337,,,0.07336392209936006,0.6666666666666666,0.3333333333333333,0.5860311985015869,0.9999999999999998,0.7635040879249573,,,0.3333333333333333,,
test_group_0109,diverse_balanced,rating_user_knn_tuned_fairness,rating_user_knn,tuned_fairness,0.03333333333333333,0.02941176470588235,0.07336392209936006,0.024454640699786687,0.024454640699786687,0.03458408454059941,0.0,0.33333333333333337,,,0.07336392209936006,0.6666666666666666,0.3333333333333333,0.5838388204574585,0.9999999999999998,0.7635040879249573,,,0.3333333333333333,0.0,
test_group_0110,diverse_balanced,hybrid_mf_bayes_average,hybrid_mf_bayes,average,0.0,0.0,0.0,0.0,0.0,0.0,0.0,0.0,,,0.0,1.0,0.0,0.4990445375442505,0.9999999999999998,0.7592678070068359,,,0.3333333333333333,,
test_group_0110,diverse_balanced,hybrid_mf_bayes_dbscan_minority_nash,hybrid_mf_bayes,dbscan_minority_nash,0.0,0.0,0.0,0.0,0.0,0.0,0.0,0.0,,,0.0,1.0,0.0,0.5139201879501343,0.9999999999999998,0.7592678070068359,,,0.3333333333333333,,2.0
test_group_0110,diverse_balanced,hybrid_mf_bayes_least_misery,hybrid_mf_bayes,least_misery,0.03333333333333333,0.05555555555555556,0.085143117641621,0.02838103921387367,0.02838103921387367,0.04013685057050279,0.0,0.3333333333333333,,,0.08514311764162101,0.6666666666666666,0.3333333333333333,0.6027156114578247,0.9999999999999998,0.7592678070068359,,,0.3333333333333333,,
test_group_0110,diverse_balanced,hybrid_mf_bayes_nash_welfare,hybrid_mf_bayes,nash_welfare,0.0,0.0,0.0,0.0,0.0,0.0,0.0,0.0,,,0.0,1.0,0.0,0.5139201879501343,0.9999999999999998,0.7592678070068359,,,0.3333333333333333,,
test_group_0110,diverse_balanced,hybrid_mf_bayes_tuned_fairness,hybrid_mf_bayes,tuned_fairness,0.0,0.0,0.0,0.0,0.0,0.0,0.0,0.0,,,0.0,1.0,0.0,0.4990445375442505,0.9999999999999998,0.7592678070068359,,,0.3333333333333333,0.0,
test_group_0110,diverse_balanced,mf_average,mf,average,0.06666666666666667,0.11111111111111112,0.16354138662029633,0.05451379554009878,0.05451379554009878,0.07709414898924165,0.0,0.3333333333333333,,,0.16354138662029635,0.6666666666666666,0.3333333333333333,0.5712491273880005,0.9999999999999998,0.7592678070068359,,,0.3333333333333333,,
test_group_0110,diverse_balanced,mf_dbscan_minority_nash,mf,dbscan_minority_nash,0.06666666666666667,0.11111111111111112,0.19518900079066107,0.0650630002635537,0.0650630002635537,0.09201297738140189,0.0,0.3333333333333333,,,0.1951890007906611,0.6666666666666666,0.3333333333333333,0.6264679431915283,0.9999999999999998,0.7592678070068359,,,0.3333333333333333,,2.0
test_group_0110,diverse_balanced,mf_least_misery,mf,least_misery,0.0,0.0,0.0,0.0,0.0,0.0,0.0,0.0,,,0.0,1.0,0.0,0.6643145084381104,0.9999999999999998,0.7592678070068359,,,0.3333333333333333,,
test_group_0110,diverse_balanced,mf_nash_welfare,mf,nash_welfare,0.06666666666666667,0.11111111111111112,0.19518900079066107,0.0650630002635537,0.0650630002635537,0.09201297738140189,0.0,0.3333333333333333,,,0.1951890007906611,0.6666666666666666,0.3333333333333333,0.6264679431915283,0.9999999999999998,0.7592678070068359,,,0.3333333333333333,,
test_group_0110,diverse_balanced,mf_tuned_fairness,mf,tuned_fairness,0.06666666666666667,0.11111111111111112,0.16354138662029633,0.05451379554009878,0.05451379554009878,0.07709414898924165,0.0,0.3333333333333333,,,0.16354138662029635,0.6666666666666666,0.3333333333333333,0.5712491273880005,0.9999999999999998,0.7592678070068359,,,0.3333333333333333,0.0,
test_group_0110,diverse_balanced,rating_user_knn_average,rating_user_knn,average,0.0,0.0,0.0,0.0,0.0,0.0,0.0,0.0,,,0.0,1.0,0.0,0.4192652106285095,0.9999999999999998,0.7592678070068359,,,0.3333333333333333,,
test_group_0110,diverse_balanced,rating_user_knn_dbscan_minority_nash,rating_user_knn,dbscan_minority_nash,0.0,0.0,0.0,0.0,0.0,0.0,0.0,0.0,,,0.0,1.0,0.0,0.4192652106285095,0.9999999999999998,0.7592678070068359,,,0.3333333333333333,,2.0
test_group_0110,diverse_balanced,rating_user_knn_least_misery,rating_user_knn,least_misery,0.0,0.0,0.0,0.0,0.0,0.0,0.0,0.0,,,0.0,1.0,0.0,0.3476696014404297,0.9999999999999998,0.7592678070068359,,,0.3333333333333333,,
test_group_0110,diverse_balanced,rating_user_knn_nash_welfare,rating_user_knn,nash_welfare,0.0,0.0,0.0,0.0,0.0,0.0,0.0,0.0,,,0.0,1.0,0.0,0.4192652106285095,0.9999999999999998,0.7592678070068359,,,0.3333333333333333,,
test_group_0110,diverse_balanced,rating_user_knn_tuned_fairness,rating_user_knn,tuned_fairness,0.0,0.0,0.0,0.0,0.0,0.0,0.0,0.0,,,0.0,1.0,0.0,0.4192652106285095,0.9999999999999998,0.7592678070068359,,,0.3333333333333333,0.0,
test_group_0111,diverse_balanced,hybrid_mf_bayes_average,hybrid_mf_bayes,average,0.03333333333333333,0.039999999999999994,0.07839826897867533,0.026132756326225113,0.026132756326225113,0.036957298418738856,0.0,0.33333333333333337,,,0.07839826897867534,0.6666666666666666,0.3333333333333333,0.2679561674594879,0.9999999999999998,0.630362331867218,,,0.3333333333333333,,
test_group_0111,diverse_balanced,hybrid_mf_bayes_dbscan_minority_nash,hybrid_mf_bayes,dbscan_minority_nash,0.03333333333333333,0.039999999999999994,0.07839826897867533,0.026132756326225113,0.026132756326225113,0.036957298418738856,0.0,0.33333333333333337,,,0.07839826897867534,0.6666666666666666,0.3333333333333333,0.2679561674594879,0.9999999999999998,0.630362331867218,,,0.3333333333333333,,2.0
test_group_0111,diverse_balanced,hybrid_mf_bayes_least_misery,hybrid_mf_bayes,least_misery,0.03333333333333333,0.039999999999999994,0.06943122193677727,0.023143740645592426,0.023143740645592426,0.03273019190504226,0.0,0.3333333333333333,,,0.06943122193677728,0.6666666666666666,0.3333333333333333,0.29069948196411133,0.9999999999999998,0.630362331867218,,,0.3333333333333333,,
test_group_0111,diverse_balanced,hybrid_mf_bayes_nash_welfare,hybrid_mf_bayes,nash_welfare,0.03333333333333333,0.039999999999999994,0.07839826897867533,0.026132756326225113,0.026132756326225113,0.036957298418738856,0.0,0.33333333333333337,,,0.07839826897867534,0.6666666666666666,0.3333333333333333,0.2679561674594879,0.9999999999999998,0.630362331867218,,,0.3333333333333333,,
test_group_0111,diverse_balanced,hybrid_mf_bayes_tuned_fairness,hybrid_mf_bayes,tuned_fairness,0.03333333333333333,0.039999999999999994,0.07839826897867533,0.026132756326225113,0.026132756326225113,0.036957298418738856,0.0,0.33333333333333337,,,0.07839826897867534,0.6666666666666666,0.3333333333333333,0.2679561674594879,0.9999999999999998,0.630362331867218,,,0.3333333333333333,0.0,
test_group_0111,diverse_balanced,mf_average,mf,average,0.06666666666666667,0.07999999999999999,0.16421958630632802,0.05473986210210935,0.05473986210210935,0.07741385538723604,0.0,0.33333333333333337,,,0.16421958630632805,0.6666666666666666,0.3333333333333333,0.28439462184906006,0.9999999999999998,0.630362331867218,,,0.3333333333333333,,
test_group_0111,diverse_balanced,mf_dbscan_minority_nash,mf,dbscan_minority_nash,0.06666666666666667,0.07999999999999999,0.15457433957839828,0.051524779859466095,0.051524779859466095,0.07286704247554504,0.0,0.3333333333333333,,,0.15457433957839828,0.6666666666666666,0.3333333333333333,0.28439462184906006,0.9999999999999998,0.630362331867218,,,0.3333333333333333,,2.0
test_group_0111,diverse_balanced,mf_least_misery,mf,least_misery,0.03333333333333333,0.039999999999999994,0.07336392209936006,0.024454640699786687,0.024454640699786687,0.03458408454059941,0.0,0.33333333333333337,,,0.07336392209936006,0.6666666666666666,0.3333333333333333,0.27616241574287415,0.9999999999999998,0.630362331867218,,,0.3333333333333333,,
test_group_0111,diverse_balanced,mf_nash_welfare,mf,nash_welfare,0.06666666666666667,0.07999999999999999,0.15457433957839828,0.051524779859466095,0.051524779859466095,0.07286704247554504,0.0,0.3333333333333333,,,0.15457433957839828,0.6666666666666666,0.3333333333333333,0.28439462184906006,0.9999999999999998,0.630362331867218,,,0.3333333333333333,,
test_group_0111,diverse_balanced,mf_tuned_fairness,mf,tuned_fairness,0.06666666666666667,0.07999999999999999,0.16421958630632802,0.05473986210210935,0.05473986210210935,0.07741385538723604,0.0,0.33333333333333337,,,0.16421958630632805,0.6666666666666666,0.3333333333333333,0.28439462184906006,0.9999999999999998,0.630362331867218,,,0.3333333333333333,0.0,
test_group_0111,diverse_balanced,rating_user_knn_average,rating_user_knn,average,0.0,0.0,0.0,0.0,0.0,0.0,0.0,0.0,,,0.0,1.0,0.0,0.5911827683448792,0.9999999999999998,0.630362331867218,,,0.3333333333333333,,
test_group_0111,diverse_balanced,rating_user_knn_dbscan_minority_nash,rating_user_knn,dbscan_minority_nash,0.0,0.0,0.0,0.0,0.0,0.0,0.0,0.0,,,0.0,1.0,0.0,0.5911827683448792,0.9999999999999998,0.630362331867218,,,0.3333333333333333,,2.0
test_group_0111,diverse_balanced,rating_user_knn_least_misery,rating_user_knn,least_misery,0.0,0.0,0.0,0.0,0.0,0.0,0.0,0.0,,,0.0,1.0,0.0,0.5564196109771729,0.9999999999999998,0.630362331867218,,,0.3333333333333333,,
test_group_0111,diverse_balanced,rating_user_knn_nash_welfare,rating_user_knn,nash_welfare,0.0,0.0,0.0,0.0,0.0,0.0,0.0,0.0,,,0.0,1.0,0.0,0.5911827683448792,0.9999999999999998,0.630362331867218,,,0.3333333333333333,,
test_group_0111,diverse_balanced,rating_user_knn_tuned_fairness,rating_user_knn,tuned_fairness,0.0,0.0,0.0,0.0,0.0,0.0,0.0,0.0,,,0.0,1.0,0.0,0.5911827683448792,0.9999999999999998,0.630362331867218,,,0.3333333333333333,0.0,
test_group_0112,diverse_balanced,hybrid_mf_bayes_average,hybrid_mf_bayes,average,0.0,0.0,0.0,0.0,0.0,0.0,0.0,0.0,,,0.0,1.0,0.0,0.2580769956111908,0.9999999999999998,0.6656247973442078,,,0.3333333333333333,,
test_group_0112,diverse_balanced,hybrid_mf_bayes_dbscan_minority_nash,hybrid_mf_bayes,dbscan_minority_nash,0.0,0.0,0.0,0.0,0.0,0.0,0.0,0.0,,,0.0,1.0,0.0,0.2580769956111908,0.9999999999999998,0.6656247973442078,,,0.3333333333333333,,2.0
test_group_0112,diverse_balanced,hybrid_mf_bayes_least_misery,hybrid_mf_bayes,least_misery,0.03333333333333333,0.05882352941176471,0.06625422345438904,0.022084741151463014,0.022084741151463014,0.031232540457898198,0.0,0.33333333333333337,,,0.06625422345438904,0.6666666666666666,0.3333333333333333,0.2621094286441803,0.9999999999999998,0.6656247973442078,,,0.3333333333333333,,
test_group_0112,diverse_balanced,hybrid_mf_bayes_nash_welfare,hybrid_mf_bayes,nash_welfare,0.0,0.0,0.0,0.0,0.0,0.0,0.0,0.0,,,0.0,1.0,0.0,0.2580769956111908,0.9999999999999998,0.6656247973442078,,,0.3333333333333333,,
test_group_0112,diverse_balanced,hybrid_mf_bayes_tuned_fairness,hybrid_mf_bayes,tuned_fairness,0.0,0.0,0.0,0.0,0.0,0.0,0.0,0.0,,,0.0,1.0,0.0,0.2580769956111908,0.9999999999999998,0.6656247973442078,,,0.3333333333333333,0.0,
test_group_0112,diverse_balanced,mf_average,mf,average,0.0,0.0,0.0,0.0,0.0,0.0,0.0,0.0,,,0.0,1.0,0.0,0.3174201548099518,0.9999999999999998,0.6656247973442078,,,0.3333333333333333,,
test_group_0112,diverse_balanced,mf_dbscan_minority_nash,mf,dbscan_minority_nash,0.0,0.0,0.0,0.0,0.0,0.0,0.0,0.0,,,0.0,1.0,0.0,0.2871575951576233,0.9999999999999998,0.6656247973442078,,,0.3333333333333333,,2.0
test_group_0112,diverse_balanced,mf_least_misery,mf,least_misery,0.06666666666666667,0.11764705882352942,0.13961814555374907,0.0465393818512497,0.0465393818512497,0.06581662499849761,0.0,0.3333333333333333,,,0.1396181455537491,0.6666666666666666,0.3333333333333333,0.298737496137619,0.9999999999999998,0.6656247973442078,,,0.3333333333333333,,
test_group_0112,diverse_balanced,mf_nash_welfare,mf,nash_welfare,0.0,0.0,0.0,0.0,0.0,0.0,0.0,0.0,,,0.0,1.0,0.0,0.2871575951576233,0.9999999999999998,0.6656247973442078,,,0.3333333333333333,,
test_group_0112,diverse_balanced,mf_tuned_fairness,mf,tuned_fairness,0.0,0.0,0.0,0.0,0.0,0.0,0.0,0.0,,,0.0,1.0,0.0,0.3174201548099518,0.9999999999999998,0.6656247973442078,,,0.3333333333333333,0.0,
test_group_0112,diverse_balanced,rating_user_knn_average,rating_user_knn,average,0.0,0.0,0.0,0.0,0.0,0.0,0.0,0.0,,,0.0,1.0,0.0,0.3767978549003601,0.9999999999999998,0.6656247973442078,,,0.3333333333333333,,
test_group_0112,diverse_balanced,rating_user_knn_dbscan_minority_nash,rating_user_knn,dbscan_minority_nash,0.0,0.0,0.0,0.0,0.0,0.0,0.0,0.0,,,0.0,1.0,0.0,0.3767978549003601,0.9999999999999998,0.6656247973442078,,,0.3333333333333333,,2.0
test_group_0112,diverse_balanced,rating_user_knn_least_misery,rating_user_knn,least_misery,0.0,0.0,0.0,0.0,0.0,0.0,0.0,0.0,,,0.0,1.0,0.0,0.4133707284927368,0.9999999999999998,0.6656247973442078,,,0.3333333333333333,,
test_group_0112,diverse_balanced,rating_user_knn_nash_welfare,rating_user_knn,nash_welfare,0.0,0.0,0.0,0.0,0.0,0.0,0.0,0.0,,,0.0,1.0,0.0,0.3767978549003601,0.9999999999999998,0.6656247973442078,,,0.3333333333333333,,
test_group_0112,diverse_balanced,rating_user_knn_tuned_fairness,rating_user_knn,tuned_fairness,0.0,0.0,0.0,0.0,0.0,0.0,0.0,0.0,,,0.0,1.0,0.0,0.3767978549003601,0.9999999999999998,0.6656247973442078,,,0.3333333333333333,0.0,
test_group_0113,diverse_balanced,hybrid_mf_bayes_average,hybrid_mf_bayes,average,0.0,0.0,0.0,0.0,0.0,0.0,0.0,0.0,,,0.0,1.0,0.0,0.2694467306137085,0.9999999999999998,0.5512625575065613,,,0.3333333333333333,,
test_group_0113,diverse_balanced,hybrid_mf_bayes_dbscan_minority_nash,hybrid_mf_bayes,dbscan_minority_nash,0.0,0.0,0.0,0.0,0.0,0.0,0.0,0.0,,,0.0,1.0,0.0,0.2694467306137085,0.9999999999999998,0.5512625575065613,,,0.3333333333333333,,2.0
test_group_0113,diverse_balanced,hybrid_mf_bayes_least_misery,hybrid_mf_bayes,least_misery,0.0,0.0,0.0,0.0,0.0,0.0,0.0,0.0,,,0.0,1.0,0.0,0.2694467604160309,0.9999999999999998,0.5512625575065613,,,0.3333333333333333,,
test_group_0113,diverse_balanced,hybrid_mf_bayes_nash_welfare,hybrid_mf_bayes,nash_welfare,0.0,0.0,0.0,0.0,0.0,0.0,0.0,0.0,,,0.0,1.0,0.0,0.2694467306137085,0.9999999999999998,0.5512625575065613,,,0.3333333333333333,,
test_group_0113,diverse_balanced,hybrid_mf_bayes_tuned_fairness,hybrid_mf_bayes,tuned_fairness,0.0,0.0,0.0,0.0,0.0,0.0,0.0,0.0,,,0.0,1.0,0.0,0.2694467306137085,0.9999999999999998,0.5512625575065613,,,0.3333333333333333,0.0,
test_group_0113,diverse_balanced,mf_average,mf,average,0.0,0.0,0.0,0.0,0.0,0.0,0.0,0.0,,,0.0,1.0,0.0,0.4713757336139679,0.9999999999999998,0.5512625575065613,,,0.3333333333333333,,
test_group_0113,diverse_balanced,mf_dbscan_minority_nash,mf,dbscan_minority_nash,0.0,0.0,0.0,0.0,0.0,0.0,0.0,0.0,,,0.0,1.0,0.0,0.4713757336139679,0.9999999999999998,0.5512625575065613,,,0.3333333333333333,,2.0
test_group_0113,diverse_balanced,mf_least_misery,mf,least_misery,0.0,0.0,0.0,0.0,0.0,0.0,0.0,0.0,,,0.0,1.0,0.0,0.3389756977558136,0.9999999999999998,0.5512625575065613,,,0.3333333333333333,,
test_group_0113,diverse_balanced,mf_nash_welfare,mf,nash_welfare,0.0,0.0,0.0,0.0,0.0,0.0,0.0,0.0,,,0.0,1.0,0.0,0.4713757336139679,0.9999999999999998,0.5512625575065613,,,0.3333333333333333,,
test_group_0113,diverse_balanced,mf_tuned_fairness,mf,tuned_fairness,0.0,0.0,0.0,0.0,0.0,0.0,0.0,0.0,,,0.0,1.0,0.0,0.4713757336139679,0.9999999999999998,0.5512625575065613,,,0.3333333333333333,0.0,
test_group_0113,diverse_balanced,rating_user_knn_average,rating_user_knn,average,0.06666666666666667,0.10526315789473685,0.15139734109601002,0.07739833449293594,0.07739833449293594,0.0584601226660374,0.0,0.6367395907717442,,,0.14126697285982898,0.3333333333333333,0.6666666666666666,0.6404447555541992,0.9999999999999998,0.5512625575065613,,,0.3333333333333333,,
test_group_0113,diverse_balanced,rating_user_knn_dbscan_minority_nash,rating_user_knn,dbscan_minority_nash,0.06666666666666667,0.10526315789473685,0.1610425878239398,0.0808318603573764,0.0808318603573764,0.05944807200427344,0.0,0.6489748325674771,,,0.14126697285982898,0.3333333333333333,0.6666666666666666,0.6953290700912476,0.9999999999999998,0.5512625575065613,,,0.3333333333333333,,2.0
test_group_0113,diverse_balanced,rating_user_knn_least_misery,rating_user_knn,least_misery,0.0,0.0,0.0,0.0,0.0,0.0,0.0,0.0,,,0.0,1.0,0.0,0.7488575577735901,0.9999999999999998,0.5512625575065613,,,0.3333333333333333,,
test_group_0113,diverse_balanced,rating_user_knn_nash_welfare,rating_user_knn,nash_welfare,0.06666666666666667,0.10526315789473685,0.1610425878239398,0.0808318603573764,0.0808318603573764,0.05944807200427344,0.0,0.6489748325674771,,,0.14126697285982898,0.3333333333333333,0.6666666666666666,0.6953290700912476,0.9999999999999998,0.5512625575065613,,,0.3333333333333333,,
test_group_0113,diverse_balanced,rating_user_knn_tuned_fairness,rating_user_knn,tuned_fairness,0.06666666666666667,0.10526315789473685,0.15139734109601002,0.07739833449293594,0.07739833449293594,0.0584601226660374,0.0,0.6367395907717442,,,0.14126697285982898,0.3333333333333333,0.6666666666666666,0.6404447555541992,0.9999999999999998,0.5512625575065613,,,0.3333333333333333,0.0,
test_group_0114,diverse_balanced,hybrid_mf_bayes_average,hybrid_mf_bayes,average,0.0,0.0,0.0,0.0,0.0,0.0,0.0,0.0,,,0.0,1.0,0.0,0.31320181488990784,0.9999999999999998,0.9587575793266296,,,0.3333333333333333,,
test_group_0114,diverse_balanced,hybrid_mf_bayes_dbscan_minority_nash,hybrid_mf_bayes,dbscan_minority_nash,0.0,0.0,0.0,0.0,0.0,0.0,0.0,0.0,,,0.0,1.0,0.0,0.3084842562675476,0.9999999999999998,0.9587575793266296,,,0.3333333333333333,,2.0
test_group_0114,diverse_balanced,hybrid_mf_bayes_least_misery,hybrid_mf_bayes,least_misery,0.0,0.0,0.0,0.0,0.0,0.0,0.0,0.0,,,0.0,1.0,0.0,0.3329180181026459,0.9999999999999998,0.9587575793266296,,,0.3333333333333333,,
test_group_0114,diverse_balanced,hybrid_mf_bayes_nash_welfare,hybrid_mf_bayes,nash_welfare,0.0,0.0,0.0,0.0,0.0,0.0,0.0,0.0,,,0.0,1.0,0.0,0.3084842562675476,0.9999999999999998,0.9587575793266296,,,0.3333333333333333,,
test_group_0114,diverse_balanced,hybrid_mf_bayes_tuned_fairness,hybrid_mf_bayes,tuned_fairness,0.0,0.0,0.0,0.0,0.0,0.0,0.0,0.0,,,0.0,1.0,0.0,0.31320181488990784,0.9999999999999998,0.9587575793266296,,,0.3333333333333333,0.0,
test_group_0114,diverse_balanced,mf_average,mf,average,0.03333333333333333,0.04166666666666668,0.07768953695765951,0.03159612145651693,0.03159612145651693,0.04468366348219379,0.0,0.3333333333333333,,,0.09478836436955079,0.6666666666666666,0.3333333333333333,0.3985002338886261,0.9999999999999998,0.9587575793266296,,,0.3333333333333333,,
test_group_0114,diverse_balanced,mf_dbscan_minority_nash,mf,dbscan_minority_nash,0.03333333333333333,0.04166666666666668,0.09019475927038985,0.03668196104968003,0.03668196104968003,0.05187612681089912,0.0,0.33333333333333337,,,0.1100458831490401,0.6666666666666666,0.3333333333333333,0.4137709438800812,0.9999999999999998,0.9587575793266296,,,0.3333333333333333,,2.0
test_group_0114,diverse_balanced,mf_least_misery,mf,least_misery,0.13333333333333333,0.1666666666666667,0.40002463543928024,0.19391992773661051,0.19391992773661051,0.13851525849786772,0.0,0.6621588533099666,,,0.314880130667631,0.3333333333333333,0.6666666666666666,0.6634299755096436,0.9999999999999998,0.9587575793266296,,,0.3333333333333333,,
test_group_0114,diverse_balanced,mf_nash_welfare,mf,nash_welfare,0.03333333333333333,0.04166666666666668,0.09019475927038985,0.03668196104968003,0.03668196104968003,0.05187612681089912,0.0,0.33333333333333337,,,0.1100458831490401,0.6666666666666666,0.3333333333333333,0.4137709438800812,0.9999999999999998,0.9587575793266296,,,0.3333333333333333,,
test_group_0114,diverse_balanced,mf_tuned_fairness,mf,tuned_fairness,0.03333333333333333,0.04166666666666668,0.07768953695765951,0.03159612145651693,0.03159612145651693,0.04468366348219379,0.0,0.3333333333333333,,,0.09478836436955079,0.6666666666666666,0.3333333333333333,0.3985002338886261,0.9999999999999998,0.9587575793266296,,,0.3333333333333333,0.0,
test_group_0114,diverse_balanced,rating_user_knn_average,rating_user_knn,average,0.0,0.0,0.0,0.0,0.0,0.0,0.0,0.0,,,0.0,1.0,0.0,0.48825377225875854,0.9999999999999998,0.9587575793266296,,,0.3333333333333333,,
test_group_0114,diverse_balanced,rating_user_knn_dbscan_minority_nash,rating_user_knn,dbscan_minority_nash,0.0,0.0,0.0,0.0,0.0,0.0,0.0,0.0,,,0.0,1.0,0.0,0.4398125112056732,0.9999999999999998,0.9587575793266296,,,0.3333333333333333,,2.0
test_group_0114,diverse_balanced,rating_user_knn_least_misery,rating_user_knn,least_misery,0.0,0.0,0.0,0.0,0.0,0.0,0.0,0.0,,,0.0,1.0,0.0,0.37722232937812805,0.9999999999999998,0.9587575793266296,,,0.3333333333333333,,
test_group_0114,diverse_balanced,rating_user_knn_nash_welfare,rating_user_knn,nash_welfare,0.0,0.0,0.0,0.0,0.0,0.0,0.0,0.0,,,0.0,1.0,0.0,0.4398125112056732,0.9999999999999998,0.9587575793266296,,,0.3333333333333333,,
test_group_0114,diverse_balanced,rating_user_knn_tuned_fairness,rating_user_knn,tuned_fairness,0.0,0.0,0.0,0.0,0.0,0.0,0.0,0.0,,,0.0,1.0,0.0,0.48825377225875854,0.9999999999999998,0.9587575793266296,,,0.3333333333333333,0.0,
test_group_0115,diverse_balanced,hybrid_mf_bayes_average,hybrid_mf_bayes,average,0.0,0.0,0.0,0.0,0.0,0.0,0.0,0.0,,,0.0,1.0,0.0,0.26420727372169495,0.9999999999999998,0.6225200295448303,,,0.3333333333333333,,
test_group_0115,diverse_balanced,hybrid_mf_bayes_dbscan_minority_nash,hybrid_mf_bayes,dbscan_minority_nash,0.0,0.0,0.0,0.0,0.0,0.0,0.0,0.0,,,0.0,1.0,0.0,0.26420727372169495,0.9999999999999998,0.6225200295448303,,,0.3333333333333333,,2.0
test_group_0115,diverse_balanced,hybrid_mf_bayes_least_misery,hybrid_mf_bayes,least_misery,0.0,0.0,0.0,0.0,0.0,0.0,0.0,0.0,,,0.0,1.0,0.0,0.30146631598472595,0.9999999999999998,0.6225200295448303,,,0.3333333333333333,,
test_group_0115,diverse_balanced,hybrid_mf_bayes_nash_welfare,hybrid_mf_bayes,nash_welfare,0.0,0.0,0.0,0.0,0.0,0.0,0.0,0.0,,,0.0,1.0,0.0,0.26420727372169495,0.9999999999999998,0.6225200295448303,,,0.3333333333333333,,
test_group_0115,diverse_balanced,hybrid_mf_bayes_tuned_fairness,hybrid_mf_bayes,tuned_fairness,0.0,0.0,0.0,0.0,0.0,0.0,0.0,0.0,,,0.0,1.0,0.0,0.26420727372169495,0.9999999999999998,0.6225200295448303,,,0.3333333333333333,0.0,
test_group_0115,diverse_balanced,mf_average,mf,average,0.0,0.0,0.0,0.0,0.0,0.0,0.0,0.0,,,0.0,1.0,0.0,0.2482275664806366,0.9999999999999998,0.6225200295448303,,,0.3333333333333333,,
test_group_0115,diverse_balanced,mf_dbscan_minority_nash,mf,dbscan_minority_nash,0.0,0.0,0.0,0.0,0.0,0.0,0.0,0.0,,,0.0,1.0,0.0,0.2482275366783142,0.9999999999999998,0.6225200295448303,,,0.3333333333333333,,2.0
test_group_0115,diverse_balanced,mf_least_misery,mf,least_misery,0.0,0.0,0.0,0.0,0.0,0.0,0.0,0.0,,,0.0,1.0,0.0,0.33003106713294983,0.9999999999999998,0.6225200295448303,,,0.3333333333333333,,
test_group_0115,diverse_balanced,mf_nash_welfare,mf,nash_welfare,0.0,0.0,0.0,0.0,0.0,0.0,0.0,0.0,,,0.0,1.0,0.0,0.2482275366783142,0.9999999999999998,0.6225200295448303,,,0.3333333333333333,,
test_group_0115,diverse_balanced,mf_tuned_fairness,mf,tuned_fairness,0.0,0.0,0.0,0.0,0.0,0.0,0.0,0.0,,,0.0,1.0,0.0,0.2482275664806366,0.9999999999999998,0.6225200295448303,,,0.3333333333333333,0.0,
test_group_0115,diverse_balanced,rating_user_knn_average,rating_user_knn,average,0.0,0.0,0.0,0.0,0.0,0.0,0.0,0.0,,,0.0,1.0,0.0,0.5478017330169678,0.9999999999999998,0.6225200295448303,,,0.3333333333333333,,
test_group_0115,diverse_balanced,rating_user_knn_dbscan_minority_nash,rating_user_knn,dbscan_minority_nash,0.0,0.0,0.0,0.0,0.0,0.0,0.0,0.0,,,0.0,1.0,0.0,0.5478017330169678,0.9999999999999998,0.6225200295448303,,,0.3333333333333333,,2.0
test_group_0115,diverse_balanced,rating_user_knn_least_misery,rating_user_knn,least_misery,0.0,0.0,0.0,0.0,0.0,0.0,0.0,0.0,,,0.0,1.0,0.0,0.4602309465408325,0.9999999999999998,0.6225200295448303,,,0.3333333333333333,,
test_group_0115,diverse_balanced,rating_user_knn_nash_welfare,rating_user_knn,nash_welfare,0.0,0.0,0.0,0.0,0.0,0.0,0.0,0.0,,,0.0,1.0,0.0,0.5478017330169678,0.9999999999999998,0.6225200295448303,,,0.3333333333333333,,
test_group_0115,diverse_balanced,rating_user_knn_tuned_fairness,rating_user_knn,tuned_fairness,0.0,0.0,0.0,0.0,0.0,0.0,0.0,0.0,,,0.0,1.0,0.0,0.5478017330169678,0.9999999999999998,0.6225200295448303,,,0.3333333333333333,0.0,
test_group_0116,diverse_balanced,hybrid_mf_bayes_average,hybrid_mf_bayes,average,0.0,0.0,0.0,0.0,0.0,0.0,0.0,0.0,,,0.0,1.0,0.0,0.2632795572280884,0.9999999999999998,0.648350179195404,,,0.3333333333333333,,
test_group_0116,diverse_balanced,hybrid_mf_bayes_dbscan_minority_nash,hybrid_mf_bayes,dbscan_minority_nash,0.0,0.0,0.0,0.0,0.0,0.0,0.0,0.0,,,0.0,1.0,0.0,0.2960319221019745,0.9999999999999998,0.648350179195404,,,0.3333333333333333,,2.0
test_group_0116,diverse_balanced,hybrid_mf_bayes_least_misery,hybrid_mf_bayes,least_misery,0.0,0.0,0.0,0.0,0.0,0.0,0.0,0.0,,,0.0,1.0,0.0,0.30074217915534973,0.9999999999999998,0.648350179195404,,,0.3333333333333333,,
test_group_0116,diverse_balanced,hybrid_mf_bayes_nash_welfare,hybrid_mf_bayes,nash_welfare,0.0,0.0,0.0,0.0,0.0,0.0,0.0,0.0,,,0.0,1.0,0.0,0.2960319221019745,0.9999999999999998,0.648350179195404,,,0.3333333333333333,,
test_group_0116,diverse_balanced,hybrid_mf_bayes_tuned_fairness,hybrid_mf_bayes,tuned_fairness,0.0,0.0,0.0,0.0,0.0,0.0,0.0,0.0,,,0.0,1.0,0.0,0.2632795572280884,0.9999999999999998,0.648350179195404,,,0.3333333333333333,0.0,
test_group_0116,diverse_balanced,mf_average,mf,average,0.03333333333333333,0.0625,0.085143117641621,0.03902086437932118,0.03902086437932118,0.05518383562075721,0.0,0.3333333333333333,,,0.11706259313796354,0.6666666666666666,0.3333333333333333,0.30728572607040405,0.9999999999999998,0.648350179195404,,,0.3333333333333333,,
test_group_0116,diverse_balanced,mf_dbscan_minority_nash,mf,dbscan_minority_nash,0.03333333333333333,0.0625,0.07839826897867533,0.03592971817483698,0.03592971817483698,0.05081229473509754,0.0,0.33333333333333337,,,0.10778915452451093,0.6666666666666666,0.3333333333333333,0.3243616223335266,0.9999999999999998,0.648350179195404,,,0.3333333333333333,,2.0
test_group_0116,diverse_balanced,mf_least_misery,mf,least_misery,0.0,0.0,0.0,0.0,0.0,0.0,0.0,0.0,,,0.0,1.0,0.0,0.2445540577173233,0.9999999999999998,0.648350179195404,,,0.3333333333333333,,
test_group_0116,diverse_balanced,mf_nash_welfare,mf,nash_welfare,0.03333333333333333,0.0625,0.07839826897867533,0.03592971817483698,0.03592971817483698,0.05081229473509754,0.0,0.33333333333333337,,,0.10778915452451093,0.6666666666666666,0.3333333333333333,0.3243616223335266,0.9999999999999998,0.648350179195404,,,0.3333333333333333,,
test_group_0116,diverse_balanced,mf_tuned_fairness,mf,tuned_fairness,0.03333333333333333,0.0625,0.085143117641621,0.03902086437932118,0.03902086437932118,0.05518383562075721,0.0,0.3333333333333333,,,0.11706259313796354,0.6666666666666666,0.3333333333333333,0.30728572607040405,0.9999999999999998,0.648350179195404,,,0.3333333333333333,0.0,
test_group_0116,diverse_balanced,rating_user_knn_average,rating_user_knn,average,0.0,0.0,0.0,0.0,0.0,0.0,0.0,0.0,,,0.0,1.0,0.0,0.4536148011684418,0.9999999999999998,0.648350179195404,,,0.3333333333333333,,
test_group_0116,diverse_balanced,rating_user_knn_dbscan_minority_nash,rating_user_knn,dbscan_minority_nash,0.0,0.0,0.0,0.0,0.0,0.0,0.0,0.0,,,0.0,1.0,0.0,0.4536148011684418,0.9999999999999998,0.648350179195404,,,0.3333333333333333,,2.0
test_group_0116,diverse_balanced,rating_user_knn_least_misery,rating_user_knn,least_misery,0.0,0.0,0.0,0.0,0.0,0.0,0.0,0.0,,,0.0,1.0,0.0,0.41986769437789917,0.9999999999999998,0.648350179195404,,,0.3333333333333333,,
test_group_0116,diverse_balanced,rating_user_knn_nash_welfare,rating_user_knn,nash_welfare,0.0,0.0,0.0,0.0,0.0,0.0,0.0,0.0,,,0.0,1.0,0.0,0.4536148011684418,0.9999999999999998,0.648350179195404,,,0.3333333333333333,,
test_group_0116,diverse_balanced,rating_user_knn_tuned_fairness,rating_user_knn,tuned_fairness,0.0,0.0,0.0,0.0,0.0,0.0,0.0,0.0,,,0.0,1.0,0.0,0.4536148011684418,0.9999999999999998,0.648350179195404,,,0.3333333333333333,0.0,
test_group_0117,diverse_balanced,hybrid_mf_bayes_average,hybrid_mf_bayes,average,0.0,0.0,0.0,0.0,0.0,0.0,0.0,0.0,,,0.0,1.0,0.0,0.23784297704696655,0.9999999999999998,0.5376074910163879,,,0.3333333333333333,,
test_group_0117,diverse_balanced,hybrid_mf_bayes_dbscan_minority_nash,hybrid_mf_bayes,dbscan_minority_nash,0.0,0.0,0.0,0.0,0.0,0.0,0.0,0.0,,,0.0,1.0,0.0,0.23784297704696655,0.9999999999999998,0.5376074910163879,,,0.3333333333333333,,2.0
test_group_0117,diverse_balanced,hybrid_mf_bayes_least_misery,hybrid_mf_bayes,least_misery,0.0,0.0,0.0,0.0,0.0,0.0,0.0,0.0,,,0.0,1.0,0.0,0.2307603657245636,0.9999999999999998,0.5376074910163879,,,0.3333333333333333,,
test_group_0117,diverse_balanced,hybrid_mf_bayes_nash_welfare,hybrid_mf_bayes,nash_welfare,0.0,0.0,0.0,0.0,0.0,0.0,0.0,0.0,,,0.0,1.0,0.0,0.23784297704696655,0.9999999999999998,0.5376074910163879,,,0.3333333333333333,,
test_group_0117,diverse_balanced,hybrid_mf_bayes_tuned_fairness,hybrid_mf_bayes,tuned_fairness,0.0,0.0,0.0,0.0,0.0,0.0,0.0,0.0,,,0.0,1.0,0.0,0.23784297704696655,0.9999999999999998,0.5376074910163879,,,0.3333333333333333,0.0,
test_group_0117,diverse_balanced,mf_average,mf,average,0.0,0.0,0.0,0.0,0.0,0.0,0.0,0.0,,,0.0,1.0,0.0,0.3238654136657715,0.9999999999999998,0.5376074910163879,,,0.3333333333333333,,
test_group_0117,diverse_balanced,mf_dbscan_minority_nash,mf,dbscan_minority_nash,0.0,0.0,0.0,0.0,0.0,0.0,0.0,0.0,,,0.0,1.0,0.0,0.3238654136657715,0.9999999999999998,0.5376074910163879,,,0.3333333333333333,,2.0
test_group_0117,diverse_balanced,mf_least_misery,mf,least_misery,0.0,0.0,0.0,0.0,0.0,0.0,0.0,0.0,,,0.0,1.0,0.0,0.22874218225479126,0.9999999999999998,0.5376074910163879,,,0.3333333333333333,,
test_group_0117,diverse_balanced,mf_nash_welfare,mf,nash_welfare,0.0,0.0,0.0,0.0,0.0,0.0,0.0,0.0,,,0.0,1.0,0.0,0.3238654136657715,0.9999999999999998,0.5376074910163879,,,0.3333333333333333,,
test_group_0117,diverse_balanced,mf_tuned_fairness,mf,tuned_fairness,0.0,0.0,0.0,0.0,0.0,0.0,0.0,0.0,,,0.0,1.0,0.0,0.3238654136657715,0.9999999999999998,0.5376074910163879,,,0.3333333333333333,0.0,
test_group_0117,diverse_balanced,rating_user_knn_average,rating_user_knn,average,0.0,0.0,0.0,0.0,0.0,0.0,0.0,0.0,,,0.0,1.0,0.0,0.45370450615882874,0.9999999999999998,0.5376074910163879,,,0.3333333333333333,,
test_group_0117,diverse_balanced,rating_user_knn_dbscan_minority_nash,rating_user_knn,dbscan_minority_nash,0.0,0.0,0.0,0.0,0.0,0.0,0.0,0.0,,,0.0,1.0,0.0,0.45370450615882874,0.9999999999999998,0.5376074910163879,,,0.3333333333333333,,2.0
test_group_0117,diverse_balanced,rating_user_knn_least_misery,rating_user_knn,least_misery,0.0,0.0,0.0,0.0,0.0,0.0,0.0,0.0,,,0.0,1.0,0.0,0.37189915776252747,0.9999999999999998,0.5376074910163879,,,0.3333333333333333,,
test_group_0117,diverse_balanced,rating_user_knn_nash_welfare,rating_user_knn,nash_welfare,0.0,0.0,0.0,0.0,0.0,0.0,0.0,0.0,,,0.0,1.0,0.0,0.45370450615882874,0.9999999999999998,0.5376074910163879,,,0.3333333333333333,,
test_group_0117,diverse_balanced,rating_user_knn_tuned_fairness,rating_user_knn,tuned_fairness,0.0,0.0,0.0,0.0,0.0,0.0,0.0,0.0,,,0.0,1.0,0.0,0.45370450615882874,0.9999999999999998,0.5376074910163879,,,0.3333333333333333,0.0,
test_group_0118,diverse_balanced,hybrid_mf_bayes_average,hybrid_mf_bayes,average,0.06666666666666667,0.057142857142857134,0.18844415212771543,0.07845036393570441,0.07845036393570441,0.11094556865097831,0.0,0.3333333333333333,,,0.23535109180711322,0.6666666666666666,0.3333333333333333,0.3047514855861664,0.9999999999999998,0.749495804309845,,,0.3333333333333333,,
test_group_0118,diverse_balanced,hybrid_mf_bayes_dbscan_minority_nash,hybrid_mf_bayes,dbscan_minority_nash,0.06666666666666667,0.057142857142857134,0.18844415212771543,0.07845036393570441,0.07845036393570441,0.11094556865097831,0.0,0.3333333333333333,,,0.23535109180711322,0.6666666666666666,0.3333333333333333,0.3047514855861664,0.9999999999999998,0.749495804309845,,,0.3333333333333333,,2.0
test_group_0118,diverse_balanced,hybrid_mf_bayes_least_misery,hybrid_mf_bayes,least_misery,0.06666666666666667,0.057142857142857134,0.2172607128522299,0.09044686077940241,0.09044686077940241,0.12791117718830206,0.0,0.3333333333333333,,,0.27134058233820724,0.6666666666666666,0.3333333333333333,0.3220086693763733,0.9999999999999998,0.749495804309845,,,0.3333333333333333,,
test_group_0118,diverse_balanced,hybrid_mf_bayes_nash_welfare,hybrid_mf_bayes,nash_welfare,0.06666666666666667,0.057142857142857134,0.18844415212771543,0.07845036393570441,0.07845036393570441,0.11094556865097831,0.0,0.3333333333333333,,,0.23535109180711322,0.6666666666666666,0.3333333333333333,0.3047514855861664,0.9999999999999998,0.749495804309845,,,0.3333333333333333,,
test_group_0118,diverse_balanced,hybrid_mf_bayes_tuned_fairness,hybrid_mf_bayes,tuned_fairness,0.06666666666666667,0.057142857142857134,0.18844415212771543,0.07845036393570441,0.07845036393570441,0.11094556865097831,0.0,0.3333333333333333,,,0.23535109180711322,0.6666666666666666,0.3333333333333333,0.3047514855861664,0.9999999999999998,0.749495804309845,,,0.3333333333333333,0.0,
test_group_0118,diverse_balanced,mf_average,mf,average,0.06666666666666667,0.057142857142857134,0.17366667134799177,0.07229841529663762,0.07229841529663762,0.10224539945058735,0.0,0.3333333333333333,,,0.21689524588991285,0.6666666666666666,0.3333333333333333,0.304751455783844,0.9999999999999998,0.749495804309845,,,0.3333333333333333,,
test_group_0118,diverse_balanced,mf_dbscan_minority_nash,mf,dbscan_minority_nash,0.06666666666666667,0.057142857142857134,0.17366667134799177,0.07229841529663762,0.07229841529663762,0.10224539945058735,0.0,0.3333333333333333,,,0.21689524588991285,0.6666666666666666,0.3333333333333333,0.304751455783844,0.9999999999999998,0.749495804309845,,,0.3333333333333333,,2.0
test_group_0118,diverse_balanced,mf_least_misery,mf,least_misery,0.06666666666666667,0.057142857142857134,0.30523488393970116,0.12707100464817359,0.12707100464817359,0.17970553815782164,0.0,0.3333333333333333,,,0.38121301394452073,0.6666666666666666,0.3333333333333333,0.27212902903556824,0.9999999999999998,0.749495804309845,,,0.3333333333333333,,
test_group_0118,diverse_balanced,mf_nash_welfare,mf,nash_welfare,0.06666666666666667,0.057142857142857134,0.17366667134799177,0.07229841529663762,0.07229841529663762,0.10224539945058735,0.0,0.3333333333333333,,,0.21689524588991285,0.6666666666666666,0.3333333333333333,0.304751455783844,0.9999999999999998,0.749495804309845,,,0.3333333333333333,,
test_group_0118,diverse_balanced,mf_tuned_fairness,mf,tuned_fairness,0.06666666666666667,0.057142857142857134,0.17366667134799177,0.07229841529663762,0.07229841529663762,0.10224539945058735,0.0,0.3333333333333333,,,0.21689524588991285,0.6666666666666666,0.3333333333333333,0.304751455783844,0.9999999999999998,0.749495804309845,,,0.3333333333333333,0.0,
test_group_0118,diverse_balanced,rating_user_knn_average,rating_user_knn,average,0.0,0.0,0.0,0.0,0.0,0.0,0.0,0.0,,,0.0,1.0,0.0,0.6668205857276917,0.9999999999999998,0.749495804309845,,,0.3333333333333333,,
test_group_0118,diverse_balanced,rating_user_knn_dbscan_minority_nash,rating_user_knn,dbscan_minority_nash,0.0,0.0,0.0,0.0,0.0,0.0,0.0,0.0,,,0.0,1.0,0.0,0.6835414171218872,0.9999999999999998,0.749495804309845,,,0.3333333333333333,,2.0
test_group_0118,diverse_balanced,rating_user_knn_least_misery,rating_user_knn,least_misery,0.03333333333333333,0.028571428571428567,0.085143117641621,0.02838103921387367,0.02838103921387367,0.04013685057050279,0.0,0.3333333333333333,,,0.08514311764162101,0.6666666666666666,0.3333333333333333,0.6591989994049072,0.9999999999999998,0.749495804309845,,,0.3333333333333333,,
test_group_0118,diverse_balanced,rating_user_knn_nash_welfare,rating_user_knn,nash_welfare,0.0,0.0,0.0,0.0,0.0,0.0,0.0,0.0,,,0.0,1.0,0.0,0.6835414171218872,0.9999999999999998,0.749495804309845,,,0.3333333333333333,,
test_group_0118,diverse_balanced,rating_user_knn_tuned_fairness,rating_user_knn,tuned_fairness,0.0,0.0,0.0,0.0,0.0,0.0,0.0,0.0,,,0.0,1.0,0.0,0.6668205857276917,0.9999999999999998,0.749495804309845,,,0.3333333333333333,0.0,
test_group_0119,diverse_balanced,hybrid_mf_bayes_average,hybrid_mf_bayes,average,0.0,0.0,0.0,0.0,0.0,0.0,0.0,0.0,,,0.0,1.0,0.0,0.22527779638767242,0.9999999999999998,0.7319249510765076,,,0.3333333333333333,,
test_group_0119,diverse_balanced,hybrid_mf_bayes_dbscan_minority_nash,hybrid_mf_bayes,dbscan_minority_nash,0.0,0.0,0.0,0.0,0.0,0.0,0.0,0.0,,,0.0,1.0,0.0,0.22527779638767242,0.9999999999999998,0.7319249510765076,,,0.3333333333333333,,2.0
test_group_0119,diverse_balanced,hybrid_mf_bayes_least_misery,hybrid_mf_bayes,least_misery,0.0,0.0,0.0,0.0,0.0,0.0,0.0,0.0,,,0.0,1.0,0.0,0.21298730373382568,0.9999999999999998,0.7319249510765076,,,0.3333333333333333,,
test_group_0119,diverse_balanced,hybrid_mf_bayes_nash_welfare,hybrid_mf_bayes,nash_welfare,0.0,0.0,0.0,0.0,0.0,0.0,0.0,0.0,,,0.0,1.0,0.0,0.22527779638767242,0.9999999999999998,0.7319249510765076,,,0.3333333333333333,,
test_group_0119,diverse_balanced,hybrid_mf_bayes_tuned_fairness,hybrid_mf_bayes,tuned_fairness,0.0,0.0,0.0,0.0,0.0,0.0,0.0,0.0,,,0.0,1.0,0.0,0.22527779638767242,0.9999999999999998,0.7319249510765076,,,0.3333333333333333,0.0,
test_group_0119,diverse_balanced,mf_average,mf,average,0.0,0.0,0.0,0.0,0.0,0.0,0.0,0.0,,,0.0,1.0,0.0,0.23574061691761017,0.9999999999999998,0.7319249510765076,,,0.3333333333333333,,
test_group_0119,diverse_balanced,mf_dbscan_minority_nash,mf,dbscan_minority_nash,0.0,0.0,0.0,0.0,0.0,0.0,0.0,0.0,,,0.0,1.0,0.0,0.23574061691761017,0.9999999999999998,0.7319249510765076,,,0.3333333333333333,,2.0
test_group_0119,diverse_balanced,mf_least_misery,mf,least_misery,0.0,0.0,0.0,0.0,0.0,0.0,0.0,0.0,,,0.0,1.0,0.0,0.2258550375699997,0.9999999999999998,0.7319249510765076,,,0.3333333333333333,,
test_group_0119,diverse_balanced,mf_nash_welfare,mf,nash_welfare,0.0,0.0,0.0,0.0,0.0,0.0,0.0,0.0,,,0.0,1.0,0.0,0.23574061691761017,0.9999999999999998,0.7319249510765076,,,0.3333333333333333,,
test_group_0119,diverse_balanced,mf_tuned_fairness,mf,tuned_fairness,0.0,0.0,0.0,0.0,0.0,0.0,0.0,0.0,,,0.0,1.0,0.0,0.23574061691761017,0.9999999999999998,0.7319249510765076,,,0.3333333333333333,0.0,
test_group_0119,diverse_balanced,rating_user_knn_average,rating_user_knn,average,0.03333333333333333,0.0303030303030303,0.07768953695765951,0.03159612145651693,0.03159612145651693,0.04468366348219379,0.0,0.3333333333333333,,,0.09478836436955079,0.6666666666666666,0.3333333333333333,0.38651347160339355,0.9999999999999998,0.7319249510765076,,,0.3333333333333333,,
test_group_0119,diverse_balanced,rating_user_knn_dbscan_minority_nash,rating_user_knn,dbscan_minority_nash,0.03333333333333333,0.0303030303030303,0.07768953695765951,0.03159612145651693,0.03159612145651693,0.04468366348219379,0.0,0.3333333333333333,,,0.09478836436955079,0.6666666666666666,0.3333333333333333,0.37352117896080017,0.9999999999999998,0.7319249510765076,,,0.3333333333333333,,2.0
test_group_0119,diverse_balanced,rating_user_knn_least_misery,rating_user_knn,least_misery,0.03333333333333333,0.0303030303030303,0.09019475927038985,0.03668196104968003,0.03668196104968003,0.05187612681089912,0.0,0.33333333333333337,,,0.1100458831490401,0.6666666666666666,0.3333333333333333,0.4229893088340759,0.9999999999999998,0.7319249510765076,,,0.3333333333333333,,
test_group_0119,diverse_balanced,rating_user_knn_nash_welfare,rating_user_knn,nash_welfare,0.03333333333333333,0.0303030303030303,0.07768953695765951,0.03159612145651693,0.03159612145651693,0.04468366348219379,0.0,0.3333333333333333,,,0.09478836436955079,0.6666666666666666,0.3333333333333333,0.37352117896080017,0.9999999999999998,0.7319249510765076,,,0.3333333333333333,,
test_group_0119,diverse_balanced,rating_user_knn_tuned_fairness,rating_user_knn,tuned_fairness,0.03333333333333333,0.0303030303030303,0.07768953695765951,0.03159612145651693,0.03159612145651693,0.04468366348219379,0.0,0.3333333333333333,,,0.09478836436955079,0.6666666666666666,0.3333333333333333,0.38651347160339355,0.9999999999999998,0.7319249510765076,,,0.3333333333333333,0.0,
test_group_0120,diverse_balanced,hybrid_mf_bayes_average,hybrid_mf_bayes,average,0.0,0.0,0.0,0.0,0.0,0.0,0.0,0.0,,,0.0,1.0,0.0,0.5253925919532776,0.9999999999999998,0.972825825214386,,,0.3333333333333333,,
test_group_0120,diverse_balanced,hybrid_mf_bayes_dbscan_minority_nash,hybrid_mf_bayes,dbscan_minority_nash,0.0,0.0,0.0,0.0,0.0,0.0,0.0,0.0,,,0.0,1.0,0.0,0.5337718725204468,0.9999999999999998,0.972825825214386,,,0.3333333333333333,,2.0
test_group_0120,diverse_balanced,hybrid_mf_bayes_least_misery,hybrid_mf_bayes,least_misery,0.0,0.0,0.0,0.0,0.0,0.0,0.0,0.0,,,0.0,1.0,0.0,0.5512442588806152,0.9999999999999998,0.972825825214386,,,0.3333333333333333,,
test_group_0120,diverse_balanced,hybrid_mf_bayes_nash_welfare,hybrid_mf_bayes,nash_welfare,0.0,0.0,0.0,0.0,0.0,0.0,0.0,0.0,,,0.0,1.0,0.0,0.5337718725204468,0.9999999999999998,0.972825825214386,,,0.3333333333333333,,
test_group_0120,diverse_balanced,hybrid_mf_bayes_tuned_fairness,hybrid_mf_bayes,tuned_fairness,0.0,0.0,0.0,0.0,0.0,0.0,0.0,0.0,,,0.0,1.0,0.0,0.5253925919532776,0.9999999999999998,0.972825825214386,,,0.3333333333333333,0.0,
test_group_0120,diverse_balanced,mf_average,mf,average,0.0,0.0,0.0,0.0,0.0,0.0,0.0,0.0,,,0.0,1.0,0.0,0.4071104824542999,0.9999999999999998,0.972825825214386,,,0.3333333333333333,,
test_group_0120,diverse_balanced,mf_dbscan_minority_nash,mf,dbscan_minority_nash,0.0,0.0,0.0,0.0,0.0,0.0,0.0,0.0,,,0.0,1.0,0.0,0.42636361718177795,0.9999999999999998,0.972825825214386,,,0.3333333333333333,,2.0
test_group_0120,diverse_balanced,mf_least_misery,mf,least_misery,0.0,0.0,0.0,0.0,0.0,0.0,0.0,0.0,,,0.0,1.0,0.0,0.501365065574646,0.9999999999999998,0.972825825214386,,,0.3333333333333333,,
test_group_0120,diverse_balanced,mf_nash_welfare,mf,nash_welfare,0.0,0.0,0.0,0.0,0.0,0.0,0.0,0.0,,,0.0,1.0,0.0,0.42636361718177795,0.9999999999999998,0.972825825214386,,,0.3333333333333333,,
test_group_0120,diverse_balanced,mf_tuned_fairness,mf,tuned_fairness,0.0,0.0,0.0,0.0,0.0,0.0,0.0,0.0,,,0.0,1.0,0.0,0.4071104824542999,0.9999999999999998,0.972825825214386,,,0.3333333333333333,0.0,
test_group_0120,diverse_balanced,rating_user_knn_average,rating_user_knn,average,0.0,0.0,0.0,0.0,0.0,0.0,0.0,0.0,,,0.0,1.0,0.0,0.5001444220542908,0.9999999999999998,0.972825825214386,,,0.3333333333333333,,
test_group_0120,diverse_balanced,rating_user_knn_dbscan_minority_nash,rating_user_knn,dbscan_minority_nash,0.0,0.0,0.0,0.0,0.0,0.0,0.0,0.0,,,0.0,1.0,0.0,0.5001444220542908,0.9999999999999998,0.972825825214386,,,0.3333333333333333,,2.0
test_group_0120,diverse_balanced,rating_user_knn_least_misery,rating_user_knn,least_misery,0.0,0.0,0.0,0.0,0.0,0.0,0.0,0.0,,,0.0,1.0,0.0,0.3730282187461853,0.9999999999999998,0.972825825214386,,,0.3333333333333333,,
test_group_0120,diverse_balanced,rating_user_knn_nash_welfare,rating_user_knn,nash_welfare,0.0,0.0,0.0,0.0,0.0,0.0,0.0,0.0,,,0.0,1.0,0.0,0.5001444220542908,0.9999999999999998,0.972825825214386,,,0.3333333333333333,,
test_group_0120,diverse_balanced,rating_user_knn_tuned_fairness,rating_user_knn,tuned_fairness,0.0,0.0,0.0,0.0,0.0,0.0,0.0,0.0,,,0.0,1.0,0.0,0.5001444220542908,0.9999999999999998,0.972825825214386,,,0.3333333333333333,0.0,
test_group_0121,diverse_balanced,hybrid_mf_bayes_average,hybrid_mf_bayes,average,0.03333333333333333,0.027777777777777773,0.22009176629808017,0.07336392209936006,0.07336392209936006,0.10375225362179824,0.0,0.33333333333333337,,,0.2200917662980802,0.6666666666666666,0.3333333333333333,0.34188714623451233,0.9999999999999998,0.8236863017082214,,,0.3333333333333333,,
test_group_0121,diverse_balanced,hybrid_mf_bayes_dbscan_minority_nash,hybrid_mf_bayes,dbscan_minority_nash,0.03333333333333333,0.027777777777777773,0.22009176629808017,0.07336392209936006,0.07336392209936006,0.10375225362179824,0.0,0.33333333333333337,,,0.2200917662980802,0.6666666666666666,0.3333333333333333,0.30737191438674927,0.9999999999999998,0.8236863017082214,,,0.3333333333333333,,2.0
test_group_0121,diverse_balanced,hybrid_mf_bayes_least_misery,hybrid_mf_bayes,least_misery,0.03333333333333333,0.027777777777777773,0.22009176629808017,0.07336392209936006,0.07336392209936006,0.10375225362179824,0.0,0.33333333333333337,,,0.2200917662980802,0.6666666666666666,0.3333333333333333,0.41048771142959595,0.9999999999999998,0.8236863017082214,,,0.3333333333333333,,
test_group_0121,diverse_balanced,hybrid_mf_bayes_nash_welfare,hybrid_mf_bayes,nash_welfare,0.03333333333333333,0.027777777777777773,0.22009176629808017,0.07336392209936006,0.07336392209936006,0.10375225362179824,0.0,0.33333333333333337,,,0.2200917662980802,0.6666666666666666,0.3333333333333333,0.30737191438674927,0.9999999999999998,0.8236863017082214,,,0.3333333333333333,,
test_group_0121,diverse_balanced,hybrid_mf_bayes_tuned_fairness,hybrid_mf_bayes,tuned_fairness,0.03333333333333333,0.027777777777777773,0.22009176629808017,0.07336392209936006,0.07336392209936006,0.10375225362179824,0.0,0.33333333333333337,,,0.2200917662980802,0.6666666666666666,0.3333333333333333,0.34188714623451233,0.9999999999999998,0.8236863017082214,,,0.3333333333333333,0.0,
test_group_0121,diverse_balanced,mf_average,mf,average,0.03333333333333333,0.027777777777777773,0.22009176629808017,0.07336392209936006,0.07336392209936006,0.10375225362179824,0.0,0.33333333333333337,,,0.2200917662980802,0.6666666666666666,0.3333333333333333,0.45321205258369446,0.9999999999999998,0.8236863017082214,,,0.3333333333333333,,
test_group_0121,diverse_balanced,mf_dbscan_minority_nash,mf,dbscan_minority_nash,0.03333333333333333,0.027777777777777773,0.22009176629808017,0.07336392209936006,0.07336392209936006,0.10375225362179824,0.0,0.33333333333333337,,,0.2200917662980802,0.6666666666666666,0.3333333333333333,0.42723697423934937,0.9999999999999998,0.8236863017082214,,,0.3333333333333333,,2.0
test_group_0121,diverse_balanced,mf_least_misery,mf,least_misery,0.03333333333333333,0.027777777777777773,0.22009176629808017,0.07336392209936006,0.07336392209936006,0.10375225362179824,0.0,0.33333333333333337,,,0.2200917662980802,0.6666666666666666,0.3333333333333333,0.5549631118774414,0.9999999999999998,0.8236863017082214,,,0.3333333333333333,,
test_group_0121,diverse_balanced,mf_nash_welfare,mf,nash_welfare,0.03333333333333333,0.027777777777777773,0.22009176629808017,0.07336392209936006,0.07336392209936006,0.10375225362179824,0.0,0.33333333333333337,,,0.2200917662980802,0.6666666666666666,0.3333333333333333,0.42723697423934937,0.9999999999999998,0.8236863017082214,,,0.3333333333333333,,
test_group_0121,diverse_balanced,mf_tuned_fairness,mf,tuned_fairness,0.03333333333333333,0.027777777777777773,0.22009176629808017,0.07336392209936006,0.07336392209936006,0.10375225362179824,0.0,0.33333333333333337,,,0.2200917662980802,0.6666666666666666,0.3333333333333333,0.45321205258369446,0.9999999999999998,0.8236863017082214,,,0.3333333333333333,0.0,
test_group_0121,diverse_balanced,rating_user_knn_average,rating_user_knn,average,0.0,0.0,0.0,0.0,0.0,0.0,0.0,0.0,,,0.0,1.0,0.0,0.5913822054862976,0.9999999999999998,0.8236863017082214,,,0.3333333333333333,,
test_group_0121,diverse_balanced,rating_user_knn_dbscan_minority_nash,rating_user_knn,dbscan_minority_nash,0.0,0.0,0.0,0.0,0.0,0.0,0.0,0.0,,,0.0,1.0,0.0,0.5913822054862976,0.9999999999999998,0.8236863017082214,,,0.3333333333333333,,2.0
test_group_0121,diverse_balanced,rating_user_knn_least_misery,rating_user_knn,least_misery,0.0,0.0,0.0,0.0,0.0,0.0,0.0,0.0,,,0.0,1.0,0.0,0.6484318375587463,0.9999999999999998,0.8236863017082214,,,0.3333333333333333,,
test_group_0121,diverse_balanced,rating_user_knn_nash_welfare,rating_user_knn,nash_welfare,0.0,0.0,0.0,0.0,0.0,0.0,0.0,0.0,,,0.0,1.0,0.0,0.5913822054862976,0.9999999999999998,0.8236863017082214,,,0.3333333333333333,,
test_group_0121,diverse_balanced,rating_user_knn_tuned_fairness,rating_user_knn,tuned_fairness,0.0,0.0,0.0,0.0,0.0,0.0,0.0,0.0,,,0.0,1.0,0.0,0.5913822054862976,0.9999999999999998,0.8236863017082214,,,0.3333333333333333,0.0,
test_group_0122,diverse_balanced,hybrid_mf_bayes_average,hybrid_mf_bayes,average,0.0,0.0,0.0,0.0,0.0,0.0,0.0,0.0,,,0.0,1.0,0.0,0.2613767385482788,0.9999999999999998,0.6983103156089783,,,0.3333333333333333,,
test_group_0122,diverse_balanced,hybrid_mf_bayes_dbscan_minority_nash,hybrid_mf_bayes,dbscan_minority_nash,0.0,0.0,0.0,0.0,0.0,0.0,0.0,0.0,,,0.0,1.0,0.0,0.2893851399421692,0.9999999999999998,0.6983103156089783,,,0.3333333333333333,,2.0
test_group_0122,diverse_balanced,hybrid_mf_bayes_least_misery,hybrid_mf_bayes,least_misery,0.0,0.0,0.0,0.0,0.0,0.0,0.0,0.0,,,0.0,1.0,0.0,0.2715678811073303,0.9999999999999998,0.6983103156089783,,,0.3333333333333333,,
test_group_0122,diverse_balanced,hybrid_mf_bayes_nash_welfare,hybrid_mf_bayes,nash_welfare,0.0,0.0,0.0,0.0,0.0,0.0,0.0,0.0,,,0.0,1.0,0.0,0.2893851399421692,0.9999999999999998,0.6983103156089783,,,0.3333333333333333,,
test_group_0122,diverse_balanced,hybrid_mf_bayes_tuned_fairness,hybrid_mf_bayes,tuned_fairness,0.0,0.0,0.0,0.0,0.0,0.0,0.0,0.0,,,0.0,1.0,0.0,0.2613767385482788,0.9999999999999998,0.6983103156089783,,,0.3333333333333333,0.0,
test_group_0122,diverse_balanced,mf_average,mf,average,0.0,0.0,0.0,0.0,0.0,0.0,0.0,0.0,,,0.0,1.0,0.0,0.31813010573387146,0.9999999999999998,0.6983103156089783,,,0.3333333333333333,,
test_group_0122,diverse_balanced,mf_dbscan_minority_nash,mf,dbscan_minority_nash,0.0,0.0,0.0,0.0,0.0,0.0,0.0,0.0,,,0.0,1.0,0.0,0.31813010573387146,0.9999999999999998,0.6983103156089783,,,0.3333333333333333,,2.0
test_group_0122,diverse_balanced,mf_least_misery,mf,least_misery,0.0,0.0,0.0,0.0,0.0,0.0,0.0,0.0,,,0.0,1.0,0.0,0.2685431241989136,0.9999999999999998,0.6983103156089783,,,0.3333333333333333,,
test_group_0122,diverse_balanced,mf_nash_welfare,mf,nash_welfare,0.0,0.0,0.0,0.0,0.0,0.0,0.0,0.0,,,0.0,1.0,0.0,0.31813010573387146,0.9999999999999998,0.6983103156089783,,,0.3333333333333333,,
test_group_0122,diverse_balanced,mf_tuned_fairness,mf,tuned_fairness,0.0,0.0,0.0,0.0,0.0,0.0,0.0,0.0,,,0.0,1.0,0.0,0.31813010573387146,0.9999999999999998,0.6983103156089783,,,0.3333333333333333,0.0,
test_group_0122,diverse_balanced,rating_user_knn_average,rating_user_knn,average,0.0,0.0,0.0,0.0,0.0,0.0,0.0,0.0,,,0.0,1.0,0.0,0.7156099677085876,0.9999999999999998,0.6983103156089783,,,0.3333333333333333,,
test_group_0122,diverse_balanced,rating_user_knn_dbscan_minority_nash,rating_user_knn,dbscan_minority_nash,0.0,0.0,0.0,0.0,0.0,0.0,0.0,0.0,,,0.0,1.0,0.0,0.7156099677085876,0.9999999999999998,0.6983103156089783,,,0.3333333333333333,,2.0
test_group_0122,diverse_balanced,rating_user_knn_least_misery,rating_user_knn,least_misery,0.0,0.0,0.0,0.0,0.0,0.0,0.0,0.0,,,0.0,1.0,0.0,0.6070436835289001,0.9999999999999998,0.6983103156089783,,,0.3333333333333333,,
test_group_0122,diverse_balanced,rating_user_knn_nash_welfare,rating_user_knn,nash_welfare,0.0,0.0,0.0,0.0,0.0,0.0,0.0,0.0,,,0.0,1.0,0.0,0.7156099677085876,0.9999999999999998,0.6983103156089783,,,0.3333333333333333,,
test_group_0122,diverse_balanced,rating_user_knn_tuned_fairness,rating_user_knn,tuned_fairness,0.0,0.0,0.0,0.0,0.0,0.0,0.0,0.0,,,0.0,1.0,0.0,0.7156099677085876,0.9999999999999998,0.6983103156089783,,,0.3333333333333333,0.0,
test_group_0123,diverse_balanced,hybrid_mf_bayes_average,hybrid_mf_bayes,average,0.0,0.0,0.0,0.0,0.0,0.0,0.0,0.0,,,0.0,1.0,0.0,0.32082927227020264,0.9999999999999998,0.7434604167938232,,,0.3333333333333333,,
test_group_0123,diverse_balanced,hybrid_mf_bayes_dbscan_minority_nash,hybrid_mf_bayes,dbscan_minority_nash,0.0,0.0,0.0,0.0,0.0,0.0,0.0,0.0,,,0.0,1.0,0.0,0.32082927227020264,0.9999999999999998,0.7434604167938232,,,0.3333333333333333,,2.0
test_group_0123,diverse_balanced,hybrid_mf_bayes_least_misery,hybrid_mf_bayes,least_misery,0.0,0.0,0.0,0.0,0.0,0.0,0.0,0.0,,,0.0,1.0,0.0,0.362657755613327,0.9999999999999998,0.7434604167938232,,,0.3333333333333333,,
test_group_0123,diverse_balanced,hybrid_mf_bayes_nash_welfare,hybrid_mf_bayes,nash_welfare,0.0,0.0,0.0,0.0,0.0,0.0,0.0,0.0,,,0.0,1.0,0.0,0.32082927227020264,0.9999999999999998,0.7434604167938232,,,0.3333333333333333,,
test_group_0123,diverse_balanced,hybrid_mf_bayes_tuned_fairness,hybrid_mf_bayes,tuned_fairness,0.0,0.0,0.0,0.0,0.0,0.0,0.0,0.0,,,0.0,1.0,0.0,0.32082927227020264,0.9999999999999998,0.7434604167938232,,,0.3333333333333333,0.0,
test_group_0123,diverse_balanced,mf_average,mf,average,0.0,0.0,0.0,0.0,0.0,0.0,0.0,0.0,,,0.0,1.0,0.0,0.4453433156013489,0.9999999999999998,0.7434604167938232,,,0.3333333333333333,,
test_group_0123,diverse_balanced,mf_dbscan_minority_nash,mf,dbscan_minority_nash,0.0,0.0,0.0,0.0,0.0,0.0,0.0,0.0,,,0.0,1.0,0.0,0.4453432857990265,0.9999999999999998,0.7434604167938232,,,0.3333333333333333,,2.0
test_group_0123,diverse_balanced,mf_least_misery,mf,least_misery,0.0,0.0,0.0,0.0,0.0,0.0,0.0,0.0,,,0.0,1.0,0.0,0.4613129496574402,0.9999999999999998,0.7434604167938232,,,0.3333333333333333,,
test_group_0123,diverse_balanced,mf_nash_welfare,mf,nash_welfare,0.0,0.0,0.0,0.0,0.0,0.0,0.0,0.0,,,0.0,1.0,0.0,0.4453432857990265,0.9999999999999998,0.7434604167938232,,,0.3333333333333333,,
test_group_0123,diverse_balanced,mf_tuned_fairness,mf,tuned_fairness,0.0,0.0,0.0,0.0,0.0,0.0,0.0,0.0,,,0.0,1.0,0.0,0.4453433156013489,0.9999999999999998,0.7434604167938232,,,0.3333333333333333,0.0,
test_group_0123,diverse_balanced,rating_user_knn_average,rating_user_knn,average,0.0,0.0,0.0,0.0,0.0,0.0,0.0,0.0,,,0.0,1.0,0.0,0.6254099011421204,0.9999999999999998,0.7434604167938232,,,0.3333333333333333,,
test_group_0123,diverse_balanced,rating_user_knn_dbscan_minority_nash,rating_user_knn,dbscan_minority_nash,0.0,0.0,0.0,0.0,0.0,0.0,0.0,0.0,,,0.0,1.0,0.0,0.6276178359985352,0.9999999999999998,0.7434604167938232,,,0.3333333333333333,,2.0
test_group_0123,diverse_balanced,rating_user_knn_least_misery,rating_user_knn,least_misery,0.0,0.0,0.0,0.0,0.0,0.0,0.0,0.0,,,0.0,1.0,0.0,0.5016477108001709,0.9999999999999998,0.7434604167938232,,,0.3333333333333333,,
test_group_0123,diverse_balanced,rating_user_knn_nash_welfare,rating_user_knn,nash_welfare,0.0,0.0,0.0,0.0,0.0,0.0,0.0,0.0,,,0.0,1.0,0.0,0.6276178359985352,0.9999999999999998,0.7434604167938232,,,0.3333333333333333,,
test_group_0123,diverse_balanced,rating_user_knn_tuned_fairness,rating_user_knn,tuned_fairness,0.0,0.0,0.0,0.0,0.0,0.0,0.0,0.0,,,0.0,1.0,0.0,0.6254099011421204,0.9999999999999998,0.7434604167938232,,,0.3333333333333333,0.0,
test_group_0124,diverse_balanced,hybrid_mf_bayes_average,hybrid_mf_bayes,average,0.0,0.0,0.0,0.0,0.0,0.0,0.0,0.0,,,0.0,1.0,0.0,0.3681294620037079,0.9999999999999998,0.7309703826904297,,,0.3333333333333333,,
test_group_0124,diverse_balanced,hybrid_mf_bayes_dbscan_minority_nash,hybrid_mf_bayes,dbscan_minority_nash,0.0,0.0,0.0,0.0,0.0,0.0,0.0,0.0,,,0.0,1.0,0.0,0.3681294322013855,0.9999999999999998,0.7309703826904297,,,0.3333333333333333,,2.0
test_group_0124,diverse_balanced,hybrid_mf_bayes_least_misery,hybrid_mf_bayes,least_misery,0.0,0.0,0.0,0.0,0.0,0.0,0.0,0.0,,,0.0,1.0,0.0,0.31440892815589905,0.9999999999999998,0.7309703826904297,,,0.3333333333333333,,
test_group_0124,diverse_balanced,hybrid_mf_bayes_nash_welfare,hybrid_mf_bayes,nash_welfare,0.0,0.0,0.0,0.0,0.0,0.0,0.0,0.0,,,0.0,1.0,0.0,0.3681294322013855,0.9999999999999998,0.7309703826904297,,,0.3333333333333333,,
test_group_0124,diverse_balanced,hybrid_mf_bayes_tuned_fairness,hybrid_mf_bayes,tuned_fairness,0.0,0.0,0.0,0.0,0.0,0.0,0.0,0.0,,,0.0,1.0,0.0,0.3681294620037079,0.9999999999999998,0.7309703826904297,,,0.3333333333333333,0.0,
test_group_0124,diverse_balanced,mf_average,mf,average,0.0,0.0,0.0,0.0,0.0,0.0,0.0,0.0,,,0.0,1.0,0.0,0.27540159225463867,0.9999999999999998,0.7309703826904297,,,0.3333333333333333,,
test_group_0124,diverse_balanced,mf_dbscan_minority_nash,mf,dbscan_minority_nash,0.0,0.0,0.0,0.0,0.0,0.0,0.0,0.0,,,0.0,1.0,0.0,0.25375068187713623,0.9999999999999998,0.7309703826904297,,,0.3333333333333333,,2.0
test_group_0124,diverse_balanced,mf_least_misery,mf,least_misery,0.0,0.0,0.0,0.0,0.0,0.0,0.0,0.0,,,0.0,1.0,0.0,0.3425533175468445,0.9999999999999998,0.7309703826904297,,,0.3333333333333333,,
test_group_0124,diverse_balanced,mf_nash_welfare,mf,nash_welfare,0.0,0.0,0.0,0.0,0.0,0.0,0.0,0.0,,,0.0,1.0,0.0,0.25375068187713623,0.9999999999999998,0.7309703826904297,,,0.3333333333333333,,
test_group_0124,diverse_balanced,mf_tuned_fairness,mf,tuned_fairness,0.0,0.0,0.0,0.0,0.0,0.0,0.0,0.0,,,0.0,1.0,0.0,0.27540159225463867,0.9999999999999998,0.7309703826904297,,,0.3333333333333333,0.0,
test_group_0124,diverse_balanced,rating_user_knn_average,rating_user_knn,average,0.0,0.0,0.0,0.0,0.0,0.0,0.0,0.0,,,0.0,1.0,0.0,0.6048729419708252,0.9999999999999998,0.7309703826904297,,,0.3333333333333333,,
test_group_0124,diverse_balanced,rating_user_knn_dbscan_minority_nash,rating_user_knn,dbscan_minority_nash,0.0,0.0,0.0,0.0,0.0,0.0,0.0,0.0,,,0.0,1.0,0.0,0.6122278571128845,0.9999999999999998,0.7309703826904297,,,0.3333333333333333,,2.0
test_group_0124,diverse_balanced,rating_user_knn_least_misery,rating_user_knn,least_misery,0.0,0.0,0.0,0.0,0.0,0.0,0.0,0.0,,,0.0,1.0,0.0,0.340848833322525,0.9999999999999998,0.7309703826904297,,,0.3333333333333333,,
test_group_0124,diverse_balanced,rating_user_knn_nash_welfare,rating_user_knn,nash_welfare,0.0,0.0,0.0,0.0,0.0,0.0,0.0,0.0,,,0.0,1.0,0.0,0.6122278571128845,0.9999999999999998,0.7309703826904297,,,0.3333333333333333,,
test_group_0124,diverse_balanced,rating_user_knn_tuned_fairness,rating_user_knn,tuned_fairness,0.0,0.0,0.0,0.0,0.0,0.0,0.0,0.0,,,0.0,1.0,0.0,0.6048729419708252,0.9999999999999998,0.7309703826904297,,,0.3333333333333333,0.0,
test_group_0125,diverse_balanced,hybrid_mf_bayes_average,hybrid_mf_bayes,average,0.06666666666666667,0.06451612903225803,0.18844415212771543,0.06281471737590515,0.06281471737590515,0.08883342522963796,0.0,0.3333333333333333,,,0.18844415212771543,0.6666666666666666,0.3333333333333333,0.284183531999588,0.9999999999999998,0.8901370167732239,,,0.3333333333333333,,
test_group_0125,diverse_balanced,hybrid_mf_bayes_dbscan_minority_nash,hybrid_mf_bayes,dbscan_minority_nash,0.06666666666666667,0.06451612903225803,0.18844415212771543,0.06281471737590515,0.06281471737590515,0.08883342522963796,0.0,0.3333333333333333,,,0.18844415212771543,0.6666666666666666,0.3333333333333333,0.284183531999588,0.9999999999999998,0.8901370167732239,,,0.3333333333333333,,2.0
test_group_0125,diverse_balanced,hybrid_mf_bayes_least_misery,hybrid_mf_bayes,least_misery,0.06666666666666667,0.06451612903225803,0.19518900079066107,0.0650630002635537,0.0650630002635537,0.09201297738140189,0.0,0.3333333333333333,,,0.1951890007906611,0.6666666666666666,0.3333333333333333,0.3453076183795929,0.9999999999999998,0.8901370167732239,,,0.3333333333333333,,
test_group_0125,diverse_balanced,hybrid_mf_bayes_nash_welfare,hybrid_mf_bayes,nash_welfare,0.06666666666666667,0.06451612903225803,0.18844415212771543,0.06281471737590515,0.06281471737590515,0.08883342522963796,0.0,0.3333333333333333,,,0.18844415212771543,0.6666666666666666,0.3333333333333333,0.284183531999588,0.9999999999999998,0.8901370167732239,,,0.3333333333333333,,
test_group_0125,diverse_balanced,hybrid_mf_bayes_tuned_fairness,hybrid_mf_bayes,tuned_fairness,0.06666666666666667,0.06451612903225803,0.18844415212771543,0.06281471737590515,0.06281471737590515,0.08883342522963796,0.0,0.3333333333333333,,,0.18844415212771543,0.6666666666666666,0.3333333333333333,0.284183531999588,0.9999999999999998,0.8901370167732239,,,0.3333333333333333,0.0,
test_group_0125,diverse_balanced,mf_average,mf,average,0.06666666666666667,0.06451612903225803,0.2122263659729146,0.07074212199097153,0.07074212199097153,0.10004446835068394,0.0,0.3333333333333333,,,0.2122263659729146,0.6666666666666666,0.3333333333333333,0.3344443142414093,0.9999999999999998,0.8901370167732239,,,0.3333333333333333,,
test_group_0125,diverse_balanced,mf_dbscan_minority_nash,mf,dbscan_minority_nash,0.06666666666666667,0.06451612903225803,0.18340980524840017,0.06113660174946672,0.06113660174946672,0.0864602113514985,0.0,0.3333333333333333,,,0.18340980524840014,0.6666666666666666,0.3333333333333333,0.3344443738460541,0.9999999999999998,0.8901370167732239,,,0.3333333333333333,,2.0
test_group_0125,diverse_balanced,mf_least_misery,mf,least_misery,0.03333333333333333,0.03225806451612902,0.06943122193677727,0.023143740645592426,0.023143740645592426,0.03273019190504226,0.0,0.3333333333333333,,,0.06943122193677728,0.6666666666666666,0.3333333333333333,0.26191002130508423,0.9999999999999998,0.8901370167732239,,,0.3333333333333333,,
test_group_0125,diverse_balanced,mf_nash_welfare,mf,nash_welfare,0.06666666666666667,0.06451612903225803,0.18340980524840017,0.06113660174946672,0.06113660174946672,0.0864602113514985,0.0,0.3333333333333333,,,0.18340980524840014,0.6666666666666666,0.3333333333333333,0.3344443738460541,0.9999999999999998,0.8901370167732239,,,0.3333333333333333,,
test_group_0125,diverse_balanced,mf_tuned_fairness,mf,tuned_fairness,0.06666666666666667,0.06451612903225803,0.2122263659729146,0.07074212199097153,0.07074212199097153,0.10004446835068394,0.0,0.3333333333333333,,,0.2122263659729146,0.6666666666666666,0.3333333333333333,0.3344443142414093,0.9999999999999998,0.8901370167732239,,,0.3333333333333333,0.0,
test_group_0125,diverse_balanced,rating_user_knn_average,rating_user_knn,average,0.0,0.0,0.0,0.0,0.0,0.0,0.0,0.0,,,0.0,1.0,0.0,0.3981766104698181,0.9999999999999998,0.8901370167732239,,,0.3333333333333333,,
test_group_0125,diverse_balanced,rating_user_knn_dbscan_minority_nash,rating_user_knn,dbscan_minority_nash,0.0,0.0,0.0,0.0,0.0,0.0,0.0,0.0,,,0.0,1.0,0.0,0.3981765806674957,0.9999999999999998,0.8901370167732239,,,0.3333333333333333,,2.0
test_group_0125,diverse_balanced,rating_user_knn_least_misery,rating_user_knn,least_misery,0.0,0.0,0.0,0.0,0.0,0.0,0.0,0.0,,,0.0,1.0,0.0,0.3642725944519043,0.9999999999999998,0.8901370167732239,,,0.3333333333333333,,
test_group_0125,diverse_balanced,rating_user_knn_nash_welfare,rating_user_knn,nash_welfare,0.0,0.0,0.0,0.0,0.0,0.0,0.0,0.0,,,0.0,1.0,0.0,0.3981765806674957,0.9999999999999998,0.8901370167732239,,,0.3333333333333333,,
test_group_0125,diverse_balanced,rating_user_knn_tuned_fairness,rating_user_knn,tuned_fairness,0.0,0.0,0.0,0.0,0.0,0.0,0.0,0.0,,,0.0,1.0,0.0,0.3981766104698181,0.9999999999999998,0.8901370167732239,,,0.3333333333333333,0.0,
test_group_0126,diverse_balanced,hybrid_mf_bayes_average,hybrid_mf_bayes,average,0.0,0.0,0.0,0.0,0.0,0.0,0.0,0.0,,,0.0,1.0,0.0,0.26381880044937134,0.9999999999999998,0.6333507895469666,,,0.3333333333333333,,
test_group_0126,diverse_balanced,hybrid_mf_bayes_dbscan_minority_nash,hybrid_mf_bayes,dbscan_minority_nash,0.0,0.0,0.0,0.0,0.0,0.0,0.0,0.0,,,0.0,1.0,0.0,0.26381880044937134,0.9999999999999998,0.6333507895469666,,,0.3333333333333333,,2.0
test_group_0126,diverse_balanced,hybrid_mf_bayes_least_misery,hybrid_mf_bayes,least_misery,0.0,0.0,0.0,0.0,0.0,0.0,0.0,0.0,,,0.0,1.0,0.0,0.27495092153549194,0.9999999999999998,0.6333507895469666,,,0.3333333333333333,,
test_group_0126,diverse_balanced,hybrid_mf_bayes_nash_welfare,hybrid_mf_bayes,nash_welfare,0.0,0.0,0.0,0.0,0.0,0.0,0.0,0.0,,,0.0,1.0,0.0,0.26381880044937134,0.9999999999999998,0.6333507895469666,,,0.3333333333333333,,
test_group_0126,diverse_balanced,hybrid_mf_bayes_tuned_fairness,hybrid_mf_bayes,tuned_fairness,0.0,0.0,0.0,0.0,0.0,0.0,0.0,0.0,,,0.0,1.0,0.0,0.26381880044937134,0.9999999999999998,0.6333507895469666,,,0.3333333333333333,0.0,
test_group_0126,diverse_balanced,mf_average,mf,average,0.0,0.0,0.0,0.0,0.0,0.0,0.0,0.0,,,0.0,1.0,0.0,0.34644970297813416,0.9999999999999998,0.6333507895469666,,,0.3333333333333333,,
test_group_0126,diverse_balanced,mf_dbscan_minority_nash,mf,dbscan_minority_nash,0.0,0.0,0.0,0.0,0.0,0.0,0.0,0.0,,,0.0,1.0,0.0,0.34644967317581177,0.9999999999999998,0.6333507895469666,,,0.3333333333333333,,2.0
test_group_0126,diverse_balanced,mf_least_misery,mf,least_misery,0.0,0.0,0.0,0.0,0.0,0.0,0.0,0.0,,,0.0,1.0,0.0,0.26743486523628235,0.9999999999999998,0.6333507895469666,,,0.3333333333333333,,
test_group_0126,diverse_balanced,mf_nash_welfare,mf,nash_welfare,0.0,0.0,0.0,0.0,0.0,0.0,0.0,0.0,,,0.0,1.0,0.0,0.34644967317581177,0.9999999999999998,0.6333507895469666,,,0.3333333333333333,,
test_group_0126,diverse_balanced,mf_tuned_fairness,mf,tuned_fairness,0.0,0.0,0.0,0.0,0.0,0.0,0.0,0.0,,,0.0,1.0,0.0,0.34644970297813416,0.9999999999999998,0.6333507895469666,,,0.3333333333333333,0.0,
test_group_0126,diverse_balanced,rating_user_knn_average,rating_user_knn,average,0.0,0.0,0.0,0.0,0.0,0.0,0.0,0.0,,,0.0,1.0,0.0,0.5205193758010864,0.9999999999999998,0.6333507895469666,,,0.3333333333333333,,
test_group_0126,diverse_balanced,rating_user_knn_dbscan_minority_nash,rating_user_knn,dbscan_minority_nash,0.0,0.0,0.0,0.0,0.0,0.0,0.0,0.0,,,0.0,1.0,0.0,0.6030177474021912,0.9999999999999998,0.6333507895469666,,,0.3333333333333333,,2.0
test_group_0126,diverse_balanced,rating_user_knn_least_misery,rating_user_knn,least_misery,0.0,0.0,0.0,0.0,0.0,0.0,0.0,0.0,,,0.0,1.0,0.0,0.5757405757904053,0.9999999999999998,0.6333507895469666,,,0.3333333333333333,,
test_group_0126,diverse_balanced,rating_user_knn_nash_welfare,rating_user_knn,nash_welfare,0.0,0.0,0.0,0.0,0.0,0.0,0.0,0.0,,,0.0,1.0,0.0,0.6030177474021912,0.9999999999999998,0.6333507895469666,,,0.3333333333333333,,
test_group_0126,diverse_balanced,rating_user_knn_tuned_fairness,rating_user_knn,tuned_fairness,0.0,0.0,0.0,0.0,0.0,0.0,0.0,0.0,,,0.0,1.0,0.0,0.5205193758010864,0.9999999999999998,0.6333507895469666,,,0.3333333333333333,0.0,
test_group_0127,diverse_balanced,hybrid_mf_bayes_average,hybrid_mf_bayes,average,0.0,0.0,0.0,0.0,0.0,0.0,0.0,0.0,,,0.0,1.0,0.0,0.30364376306533813,0.9999999999999998,0.4377126693725586,,,0.3333333333333333,,
test_group_0127,diverse_balanced,hybrid_mf_bayes_dbscan_minority_nash,hybrid_mf_bayes,dbscan_minority_nash,0.0,0.0,0.0,0.0,0.0,0.0,0.0,0.0,,,0.0,1.0,0.0,0.30364376306533813,0.9999999999999998,0.4377126693725586,,,0.3333333333333333,,2.0
test_group_0127,diverse_balanced,hybrid_mf_bayes_least_misery,hybrid_mf_bayes,least_misery,0.0,0.0,0.0,0.0,0.0,0.0,0.0,0.0,,,0.0,1.0,0.0,0.32489296793937683,0.9999999999999998,0.4377126693725586,,,0.3333333333333333,,
test_group_0127,diverse_balanced,hybrid_mf_bayes_nash_welfare,hybrid_mf_bayes,nash_welfare,0.0,0.0,0.0,0.0,0.0,0.0,0.0,0.0,,,0.0,1.0,0.0,0.30364376306533813,0.9999999999999998,0.4377126693725586,,,0.3333333333333333,,
test_group_0127,diverse_balanced,hybrid_mf_bayes_tuned_fairness,hybrid_mf_bayes,tuned_fairness,0.0,0.0,0.0,0.0,0.0,0.0,0.0,0.0,,,0.0,1.0,0.0,0.30364376306533813,0.9999999999999998,0.4377126693725586,,,0.3333333333333333,0.0,
test_group_0127,diverse_balanced,mf_average,mf,average,0.0,0.0,0.0,0.0,0.0,0.0,0.0,0.0,,,0.0,1.0,0.0,0.376196026802063,0.9999999999999998,0.4377126693725586,,,0.3333333333333333,,
test_group_0127,diverse_balanced,mf_dbscan_minority_nash,mf,dbscan_minority_nash,0.0,0.0,0.0,0.0,0.0,0.0,0.0,0.0,,,0.0,1.0,0.0,0.376196026802063,0.9999999999999998,0.4377126693725586,,,0.3333333333333333,,2.0
test_group_0127,diverse_balanced,mf_least_misery,mf,least_misery,0.0,0.0,0.0,0.0,0.0,0.0,0.0,0.0,,,0.0,1.0,0.0,0.37142354249954224,0.9999999999999998,0.4377126693725586,,,0.3333333333333333,,
test_group_0127,diverse_balanced,mf_nash_welfare,mf,nash_welfare,0.0,0.0,0.0,0.0,0.0,0.0,0.0,0.0,,,0.0,1.0,0.0,0.376196026802063,0.9999999999999998,0.4377126693725586,,,0.3333333333333333,,
test_group_0127,diverse_balanced,mf_tuned_fairness,mf,tuned_fairness,0.0,0.0,0.0,0.0,0.0,0.0,0.0,0.0,,,0.0,1.0,0.0,0.376196026802063,0.9999999999999998,0.4377126693725586,,,0.3333333333333333,0.0,
test_group_0127,diverse_balanced,rating_user_knn_average,rating_user_knn,average,0.0,0.0,0.0,0.0,0.0,0.0,0.0,0.0,,,0.0,1.0,0.0,0.6317050457000732,0.9999999999999998,0.4377126693725586,,,0.3333333333333333,,
test_group_0127,diverse_balanced,rating_user_knn_dbscan_minority_nash,rating_user_knn,dbscan_minority_nash,0.0,0.0,0.0,0.0,0.0,0.0,0.0,0.0,,,0.0,1.0,0.0,0.6317050457000732,0.9999999999999998,0.4377126693725586,,,0.3333333333333333,,2.0
test_group_0127,diverse_balanced,rating_user_knn_least_misery,rating_user_knn,least_misery,0.0,0.0,0.0,0.0,0.0,0.0,0.0,0.0,,,0.0,1.0,0.0,0.6140458583831787,0.9999999999999998,0.4377126693725586,,,0.3333333333333333,,
test_group_0127,diverse_balanced,rating_user_knn_nash_welfare,rating_user_knn,nash_welfare,0.0,0.0,0.0,0.0,0.0,0.0,0.0,0.0,,,0.0,1.0,0.0,0.6317050457000732,0.9999999999999998,0.4377126693725586,,,0.3333333333333333,,
test_group_0127,diverse_balanced,rating_user_knn_tuned_fairness,rating_user_knn,tuned_fairness,0.0,0.0,0.0,0.0,0.0,0.0,0.0,0.0,,,0.0,1.0,0.0,0.6317050457000732,0.9999999999999998,0.4377126693725586,,,0.3333333333333333,0.0,
test_group_0128,diverse_balanced,hybrid_mf_bayes_average,hybrid_mf_bayes,average,0.0,0.0,0.0,0.0,0.0,0.0,0.0,0.0,,,0.0,1.0,0.0,0.3563957214355469,0.9999999999999998,1.1408075094223022,,,0.3333333333333333,,
test_group_0128,diverse_balanced,hybrid_mf_bayes_dbscan_minority_nash,hybrid_mf_bayes,dbscan_minority_nash,0.0,0.0,0.0,0.0,0.0,0.0,0.0,0.0,,,0.0,1.0,0.0,0.5017150044441223,0.9999999999999998,1.1408075094223022,,,0.3333333333333333,,2.0
test_group_0128,diverse_balanced,hybrid_mf_bayes_least_misery,hybrid_mf_bayes,least_misery,0.03333333333333333,0.04545454545454546,0.056906557239904,0.02890460949803991,0.02890460949803991,0.04087729076722622,0.0,0.3333333333333333,,,0.08671382849411972,0.6666666666666666,0.3333333333333333,0.5294259190559387,0.9999999999999998,1.1408075094223022,,,0.3333333333333333,,
test_group_0128,diverse_balanced,hybrid_mf_bayes_nash_welfare,hybrid_mf_bayes,nash_welfare,0.0,0.0,0.0,0.0,0.0,0.0,0.0,0.0,,,0.0,1.0,0.0,0.5017150044441223,0.9999999999999998,1.1408075094223022,,,0.3333333333333333,,
test_group_0128,diverse_balanced,hybrid_mf_bayes_tuned_fairness,hybrid_mf_bayes,tuned_fairness,0.0,0.0,0.0,0.0,0.0,0.0,0.0,0.0,,,0.0,1.0,0.0,0.3563957214355469,0.9999999999999998,1.1408075094223022,,,0.3333333333333333,0.0,
test_group_0128,diverse_balanced,mf_average,mf,average,0.0,0.0,0.0,0.0,0.0,0.0,0.0,0.0,,,0.0,1.0,0.0,0.37125828862190247,0.9999999999999998,1.1408075094223022,,,0.3333333333333333,,
test_group_0128,diverse_balanced,mf_dbscan_minority_nash,mf,dbscan_minority_nash,0.0,0.0,0.0,0.0,0.0,0.0,0.0,0.0,,,0.0,1.0,0.0,0.605610728263855,0.9999999999999998,1.1408075094223022,,,0.3333333333333333,,2.0
test_group_0128,diverse_balanced,mf_least_misery,mf,least_misery,0.0,0.0,0.0,0.0,0.0,0.0,0.0,0.0,,,0.0,1.0,0.0,0.8849806785583496,0.9999999999999998,1.1408075094223022,,,0.3333333333333333,,
test_group_0128,diverse_balanced,mf_nash_welfare,mf,nash_welfare,0.0,0.0,0.0,0.0,0.0,0.0,0.0,0.0,,,0.0,1.0,0.0,0.605610728263855,0.9999999999999998,1.1408075094223022,,,0.3333333333333333,,
test_group_0128,diverse_balanced,mf_tuned_fairness,mf,tuned_fairness,0.0,0.0,0.0,0.0,0.0,0.0,0.0,0.0,,,0.0,1.0,0.0,0.37125828862190247,0.9999999999999998,1.1408075094223022,,,0.3333333333333333,0.0,
test_group_0128,diverse_balanced,rating_user_knn_average,rating_user_knn,average,0.0,0.0,0.0,0.0,0.0,0.0,0.0,0.0,,,0.0,1.0,0.0,0.3542967140674591,0.9999999999999998,1.1408075094223022,,,0.3333333333333333,,
test_group_0128,diverse_balanced,rating_user_knn_dbscan_minority_nash,rating_user_knn,dbscan_minority_nash,0.0,0.0,0.0,0.0,0.0,0.0,0.0,0.0,,,0.0,1.0,0.0,0.3542967140674591,0.9999999999999998,1.1408075094223022,,,0.3333333333333333,,2.0
test_group_0128,diverse_balanced,rating_user_knn_least_misery,rating_user_knn,least_misery,0.0,0.0,0.0,0.0,0.0,0.0,0.0,0.0,,,0.0,1.0,0.0,0.35118937492370605,0.9999999999999998,1.1408075094223022,,,0.3333333333333333,,
test_group_0128,diverse_balanced,rating_user_knn_nash_welfare,rating_user_knn,nash_welfare,0.0,0.0,0.0,0.0,0.0,0.0,0.0,0.0,,,0.0,1.0,0.0,0.3542967140674591,0.9999999999999998,1.1408075094223022,,,0.3333333333333333,,
test_group_0128,diverse_balanced,rating_user_knn_tuned_fairness,rating_user_knn,tuned_fairness,0.0,0.0,0.0,0.0,0.0,0.0,0.0,0.0,,,0.0,1.0,0.0,0.3542967140674591,0.9999999999999998,1.1408075094223022,,,0.3333333333333333,0.0,
test_group_0129,diverse_balanced,hybrid_mf_bayes_average,hybrid_mf_bayes,average,0.0,0.0,0.0,0.0,0.0,0.0,0.0,0.0,,,0.0,1.0,0.0,0.2741585075855255,0.9999999999999998,0.9621232151985168,,,0.3333333333333333,,
test_group_0129,diverse_balanced,hybrid_mf_bayes_dbscan_minority_nash,hybrid_mf_bayes,dbscan_minority_nash,0.0,0.0,0.0,0.0,0.0,0.0,0.0,0.0,,,0.0,1.0,0.0,0.2607455551624298,0.9999999999999998,0.9621232151985168,,,0.3333333333333333,,2.0
test_group_0129,diverse_balanced,hybrid_mf_bayes_least_misery,hybrid_mf_bayes,least_misery,0.0,0.0,0.0,0.0,0.0,0.0,0.0,0.0,,,0.0,1.0,0.0,0.38884425163269043,0.9999999999999998,0.9621232151985168,,,0.3333333333333333,,
test_group_0129,diverse_balanced,hybrid_mf_bayes_nash_welfare,hybrid_mf_bayes,nash_welfare,0.0,0.0,0.0,0.0,0.0,0.0,0.0,0.0,,,0.0,1.0,0.0,0.2607455551624298,0.9999999999999998,0.9621232151985168,,,0.3333333333333333,,
test_group_0129,diverse_balanced,hybrid_mf_bayes_tuned_fairness,hybrid_mf_bayes,tuned_fairness,0.0,0.0,0.0,0.0,0.0,0.0,0.0,0.0,,,0.0,1.0,0.0,0.2741585075855255,0.9999999999999998,0.9621232151985168,,,0.3333333333333333,0.0,
test_group_0129,diverse_balanced,mf_average,mf,average,0.0,0.0,0.0,0.0,0.0,0.0,0.0,0.0,,,0.0,1.0,0.0,0.24590212106704712,0.9999999999999998,0.9621232151985168,,,0.3333333333333333,,
test_group_0129,diverse_balanced,mf_dbscan_minority_nash,mf,dbscan_minority_nash,0.0,0.0,0.0,0.0,0.0,0.0,0.0,0.0,,,0.0,1.0,0.0,0.31150180101394653,0.9999999999999998,0.9621232151985168,,,0.3333333333333333,,2.0
test_group_0129,diverse_balanced,mf_least_misery,mf,least_misery,0.03333333333333333,0.05882352941176471,0.09019475927038985,0.05652670087893602,0.05652670087893602,0.07994082701919847,0.0,0.33333333333333337,,,0.16958010263680806,0.6666666666666666,0.3333333333333333,0.49782732129096985,0.9999999999999998,0.9621232151985168,,,0.3333333333333333,,
test_group_0129,diverse_balanced,mf_nash_welfare,mf,nash_welfare,0.0,0.0,0.0,0.0,0.0,0.0,0.0,0.0,,,0.0,1.0,0.0,0.31150180101394653,0.9999999999999998,0.9621232151985168,,,0.3333333333333333,,
test_group_0129,diverse_balanced,mf_tuned_fairness,mf,tuned_fairness,0.0,0.0,0.0,0.0,0.0,0.0,0.0,0.0,,,0.0,1.0,0.0,0.24590212106704712,0.9999999999999998,0.9621232151985168,,,0.3333333333333333,0.0,
test_group_0129,diverse_balanced,rating_user_knn_average,rating_user_knn,average,0.0,0.0,0.0,0.0,0.0,0.0,0.0,0.0,,,0.0,1.0,0.0,0.4813869893550873,0.9999999999999998,0.9621232151985168,,,0.3333333333333333,,
test_group_0129,diverse_balanced,rating_user_knn_dbscan_minority_nash,rating_user_knn,dbscan_minority_nash,0.0,0.0,0.0,0.0,0.0,0.0,0.0,0.0,,,0.0,1.0,0.0,0.45309340953826904,0.9999999999999998,0.9621232151985168,,,0.3333333333333333,,2.0
test_group_0129,diverse_balanced,rating_user_knn_least_misery,rating_user_knn,least_misery,0.0,0.0,0.0,0.0,0.0,0.0,0.0,0.0,,,0.0,1.0,0.0,0.37067410349845886,0.9999999999999998,0.9621232151985168,,,0.3333333333333333,,
test_group_0129,diverse_balanced,rating_user_knn_nash_welfare,rating_user_knn,nash_welfare,0.0,0.0,0.0,0.0,0.0,0.0,0.0,0.0,,,0.0,1.0,0.0,0.45309340953826904,0.9999999999999998,0.9621232151985168,,,0.3333333333333333,,
test_group_0129,diverse_balanced,rating_user_knn_tuned_fairness,rating_user_knn,tuned_fairness,0.0,0.0,0.0,0.0,0.0,0.0,0.0,0.0,,,0.0,1.0,0.0,0.4813869893550873,0.9999999999999998,0.9621232151985168,,,0.3333333333333333,0.0,
test_group_0130,diverse_balanced,hybrid_mf_bayes_average,hybrid_mf_bayes,average,0.0,0.0,0.0,0.0,0.0,0.0,0.0,0.0,,,0.0,1.0,0.0,0.30980509519577026,0.9999999999999998,0.6748006343841553,,,0.3333333333333333,,
test_group_0130,diverse_balanced,hybrid_mf_bayes_dbscan_minority_nash,hybrid_mf_bayes,dbscan_minority_nash,0.0,0.0,0.0,0.0,0.0,0.0,0.0,0.0,,,0.0,1.0,0.0,0.30980509519577026,0.9999999999999998,0.6748006343841553,,,0.3333333333333333,,2.0
test_group_0130,diverse_balanced,hybrid_mf_bayes_least_misery,hybrid_mf_bayes,least_misery,0.0,0.0,0.0,0.0,0.0,0.0,0.0,0.0,,,0.0,1.0,0.0,0.340670108795166,0.9999999999999998,0.6748006343841553,,,0.3333333333333333,,
test_group_0130,diverse_balanced,hybrid_mf_bayes_nash_welfare,hybrid_mf_bayes,nash_welfare,0.0,0.0,0.0,0.0,0.0,0.0,0.0,0.0,,,0.0,1.0,0.0,0.30980509519577026,0.9999999999999998,0.6748006343841553,,,0.3333333333333333,,
test_group_0130,diverse_balanced,hybrid_mf_bayes_tuned_fairness,hybrid_mf_bayes,tuned_fairness,0.0,0.0,0.0,0.0,0.0,0.0,0.0,0.0,,,0.0,1.0,0.0,0.30980509519577026,0.9999999999999998,0.6748006343841553,,,0.3333333333333333,0.0,
test_group_0130,diverse_balanced,mf_average,mf,average,0.03333333333333333,0.03448275862068964,0.085143117641621,0.06051393084578422,0.06051393084578422,0.08557962171461563,0.0,0.3333333333333333,,,0.18154179253735267,0.6666666666666666,0.3333333333333333,0.4281441569328308,0.9999999999999998,0.6748006343841553,,,0.3333333333333333,,
test_group_0130,diverse_balanced,mf_dbscan_minority_nash,mf,dbscan_minority_nash,0.03333333333333333,0.03448275862068964,0.07839826897867533,0.05572015165540076,0.05572015165540076,0.07880019416855341,0.0,0.3333333333333333,,,0.16716045496620227,0.6666666666666666,0.3333333333333333,0.4281441569328308,0.9999999999999998,0.6748006343841553,,,0.3333333333333333,,2.0
test_group_0130,diverse_balanced,mf_least_misery,mf,least_misery,0.0,0.0,0.0,0.0,0.0,0.0,0.0,0.0,,,0.0,1.0,0.0,0.4067632853984833,0.9999999999999998,0.6748006343841553,,,0.3333333333333333,,
test_group_0130,diverse_balanced,mf_nash_welfare,mf,nash_welfare,0.03333333333333333,0.03448275862068964,0.07839826897867533,0.05572015165540076,0.05572015165540076,0.07880019416855341,0.0,0.3333333333333333,,,0.16716045496620227,0.6666666666666666,0.3333333333333333,0.4281441569328308,0.9999999999999998,0.6748006343841553,,,0.3333333333333333,,
test_group_0130,diverse_balanced,mf_tuned_fairness,mf,tuned_fairness,0.03333333333333333,0.03448275862068964,0.085143117641621,0.06051393084578422,0.06051393084578422,0.08557962171461563,0.0,0.3333333333333333,,,0.18154179253735267,0.6666666666666666,0.3333333333333333,0.4281441569328308,0.9999999999999998,0.6748006343841553,,,0.3333333333333333,0.0,
test_group_0130,diverse_balanced,rating_user_knn_average,rating_user_knn,average,0.0,0.0,0.0,0.0,0.0,0.0,0.0,0.0,,,0.0,1.0,0.0,0.4847201108932495,0.9999999999999998,0.6748006343841553,,,0.3333333333333333,,
test_group_0130,diverse_balanced,rating_user_knn_dbscan_minority_nash,rating_user_knn,dbscan_minority_nash,0.0,0.0,0.0,0.0,0.0,0.0,0.0,0.0,,,0.0,1.0,0.0,0.4847201108932495,0.9999999999999998,0.6748006343841553,,,0.3333333333333333,,2.0
test_group_0130,diverse_balanced,rating_user_knn_least_misery,rating_user_knn,least_misery,0.0,0.0,0.0,0.0,0.0,0.0,0.0,0.0,,,0.0,1.0,0.0,0.4840400218963623,0.9999999999999998,0.6748006343841553,,,0.3333333333333333,,
test_group_0130,diverse_balanced,rating_user_knn_nash_welfare,rating_user_knn,nash_welfare,0.0,0.0,0.0,0.0,0.0,0.0,0.0,0.0,,,0.0,1.0,0.0,0.4847201108932495,0.9999999999999998,0.6748006343841553,,,0.3333333333333333,,
test_group_0130,diverse_balanced,rating_user_knn_tuned_fairness,rating_user_knn,tuned_fairness,0.0,0.0,0.0,0.0,0.0,0.0,0.0,0.0,,,0.0,1.0,0.0,0.4847201108932495,0.9999999999999998,0.6748006343841553,,,0.3333333333333333,0.0,
test_group_0131,diverse_balanced,hybrid_mf_bayes_average,hybrid_mf_bayes,average,0.0,0.0,0.0,0.0,0.0,0.0,0.0,0.0,,,0.0,1.0,0.0,0.2652289569377899,0.9999999999999998,0.861989438533783,,,0.3333333333333333,,
test_group_0131,diverse_balanced,hybrid_mf_bayes_dbscan_minority_nash,hybrid_mf_bayes,dbscan_minority_nash,0.0,0.0,0.0,0.0,0.0,0.0,0.0,0.0,,,0.0,1.0,0.0,0.22657810151576996,0.9999999999999998,0.861989438533783,,,0.3333333333333333,,2.0
test_group_0131,diverse_balanced,hybrid_mf_bayes_least_misery,hybrid_mf_bayes,least_misery,0.0,0.0,0.0,0.0,0.0,0.0,0.0,0.0,,,0.0,1.0,0.0,0.27561888098716736,0.9999999999999998,0.861989438533783,,,0.3333333333333333,,
test_group_0131,diverse_balanced,hybrid_mf_bayes_nash_welfare,hybrid_mf_bayes,nash_welfare,0.0,0.0,0.0,0.0,0.0,0.0,0.0,0.0,,,0.0,1.0,0.0,0.22657810151576996,0.9999999999999998,0.861989438533783,,,0.3333333333333333,,
test_group_0131,diverse_balanced,hybrid_mf_bayes_tuned_fairness,hybrid_mf_bayes,tuned_fairness,0.0,0.0,0.0,0.0,0.0,0.0,0.0,0.0,,,0.0,1.0,0.0,0.2652289569377899,0.9999999999999998,0.861989438533783,,,0.3333333333333333,0.0,
test_group_0131,diverse_balanced,mf_average,mf,average,0.0,0.0,0.0,0.0,0.0,0.0,0.0,0.0,,,0.0,1.0,0.0,0.23214763402938843,0.9999999999999998,0.861989438533783,,,0.3333333333333333,,
test_group_0131,diverse_balanced,mf_dbscan_minority_nash,mf,dbscan_minority_nash,0.0,0.0,0.0,0.0,0.0,0.0,0.0,0.0,,,0.0,1.0,0.0,0.23214760422706604,0.9999999999999998,0.861989438533783,,,0.3333333333333333,,2.0
test_group_0131,diverse_balanced,mf_least_misery,mf,least_misery,0.03333333333333333,0.028571428571428567,0.06625422345438904,0.022084741151463014,0.022084741151463014,0.031232540457898198,0.0,0.33333333333333337,,,0.06625422345438904,0.6666666666666666,0.3333333333333333,0.3991039991378784,0.9999999999999998,0.861989438533783,,,0.3333333333333333,,
test_group_0131,diverse_balanced,mf_nash_welfare,mf,nash_welfare,0.0,0.0,0.0,0.0,0.0,0.0,0.0,0.0,,,0.0,1.0,0.0,0.23214760422706604,0.9999999999999998,0.861989438533783,,,0.3333333333333333,,
test_group_0131,diverse_balanced,mf_tuned_fairness,mf,tuned_fairness,0.0,0.0,0.0,0.0,0.0,0.0,0.0,0.0,,,0.0,1.0,0.0,0.23214763402938843,0.9999999999999998,0.861989438533783,,,0.3333333333333333,0.0,
test_group_0131,diverse_balanced,rating_user_knn_average,rating_user_knn,average,0.03333333333333333,0.028571428571428567,0.085143117641621,0.02838103921387367,0.02838103921387367,0.04013685057050279,0.0,0.3333333333333333,,,0.08514311764162101,0.6666666666666666,0.3333333333333333,0.43825870752334595,0.9999999999999998,0.861989438533783,,,0.3333333333333333,,
test_group_0131,diverse_balanced,rating_user_knn_dbscan_minority_nash,rating_user_knn,dbscan_minority_nash,0.03333333333333333,0.028571428571428567,0.085143117641621,0.02838103921387367,0.02838103921387367,0.04013685057050279,0.0,0.3333333333333333,,,0.08514311764162101,0.6666666666666666,0.3333333333333333,0.43825870752334595,0.9999999999999998,0.861989438533783,,,0.3333333333333333,,2.0
test_group_0131,diverse_balanced,rating_user_knn_least_misery,rating_user_knn,least_misery,0.03333333333333333,0.028571428571428567,0.085143117641621,0.02838103921387367,0.02838103921387367,0.04013685057050279,0.0,0.3333333333333333,,,0.08514311764162101,0.6666666666666666,0.3333333333333333,0.3645685911178589,0.9999999999999998,0.861989438533783,,,0.3333333333333333,,
test_group_0131,diverse_balanced,rating_user_knn_nash_welfare,rating_user_knn,nash_welfare,0.03333333333333333,0.028571428571428567,0.085143117641621,0.02838103921387367,0.02838103921387367,0.04013685057050279,0.0,0.3333333333333333,,,0.08514311764162101,0.6666666666666666,0.3333333333333333,0.43825870752334595,0.9999999999999998,0.861989438533783,,,0.3333333333333333,,
test_group_0131,diverse_balanced,rating_user_knn_tuned_fairness,rating_user_knn,tuned_fairness,0.03333333333333333,0.028571428571428567,0.085143117641621,0.02838103921387367,0.02838103921387367,0.04013685057050279,0.0,0.3333333333333333,,,0.08514311764162101,0.6666666666666666,0.3333333333333333,0.43825870752334595,0.9999999999999998,0.861989438533783,,,0.3333333333333333,0.0,
test_group_0132,diverse_balanced,hybrid_mf_bayes_average,hybrid_mf_bayes,average,0.0,0.0,0.0,0.0,0.0,0.0,0.0,0.0,,,0.0,1.0,0.0,0.2588497996330261,0.9999999999999998,0.5964432954788208,,,0.3333333333333333,,
test_group_0132,diverse_balanced,hybrid_mf_bayes_dbscan_minority_nash,hybrid_mf_bayes,dbscan_minority_nash,0.0,0.0,0.0,0.0,0.0,0.0,0.0,0.0,,,0.0,1.0,0.0,0.2588497996330261,0.9999999999999998,0.5964432954788208,,,0.3333333333333333,,2.0
test_group_0132,diverse_balanced,hybrid_mf_bayes_least_misery,hybrid_mf_bayes,least_misery,0.0,0.0,0.0,0.0,0.0,0.0,0.0,0.0,,,0.0,1.0,0.0,0.2588497996330261,0.9999999999999998,0.5964432954788208,,,0.3333333333333333,,
test_group_0132,diverse_balanced,hybrid_mf_bayes_nash_welfare,hybrid_mf_bayes,nash_welfare,0.0,0.0,0.0,0.0,0.0,0.0,0.0,0.0,,,0.0,1.0,0.0,0.2588497996330261,0.9999999999999998,0.5964432954788208,,,0.3333333333333333,,
test_group_0132,diverse_balanced,hybrid_mf_bayes_tuned_fairness,hybrid_mf_bayes,tuned_fairness,0.0,0.0,0.0,0.0,0.0,0.0,0.0,0.0,,,0.0,1.0,0.0,0.2588497996330261,0.9999999999999998,0.5964432954788208,,,0.3333333333333333,0.0,
test_group_0132,diverse_balanced,mf_average,mf,average,0.0,0.0,0.0,0.0,0.0,0.0,0.0,0.0,,,0.0,1.0,0.0,0.26071813702583313,0.9999999999999998,0.5964432954788208,,,0.3333333333333333,,
test_group_0132,diverse_balanced,mf_dbscan_minority_nash,mf,dbscan_minority_nash,0.0,0.0,0.0,0.0,0.0,0.0,0.0,0.0,,,0.0,1.0,0.0,0.22671136260032654,0.9999999999999998,0.5964432954788208,,,0.3333333333333333,,2.0
test_group_0132,diverse_balanced,mf_least_misery,mf,least_misery,0.0,0.0,0.0,0.0,0.0,0.0,0.0,0.0,,,0.0,1.0,0.0,0.23407363891601562,0.9999999999999998,0.5964432954788208,,,0.3333333333333333,,
test_group_0132,diverse_balanced,mf_nash_welfare,mf,nash_welfare,0.0,0.0,0.0,0.0,0.0,0.0,0.0,0.0,,,0.0,1.0,0.0,0.22671136260032654,0.9999999999999998,0.5964432954788208,,,0.3333333333333333,,
test_group_0132,diverse_balanced,mf_tuned_fairness,mf,tuned_fairness,0.0,0.0,0.0,0.0,0.0,0.0,0.0,0.0,,,0.0,1.0,0.0,0.26071813702583313,0.9999999999999998,0.5964432954788208,,,0.3333333333333333,0.0,
test_group_0132,diverse_balanced,rating_user_knn_average,rating_user_knn,average,0.0,0.0,0.0,0.0,0.0,0.0,0.0,0.0,,,0.0,1.0,0.0,0.6241281032562256,0.9999999999999998,0.5964432954788208,,,0.3333333333333333,,
test_group_0132,diverse_balanced,rating_user_knn_dbscan_minority_nash,rating_user_knn,dbscan_minority_nash,0.0,0.0,0.0,0.0,0.0,0.0,0.0,0.0,,,0.0,1.0,0.0,0.6241281032562256,0.9999999999999998,0.5964432954788208,,,0.3333333333333333,,2.0
test_group_0132,diverse_balanced,rating_user_knn_least_misery,rating_user_knn,least_misery,0.0,0.0,0.0,0.0,0.0,0.0,0.0,0.0,,,0.0,1.0,0.0,0.7129541039466858,0.9999999999999998,0.5964432954788208,,,0.3333333333333333,,
test_group_0132,diverse_balanced,rating_user_knn_nash_welfare,rating_user_knn,nash_welfare,0.0,0.0,0.0,0.0,0.0,0.0,0.0,0.0,,,0.0,1.0,0.0,0.6241281032562256,0.9999999999999998,0.5964432954788208,,,0.3333333333333333,,
test_group_0132,diverse_balanced,rating_user_knn_tuned_fairness,rating_user_knn,tuned_fairness,0.0,0.0,0.0,0.0,0.0,0.0,0.0,0.0,,,0.0,1.0,0.0,0.6241281032562256,0.9999999999999998,0.5964432954788208,,,0.3333333333333333,0.0,
test_group_0133,diverse_balanced,hybrid_mf_bayes_average,hybrid_mf_bayes,average,0.0,0.0,0.0,0.0,0.0,0.0,0.0,0.0,,,0.0,1.0,0.0,0.274068146944046,0.9999999999999998,0.5431945323944092,,,0.3333333333333333,,
test_group_0133,diverse_balanced,hybrid_mf_bayes_dbscan_minority_nash,hybrid_mf_bayes,dbscan_minority_nash,0.0,0.0,0.0,0.0,0.0,0.0,0.0,0.0,,,0.0,1.0,0.0,0.274068146944046,0.9999999999999998,0.5431945323944092,,,0.3333333333333333,,2.0
test_group_0133,diverse_balanced,hybrid_mf_bayes_least_misery,hybrid_mf_bayes,least_misery,0.0,0.0,0.0,0.0,0.0,0.0,0.0,0.0,,,0.0,1.0,0.0,0.2672271132469177,0.9999999999999998,0.5431945323944092,,,0.3333333333333333,,
test_group_0133,diverse_balanced,hybrid_mf_bayes_nash_welfare,hybrid_mf_bayes,nash_welfare,0.0,0.0,0.0,0.0,0.0,0.0,0.0,0.0,,,0.0,1.0,0.0,0.274068146944046,0.9999999999999998,0.5431945323944092,,,0.3333333333333333,,
test_group_0133,diverse_balanced,hybrid_mf_bayes_tuned_fairness,hybrid_mf_bayes,tuned_fairness,0.0,0.0,0.0,0.0,0.0,0.0,0.0,0.0,,,0.0,1.0,0.0,0.274068146944046,0.9999999999999998,0.5431945323944092,,,0.3333333333333333,0.0,
test_group_0133,diverse_balanced,mf_average,mf,average,0.0,0.0,0.0,0.0,0.0,0.0,0.0,0.0,,,0.0,1.0,0.0,0.3481810688972473,0.9999999999999998,0.5431945323944092,,,0.3333333333333333,,
test_group_0133,diverse_balanced,mf_dbscan_minority_nash,mf,dbscan_minority_nash,0.0,0.0,0.0,0.0,0.0,0.0,0.0,0.0,,,0.0,1.0,0.0,0.3481810688972473,0.9999999999999998,0.5431945323944092,,,0.3333333333333333,,2.0
test_group_0133,diverse_balanced,mf_least_misery,mf,least_misery,0.0,0.0,0.0,0.0,0.0,0.0,0.0,0.0,,,0.0,1.0,0.0,0.3879430890083313,0.9999999999999998,0.5431945323944092,,,0.3333333333333333,,
test_group_0133,diverse_balanced,mf_nash_welfare,mf,nash_welfare,0.0,0.0,0.0,0.0,0.0,0.0,0.0,0.0,,,0.0,1.0,0.0,0.3481810688972473,0.9999999999999998,0.5431945323944092,,,0.3333333333333333,,
test_group_0133,diverse_balanced,mf_tuned_fairness,mf,tuned_fairness,0.0,0.0,0.0,0.0,0.0,0.0,0.0,0.0,,,0.0,1.0,0.0,0.3481810688972473,0.9999999999999998,0.5431945323944092,,,0.3333333333333333,0.0,
test_group_0133,diverse_balanced,rating_user_knn_average,rating_user_knn,average,0.0,0.0,0.0,0.0,0.0,0.0,0.0,0.0,,,0.0,1.0,0.0,0.4190693795681,0.9999999999999998,0.5431945323944092,,,0.3333333333333333,,
test_group_0133,diverse_balanced,rating_user_knn_dbscan_minority_nash,rating_user_knn,dbscan_minority_nash,0.0,0.0,0.0,0.0,0.0,0.0,0.0,0.0,,,0.0,1.0,0.0,0.4190693795681,0.9999999999999998,0.5431945323944092,,,0.3333333333333333,,2.0
test_group_0133,diverse_balanced,rating_user_knn_least_misery,rating_user_knn,least_misery,0.0,0.0,0.0,0.0,0.0,0.0,0.0,0.0,,,0.0,1.0,0.0,0.3659473955631256,0.9999999999999998,0.5431945323944092,,,0.3333333333333333,,
test_group_0133,diverse_balanced,rating_user_knn_nash_welfare,rating_user_knn,nash_welfare,0.0,0.0,0.0,0.0,0.0,0.0,0.0,0.0,,,0.0,1.0,0.0,0.4190693795681,0.9999999999999998,0.5431945323944092,,,0.3333333333333333,,
test_group_0133,diverse_balanced,rating_user_knn_tuned_fairness,rating_user_knn,tuned_fairness,0.0,0.0,0.0,0.0,0.0,0.0,0.0,0.0,,,0.0,1.0,0.0,0.4190693795681,0.9999999999999998,0.5431945323944092,,,0.3333333333333333,0.0,
test_group_0134,diverse_balanced,hybrid_mf_bayes_average,hybrid_mf_bayes,average,0.0,0.0,0.0,0.0,0.0,0.0,0.0,0.0,,,0.0,1.0,0.0,0.3076847791671753,0.9999999999999998,0.8633416295051575,,,0.3333333333333333,,
test_group_0134,diverse_balanced,hybrid_mf_bayes_dbscan_minority_nash,hybrid_mf_bayes,dbscan_minority_nash,0.0,0.0,0.0,0.0,0.0,0.0,0.0,0.0,,,0.0,1.0,0.0,0.3076847791671753,0.9999999999999998,0.8633416295051575,,,0.3333333333333333,,2.0
test_group_0134,diverse_balanced,hybrid_mf_bayes_least_misery,hybrid_mf_bayes,least_misery,0.0,0.0,0.0,0.0,0.0,0.0,0.0,0.0,,,0.0,1.0,0.0,0.3243842124938965,0.9999999999999998,0.8633416295051575,,,0.3333333333333333,,
test_group_0134,diverse_balanced,hybrid_mf_bayes_nash_welfare,hybrid_mf_bayes,nash_welfare,0.0,0.0,0.0,0.0,0.0,0.0,0.0,0.0,,,0.0,1.0,0.0,0.3076847791671753,0.9999999999999998,0.8633416295051575,,,0.3333333333333333,,
test_group_0134,diverse_balanced,hybrid_mf_bayes_tuned_fairness,hybrid_mf_bayes,tuned_fairness,0.0,0.0,0.0,0.0,0.0,0.0,0.0,0.0,,,0.0,1.0,0.0,0.3076847791671753,0.9999999999999998,0.8633416295051575,,,0.3333333333333333,0.0,
test_group_0134,diverse_balanced,mf_average,mf,average,0.0,0.0,0.0,0.0,0.0,0.0,0.0,0.0,,,0.0,1.0,0.0,0.2842361032962799,0.9999999999999998,0.8633416295051575,,,0.3333333333333333,,
test_group_0134,diverse_balanced,mf_dbscan_minority_nash,mf,dbscan_minority_nash,0.0,0.0,0.0,0.0,0.0,0.0,0.0,0.0,,,0.0,1.0,0.0,0.3076848089694977,0.9999999999999998,0.8633416295051575,,,0.3333333333333333,,2.0
test_group_0134,diverse_balanced,mf_least_misery,mf,least_misery,0.0,0.0,0.0,0.0,0.0,0.0,0.0,0.0,,,0.0,1.0,0.0,0.33650460839271545,0.9999999999999998,0.8633416295051575,,,0.3333333333333333,,
test_group_0134,diverse_balanced,mf_nash_welfare,mf,nash_welfare,0.0,0.0,0.0,0.0,0.0,0.0,0.0,0.0,,,0.0,1.0,0.0,0.3076848089694977,0.9999999999999998,0.8633416295051575,,,0.3333333333333333,,
test_group_0134,diverse_balanced,mf_tuned_fairness,mf,tuned_fairness,0.0,0.0,0.0,0.0,0.0,0.0,0.0,0.0,,,0.0,1.0,0.0,0.2842361032962799,0.9999999999999998,0.8633416295051575,,,0.3333333333333333,0.0,
test_group_0134,diverse_balanced,rating_user_knn_average,rating_user_knn,average,0.0,0.0,0.0,0.0,0.0,0.0,0.0,0.0,,,0.0,1.0,0.0,0.39375948905944824,0.9999999999999998,0.8633416295051575,,,0.3333333333333333,,
test_group_0134,diverse_balanced,rating_user_knn_dbscan_minority_nash,rating_user_knn,dbscan_minority_nash,0.0,0.0,0.0,0.0,0.0,0.0,0.0,0.0,,,0.0,1.0,0.0,0.3714393675327301,0.9999999999999998,0.8633416295051575,,,0.3333333333333333,,2.0
test_group_0134,diverse_balanced,rating_user_knn_least_misery,rating_user_knn,least_misery,0.0,0.0,0.0,0.0,0.0,0.0,0.0,0.0,,,0.0,1.0,0.0,0.3018642067909241,0.9999999999999998,0.8633416295051575,,,0.3333333333333333,,
test_group_0134,diverse_balanced,rating_user_knn_nash_welfare,rating_user_knn,nash_welfare,0.0,0.0,0.0,0.0,0.0,0.0,0.0,0.0,,,0.0,1.0,0.0,0.3714393675327301,0.9999999999999998,0.8633416295051575,,,0.3333333333333333,,
test_group_0134,diverse_balanced,rating_user_knn_tuned_fairness,rating_user_knn,tuned_fairness,0.0,0.0,0.0,0.0,0.0,0.0,0.0,0.0,,,0.0,1.0,0.0,0.39375948905944824,0.9999999999999998,0.8633416295051575,,,0.3333333333333333,0.0,
test_group_0135,diverse_balanced,hybrid_mf_bayes_average,hybrid_mf_bayes,average,0.03333333333333333,0.021276595744680847,0.054302655984158565,0.022084741151463014,0.022084741151463014,0.031232540457898198,0.0,0.33333333333333337,,,0.06625422345438904,0.6666666666666666,0.3333333333333333,0.4162167012691498,0.9999999999999998,0.9679192900657654,,,0.3333333333333333,,
test_group_0135,diverse_balanced,hybrid_mf_bayes_dbscan_minority_nash,hybrid_mf_bayes,dbscan_minority_nash,0.03333333333333333,0.021276595744680847,0.0521442648465579,0.021206929399650576,0.021206929399650576,0.02999112717327456,0.0,0.3333333333333333,,,0.06362078819895173,0.6666666666666666,0.3333333333333333,0.4162166714668274,0.9999999999999998,0.9679192900657654,,,0.3333333333333333,,2.0
test_group_0135,diverse_balanced,hybrid_mf_bayes_least_misery,hybrid_mf_bayes,least_misery,0.03333333333333333,0.021276595744680847,0.054302655984158565,0.022084741151463014,0.022084741151463014,0.031232540457898198,0.0,0.33333333333333337,,,0.06625422345438904,0.6666666666666666,0.3333333333333333,0.44017311930656433,0.9999999999999998,0.9679192900657654,,,0.3333333333333333,,
test_group_0135,diverse_balanced,hybrid_mf_bayes_nash_welfare,hybrid_mf_bayes,nash_welfare,0.03333333333333333,0.021276595744680847,0.0521442648465579,0.021206929399650576,0.021206929399650576,0.02999112717327456,0.0,0.3333333333333333,,,0.06362078819895173,0.6666666666666666,0.3333333333333333,0.4162166714668274,0.9999999999999998,0.9679192900657654,,,0.3333333333333333,,
test_group_0135,diverse_balanced,hybrid_mf_bayes_tuned_fairness,hybrid_mf_bayes,tuned_fairness,0.03333333333333333,0.021276595744680847,0.054302655984158565,0.022084741151463014,0.022084741151463014,0.031232540457898198,0.0,0.33333333333333337,,,0.06625422345438904,0.6666666666666666,0.3333333333333333,0.4162167012691498,0.9999999999999998,0.9679192900657654,,,0.3333333333333333,0.0,
test_group_0135,diverse_balanced,mf_average,mf,average,0.0,0.0,0.0,0.0,0.0,0.0,0.0,0.0,,,0.0,1.0,0.0,0.40815451741218567,0.9999999999999998,0.9679192900657654,,,0.3333333333333333,,
test_group_0135,diverse_balanced,mf_dbscan_minority_nash,mf,dbscan_minority_nash,0.0,0.0,0.0,0.0,0.0,0.0,0.0,0.0,,,0.0,1.0,0.0,0.4024089276790619,0.9999999999999998,0.9679192900657654,,,0.3333333333333333,,2.0
test_group_0135,diverse_balanced,mf_least_misery,mf,least_misery,0.1,0.06382978723404255,0.1713390527376558,0.13955919217526924,0.13955919217526924,0.0567086316416956,0.06625422345438904,0.8582857999546993,,,0.13812817413409706,0.0,1.0,0.5987230539321899,0.9999999999999998,0.9679192900657654,,,0.3333333333333333,,
test_group_0135,diverse_balanced,mf_nash_welfare,mf,nash_welfare,0.0,0.0,0.0,0.0,0.0,0.0,0.0,0.0,,,0.0,1.0,0.0,0.4024089276790619,0.9999999999999998,0.9679192900657654,,,0.3333333333333333,,
test_group_0135,diverse_balanced,mf_tuned_fairness,mf,tuned_fairness,0.0,0.0,0.0,0.0,0.0,0.0,0.0,0.0,,,0.0,1.0,0.0,0.40815451741218567,0.9999999999999998,0.9679192900657654,,,0.3333333333333333,0.0,
test_group_0135,diverse_balanced,rating_user_knn_average,rating_user_knn,average,0.03333333333333333,0.021276595744680847,0.07768953695765951,0.03159612145651693,0.03159612145651693,0.04468366348219379,0.0,0.3333333333333333,,,0.09478836436955079,0.6666666666666666,0.3333333333333333,0.366169273853302,0.9999999999999998,0.9679192900657654,,,0.3333333333333333,,
test_group_0135,diverse_balanced,rating_user_knn_dbscan_minority_nash,rating_user_knn,dbscan_minority_nash,0.03333333333333333,0.021276595744680847,0.07768953695765951,0.03159612145651693,0.03159612145651693,0.04468366348219379,0.0,0.3333333333333333,,,0.09478836436955079,0.6666666666666666,0.3333333333333333,0.3932560384273529,0.9999999999999998,0.9679192900657654,,,0.3333333333333333,,2.0
test_group_0135,diverse_balanced,rating_user_knn_least_misery,rating_user_knn,least_misery,0.03333333333333333,0.021276595744680847,0.1803895185407797,0.07336392209936006,0.07336392209936006,0.10375225362179824,0.0,0.33333333333333337,,,0.2200917662980802,0.6666666666666666,0.3333333333333333,0.4381709694862366,0.9999999999999998,0.9679192900657654,,,0.3333333333333333,,
test_group_0135,diverse_balanced,rating_user_knn_nash_welfare,rating_user_knn,nash_welfare,0.03333333333333333,0.021276595744680847,0.07768953695765951,0.03159612145651693,0.03159612145651693,0.04468366348219379,0.0,0.3333333333333333,,,0.09478836436955079,0.6666666666666666,0.3333333333333333,0.3932560384273529,0.9999999999999998,0.9679192900657654,,,0.3333333333333333,,
test_group_0135,diverse_balanced,rating_user_knn_tuned_fairness,rating_user_knn,tuned_fairness,0.03333333333333333,0.021276595744680847,0.07768953695765951,0.03159612145651693,0.03159612145651693,0.04468366348219379,0.0,0.3333333333333333,,,0.09478836436955079,0.6666666666666666,0.3333333333333333,0.366169273853302,0.9999999999999998,0.9679192900657654,,,0.3333333333333333,0.0,
test_group_0136,diverse_balanced,hybrid_mf_bayes_average,hybrid_mf_bayes,average,0.0,0.0,0.0,0.0,0.0,0.0,0.0,0.0,,,0.0,1.0,0.0,0.2512175738811493,0.9999999999999998,0.5845361948013306,,,0.3333333333333333,,
test_group_0136,diverse_balanced,hybrid_mf_bayes_dbscan_minority_nash,hybrid_mf_bayes,dbscan_minority_nash,0.0,0.0,0.0,0.0,0.0,0.0,0.0,0.0,,,0.0,1.0,0.0,0.2512176036834717,0.9999999999999998,0.5845361948013306,,,0.3333333333333333,,2.0
test_group_0136,diverse_balanced,hybrid_mf_bayes_least_misery,hybrid_mf_bayes,least_misery,0.0,0.0,0.0,0.0,0.0,0.0,0.0,0.0,,,0.0,1.0,0.0,0.24453066289424896,0.9999999999999998,0.5845361948013306,,,0.3333333333333333,,
test_group_0136,diverse_balanced,hybrid_mf_bayes_nash_welfare,hybrid_mf_bayes,nash_welfare,0.0,0.0,0.0,0.0,0.0,0.0,0.0,0.0,,,0.0,1.0,0.0,0.2512176036834717,0.9999999999999998,0.5845361948013306,,,0.3333333333333333,,
test_group_0136,diverse_balanced,hybrid_mf_bayes_tuned_fairness,hybrid_mf_bayes,tuned_fairness,0.0,0.0,0.0,0.0,0.0,0.0,0.0,0.0,,,0.0,1.0,0.0,0.2512175738811493,0.9999999999999998,0.5845361948013306,,,0.3333333333333333,0.0,
test_group_0136,diverse_balanced,mf_average,mf,average,0.0,0.0,0.0,0.0,0.0,0.0,0.0,0.0,,,0.0,1.0,0.0,0.23962602019309998,0.9999999999999998,0.5845361948013306,,,0.3333333333333333,,
test_group_0136,diverse_balanced,mf_dbscan_minority_nash,mf,dbscan_minority_nash,0.0,0.0,0.0,0.0,0.0,0.0,0.0,0.0,,,0.0,1.0,0.0,0.23962602019309998,0.9999999999999998,0.5845361948013306,,,0.3333333333333333,,2.0
test_group_0136,diverse_balanced,mf_least_misery,mf,least_misery,0.0,0.0,0.0,0.0,0.0,0.0,0.0,0.0,,,0.0,1.0,0.0,0.2225978821516037,0.9999999999999998,0.5845361948013306,,,0.3333333333333333,,
test_group_0136,diverse_balanced,mf_nash_welfare,mf,nash_welfare,0.0,0.0,0.0,0.0,0.0,0.0,0.0,0.0,,,0.0,1.0,0.0,0.23962602019309998,0.9999999999999998,0.5845361948013306,,,0.3333333333333333,,
test_group_0136,diverse_balanced,mf_tuned_fairness,mf,tuned_fairness,0.0,0.0,0.0,0.0,0.0,0.0,0.0,0.0,,,0.0,1.0,0.0,0.23962602019309998,0.9999999999999998,0.5845361948013306,,,0.3333333333333333,0.0,
test_group_0136,diverse_balanced,rating_user_knn_average,rating_user_knn,average,0.06666666666666667,0.05714285714285714,0.1619567198443594,0.07336392209936006,0.07336392209936006,0.05187612681089911,0.0,0.6666666666666667,,,0.1100458831490401,0.3333333333333333,0.6666666666666666,0.5636746883392334,0.9999999999999998,0.5845361948013306,,,0.3333333333333333,,
test_group_0136,diverse_balanced,rating_user_knn_dbscan_minority_nash,rating_user_knn,dbscan_minority_nash,0.06666666666666667,0.05714285714285714,0.1619567198443594,0.07336392209936006,0.07336392209936006,0.05187612681089911,0.0,0.6666666666666667,,,0.1100458831490401,0.3333333333333333,0.6666666666666666,0.5632117986679077,0.9999999999999998,0.5845361948013306,,,0.3333333333333333,,2.0
test_group_0136,diverse_balanced,rating_user_knn_least_misery,rating_user_knn,least_misery,0.06666666666666667,0.05714285714285714,0.11538029521800251,0.052265512652450226,0.052265512652450226,0.036957298418738856,0.0,0.6666666666666667,,,0.07839826897867534,0.3333333333333333,0.6666666666666666,0.4604905843734741,0.9999999999999998,0.5845361948013306,,,0.3333333333333333,,
test_group_0136,diverse_balanced,rating_user_knn_nash_welfare,rating_user_knn,nash_welfare,0.06666666666666667,0.05714285714285714,0.1619567198443594,0.07336392209936006,0.07336392209936006,0.05187612681089911,0.0,0.6666666666666667,,,0.1100458831490401,0.3333333333333333,0.6666666666666666,0.5632117986679077,0.9999999999999998,0.5845361948013306,,,0.3333333333333333,,
test_group_0136,diverse_balanced,rating_user_knn_tuned_fairness,rating_user_knn,tuned_fairness,0.06666666666666667,0.05714285714285714,0.1619567198443594,0.07336392209936006,0.07336392209936006,0.05187612681089911,0.0,0.6666666666666667,,,0.1100458831490401,0.3333333333333333,0.6666666666666666,0.5636746883392334,0.9999999999999998,0.5845361948013306,,,0.3333333333333333,0.0,
test_group_0137,diverse_balanced,hybrid_mf_bayes_average,hybrid_mf_bayes,average,0.0,0.0,0.0,0.0,0.0,0.0,0.0,0.0,,,0.0,1.0,0.0,0.2628089487552643,0.9999999999999998,0.7785124182701111,,,0.3333333333333333,,
test_group_0137,diverse_balanced,hybrid_mf_bayes_dbscan_minority_nash,hybrid_mf_bayes,dbscan_minority_nash,0.0,0.0,0.0,0.0,0.0,0.0,0.0,0.0,,,0.0,1.0,0.0,0.2628089487552643,0.9999999999999998,0.7785124182701111,,,0.3333333333333333,,2.0
test_group_0137,diverse_balanced,hybrid_mf_bayes_least_misery,hybrid_mf_bayes,least_misery,0.0,0.0,0.0,0.0,0.0,0.0,0.0,0.0,,,0.0,1.0,0.0,0.2654675841331482,0.9999999999999998,0.7785124182701111,,,0.3333333333333333,,
test_group_0137,diverse_balanced,hybrid_mf_bayes_nash_welfare,hybrid_mf_bayes,nash_welfare,0.0,0.0,0.0,0.0,0.0,0.0,0.0,0.0,,,0.0,1.0,0.0,0.2628089487552643,0.9999999999999998,0.7785124182701111,,,0.3333333333333333,,
test_group_0137,diverse_balanced,hybrid_mf_bayes_tuned_fairness,hybrid_mf_bayes,tuned_fairness,0.0,0.0,0.0,0.0,0.0,0.0,0.0,0.0,,,0.0,1.0,0.0,0.2628089487552643,0.9999999999999998,0.7785124182701111,,,0.3333333333333333,0.0,
test_group_0137,diverse_balanced,mf_average,mf,average,0.0,0.0,0.0,0.0,0.0,0.0,0.0,0.0,,,0.0,1.0,0.0,0.2767396569252014,0.9999999999999998,0.7785124182701111,,,0.3333333333333333,,
test_group_0137,diverse_balanced,mf_dbscan_minority_nash,mf,dbscan_minority_nash,0.0,0.0,0.0,0.0,0.0,0.0,0.0,0.0,,,0.0,1.0,0.0,0.2767396569252014,0.9999999999999998,0.7785124182701111,,,0.3333333333333333,,2.0
test_group_0137,diverse_balanced,mf_least_misery,mf,least_misery,0.0,0.0,0.0,0.0,0.0,0.0,0.0,0.0,,,0.0,1.0,0.0,0.26060909032821655,0.9999999999999998,0.7785124182701111,,,0.3333333333333333,,
test_group_0137,diverse_balanced,mf_nash_welfare,mf,nash_welfare,0.0,0.0,0.0,0.0,0.0,0.0,0.0,0.0,,,0.0,1.0,0.0,0.2767396569252014,0.9999999999999998,0.7785124182701111,,,0.3333333333333333,,
test_group_0137,diverse_balanced,mf_tuned_fairness,mf,tuned_fairness,0.0,0.0,0.0,0.0,0.0,0.0,0.0,0.0,,,0.0,1.0,0.0,0.2767396569252014,0.9999999999999998,0.7785124182701111,,,0.3333333333333333,0.0,
test_group_0137,diverse_balanced,rating_user_knn_average,rating_user_knn,average,0.0,0.0,0.0,0.0,0.0,0.0,0.0,0.0,,,0.0,1.0,0.0,0.4610663056373596,0.9999999999999998,0.7785124182701111,,,0.3333333333333333,,
test_group_0137,diverse_balanced,rating_user_knn_dbscan_minority_nash,rating_user_knn,dbscan_minority_nash,0.0,0.0,0.0,0.0,0.0,0.0,0.0,0.0,,,0.0,1.0,0.0,0.48657870292663574,0.9999999999999998,0.7785124182701111,,,0.3333333333333333,,2.0
test_group_0137,diverse_balanced,rating_user_knn_least_misery,rating_user_knn,least_misery,0.0,0.0,0.0,0.0,0.0,0.0,0.0,0.0,,,0.0,1.0,0.0,0.38640084862709045,0.9999999999999998,0.7785124182701111,,,0.3333333333333333,,
test_group_0137,diverse_balanced,rating_user_knn_nash_welfare,rating_user_knn,nash_welfare,0.0,0.0,0.0,0.0,0.0,0.0,0.0,0.0,,,0.0,1.0,0.0,0.48657870292663574,0.9999999999999998,0.7785124182701111,,,0.3333333333333333,,
test_group_0137,diverse_balanced,rating_user_knn_tuned_fairness,rating_user_knn,tuned_fairness,0.0,0.0,0.0,0.0,0.0,0.0,0.0,0.0,,,0.0,1.0,0.0,0.4610663056373596,0.9999999999999998,0.7785124182701111,,,0.3333333333333333,0.0,
test_group_0138,diverse_balanced,hybrid_mf_bayes_average,hybrid_mf_bayes,average,0.0,0.0,0.0,0.0,0.0,0.0,0.0,0.0,,,0.0,1.0,0.0,0.284922331571579,0.9999999999999998,0.7293394207954407,,,0.3333333333333333,,
test_group_0138,diverse_balanced,hybrid_mf_bayes_dbscan_minority_nash,hybrid_mf_bayes,dbscan_minority_nash,0.0,0.0,0.0,0.0,0.0,0.0,0.0,0.0,,,0.0,1.0,0.0,0.284922331571579,0.9999999999999998,0.7293394207954407,,,0.3333333333333333,,2.0
test_group_0138,diverse_balanced,hybrid_mf_bayes_least_misery,hybrid_mf_bayes,least_misery,0.0,0.0,0.0,0.0,0.0,0.0,0.0,0.0,,,0.0,1.0,0.0,0.2612888216972351,0.9999999999999998,0.7293394207954407,,,0.3333333333333333,,
test_group_0138,diverse_balanced,hybrid_mf_bayes_nash_welfare,hybrid_mf_bayes,nash_welfare,0.0,0.0,0.0,0.0,0.0,0.0,0.0,0.0,,,0.0,1.0,0.0,0.284922331571579,0.9999999999999998,0.7293394207954407,,,0.3333333333333333,,
test_group_0138,diverse_balanced,hybrid_mf_bayes_tuned_fairness,hybrid_mf_bayes,tuned_fairness,0.0,0.0,0.0,0.0,0.0,0.0,0.0,0.0,,,0.0,1.0,0.0,0.284922331571579,0.9999999999999998,0.7293394207954407,,,0.3333333333333333,0.0,
test_group_0138,diverse_balanced,mf_average,mf,average,0.03333333333333333,0.052631578947368425,0.07839826897867533,0.026132756326225113,0.026132756326225113,0.036957298418738856,0.0,0.33333333333333337,,,0.07839826897867534,0.6666666666666666,0.3333333333333333,0.2741474509239197,0.9999999999999998,0.7293394207954407,,,0.3333333333333333,,
test_group_0138,diverse_balanced,mf_dbscan_minority_nash,mf,dbscan_minority_nash,0.03333333333333333,0.052631578947368425,0.07336392209936006,0.024454640699786687,0.024454640699786687,0.03458408454059941,0.0,0.33333333333333337,,,0.07336392209936006,0.6666666666666666,0.3333333333333333,0.2741474509239197,0.9999999999999998,0.7293394207954407,,,0.3333333333333333,,2.0
test_group_0138,diverse_balanced,mf_least_misery,mf,least_misery,0.0,0.0,0.0,0.0,0.0,0.0,0.0,0.0,,,0.0,1.0,0.0,0.2659909427165985,0.9999999999999998,0.7293394207954407,,,0.3333333333333333,,
test_group_0138,diverse_balanced,mf_nash_welfare,mf,nash_welfare,0.03333333333333333,0.052631578947368425,0.07336392209936006,0.024454640699786687,0.024454640699786687,0.03458408454059941,0.0,0.33333333333333337,,,0.07336392209936006,0.6666666666666666,0.3333333333333333,0.2741474509239197,0.9999999999999998,0.7293394207954407,,,0.3333333333333333,,
test_group_0138,diverse_balanced,mf_tuned_fairness,mf,tuned_fairness,0.03333333333333333,0.052631578947368425,0.07839826897867533,0.026132756326225113,0.026132756326225113,0.036957298418738856,0.0,0.33333333333333337,,,0.07839826897867534,0.6666666666666666,0.3333333333333333,0.2741474509239197,0.9999999999999998,0.7293394207954407,,,0.3333333333333333,0.0,
test_group_0138,diverse_balanced,rating_user_knn_average,rating_user_knn,average,0.0,0.0,0.0,0.0,0.0,0.0,0.0,0.0,,,0.0,1.0,0.0,0.6158955693244934,0.9999999999999998,0.7293394207954407,,,0.3333333333333333,,
test_group_0138,diverse_balanced,rating_user_knn_dbscan_minority_nash,rating_user_knn,dbscan_minority_nash,0.0,0.0,0.0,0.0,0.0,0.0,0.0,0.0,,,0.0,1.0,0.0,0.6158955693244934,0.9999999999999998,0.7293394207954407,,,0.3333333333333333,,2.0
test_group_0138,diverse_balanced,rating_user_knn_least_misery,rating_user_knn,least_misery,0.0,0.0,0.0,0.0,0.0,0.0,0.0,0.0,,,0.0,1.0,0.0,0.36583536863327026,0.9999999999999998,0.7293394207954407,,,0.3333333333333333,,
test_group_0138,diverse_balanced,rating_user_knn_nash_welfare,rating_user_knn,nash_welfare,0.0,0.0,0.0,0.0,0.0,0.0,0.0,0.0,,,0.0,1.0,0.0,0.6158955693244934,0.9999999999999998,0.7293394207954407,,,0.3333333333333333,,
test_group_0138,diverse_balanced,rating_user_knn_tuned_fairness,rating_user_knn,tuned_fairness,0.0,0.0,0.0,0.0,0.0,0.0,0.0,0.0,,,0.0,1.0,0.0,0.6158955693244934,0.9999999999999998,0.7293394207954407,,,0.3333333333333333,0.0,
test_group_0139,diverse_balanced,hybrid_mf_bayes_average,hybrid_mf_bayes,average,0.0,0.0,0.0,0.0,0.0,0.0,0.0,0.0,,,0.0,1.0,0.0,0.2530849575996399,0.9999999999999998,1.0619299411773682,,,0.3333333333333333,,
test_group_0139,diverse_balanced,hybrid_mf_bayes_dbscan_minority_nash,hybrid_mf_bayes,dbscan_minority_nash,0.0,0.0,0.0,0.0,0.0,0.0,0.0,0.0,,,0.0,1.0,0.0,0.2703081965446472,0.9999999999999998,1.0619299411773682,,,0.3333333333333333,,2.0
test_group_0139,diverse_balanced,hybrid_mf_bayes_least_misery,hybrid_mf_bayes,least_misery,0.0,0.0,0.0,0.0,0.0,0.0,0.0,0.0,,,0.0,1.0,0.0,0.30393317341804504,0.9999999999999998,1.0619299411773682,,,0.3333333333333333,,
test_group_0139,diverse_balanced,hybrid_mf_bayes_nash_welfare,hybrid_mf_bayes,nash_welfare,0.0,0.0,0.0,0.0,0.0,0.0,0.0,0.0,,,0.0,1.0,0.0,0.2703081965446472,0.9999999999999998,1.0619299411773682,,,0.3333333333333333,,
test_group_0139,diverse_balanced,hybrid_mf_bayes_tuned_fairness,hybrid_mf_bayes,tuned_fairness,0.0,0.0,0.0,0.0,0.0,0.0,0.0,0.0,,,0.0,1.0,0.0,0.2530849575996399,0.9999999999999998,1.0619299411773682,,,0.3333333333333333,0.0,
test_group_0139,diverse_balanced,mf_average,mf,average,0.0,0.0,0.0,0.0,0.0,0.0,0.0,0.0,,,0.0,1.0,0.0,0.2651836574077606,0.9999999999999998,1.0619299411773682,,,0.3333333333333333,,
test_group_0139,diverse_balanced,mf_dbscan_minority_nash,mf,dbscan_minority_nash,0.0,0.0,0.0,0.0,0.0,0.0,0.0,0.0,,,0.0,1.0,0.0,0.25266435742378235,0.9999999999999998,1.0619299411773682,,,0.3333333333333333,,2.0
test_group_0139,diverse_balanced,mf_least_misery,mf,least_misery,0.0,0.0,0.0,0.0,0.0,0.0,0.0,0.0,,,0.0,1.0,0.0,0.23267652094364166,0.9999999999999998,1.0619299411773682,,,0.3333333333333333,,
test_group_0139,diverse_balanced,mf_nash_welfare,mf,nash_welfare,0.0,0.0,0.0,0.0,0.0,0.0,0.0,0.0,,,0.0,1.0,0.0,0.25266435742378235,0.9999999999999998,1.0619299411773682,,,0.3333333333333333,,
test_group_0139,diverse_balanced,mf_tuned_fairness,mf,tuned_fairness,0.0,0.0,0.0,0.0,0.0,0.0,0.0,0.0,,,0.0,1.0,0.0,0.2651836574077606,0.9999999999999998,1.0619299411773682,,,0.3333333333333333,0.0,
test_group_0139,diverse_balanced,rating_user_knn_average,rating_user_knn,average,0.0,0.0,0.0,0.0,0.0,0.0,0.0,0.0,,,0.0,1.0,0.0,0.544228196144104,0.9999999999999998,1.0619299411773682,,,0.3333333333333333,,
test_group_0139,diverse_balanced,rating_user_knn_dbscan_minority_nash,rating_user_knn,dbscan_minority_nash,0.0,0.0,0.0,0.0,0.0,0.0,0.0,0.0,,,0.0,1.0,0.0,0.544228196144104,0.9999999999999998,1.0619299411773682,,,0.3333333333333333,,2.0
test_group_0139,diverse_balanced,rating_user_knn_least_misery,rating_user_knn,least_misery,0.0,0.0,0.0,0.0,0.0,0.0,0.0,0.0,,,0.0,1.0,0.0,0.585477888584137,0.9999999999999998,1.0619299411773682,,,0.3333333333333333,,
test_group_0139,diverse_balanced,rating_user_knn_nash_welfare,rating_user_knn,nash_welfare,0.0,0.0,0.0,0.0,0.0,0.0,0.0,0.0,,,0.0,1.0,0.0,0.544228196144104,0.9999999999999998,1.0619299411773682,,,0.3333333333333333,,
test_group_0139,diverse_balanced,rating_user_knn_tuned_fairness,rating_user_knn,tuned_fairness,0.0,0.0,0.0,0.0,0.0,0.0,0.0,0.0,,,0.0,1.0,0.0,0.544228196144104,0.9999999999999998,1.0619299411773682,,,0.3333333333333333,0.0,
test_group_0140,diverse_balanced,hybrid_mf_bayes_average,hybrid_mf_bayes,average,0.0,0.0,0.0,0.0,0.0,0.0,0.0,0.0,,,0.0,1.0,0.0,0.28811320662498474,0.9999999999999998,0.5738143920898438,,,0.3333333333333333,,
test_group_0140,diverse_balanced,hybrid_mf_bayes_dbscan_minority_nash,hybrid_mf_bayes,dbscan_minority_nash,0.0,0.0,0.0,0.0,0.0,0.0,0.0,0.0,,,0.0,1.0,0.0,0.28811320662498474,0.9999999999999998,0.5738143920898438,,,0.3333333333333333,,2.0
test_group_0140,diverse_balanced,hybrid_mf_bayes_least_misery,hybrid_mf_bayes,least_misery,0.0,0.0,0.0,0.0,0.0,0.0,0.0,0.0,,,0.0,1.0,0.0,0.30122876167297363,0.9999999999999998,0.5738143920898438,,,0.3333333333333333,,
test_group_0140,diverse_balanced,hybrid_mf_bayes_nash_welfare,hybrid_mf_bayes,nash_welfare,0.0,0.0,0.0,0.0,0.0,0.0,0.0,0.0,,,0.0,1.0,0.0,0.28811320662498474,0.9999999999999998,0.5738143920898438,,,0.3333333333333333,,
test_group_0140,diverse_balanced,hybrid_mf_bayes_tuned_fairness,hybrid_mf_bayes,tuned_fairness,0.0,0.0,0.0,0.0,0.0,0.0,0.0,0.0,,,0.0,1.0,0.0,0.28811320662498474,0.9999999999999998,0.5738143920898438,,,0.3333333333333333,0.0,
test_group_0140,diverse_balanced,mf_average,mf,average,0.03333333333333333,0.1111111111111111,0.08372491399919348,0.03592971817483698,0.03592971817483698,0.05081229473509754,0.0,0.33333333333333337,,,0.10778915452451093,0.6666666666666666,0.3333333333333333,0.33992984890937805,0.9999999999999998,0.5738143920898438,,,0.3333333333333333,,
test_group_0140,diverse_balanced,mf_dbscan_minority_nash,mf,dbscan_minority_nash,0.03333333333333333,0.1111111111111111,0.07834851647149513,0.03362249038875705,0.03362249038875705,0.04754938190853925,0.0,0.3333333333333333,,,0.10086747116627115,0.6666666666666666,0.3333333333333333,0.33992984890937805,0.9999999999999998,0.5738143920898438,,,0.3333333333333333,,2.0
test_group_0140,diverse_balanced,mf_least_misery,mf,least_misery,0.0,0.0,0.0,0.0,0.0,0.0,0.0,0.0,,,0.0,1.0,0.0,0.32690057158470154,0.9999999999999998,0.5738143920898438,,,0.3333333333333333,,
test_group_0140,diverse_balanced,mf_nash_welfare,mf,nash_welfare,0.03333333333333333,0.1111111111111111,0.07834851647149513,0.03362249038875705,0.03362249038875705,0.04754938190853925,0.0,0.3333333333333333,,,0.10086747116627115,0.6666666666666666,0.3333333333333333,0.33992984890937805,0.9999999999999998,0.5738143920898438,,,0.3333333333333333,,
test_group_0140,diverse_balanced,mf_tuned_fairness,mf,tuned_fairness,0.03333333333333333,0.1111111111111111,0.08372491399919348,0.03592971817483698,0.03592971817483698,0.05081229473509754,0.0,0.33333333333333337,,,0.10778915452451093,0.6666666666666666,0.3333333333333333,0.33992984890937805,0.9999999999999998,0.5738143920898438,,,0.3333333333333333,0.0,
test_group_0140,diverse_balanced,rating_user_knn_average,rating_user_knn,average,0.0,0.0,0.0,0.0,0.0,0.0,0.0,0.0,,,0.0,1.0,0.0,0.6326310634613037,0.9999999999999998,0.5738143920898438,,,0.3333333333333333,,
test_group_0140,diverse_balanced,rating_user_knn_dbscan_minority_nash,rating_user_knn,dbscan_minority_nash,0.0,0.0,0.0,0.0,0.0,0.0,0.0,0.0,,,0.0,1.0,0.0,0.6548495292663574,0.9999999999999998,0.5738143920898438,,,0.3333333333333333,,2.0
test_group_0140,diverse_balanced,rating_user_knn_least_misery,rating_user_knn,least_misery,0.0,0.0,0.0,0.0,0.0,0.0,0.0,0.0,,,0.0,1.0,0.0,0.40807977318763733,0.9999999999999998,0.5738143920898438,,,0.3333333333333333,,
test_group_0140,diverse_balanced,rating_user_knn_nash_welfare,rating_user_knn,nash_welfare,0.0,0.0,0.0,0.0,0.0,0.0,0.0,0.0,,,0.0,1.0,0.0,0.6548495292663574,0.9999999999999998,0.5738143920898438,,,0.3333333333333333,,
test_group_0140,diverse_balanced,rating_user_knn_tuned_fairness,rating_user_knn,tuned_fairness,0.0,0.0,0.0,0.0,0.0,0.0,0.0,0.0,,,0.0,1.0,0.0,0.6326310634613037,0.9999999999999998,0.5738143920898438,,,0.3333333333333333,0.0,
test_group_0141,diverse_balanced,hybrid_mf_bayes_average,hybrid_mf_bayes,average,0.03333333333333333,0.03333333333333332,0.09478836436955076,0.03159612145651693,0.03159612145651693,0.04468366348219379,0.0,0.3333333333333333,,,0.09478836436955079,0.6666666666666666,0.3333333333333333,0.22684608399868011,0.9999999999999998,0.5014163851737976,,,0.3333333333333333,,
test_group_0141,diverse_balanced,hybrid_mf_bayes_dbscan_minority_nash,hybrid_mf_bayes,dbscan_minority_nash,0.03333333333333333,0.03333333333333332,0.09478836436955076,0.03159612145651693,0.03159612145651693,0.04468366348219379,0.0,0.3333333333333333,,,0.09478836436955079,0.6666666666666666,0.3333333333333333,0.22684608399868011,0.9999999999999998,0.5014163851737976,,,0.3333333333333333,,2.0
test_group_0141,diverse_balanced,hybrid_mf_bayes_least_misery,hybrid_mf_bayes,least_misery,0.03333333333333333,0.03333333333333332,0.085143117641621,0.02838103921387367,0.02838103921387367,0.04013685057050279,0.0,0.3333333333333333,,,0.08514311764162101,0.6666666666666666,0.3333333333333333,0.22494453191757202,0.9999999999999998,0.5014163851737976,,,0.3333333333333333,,
test_group_0141,diverse_balanced,hybrid_mf_bayes_nash_welfare,hybrid_mf_bayes,nash_welfare,0.03333333333333333,0.03333333333333332,0.09478836436955076,0.03159612145651693,0.03159612145651693,0.04468366348219379,0.0,0.3333333333333333,,,0.09478836436955079,0.6666666666666666,0.3333333333333333,0.22684608399868011,0.9999999999999998,0.5014163851737976,,,0.3333333333333333,,
test_group_0141,diverse_balanced,hybrid_mf_bayes_tuned_fairness,hybrid_mf_bayes,tuned_fairness,0.03333333333333333,0.03333333333333332,0.09478836436955076,0.03159612145651693,0.03159612145651693,0.04468366348219379,0.0,0.3333333333333333,,,0.09478836436955079,0.6666666666666666,0.3333333333333333,0.22684608399868011,0.9999999999999998,0.5014163851737976,,,0.3333333333333333,0.0,
test_group_0141,diverse_balanced,mf_average,mf,average,0.03333333333333333,0.03333333333333332,0.09478836436955076,0.03159612145651693,0.03159612145651693,0.04468366348219379,0.0,0.3333333333333333,,,0.09478836436955079,0.6666666666666666,0.3333333333333333,0.24130424857139587,0.9999999999999998,0.5014163851737976,,,0.3333333333333333,,
test_group_0141,diverse_balanced,mf_dbscan_minority_nash,mf,dbscan_minority_nash,0.03333333333333333,0.03333333333333332,0.09478836436955076,0.03159612145651693,0.03159612145651693,0.04468366348219379,0.0,0.3333333333333333,,,0.09478836436955079,0.6666666666666666,0.3333333333333333,0.24130424857139587,0.9999999999999998,0.5014163851737976,,,0.3333333333333333,,2.0
test_group_0141,diverse_balanced,mf_least_misery,mf,least_misery,0.03333333333333333,0.03333333333333332,0.07336392209936006,0.024454640699786687,0.024454640699786687,0.03458408454059941,0.0,0.33333333333333337,,,0.07336392209936006,0.6666666666666666,0.3333333333333333,0.23278795182704926,0.9999999999999998,0.5014163851737976,,,0.3333333333333333,,
test_group_0141,diverse_balanced,mf_nash_welfare,mf,nash_welfare,0.03333333333333333,0.03333333333333332,0.09478836436955076,0.03159612145651693,0.03159612145651693,0.04468366348219379,0.0,0.3333333333333333,,,0.09478836436955079,0.6666666666666666,0.3333333333333333,0.24130424857139587,0.9999999999999998,0.5014163851737976,,,0.3333333333333333,,
test_group_0141,diverse_balanced,mf_tuned_fairness,mf,tuned_fairness,0.03333333333333333,0.03333333333333332,0.09478836436955076,0.03159612145651693,0.03159612145651693,0.04468366348219379,0.0,0.3333333333333333,,,0.09478836436955079,0.6666666666666666,0.3333333333333333,0.24130424857139587,0.9999999999999998,0.5014163851737976,,,0.3333333333333333,0.0,
test_group_0141,diverse_balanced,rating_user_knn_average,rating_user_knn,average,0.0,0.0,0.0,0.0,0.0,0.0,0.0,0.0,,,0.0,1.0,0.0,0.505614161491394,0.9999999999999998,0.5014163851737976,,,0.3333333333333333,,
test_group_0141,diverse_balanced,rating_user_knn_dbscan_minority_nash,rating_user_knn,dbscan_minority_nash,0.0,0.0,0.0,0.0,0.0,0.0,0.0,0.0,,,0.0,1.0,0.0,0.37605082988739014,0.9999999999999998,0.5014163851737976,,,0.3333333333333333,,2.0
test_group_0141,diverse_balanced,rating_user_knn_least_misery,rating_user_knn,least_misery,0.0,0.0,0.0,0.0,0.0,0.0,0.0,0.0,,,0.0,1.0,0.0,0.3960461914539337,0.9999999999999998,0.5014163851737976,,,0.3333333333333333,,
test_group_0141,diverse_balanced,rating_user_knn_nash_welfare,rating_user_knn,nash_welfare,0.0,0.0,0.0,0.0,0.0,0.0,0.0,0.0,,,0.0,1.0,0.0,0.37605082988739014,0.9999999999999998,0.5014163851737976,,,0.3333333333333333,,
test_group_0141,diverse_balanced,rating_user_knn_tuned_fairness,rating_user_knn,tuned_fairness,0.0,0.0,0.0,0.0,0.0,0.0,0.0,0.0,,,0.0,1.0,0.0,0.505614161491394,0.9999999999999998,0.5014163851737976,,,0.3333333333333333,0.0,
test_group_0142,diverse_balanced,hybrid_mf_bayes_average,hybrid_mf_bayes,average,0.06666666666666667,0.03571428571428573,0.12192845648974591,0.1247359813198363,0.1247359813198363,0.12128565343636477,0.0,0.5140217318207676,,,0.2890648263178879,0.3333333333333333,0.6666666666666666,0.25802960991859436,0.9999999999999998,0.7944063544273376,,,0.3333333333333333,,
test_group_0142,diverse_balanced,hybrid_mf_bayes_dbscan_minority_nash,hybrid_mf_bayes,dbscan_minority_nash,0.03333333333333333,0.017857142857142867,0.06978419164318801,0.02838103921387367,0.02838103921387367,0.04013685057050279,0.0,0.3333333333333333,,,0.08514311764162101,0.6666666666666666,0.3333333333333333,0.2380463033914566,0.9999999999999998,0.7944063544273376,,,0.3333333333333333,,2.0
test_group_0142,diverse_balanced,hybrid_mf_bayes_least_misery,hybrid_mf_bayes,least_misery,0.06666666666666667,0.03571428571428573,0.1090508220864619,0.11949868275155506,0.11949868275155506,0.12320628075948388,0.0,0.4847274116358821,,,0.2890648263178879,0.3333333333333333,0.6666666666666666,0.3005797863006592,0.9999999999999998,0.7944063544273376,,,0.3333333333333333,,
test_group_0142,diverse_balanced,hybrid_mf_bayes_nash_welfare,hybrid_mf_bayes,nash_welfare,0.03333333333333333,0.017857142857142867,0.06978419164318801,0.02838103921387367,0.02838103921387367,0.04013685057050279,0.0,0.3333333333333333,,,0.08514311764162101,0.6666666666666666,0.3333333333333333,0.2380463033914566,0.9999999999999998,0.7944063544273376,,,0.3333333333333333,,
test_group_0142,diverse_balanced,hybrid_mf_bayes_tuned_fairness,hybrid_mf_bayes,tuned_fairness,0.06666666666666667,0.03571428571428573,0.12192845648974591,0.1247359813198363,0.1247359813198363,0.12128565343636477,0.0,0.5140217318207676,,,0.2890648263178879,0.3333333333333333,0.6666666666666666,0.25802960991859436,0.9999999999999998,0.7944063544273376,,,0.3333333333333333,0.0,
test_group_0142,diverse_balanced,mf_average,mf,average,0.03333333333333333,0.017857142857142867,0.06425604298318155,0.026132756326225113,0.026132756326225113,0.036957298418738856,0.0,0.33333333333333337,,,0.07839826897867534,0.6666666666666666,0.3333333333333333,0.26415765285491943,0.9999999999999998,0.7944063544273376,,,0.3333333333333333,,
test_group_0142,diverse_balanced,mf_dbscan_minority_nash,mf,dbscan_minority_nash,0.03333333333333333,0.017857142857142867,0.06012983951359323,0.024454640699786687,0.024454640699786687,0.03458408454059941,0.0,0.33333333333333337,,,0.07336392209936006,0.6666666666666666,0.3333333333333333,0.2581094801425934,0.9999999999999998,0.7944063544273376,,,0.3333333333333333,,2.0
test_group_0142,diverse_balanced,mf_least_misery,mf,least_misery,0.0,0.0,0.0,0.0,0.0,0.0,0.0,0.0,,,0.0,1.0,0.0,0.2599279582500458,0.9999999999999998,0.7944063544273376,,,0.3333333333333333,,
test_group_0142,diverse_balanced,mf_nash_welfare,mf,nash_welfare,0.03333333333333333,0.017857142857142867,0.06012983951359323,0.024454640699786687,0.024454640699786687,0.03458408454059941,0.0,0.33333333333333337,,,0.07336392209936006,0.6666666666666666,0.3333333333333333,0.2581094801425934,0.9999999999999998,0.7944063544273376,,,0.3333333333333333,,
test_group_0142,diverse_balanced,mf_tuned_fairness,mf,tuned_fairness,0.03333333333333333,0.017857142857142867,0.06425604298318155,0.026132756326225113,0.026132756326225113,0.036957298418738856,0.0,0.33333333333333337,,,0.07839826897867534,0.6666666666666666,0.3333333333333333,0.26415765285491943,0.9999999999999998,0.7944063544273376,,,0.3333333333333333,0.0,
test_group_0142,diverse_balanced,rating_user_knn_average,rating_user_knn,average,0.0,0.0,0.0,0.0,0.0,0.0,0.0,0.0,,,0.0,1.0,0.0,0.37912970781326294,0.9999999999999998,0.7944063544273376,,,0.3333333333333333,,
test_group_0142,diverse_balanced,rating_user_knn_dbscan_minority_nash,rating_user_knn,dbscan_minority_nash,0.0,0.0,0.0,0.0,0.0,0.0,0.0,0.0,,,0.0,1.0,0.0,0.3429986238479614,0.9999999999999998,0.7944063544273376,,,0.3333333333333333,,2.0
test_group_0142,diverse_balanced,rating_user_knn_least_misery,rating_user_knn,least_misery,0.0,0.0,0.0,0.0,0.0,0.0,0.0,0.0,,,0.0,1.0,0.0,0.3294401466846466,0.9999999999999998,0.7944063544273376,,,0.3333333333333333,,
test_group_0142,diverse_balanced,rating_user_knn_nash_welfare,rating_user_knn,nash_welfare,0.0,0.0,0.0,0.0,0.0,0.0,0.0,0.0,,,0.0,1.0,0.0,0.3429986238479614,0.9999999999999998,0.7944063544273376,,,0.3333333333333333,,
test_group_0142,diverse_balanced,rating_user_knn_tuned_fairness,rating_user_knn,tuned_fairness,0.0,0.0,0.0,0.0,0.0,0.0,0.0,0.0,,,0.0,1.0,0.0,0.37912970781326294,0.9999999999999998,0.7944063544273376,,,0.3333333333333333,0.0,
test_group_0143,diverse_balanced,hybrid_mf_bayes_average,hybrid_mf_bayes,average,0.0,0.0,0.0,0.0,0.0,0.0,0.0,0.0,,,0.0,1.0,0.0,0.2544615566730499,0.9999999999999998,0.6582466959953308,,,0.3333333333333333,,
test_group_0143,diverse_balanced,hybrid_mf_bayes_dbscan_minority_nash,hybrid_mf_bayes,dbscan_minority_nash,0.0,0.0,0.0,0.0,0.0,0.0,0.0,0.0,,,0.0,1.0,0.0,0.2544615566730499,0.9999999999999998,0.6582466959953308,,,0.3333333333333333,,2.0
test_group_0143,diverse_balanced,hybrid_mf_bayes_least_misery,hybrid_mf_bayes,least_misery,0.0,0.0,0.0,0.0,0.0,0.0,0.0,0.0,,,0.0,1.0,0.0,0.2726694643497467,0.9999999999999998,0.6582466959953308,,,0.3333333333333333,,
test_group_0143,diverse_balanced,hybrid_mf_bayes_nash_welfare,hybrid_mf_bayes,nash_welfare,0.0,0.0,0.0,0.0,0.0,0.0,0.0,0.0,,,0.0,1.0,0.0,0.2544615566730499,0.9999999999999998,0.6582466959953308,,,0.3333333333333333,,
test_group_0143,diverse_balanced,hybrid_mf_bayes_tuned_fairness,hybrid_mf_bayes,tuned_fairness,0.0,0.0,0.0,0.0,0.0,0.0,0.0,0.0,,,0.0,1.0,0.0,0.2544615566730499,0.9999999999999998,0.6582466959953308,,,0.3333333333333333,0.0,
test_group_0143,diverse_balanced,mf_average,mf,average,0.0,0.0,0.0,0.0,0.0,0.0,0.0,0.0,,,0.0,1.0,0.0,0.25446152687072754,0.9999999999999998,0.6582466959953308,,,0.3333333333333333,,
test_group_0143,diverse_balanced,mf_dbscan_minority_nash,mf,dbscan_minority_nash,0.0,0.0,0.0,0.0,0.0,0.0,0.0,0.0,,,0.0,1.0,0.0,0.2544615566730499,0.9999999999999998,0.6582466959953308,,,0.3333333333333333,,2.0
test_group_0143,diverse_balanced,mf_least_misery,mf,least_misery,0.0,0.0,0.0,0.0,0.0,0.0,0.0,0.0,,,0.0,1.0,0.0,0.27393007278442383,0.9999999999999998,0.6582466959953308,,,0.3333333333333333,,
test_group_0143,diverse_balanced,mf_nash_welfare,mf,nash_welfare,0.0,0.0,0.0,0.0,0.0,0.0,0.0,0.0,,,0.0,1.0,0.0,0.2544615566730499,0.9999999999999998,0.6582466959953308,,,0.3333333333333333,,
test_group_0143,diverse_balanced,mf_tuned_fairness,mf,tuned_fairness,0.0,0.0,0.0,0.0,0.0,0.0,0.0,0.0,,,0.0,1.0,0.0,0.25446152687072754,0.9999999999999998,0.6582466959953308,,,0.3333333333333333,0.0,
test_group_0143,diverse_balanced,rating_user_knn_average,rating_user_knn,average,0.03333333333333333,0.04545454545454546,0.054302655984158565,0.06152523225985606,0.06152523225985606,0.0870098178900431,0.0,0.33333333333333337,,,0.18457569677956817,0.6666666666666666,0.3333333333333333,0.4770932197570801,0.9999999999999998,0.6582466959953308,,,0.3333333333333333,,
test_group_0143,diverse_balanced,rating_user_knn_dbscan_minority_nash,rating_user_knn,dbscan_minority_nash,0.03333333333333333,0.04545454545454546,0.056906557239904,0.0644754678724236,0.0644754678724236,0.09118208110553222,0.0,0.3333333333333333,,,0.19342640361727081,0.6666666666666666,0.3333333333333333,0.47709324955940247,0.9999999999999998,0.6582466959953308,,,0.3333333333333333,,2.0
test_group_0143,diverse_balanced,rating_user_knn_least_misery,rating_user_knn,least_misery,0.0,0.0,0.0,0.0,0.0,0.0,0.0,0.0,,,0.0,1.0,0.0,0.3616129457950592,0.9999999999999998,0.6582466959953308,,,0.3333333333333333,,
test_group_0143,diverse_balanced,rating_user_knn_nash_welfare,rating_user_knn,nash_welfare,0.03333333333333333,0.04545454545454546,0.056906557239904,0.0644754678724236,0.0644754678724236,0.09118208110553222,0.0,0.3333333333333333,,,0.19342640361727081,0.6666666666666666,0.3333333333333333,0.47709324955940247,0.9999999999999998,0.6582466959953308,,,0.3333333333333333,,
test_group_0143,diverse_balanced,rating_user_knn_tuned_fairness,rating_user_knn,tuned_fairness,0.03333333333333333,0.04545454545454546,0.054302655984158565,0.06152523225985606,0.06152523225985606,0.0870098178900431,0.0,0.33333333333333337,,,0.18457569677956817,0.6666666666666666,0.3333333333333333,0.4770932197570801,0.9999999999999998,0.6582466959953308,,,0.3333333333333333,0.0,
test_group_0144,diverse_balanced,hybrid_mf_bayes_average,hybrid_mf_bayes,average,0.03333333333333333,0.041666666666666664,0.085143117641621,0.030309343539659615,0.030309343539659615,0.042863884700411976,0.0,0.3333333333333333,,,0.09092803061897885,0.6666666666666666,0.3333333333333333,0.34720855951309204,0.9999999999999998,1.0370889902114868,,,0.3333333333333333,,
test_group_0144,diverse_balanced,hybrid_mf_bayes_dbscan_minority_nash,hybrid_mf_bayes,dbscan_minority_nash,0.03333333333333333,0.041666666666666664,0.11004588314904008,0.03917425823574757,0.03917425823574757,0.055400767292900124,0.0,0.3333333333333333,,,0.1175227747072427,0.6666666666666666,0.3333333333333333,0.34720855951309204,0.9999999999999998,1.0370889902114868,,,0.3333333333333333,,2.0
test_group_0144,diverse_balanced,hybrid_mf_bayes_least_misery,hybrid_mf_bayes,least_misery,0.06666666666666667,0.08333333333333333,0.1584091525685025,0.05639066971019699,0.05639066971019699,0.07974844989546226,0.0,0.3333333333333333,,,0.16917200913059097,0.6666666666666666,0.3333333333333333,0.3857259154319763,0.9999999999999998,1.0370889902114868,,,0.3333333333333333,,
test_group_0144,diverse_balanced,hybrid_mf_bayes_nash_welfare,hybrid_mf_bayes,nash_welfare,0.03333333333333333,0.041666666666666664,0.11004588314904008,0.03917425823574757,0.03917425823574757,0.055400767292900124,0.0,0.3333333333333333,,,0.1175227747072427,0.6666666666666666,0.3333333333333333,0.34720855951309204,0.9999999999999998,1.0370889902114868,,,0.3333333333333333,,
test_group_0144,diverse_balanced,hybrid_mf_bayes_tuned_fairness,hybrid_mf_bayes,tuned_fairness,0.03333333333333333,0.041666666666666664,0.085143117641621,0.030309343539659615,0.030309343539659615,0.042863884700411976,0.0,0.3333333333333333,,,0.09092803061897885,0.6666666666666666,0.3333333333333333,0.34720855951309204,0.9999999999999998,1.0370889902114868,,,0.3333333333333333,0.0,
test_group_0144,diverse_balanced,mf_average,mf,average,0.0,0.0,0.0,0.0,0.0,0.0,0.0,0.0,,,0.0,1.0,0.0,0.362018883228302,0.9999999999999998,1.0370889902114868,,,0.3333333333333333,,
test_group_0144,diverse_balanced,mf_dbscan_minority_nash,mf,dbscan_minority_nash,0.0,0.0,0.0,0.0,0.0,0.0,0.0,0.0,,,0.0,1.0,0.0,0.3732989728450775,0.9999999999999998,1.0370889902114868,,,0.3333333333333333,,2.0
test_group_0144,diverse_balanced,mf_least_misery,mf,least_misery,0.0,0.0,0.0,0.0,0.0,0.0,0.0,0.0,,,0.0,1.0,0.0,0.37232446670532227,0.9999999999999998,1.0370889902114868,,,0.3333333333333333,,
test_group_0144,diverse_balanced,mf_nash_welfare,mf,nash_welfare,0.0,0.0,0.0,0.0,0.0,0.0,0.0,0.0,,,0.0,1.0,0.0,0.3732989728450775,0.9999999999999998,1.0370889902114868,,,0.3333333333333333,,
test_group_0144,diverse_balanced,mf_tuned_fairness,mf,tuned_fairness,0.0,0.0,0.0,0.0,0.0,0.0,0.0,0.0,,,0.0,1.0,0.0,0.362018883228302,0.9999999999999998,1.0370889902114868,,,0.3333333333333333,0.0,
test_group_0144,diverse_balanced,rating_user_knn_average,rating_user_knn,average,0.03333333333333333,0.041666666666666664,0.09478836436955076,0.03374286940410007,0.03374286940410007,0.04771962354466247,0.0,0.33333333333333337,,,0.1012286082123002,0.6666666666666666,0.3333333333333333,0.4115387499332428,0.9999999999999998,1.0370889902114868,,,0.3333333333333333,,
test_group_0144,diverse_balanced,rating_user_knn_dbscan_minority_nash,rating_user_knn,dbscan_minority_nash,0.03333333333333333,0.041666666666666664,0.09478836436955076,0.03374286940410007,0.03374286940410007,0.04771962354466247,0.0,0.33333333333333337,,,0.1012286082123002,0.6666666666666666,0.3333333333333333,0.4115387499332428,0.9999999999999998,1.0370889902114868,,,0.3333333333333333,,2.0
test_group_0144,diverse_balanced,rating_user_knn_least_misery,rating_user_knn,least_misery,0.03333333333333333,0.041666666666666664,0.09478836436955076,0.03374286940410007,0.03374286940410007,0.04771962354466247,0.0,0.33333333333333337,,,0.1012286082123002,0.6666666666666666,0.3333333333333333,0.3486179709434509,0.9999999999999998,1.0370889902114868,,,0.3333333333333333,,
test_group_0144,diverse_balanced,rating_user_knn_nash_welfare,rating_user_knn,nash_welfare,0.03333333333333333,0.041666666666666664,0.09478836436955076,0.03374286940410007,0.03374286940410007,0.04771962354466247,0.0,0.33333333333333337,,,0.1012286082123002,0.6666666666666666,0.3333333333333333,0.4115387499332428,0.9999999999999998,1.0370889902114868,,,0.3333333333333333,,
test_group_0144,diverse_balanced,rating_user_knn_tuned_fairness,rating_user_knn,tuned_fairness,0.03333333333333333,0.041666666666666664,0.09478836436955076,0.03374286940410007,0.03374286940410007,0.04771962354466247,0.0,0.33333333333333337,,,0.1012286082123002,0.6666666666666666,0.3333333333333333,0.4115387499332428,0.9999999999999998,1.0370889902114868,,,0.3333333333333333,0.0,
test_group_0145,diverse_balanced,hybrid_mf_bayes_average,hybrid_mf_bayes,average,0.0,0.0,0.0,0.0,0.0,0.0,0.0,0.0,,,0.0,1.0,0.0,0.42944347858428955,0.9999999999999998,1.0962029695510864,,,0.3333333333333333,,
test_group_0145,diverse_balanced,hybrid_mf_bayes_dbscan_minority_nash,hybrid_mf_bayes,dbscan_minority_nash,0.03333333333333333,0.14285714285714288,0.10633668103022985,0.06051393084578422,0.06051393084578422,0.08557962171461563,0.0,0.3333333333333333,,,0.18154179253735267,0.6666666666666666,0.3333333333333333,0.6324007511138916,0.9999999999999998,1.0962029695510864,,,0.3333333333333333,,2.0
test_group_0145,diverse_balanced,hybrid_mf_bayes_least_misery,hybrid_mf_bayes,least_misery,0.03333333333333333,0.14285714285714288,0.0979129253499678,0.05572015165540076,0.05572015165540076,0.07880019416855341,0.0,0.3333333333333333,,,0.16716045496620227,0.6666666666666666,0.3333333333333333,0.606427788734436,0.9999999999999998,1.0962029695510864,,,0.3333333333333333,,
test_group_0145,diverse_balanced,hybrid_mf_bayes_nash_welfare,hybrid_mf_bayes,nash_welfare,0.03333333333333333,0.14285714285714288,0.10633668103022985,0.06051393084578422,0.06051393084578422,0.08557962171461563,0.0,0.3333333333333333,,,0.18154179253735267,0.6666666666666666,0.3333333333333333,0.6324007511138916,0.9999999999999998,1.0962029695510864,,,0.3333333333333333,,
test_group_0145,diverse_balanced,hybrid_mf_bayes_tuned_fairness,hybrid_mf_bayes,tuned_fairness,0.0,0.0,0.0,0.0,0.0,0.0,0.0,0.0,,,0.0,1.0,0.0,0.42944347858428955,0.9999999999999998,1.0962029695510864,,,0.3333333333333333,0.0,
test_group_0145,diverse_balanced,mf_average,mf,average,0.03333333333333333,0.14285714285714288,0.0979129253499678,0.05572015165540076,0.05572015165540076,0.07880019416855341,0.0,0.3333333333333333,,,0.16716045496620227,0.6666666666666666,0.3333333333333333,0.6674673557281494,0.9999999999999998,1.0962029695510864,,,0.3333333333333333,,
test_group_0145,diverse_balanced,mf_dbscan_minority_nash,mf,dbscan_minority_nash,0.06666666666666667,0.28571428571428575,0.17437146561008363,0.11366731292905123,0.11366731292905123,0.0811923291630152,0.0,0.6621544950429404,,,0.18457569677956817,0.3333333333333333,0.6666666666666666,0.6765658259391785,0.9999999999999998,1.0962029695510864,,,0.3333333333333333,,2.0
test_group_0145,diverse_balanced,mf_least_misery,mf,least_misery,0.03333333333333333,0.14285714285714288,0.27487633291429087,0.20438239758848611,0.20438239758848611,0.28904035857996724,0.0,0.33333333333333337,,,0.6131471927654584,0.6666666666666666,0.3333333333333333,0.610296905040741,0.9999999999999998,1.0962029695510864,,,0.3333333333333333,,
test_group_0145,diverse_balanced,mf_nash_welfare,mf,nash_welfare,0.06666666666666667,0.28571428571428575,0.17437146561008363,0.11366731292905123,0.11366731292905123,0.0811923291630152,0.0,0.6621544950429404,,,0.18457569677956817,0.3333333333333333,0.6666666666666666,0.6765658259391785,0.9999999999999998,1.0962029695510864,,,0.3333333333333333,,
test_group_0145,diverse_balanced,mf_tuned_fairness,mf,tuned_fairness,0.03333333333333333,0.14285714285714288,0.0979129253499678,0.05572015165540076,0.05572015165540076,0.07880019416855341,0.0,0.3333333333333333,,,0.16716045496620227,0.6666666666666666,0.3333333333333333,0.6674673557281494,0.9999999999999998,1.0962029695510864,,,0.3333333333333333,0.0,
test_group_0145,diverse_balanced,rating_user_knn_average,rating_user_knn,average,0.0,0.0,0.0,0.0,0.0,0.0,0.0,0.0,,,0.0,1.0,0.0,0.3536140024662018,0.9999999999999998,1.0962029695510864,,,0.3333333333333333,,
test_group_0145,diverse_balanced,rating_user_knn_dbscan_minority_nash,rating_user_knn,dbscan_minority_nash,0.0,0.0,0.0,0.0,0.0,0.0,0.0,0.0,,,0.0,1.0,0.0,0.3536140024662018,0.9999999999999998,1.0962029695510864,,,0.3333333333333333,,2.0
test_group_0145,diverse_balanced,rating_user_knn_least_misery,rating_user_knn,least_misery,0.0,0.0,0.0,0.0,0.0,0.0,0.0,0.0,,,0.0,1.0,0.0,0.37032973766326904,0.9999999999999998,1.0962029695510864,,,0.3333333333333333,,
test_group_0145,diverse_balanced,rating_user_knn_nash_welfare,rating_user_knn,nash_welfare,0.0,0.0,0.0,0.0,0.0,0.0,0.0,0.0,,,0.0,1.0,0.0,0.3536140024662018,0.9999999999999998,1.0962029695510864,,,0.3333333333333333,,
test_group_0145,diverse_balanced,rating_user_knn_tuned_fairness,rating_user_knn,tuned_fairness,0.0,0.0,0.0,0.0,0.0,0.0,0.0,0.0,,,0.0,1.0,0.0,0.3536140024662018,0.9999999999999998,1.0962029695510864,,,0.3333333333333333,0.0,
test_group_0146,diverse_balanced,hybrid_mf_bayes_average,hybrid_mf_bayes,average,0.0,0.0,0.0,0.0,0.0,0.0,0.0,0.0,,,0.0,1.0,0.0,0.27875423431396484,0.9999999999999998,0.7983861565589905,,,0.3333333333333333,,
test_group_0146,diverse_balanced,hybrid_mf_bayes_dbscan_minority_nash,hybrid_mf_bayes,dbscan_minority_nash,0.0,0.0,0.0,0.0,0.0,0.0,0.0,0.0,,,0.0,1.0,0.0,0.27875426411628723,0.9999999999999998,0.7983861565589905,,,0.3333333333333333,,2.0
test_group_0146,diverse_balanced,hybrid_mf_bayes_least_misery,hybrid_mf_bayes,least_misery,0.0,0.0,0.0,0.0,0.0,0.0,0.0,0.0,,,0.0,1.0,0.0,0.25644344091415405,0.9999999999999998,0.7983861565589905,,,0.3333333333333333,,
test_group_0146,diverse_balanced,hybrid_mf_bayes_nash_welfare,hybrid_mf_bayes,nash_welfare,0.0,0.0,0.0,0.0,0.0,0.0,0.0,0.0,,,0.0,1.0,0.0,0.27875426411628723,0.9999999999999998,0.7983861565589905,,,0.3333333333333333,,
test_group_0146,diverse_balanced,hybrid_mf_bayes_tuned_fairness,hybrid_mf_bayes,tuned_fairness,0.0,0.0,0.0,0.0,0.0,0.0,0.0,0.0,,,0.0,1.0,0.0,0.27875423431396484,0.9999999999999998,0.7983861565589905,,,0.3333333333333333,0.0,
test_group_0146,diverse_balanced,mf_average,mf,average,0.0,0.0,0.0,0.0,0.0,0.0,0.0,0.0,,,0.0,1.0,0.0,0.25434181094169617,0.9999999999999998,0.7983861565589905,,,0.3333333333333333,,
test_group_0146,diverse_balanced,mf_dbscan_minority_nash,mf,dbscan_minority_nash,0.0,0.0,0.0,0.0,0.0,0.0,0.0,0.0,,,0.0,1.0,0.0,0.25434181094169617,0.9999999999999998,0.7983861565589905,,,0.3333333333333333,,2.0
test_group_0146,diverse_balanced,mf_least_misery,mf,least_misery,0.0,0.0,0.0,0.0,0.0,0.0,0.0,0.0,,,0.0,1.0,0.0,0.31088685989379883,0.9999999999999998,0.7983861565589905,,,0.3333333333333333,,
test_group_0146,diverse_balanced,mf_nash_welfare,mf,nash_welfare,0.0,0.0,0.0,0.0,0.0,0.0,0.0,0.0,,,0.0,1.0,0.0,0.25434181094169617,0.9999999999999998,0.7983861565589905,,,0.3333333333333333,,
test_group_0146,diverse_balanced,mf_tuned_fairness,mf,tuned_fairness,0.0,0.0,0.0,0.0,0.0,0.0,0.0,0.0,,,0.0,1.0,0.0,0.25434181094169617,0.9999999999999998,0.7983861565589905,,,0.3333333333333333,0.0,
test_group_0146,diverse_balanced,rating_user_knn_average,rating_user_knn,average,0.0,0.0,0.0,0.0,0.0,0.0,0.0,0.0,,,0.0,1.0,0.0,0.7020823955535889,0.9999999999999998,0.7983861565589905,,,0.3333333333333333,,
test_group_0146,diverse_balanced,rating_user_knn_dbscan_minority_nash,rating_user_knn,dbscan_minority_nash,0.0,0.0,0.0,0.0,0.0,0.0,0.0,0.0,,,0.0,1.0,0.0,0.7020823955535889,0.9999999999999998,0.7983861565589905,,,0.3333333333333333,,2.0
test_group_0146,diverse_balanced,rating_user_knn_least_misery,rating_user_knn,least_misery,0.0,0.0,0.0,0.0,0.0,0.0,0.0,0.0,,,0.0,1.0,0.0,0.6278743743896484,0.9999999999999998,0.7983861565589905,,,0.3333333333333333,,
test_group_0146,diverse_balanced,rating_user_knn_nash_welfare,rating_user_knn,nash_welfare,0.0,0.0,0.0,0.0,0.0,0.0,0.0,0.0,,,0.0,1.0,0.0,0.7020823955535889,0.9999999999999998,0.7983861565589905,,,0.3333333333333333,,
test_group_0146,diverse_balanced,rating_user_knn_tuned_fairness,rating_user_knn,tuned_fairness,0.0,0.0,0.0,0.0,0.0,0.0,0.0,0.0,,,0.0,1.0,0.0,0.7020823955535889,0.9999999999999998,0.7983861565589905,,,0.3333333333333333,0.0,
test_group_0147,diverse_balanced,hybrid_mf_bayes_average,hybrid_mf_bayes,average,0.0,0.0,0.0,0.0,0.0,0.0,0.0,0.0,,,0.0,1.0,0.0,0.3523055911064148,0.9999999999999998,0.8995030522346497,,,0.3333333333333333,,
test_group_0147,diverse_balanced,hybrid_mf_bayes_dbscan_minority_nash,hybrid_mf_bayes,dbscan_minority_nash,0.0,0.0,0.0,0.0,0.0,0.0,0.0,0.0,,,0.0,1.0,0.0,0.35151323676109314,0.9999999999999998,0.8995030522346497,,,0.3333333333333333,,2.0
test_group_0147,diverse_balanced,hybrid_mf_bayes_least_misery,hybrid_mf_bayes,least_misery,0.0,0.0,0.0,0.0,0.0,0.0,0.0,0.0,,,0.0,1.0,0.0,0.38371163606643677,0.9999999999999998,0.8995030522346497,,,0.3333333333333333,,
test_group_0147,diverse_balanced,hybrid_mf_bayes_nash_welfare,hybrid_mf_bayes,nash_welfare,0.0,0.0,0.0,0.0,0.0,0.0,0.0,0.0,,,0.0,1.0,0.0,0.35151323676109314,0.9999999999999998,0.8995030522346497,,,0.3333333333333333,,
test_group_0147,diverse_balanced,hybrid_mf_bayes_tuned_fairness,hybrid_mf_bayes,tuned_fairness,0.0,0.0,0.0,0.0,0.0,0.0,0.0,0.0,,,0.0,1.0,0.0,0.3523055911064148,0.9999999999999998,0.8995030522346497,,,0.3333333333333333,0.0,
test_group_0147,diverse_balanced,mf_average,mf,average,0.0,0.0,0.0,0.0,0.0,0.0,0.0,0.0,,,0.0,1.0,0.0,0.4430948793888092,0.9999999999999998,0.8995030522346497,,,0.3333333333333333,,
test_group_0147,diverse_balanced,mf_dbscan_minority_nash,mf,dbscan_minority_nash,0.0,0.0,0.0,0.0,0.0,0.0,0.0,0.0,,,0.0,1.0,0.0,0.3456134796142578,0.9999999999999998,0.8995030522346497,,,0.3333333333333333,,2.0
test_group_0147,diverse_balanced,mf_least_misery,mf,least_misery,0.0,0.0,0.0,0.0,0.0,0.0,0.0,0.0,,,0.0,1.0,0.0,0.46235448122024536,0.9999999999999998,0.8995030522346497,,,0.3333333333333333,,
test_group_0147,diverse_balanced,mf_nash_welfare,mf,nash_welfare,0.0,0.0,0.0,0.0,0.0,0.0,0.0,0.0,,,0.0,1.0,0.0,0.3456134796142578,0.9999999999999998,0.8995030522346497,,,0.3333333333333333,,
test_group_0147,diverse_balanced,mf_tuned_fairness,mf,tuned_fairness,0.0,0.0,0.0,0.0,0.0,0.0,0.0,0.0,,,0.0,1.0,0.0,0.4430948793888092,0.9999999999999998,0.8995030522346497,,,0.3333333333333333,0.0,
test_group_0147,diverse_balanced,rating_user_knn_average,rating_user_knn,average,0.0,0.0,0.0,0.0,0.0,0.0,0.0,0.0,,,0.0,1.0,0.0,0.546081006526947,0.9999999999999998,0.8995030522346497,,,0.3333333333333333,,
test_group_0147,diverse_balanced,rating_user_knn_dbscan_minority_nash,rating_user_knn,dbscan_minority_nash,0.0,0.0,0.0,0.0,0.0,0.0,0.0,0.0,,,0.0,1.0,0.0,0.49415266513824463,0.9999999999999998,0.8995030522346497,,,0.3333333333333333,,2.0
test_group_0147,diverse_balanced,rating_user_knn_least_misery,rating_user_knn,least_misery,0.0,0.0,0.0,0.0,0.0,0.0,0.0,0.0,,,0.0,1.0,0.0,0.5035825967788696,0.9999999999999998,0.8995030522346497,,,0.3333333333333333,,
test_group_0147,diverse_balanced,rating_user_knn_nash_welfare,rating_user_knn,nash_welfare,0.0,0.0,0.0,0.0,0.0,0.0,0.0,0.0,,,0.0,1.0,0.0,0.49415266513824463,0.9999999999999998,0.8995030522346497,,,0.3333333333333333,,
test_group_0147,diverse_balanced,rating_user_knn_tuned_fairness,rating_user_knn,tuned_fairness,0.0,0.0,0.0,0.0,0.0,0.0,0.0,0.0,,,0.0,1.0,0.0,0.546081006526947,0.9999999999999998,0.8995030522346497,,,0.3333333333333333,0.0,
test_group_0148,diverse_balanced,hybrid_mf_bayes_average,hybrid_mf_bayes,average,0.0,0.0,0.0,0.0,0.0,0.0,0.0,0.0,,,0.0,1.0,0.0,0.29242584109306335,0.9999999999999998,0.5663236975669861,,,0.3333333333333333,,
test_group_0148,diverse_balanced,hybrid_mf_bayes_dbscan_minority_nash,hybrid_mf_bayes,dbscan_minority_nash,0.0,0.0,0.0,0.0,0.0,0.0,0.0,0.0,,,0.0,1.0,0.0,0.29531043767929077,0.9999999999999998,0.5663236975669861,,,0.3333333333333333,,2.0
test_group_0148,diverse_balanced,hybrid_mf_bayes_least_misery,hybrid_mf_bayes,least_misery,0.0,0.0,0.0,0.0,0.0,0.0,0.0,0.0,,,0.0,1.0,0.0,0.29531046748161316,0.9999999999999998,0.5663236975669861,,,0.3333333333333333,,
test_group_0148,diverse_balanced,hybrid_mf_bayes_nash_welfare,hybrid_mf_bayes,nash_welfare,0.0,0.0,0.0,0.0,0.0,0.0,0.0,0.0,,,0.0,1.0,0.0,0.29531043767929077,0.9999999999999998,0.5663236975669861,,,0.3333333333333333,,
test_group_0148,diverse_balanced,hybrid_mf_bayes_tuned_fairness,hybrid_mf_bayes,tuned_fairness,0.0,0.0,0.0,0.0,0.0,0.0,0.0,0.0,,,0.0,1.0,0.0,0.29242584109306335,0.9999999999999998,0.5663236975669861,,,0.3333333333333333,0.0,
test_group_0148,diverse_balanced,mf_average,mf,average,0.0,0.0,0.0,0.0,0.0,0.0,0.0,0.0,,,0.0,1.0,0.0,0.304047554731369,0.9999999999999998,0.5663236975669861,,,0.3333333333333333,,
test_group_0148,diverse_balanced,mf_dbscan_minority_nash,mf,dbscan_minority_nash,0.0,0.0,0.0,0.0,0.0,0.0,0.0,0.0,,,0.0,1.0,0.0,0.304047554731369,0.9999999999999998,0.5663236975669861,,,0.3333333333333333,,2.0
test_group_0148,diverse_balanced,mf_least_misery,mf,least_misery,0.0,0.0,0.0,0.0,0.0,0.0,0.0,0.0,,,0.0,1.0,0.0,0.30404752492904663,0.9999999999999998,0.5663236975669861,,,0.3333333333333333,,
test_group_0148,diverse_balanced,mf_nash_welfare,mf,nash_welfare,0.0,0.0,0.0,0.0,0.0,0.0,0.0,0.0,,,0.0,1.0,0.0,0.304047554731369,0.9999999999999998,0.5663236975669861,,,0.3333333333333333,,
test_group_0148,diverse_balanced,mf_tuned_fairness,mf,tuned_fairness,0.0,0.0,0.0,0.0,0.0,0.0,0.0,0.0,,,0.0,1.0,0.0,0.304047554731369,0.9999999999999998,0.5663236975669861,,,0.3333333333333333,0.0,
test_group_0148,diverse_balanced,rating_user_knn_average,rating_user_knn,average,0.03333333333333333,0.026315789473684202,0.07336392209936006,0.024454640699786687,0.024454640699786687,0.03458408454059941,0.0,0.33333333333333337,,,0.07336392209936006,0.6666666666666666,0.3333333333333333,0.676227331161499,0.9999999999999998,0.5663236975669861,,,0.3333333333333333,,
test_group_0148,diverse_balanced,rating_user_knn_dbscan_minority_nash,rating_user_knn,dbscan_minority_nash,0.03333333333333333,0.026315789473684202,0.07336392209936006,0.024454640699786687,0.024454640699786687,0.03458408454059941,0.0,0.33333333333333337,,,0.07336392209936006,0.6666666666666666,0.3333333333333333,0.657857358455658,0.9999999999999998,0.5663236975669861,,,0.3333333333333333,,2.0
test_group_0148,diverse_balanced,rating_user_knn_least_misery,rating_user_knn,least_misery,0.03333333333333333,0.026315789473684202,0.085143117641621,0.02838103921387367,0.02838103921387367,0.04013685057050279,0.0,0.3333333333333333,,,0.08514311764162101,0.6666666666666666,0.3333333333333333,0.6505051851272583,0.9999999999999998,0.5663236975669861,,,0.3333333333333333,,
test_group_0148,diverse_balanced,rating_user_knn_nash_welfare,rating_user_knn,nash_welfare,0.03333333333333333,0.026315789473684202,0.07336392209936006,0.024454640699786687,0.024454640699786687,0.03458408454059941,0.0,0.33333333333333337,,,0.07336392209936006,0.6666666666666666,0.3333333333333333,0.657857358455658,0.9999999999999998,0.5663236975669861,,,0.3333333333333333,,
test_group_0148,diverse_balanced,rating_user_knn_tuned_fairness,rating_user_knn,tuned_fairness,0.03333333333333333,0.026315789473684202,0.07336392209936006,0.024454640699786687,0.024454640699786687,0.03458408454059941,0.0,0.33333333333333337,,,0.07336392209936006,0.6666666666666666,0.3333333333333333,0.676227331161499,0.9999999999999998,0.5663236975669861,,,0.3333333333333333,0.0,
test_group_0149,diverse_balanced,hybrid_mf_bayes_average,hybrid_mf_bayes,average,0.0,0.0,0.0,0.0,0.0,0.0,0.0,0.0,,,0.0,1.0,0.0,0.29549065232276917,0.9999999999999998,0.8572611808776855,,,0.3333333333333333,,
test_group_0149,diverse_balanced,hybrid_mf_bayes_dbscan_minority_nash,hybrid_mf_bayes,dbscan_minority_nash,0.0,0.0,0.0,0.0,0.0,0.0,0.0,0.0,,,0.0,1.0,0.0,0.29549065232276917,0.9999999999999998,0.8572611808776855,,,0.3333333333333333,,2.0
test_group_0149,diverse_balanced,hybrid_mf_bayes_least_misery,hybrid_mf_bayes,least_misery,0.0,0.0,0.0,0.0,0.0,0.0,0.0,0.0,,,0.0,1.0,0.0,0.27320191264152527,0.9999999999999998,0.8572611808776855,,,0.3333333333333333,,
test_group_0149,diverse_balanced,hybrid_mf_bayes_nash_welfare,hybrid_mf_bayes,nash_welfare,0.0,0.0,0.0,0.0,0.0,0.0,0.0,0.0,,,0.0,1.0,0.0,0.29549065232276917,0.9999999999999998,0.8572611808776855,,,0.3333333333333333,,
test_group_0149,diverse_balanced,hybrid_mf_bayes_tuned_fairness,hybrid_mf_bayes,tuned_fairness,0.0,0.0,0.0,0.0,0.0,0.0,0.0,0.0,,,0.0,1.0,0.0,0.29549065232276917,0.9999999999999998,0.8572611808776855,,,0.3333333333333333,0.0,
test_group_0149,diverse_balanced,mf_average,mf,average,0.0,0.0,0.0,0.0,0.0,0.0,0.0,0.0,,,0.0,1.0,0.0,0.3189719021320343,0.9999999999999998,0.8572611808776855,,,0.3333333333333333,,
test_group_0149,diverse_balanced,mf_dbscan_minority_nash,mf,dbscan_minority_nash,0.0,0.0,0.0,0.0,0.0,0.0,0.0,0.0,,,0.0,1.0,0.0,0.3189719319343567,0.9999999999999998,0.8572611808776855,,,0.3333333333333333,,2.0
test_group_0149,diverse_balanced,mf_least_misery,mf,least_misery,0.0,0.0,0.0,0.0,0.0,0.0,0.0,0.0,,,0.0,1.0,0.0,0.3314764201641083,0.9999999999999998,0.8572611808776855,,,0.3333333333333333,,
test_group_0149,diverse_balanced,mf_nash_welfare,mf,nash_welfare,0.0,0.0,0.0,0.0,0.0,0.0,0.0,0.0,,,0.0,1.0,0.0,0.3189719319343567,0.9999999999999998,0.8572611808776855,,,0.3333333333333333,,
test_group_0149,diverse_balanced,mf_tuned_fairness,mf,tuned_fairness,0.0,0.0,0.0,0.0,0.0,0.0,0.0,0.0,,,0.0,1.0,0.0,0.3189719021320343,0.9999999999999998,0.8572611808776855,,,0.3333333333333333,0.0,
test_group_0149,diverse_balanced,rating_user_knn_average,rating_user_knn,average,0.0,0.0,0.0,0.0,0.0,0.0,0.0,0.0,,,0.0,1.0,0.0,0.48381441831588745,0.9999999999999998,0.8572611808776855,,,0.3333333333333333,,
test_group_0149,diverse_balanced,rating_user_knn_dbscan_minority_nash,rating_user_knn,dbscan_minority_nash,0.0,0.0,0.0,0.0,0.0,0.0,0.0,0.0,,,0.0,1.0,0.0,0.33822253346443176,0.9999999999999998,0.8572611808776855,,,0.3333333333333333,,2.0
test_group_0149,diverse_balanced,rating_user_knn_least_misery,rating_user_knn,least_misery,0.0,0.0,0.0,0.0,0.0,0.0,0.0,0.0,,,0.0,1.0,0.0,0.34200090169906616,0.9999999999999998,0.8572611808776855,,,0.3333333333333333,,
test_group_0149,diverse_balanced,rating_user_knn_nash_welfare,rating_user_knn,nash_welfare,0.0,0.0,0.0,0.0,0.0,0.0,0.0,0.0,,,0.0,1.0,0.0,0.33822253346443176,0.9999999999999998,0.8572611808776855,,,0.3333333333333333,,
test_group_0149,diverse_balanced,rating_user_knn_tuned_fairness,rating_user_knn,tuned_fairness,0.0,0.0,0.0,0.0,0.0,0.0,0.0,0.0,,,0.0,1.0,0.0,0.48381441831588745,0.9999999999999998,0.8572611808776855,,,0.3333333333333333,0.0,
test_group_0150,diverse_balanced,hybrid_mf_bayes_average,hybrid_mf_bayes,average,0.0,0.0,0.0,0.0,0.0,0.0,0.0,0.0,,,0.0,1.0,0.0,0.3300710916519165,0.9999999999999998,0.592918872833252,,,0.3333333333333333,,
test_group_0150,diverse_balanced,hybrid_mf_bayes_dbscan_minority_nash,hybrid_mf_bayes,dbscan_minority_nash,0.0,0.0,0.0,0.0,0.0,0.0,0.0,0.0,,,0.0,1.0,0.0,0.32959604263305664,0.9999999999999998,0.592918872833252,,,0.3333333333333333,,2.0
test_group_0150,diverse_balanced,hybrid_mf_bayes_least_misery,hybrid_mf_bayes,least_misery,0.0,0.0,0.0,0.0,0.0,0.0,0.0,0.0,,,0.0,1.0,0.0,0.3738245368003845,0.9999999999999998,0.592918872833252,,,0.3333333333333333,,
test_group_0150,diverse_balanced,hybrid_mf_bayes_nash_welfare,hybrid_mf_bayes,nash_welfare,0.0,0.0,0.0,0.0,0.0,0.0,0.0,0.0,,,0.0,1.0,0.0,0.32959604263305664,0.9999999999999998,0.592918872833252,,,0.3333333333333333,,
test_group_0150,diverse_balanced,hybrid_mf_bayes_tuned_fairness,hybrid_mf_bayes,tuned_fairness,0.0,0.0,0.0,0.0,0.0,0.0,0.0,0.0,,,0.0,1.0,0.0,0.3300710916519165,0.9999999999999998,0.592918872833252,,,0.3333333333333333,0.0,
test_group_0150,diverse_balanced,mf_average,mf,average,0.0,0.0,0.0,0.0,0.0,0.0,0.0,0.0,,,0.0,1.0,0.0,0.46333977580070496,0.9999999999999998,0.592918872833252,,,0.3333333333333333,,
test_group_0150,diverse_balanced,mf_dbscan_minority_nash,mf,dbscan_minority_nash,0.0,0.0,0.0,0.0,0.0,0.0,0.0,0.0,,,0.0,1.0,0.0,0.46333977580070496,0.9999999999999998,0.592918872833252,,,0.3333333333333333,,2.0
test_group_0150,diverse_balanced,mf_least_misery,mf,least_misery,0.0,0.0,0.0,0.0,0.0,0.0,0.0,0.0,,,0.0,1.0,0.0,0.4677813947200775,0.9999999999999998,0.592918872833252,,,0.3333333333333333,,
test_group_0150,diverse_balanced,mf_nash_welfare,mf,nash_welfare,0.0,0.0,0.0,0.0,0.0,0.0,0.0,0.0,,,0.0,1.0,0.0,0.46333977580070496,0.9999999999999998,0.592918872833252,,,0.3333333333333333,,
test_group_0150,diverse_balanced,mf_tuned_fairness,mf,tuned_fairness,0.0,0.0,0.0,0.0,0.0,0.0,0.0,0.0,,,0.0,1.0,0.0,0.46333977580070496,0.9999999999999998,0.592918872833252,,,0.3333333333333333,0.0,
test_group_0150,diverse_balanced,rating_user_knn_average,rating_user_knn,average,0.0,0.0,0.0,0.0,0.0,0.0,0.0,0.0,,,0.0,1.0,0.0,0.5908259153366089,0.9999999999999998,0.592918872833252,,,0.3333333333333333,,
test_group_0150,diverse_balanced,rating_user_knn_dbscan_minority_nash,rating_user_knn,dbscan_minority_nash,0.0,0.0,0.0,0.0,0.0,0.0,0.0,0.0,,,0.0,1.0,0.0,0.5908259153366089,0.9999999999999998,0.592918872833252,,,0.3333333333333333,,2.0
test_group_0150,diverse_balanced,rating_user_knn_least_misery,rating_user_knn,least_misery,0.0,0.0,0.0,0.0,0.0,0.0,0.0,0.0,,,0.0,1.0,0.0,0.4080430865287781,0.9999999999999998,0.592918872833252,,,0.3333333333333333,,
test_group_0150,diverse_balanced,rating_user_knn_nash_welfare,rating_user_knn,nash_welfare,0.0,0.0,0.0,0.0,0.0,0.0,0.0,0.0,,,0.0,1.0,0.0,0.5908259153366089,0.9999999999999998,0.592918872833252,,,0.3333333333333333,,
test_group_0150,diverse_balanced,rating_user_knn_tuned_fairness,rating_user_knn,tuned_fairness,0.0,0.0,0.0,0.0,0.0,0.0,0.0,0.0,,,0.0,1.0,0.0,0.5908259153366089,0.9999999999999998,0.592918872833252,,,0.3333333333333333,0.0,
test_group_0151,diverse_minority,hybrid_mf_bayes_average,hybrid_mf_bayes,average,0.0,0.0,0.0,0.0,0.0,0.0,0.0,0.0,0.0,1.0,0.0,1.0,0.0,0.37201982736587524,0.9182958340544894,0.9401839375495911,0.0,1.0,0.0,,
test_group_0151,diverse_minority,hybrid_mf_bayes_dbscan_minority_nash,hybrid_mf_bayes,dbscan_minority_nash,0.0,0.0,0.0,0.0,0.0,0.0,0.0,0.0,0.0,1.0,0.0,1.0,0.0,0.32000061869621277,0.9182958340544894,0.9401839375495911,0.0,1.0,0.0,,2.0
test_group_0151,diverse_minority,hybrid_mf_bayes_least_misery,hybrid_mf_bayes,least_misery,0.0,0.0,0.0,0.0,0.0,0.0,0.0,0.0,0.0,1.0,0.0,1.0,0.0,0.31315770745277405,0.9182958340544894,0.9401839375495911,0.0,1.0,0.0,,
test_group_0151,diverse_minority,hybrid_mf_bayes_nash_welfare,hybrid_mf_bayes,nash_welfare,0.0,0.0,0.0,0.0,0.0,0.0,0.0,0.0,0.0,1.0,0.0,1.0,0.0,0.37201982736587524,0.9182958340544894,0.9401839375495911,0.0,1.0,0.0,,
test_group_0151,diverse_minority,hybrid_mf_bayes_tuned_fairness,hybrid_mf_bayes,tuned_fairness,0.0,0.0,0.0,0.0,0.0,0.0,0.0,0.0,0.0,1.0,0.0,1.0,0.0,0.37201982736587524,0.9182958340544894,0.9401839375495911,0.0,1.0,0.0,0.0,
test_group_0151,diverse_minority,mf_average,mf,average,0.0,0.0,0.0,0.0,0.0,0.0,0.0,0.0,0.0,1.0,0.0,1.0,0.0,0.48543718457221985,0.9182958340544894,0.9401839375495911,0.0,1.0,0.0,,
test_group_0151,diverse_minority,mf_dbscan_minority_nash,mf,dbscan_minority_nash,0.0,0.0,0.0,0.0,0.0,0.0,0.0,0.0,0.0,1.0,0.0,1.0,0.0,0.34793680906295776,0.9182958340544894,0.9401839375495911,0.0,1.0,0.0,,2.0
test_group_0151,diverse_minority,mf_least_misery,mf,least_misery,0.0,0.0,0.0,0.0,0.0,0.0,0.0,0.0,0.0,1.0,0.0,1.0,0.0,0.3406352996826172,0.9182958340544894,0.9401839375495911,0.0,1.0,0.0,,
test_group_0151,diverse_minority,mf_nash_welfare,mf,nash_welfare,0.0,0.0,0.0,0.0,0.0,0.0,0.0,0.0,0.0,1.0,0.0,1.0,0.0,0.45354729890823364,0.9182958340544894,0.9401839375495911,0.0,1.0,0.0,,
test_group_0151,diverse_minority,mf_tuned_fairness,mf,tuned_fairness,0.0,0.0,0.0,0.0,0.0,0.0,0.0,0.0,0.0,1.0,0.0,1.0,0.0,0.48543718457221985,0.9182958340544894,0.9401839375495911,0.0,1.0,0.0,0.0,
test_group_0151,diverse_minority,rating_user_knn_average,rating_user_knn,average,0.0,0.0,0.0,0.0,0.0,0.0,0.0,0.0,0.0,1.0,0.0,1.0,0.0,0.46958431601524353,0.9182958340544894,0.9401839375495911,0.0,1.0,0.0,,
test_group_0151,diverse_minority,rating_user_knn_dbscan_minority_nash,rating_user_knn,dbscan_minority_nash,0.0,0.0,0.0,0.0,0.0,0.0,0.0,0.0,0.0,1.0,0.0,1.0,0.0,0.5208069682121277,0.9182958340544894,0.9401839375495911,0.0,1.0,0.0,,2.0
test_group_0151,diverse_minority,rating_user_knn_least_misery,rating_user_knn,least_misery,0.0,0.0,0.0,0.0,0.0,0.0,0.0,0.0,0.0,1.0,0.0,1.0,0.0,0.3678799569606781,0.9182958340544894,0.9401839375495911,0.0,1.0,0.0,,
test_group_0151,diverse_minority,rating_user_knn_nash_welfare,rating_user_knn,nash_welfare,0.0,0.0,0.0,0.0,0.0,0.0,0.0,0.0,0.0,1.0,0.0,1.0,0.0,0.39362475275993347,0.9182958340544894,0.9401839375495911,0.0,1.0,0.0,,
test_group_0151,diverse_minority,rating_user_knn_tuned_fairness,rating_user_knn,tuned_fairness,0.0,0.0,0.0,0.0,0.0,0.0,0.0,0.0,0.0,1.0,0.0,1.0,0.0,0.46958431601524353,0.9182958340544894,0.9401839375495911,0.0,1.0,0.0,0.0,
test_group_0152,diverse_minority,hybrid_mf_bayes_average,hybrid_mf_bayes,average,0.0,0.0,0.0,0.0,0.0,0.0,0.0,0.0,0.0,1.0,0.0,1.0,0.0,0.28080031275749207,0.9182958340544894,0.9197991490364075,0.0,1.0,0.0,,
test_group_0152,diverse_minority,hybrid_mf_bayes_dbscan_minority_nash,hybrid_mf_bayes,dbscan_minority_nash,0.0,0.0,0.0,0.0,0.0,0.0,0.0,0.0,0.0,1.0,0.0,1.0,0.0,0.23794324696063995,0.9182958340544894,0.9197991490364075,0.0,1.0,0.0,,2.0
test_group_0152,diverse_minority,hybrid_mf_bayes_least_misery,hybrid_mf_bayes,least_misery,0.0,0.0,0.0,0.0,0.0,0.0,0.0,0.0,0.0,1.0,0.0,1.0,0.0,0.2796804904937744,0.9182958340544894,0.9197991490364075,0.0,1.0,0.0,,
test_group_0152,diverse_minority,hybrid_mf_bayes_nash_welfare,hybrid_mf_bayes,nash_welfare,0.0,0.0,0.0,0.0,0.0,0.0,0.0,0.0,0.0,1.0,0.0,1.0,0.0,0.2931062877178192,0.9182958340544894,0.9197991490364075,0.0,1.0,0.0,,
test_group_0152,diverse_minority,hybrid_mf_bayes_tuned_fairness,hybrid_mf_bayes,tuned_fairness,0.0,0.0,0.0,0.0,0.0,0.0,0.0,0.0,0.0,1.0,0.0,1.0,0.0,0.28080031275749207,0.9182958340544894,0.9197991490364075,0.0,1.0,0.0,0.0,
test_group_0152,diverse_minority,mf_average,mf,average,0.0,0.0,0.0,0.0,0.0,0.0,0.0,0.0,0.0,1.0,0.0,1.0,0.0,0.2812861204147339,0.9182958340544894,0.9197991490364075,0.0,1.0,0.0,,
test_group_0152,diverse_minority,mf_dbscan_minority_nash,mf,dbscan_minority_nash,0.0,0.0,0.0,0.0,0.0,0.0,0.0,0.0,0.0,1.0,0.0,1.0,0.0,0.25304916501045227,0.9182958340544894,0.9197991490364075,0.0,1.0,0.0,,2.0
test_group_0152,diverse_minority,mf_least_misery,mf,least_misery,0.0,0.0,0.0,0.0,0.0,0.0,0.0,0.0,0.0,1.0,0.0,1.0,0.0,0.28168174624443054,0.9182958340544894,0.9197991490364075,0.0,1.0,0.0,,
test_group_0152,diverse_minority,mf_nash_welfare,mf,nash_welfare,0.0,0.0,0.0,0.0,0.0,0.0,0.0,0.0,0.0,1.0,0.0,1.0,0.0,0.3271363377571106,0.9182958340544894,0.9197991490364075,0.0,1.0,0.0,,
test_group_0152,diverse_minority,mf_tuned_fairness,mf,tuned_fairness,0.0,0.0,0.0,0.0,0.0,0.0,0.0,0.0,0.0,1.0,0.0,1.0,0.0,0.2812861204147339,0.9182958340544894,0.9197991490364075,0.0,1.0,0.0,0.0,
test_group_0152,diverse_minority,rating_user_knn_average,rating_user_knn,average,0.0,0.0,0.0,0.0,0.0,0.0,0.0,0.0,0.0,1.0,0.0,1.0,0.0,0.5184353590011597,0.9182958340544894,0.9197991490364075,0.0,1.0,0.0,,
test_group_0152,diverse_minority,rating_user_knn_dbscan_minority_nash,rating_user_knn,dbscan_minority_nash,0.0,0.0,0.0,0.0,0.0,0.0,0.0,0.0,0.0,1.0,0.0,1.0,0.0,0.47430068254470825,0.9182958340544894,0.9197991490364075,0.0,1.0,0.0,,2.0
test_group_0152,diverse_minority,rating_user_knn_least_misery,rating_user_knn,least_misery,0.0,0.0,0.0,0.0,0.0,0.0,0.0,0.0,0.0,1.0,0.0,1.0,0.0,0.5127144455909729,0.9182958340544894,0.9197991490364075,0.0,1.0,0.0,,
test_group_0152,diverse_minority,rating_user_knn_nash_welfare,rating_user_knn,nash_welfare,0.0,0.0,0.0,0.0,0.0,0.0,0.0,0.0,0.0,1.0,0.0,1.0,0.0,0.5184354782104492,0.9182958340544894,0.9197991490364075,0.0,1.0,0.0,,
test_group_0152,diverse_minority,rating_user_knn_tuned_fairness,rating_user_knn,tuned_fairness,0.0,0.0,0.0,0.0,0.0,0.0,0.0,0.0,0.0,1.0,0.0,1.0,0.0,0.5184353590011597,0.9182958340544894,0.9197991490364075,0.0,1.0,0.0,0.0,
test_group_0153,diverse_minority,hybrid_mf_bayes_average,hybrid_mf_bayes,average,0.06666666666666667,0.05405405405405404,0.2122263659729146,0.07074212199097153,0.07074212199097153,0.10004446835068394,0.0,0.3333333333333333,0.2122263659729146,0.0,0.2122263659729146,0.6666666666666666,0.3333333333333333,0.4328349530696869,0.9182958340544894,0.7377330660820007,0.0,1.0,0.0,,
test_group_0153,diverse_minority,hybrid_mf_bayes_dbscan_minority_nash,hybrid_mf_bayes,dbscan_minority_nash,0.0,0.0,0.0,0.0,0.0,0.0,0.0,0.0,0.0,1.0,0.0,1.0,0.0,0.2434520721435547,0.9182958340544894,0.7377330660820007,0.0,1.0,0.0,,2.0
test_group_0153,diverse_minority,hybrid_mf_bayes_least_misery,hybrid_mf_bayes,least_misery,0.0,0.0,0.0,0.0,0.0,0.0,0.0,0.0,0.0,1.0,0.0,1.0,0.0,0.3592410981655121,0.9182958340544894,0.7377330660820007,0.0,1.0,0.0,,
test_group_0153,diverse_minority,hybrid_mf_bayes_nash_welfare,hybrid_mf_bayes,nash_welfare,0.06666666666666667,0.05405405405405404,0.17947710508581738,0.05982570169527246,0.05982570169527246,0.08460631871594138,0.0,0.3333333333333333,0.17947710508581738,0.0,0.17947710508581738,0.6666666666666666,0.3333333333333333,0.4328349530696869,0.9182958340544894,0.7377330660820007,0.0,1.0,0.0,,
test_group_0153,diverse_minority,hybrid_mf_bayes_tuned_fairness,hybrid_mf_bayes,tuned_fairness,0.06666666666666667,0.05405405405405404,0.2122263659729146,0.07074212199097153,0.07074212199097153,0.10004446835068394,0.0,0.3333333333333333,0.2122263659729146,0.0,0.2122263659729146,0.6666666666666666,0.3333333333333333,0.4328349530696869,0.9182958340544894,0.7377330660820007,0.0,1.0,0.0,0.0,
test_group_0153,diverse_minority,mf_average,mf,average,0.06666666666666667,0.05405405405405404,0.35895421017163476,0.11965140339054492,0.11965140339054492,0.16921263743188275,0.0,0.3333333333333333,0.35895421017163476,0.0,0.35895421017163476,0.6666666666666666,0.3333333333333333,0.5190268754959106,0.9182958340544894,0.7377330660820007,0.0,1.0,0.0,,
test_group_0153,diverse_minority,mf_dbscan_minority_nash,mf,dbscan_minority_nash,0.0,0.0,0.0,0.0,0.0,0.0,0.0,0.0,0.0,1.0,0.0,1.0,0.0,0.26637253165245056,0.9182958340544894,0.7377330660820007,0.0,1.0,0.0,,2.0
test_group_0153,diverse_minority,mf_least_misery,mf,least_misery,0.1,0.08108108108108107,0.27584715417186634,0.09194905139062211,0.09194905139062211,0.1300355955239585,0.0,0.3333333333333333,0.27584715417186634,0.0,0.27584715417186634,0.6666666666666666,0.3333333333333333,0.46252524852752686,0.9182958340544894,0.7377330660820007,0.0,1.0,0.0,,
test_group_0153,diverse_minority,mf_nash_welfare,mf,nash_welfare,0.06666666666666667,0.05405405405405404,0.35895421017163476,0.11965140339054492,0.11965140339054492,0.16921263743188275,0.0,0.3333333333333333,0.35895421017163476,0.0,0.35895421017163476,0.6666666666666666,0.3333333333333333,0.5224106907844543,0.9182958340544894,0.7377330660820007,0.0,1.0,0.0,,
test_group_0153,diverse_minority,mf_tuned_fairness,mf,tuned_fairness,0.06666666666666667,0.05405405405405404,0.35895421017163476,0.11965140339054492,0.11965140339054492,0.16921263743188275,0.0,0.3333333333333333,0.35895421017163476,0.0,0.35895421017163476,0.6666666666666666,0.3333333333333333,0.5190268754959106,0.9182958340544894,0.7377330660820007,0.0,1.0,0.0,0.0,
test_group_0153,diverse_minority,rating_user_knn_average,rating_user_knn,average,0.0,0.0,0.0,0.0,0.0,0.0,0.0,0.0,0.0,1.0,0.0,1.0,0.0,0.38116466999053955,0.9182958340544894,0.7377330660820007,0.0,1.0,0.0,,
test_group_0153,diverse_minority,rating_user_knn_dbscan_minority_nash,rating_user_knn,dbscan_minority_nash,0.0,0.0,0.0,0.0,0.0,0.0,0.0,0.0,0.0,1.0,0.0,1.0,0.0,0.4274599850177765,0.9182958340544894,0.7377330660820007,0.0,1.0,0.0,,2.0
test_group_0153,diverse_minority,rating_user_knn_least_misery,rating_user_knn,least_misery,0.0,0.0,0.0,0.0,0.0,0.0,0.0,0.0,0.0,1.0,0.0,1.0,0.0,0.39600732922554016,0.9182958340544894,0.7377330660820007,0.0,1.0,0.0,,
test_group_0153,diverse_minority,rating_user_knn_nash_welfare,rating_user_knn,nash_welfare,0.0,0.0,0.0,0.0,0.0,0.0,0.0,0.0,0.0,1.0,0.0,1.0,0.0,0.38116466999053955,0.9182958340544894,0.7377330660820007,0.0,1.0,0.0,,
test_group_0153,diverse_minority,rating_user_knn_tuned_fairness,rating_user_knn,tuned_fairness,0.0,0.0,0.0,0.0,0.0,0.0,0.0,0.0,0.0,1.0,0.0,1.0,0.0,0.38116466999053955,0.9182958340544894,0.7377330660820007,0.0,1.0,0.0,0.0,
test_group_0154,diverse_minority,hybrid_mf_bayes_average,hybrid_mf_bayes,average,0.0,0.0,0.0,0.0,0.0,0.0,0.0,0.0,0.0,1.0,0.0,1.0,0.0,0.251300573348999,0.9182958340544894,0.90510493516922,0.0,1.0,0.0,,
test_group_0154,diverse_minority,hybrid_mf_bayes_dbscan_minority_nash,hybrid_mf_bayes,dbscan_minority_nash,0.0,0.0,0.0,0.0,0.0,0.0,0.0,0.0,0.0,1.0,0.0,1.0,0.0,0.23122088611125946,0.9182958340544894,0.90510493516922,0.0,1.0,0.0,,2.0
test_group_0154,diverse_minority,hybrid_mf_bayes_least_misery,hybrid_mf_bayes,least_misery,0.03333333333333333,0.1111111111111111,0.06794340091829075,0.03267976194378568,0.03267976194378568,0.04621616255602584,0.0,0.3333333333333333,0.0,1.0,0.04901964291567852,0.6666666666666666,0.3333333333333333,0.21788030862808228,0.9182958340544894,0.90510493516922,0.0,1.0,0.0,,
test_group_0154,diverse_minority,hybrid_mf_bayes_nash_welfare,hybrid_mf_bayes,nash_welfare,0.0,0.0,0.0,0.0,0.0,0.0,0.0,0.0,0.0,1.0,0.0,1.0,0.0,0.251300573348999,0.9182958340544894,0.90510493516922,0.0,1.0,0.0,,
test_group_0154,diverse_minority,hybrid_mf_bayes_tuned_fairness,hybrid_mf_bayes,tuned_fairness,0.0,0.0,0.0,0.0,0.0,0.0,0.0,0.0,0.0,1.0,0.0,1.0,0.0,0.251300573348999,0.9182958340544894,0.90510493516922,0.0,1.0,0.0,0.0,
test_group_0154,diverse_minority,mf_average,mf,average,0.0,0.0,0.0,0.0,0.0,0.0,0.0,0.0,0.0,1.0,0.0,1.0,0.0,0.24546432495117188,0.9182958340544894,0.90510493516922,0.0,1.0,0.0,,
test_group_0154,diverse_minority,mf_dbscan_minority_nash,mf,dbscan_minority_nash,0.0,0.0,0.0,0.0,0.0,0.0,0.0,0.0,0.0,1.0,0.0,1.0,0.0,0.24277587234973907,0.9182958340544894,0.90510493516922,0.0,1.0,0.0,,2.0
test_group_0154,diverse_minority,mf_least_misery,mf,least_misery,0.0,0.0,0.0,0.0,0.0,0.0,0.0,0.0,0.0,1.0,0.0,1.0,0.0,0.2441890686750412,0.9182958340544894,0.90510493516922,0.0,1.0,0.0,,
test_group_0154,diverse_minority,mf_nash_welfare,mf,nash_welfare,0.0,0.0,0.0,0.0,0.0,0.0,0.0,0.0,0.0,1.0,0.0,1.0,0.0,0.24546432495117188,0.9182958340544894,0.90510493516922,0.0,1.0,0.0,,
test_group_0154,diverse_minority,mf_tuned_fairness,mf,tuned_fairness,0.0,0.0,0.0,0.0,0.0,0.0,0.0,0.0,0.0,1.0,0.0,1.0,0.0,0.24546432495117188,0.9182958340544894,0.90510493516922,0.0,1.0,0.0,0.0,
test_group_0154,diverse_minority,rating_user_knn_average,rating_user_knn,average,0.0,0.0,0.0,0.0,0.0,0.0,0.0,0.0,0.0,1.0,0.0,1.0,0.0,0.5176601409912109,0.9182958340544894,0.90510493516922,0.0,1.0,0.0,,
test_group_0154,diverse_minority,rating_user_knn_dbscan_minority_nash,rating_user_knn,dbscan_minority_nash,0.0,0.0,0.0,0.0,0.0,0.0,0.0,0.0,0.0,1.0,0.0,1.0,0.0,0.44022679328918457,0.9182958340544894,0.90510493516922,0.0,1.0,0.0,,2.0
test_group_0154,diverse_minority,rating_user_knn_least_misery,rating_user_knn,least_misery,0.0,0.0,0.0,0.0,0.0,0.0,0.0,0.0,0.0,1.0,0.0,1.0,0.0,0.4095253050327301,0.9182958340544894,0.90510493516922,0.0,1.0,0.0,,
test_group_0154,diverse_minority,rating_user_knn_nash_welfare,rating_user_knn,nash_welfare,0.0,0.0,0.0,0.0,0.0,0.0,0.0,0.0,0.0,1.0,0.0,1.0,0.0,0.5176601409912109,0.9182958340544894,0.90510493516922,0.0,1.0,0.0,,
test_group_0154,diverse_minority,rating_user_knn_tuned_fairness,rating_user_knn,tuned_fairness,0.0,0.0,0.0,0.0,0.0,0.0,0.0,0.0,0.0,1.0,0.0,1.0,0.0,0.5176601409912109,0.9182958340544894,0.90510493516922,0.0,1.0,0.0,0.0,
test_group_0155,diverse_minority,hybrid_mf_bayes_average,hybrid_mf_bayes,average,0.03333333333333333,0.0909090909090909,0.06362078819895171,0.05907976226134925,0.05907976226134925,0.08355140105177826,0.0,0.3333333333333333,0.0,1.0,0.08861964339202387,0.6666666666666666,0.3333333333333333,0.3930828869342804,0.9182958340544894,0.7326281666755676,0.0,1.0,0.0,,
test_group_0155,diverse_minority,hybrid_mf_bayes_dbscan_minority_nash,hybrid_mf_bayes,dbscan_minority_nash,0.0,0.0,0.0,0.0,0.0,0.0,0.0,0.0,0.0,1.0,0.0,1.0,0.0,0.29186394810676575,0.9182958340544894,0.7326281666755676,0.0,1.0,0.0,,2.0
test_group_0155,diverse_minority,hybrid_mf_bayes_least_misery,hybrid_mf_bayes,least_misery,0.0,0.0,0.0,0.0,0.0,0.0,0.0,0.0,0.0,1.0,0.0,1.0,0.0,0.31301015615463257,0.9182958340544894,0.7326281666755676,0.0,1.0,0.0,,
test_group_0155,diverse_minority,hybrid_mf_bayes_nash_welfare,hybrid_mf_bayes,nash_welfare,0.0,0.0,0.0,0.0,0.0,0.0,0.0,0.0,0.0,1.0,0.0,1.0,0.0,0.37545886635780334,0.9182958340544894,0.7326281666755676,0.0,1.0,0.0,,
test_group_0155,diverse_minority,hybrid_mf_bayes_tuned_fairness,hybrid_mf_bayes,tuned_fairness,0.03333333333333333,0.0909090909090909,0.06362078819895171,0.05907976226134925,0.05907976226134925,0.08355140105177826,0.0,0.3333333333333333,0.0,1.0,0.08861964339202387,0.6666666666666666,0.3333333333333333,0.3930828869342804,0.9182958340544894,0.7326281666755676,0.0,1.0,0.0,0.0,
test_group_0155,diverse_minority,mf_average,mf,average,0.03333333333333333,0.0909090909090909,0.11004588314904008,0.10219119879424306,0.10219119879424306,0.14452017928998362,0.0,0.33333333333333337,0.0,1.0,0.1532867981913646,0.6666666666666666,0.3333333333333333,0.4221980571746826,0.9182958340544894,0.7326281666755676,0.0,1.0,0.0,,
test_group_0155,diverse_minority,mf_dbscan_minority_nash,mf,dbscan_minority_nash,0.0,0.0,0.0,0.0,0.0,0.0,0.0,0.0,0.0,1.0,0.0,1.0,0.0,0.2662229835987091,0.9182958340544894,0.7326281666755676,0.0,1.0,0.0,,2.0
test_group_0155,diverse_minority,mf_least_misery,mf,least_misery,0.0,0.0,0.0,0.0,0.0,0.0,0.0,0.0,0.0,1.0,0.0,1.0,0.0,0.3545450270175934,0.9182958340544894,0.7326281666755676,0.0,1.0,0.0,,
test_group_0155,diverse_minority,mf_nash_welfare,mf,nash_welfare,0.03333333333333333,0.0909090909090909,0.11004588314904008,0.10219119879424306,0.10219119879424306,0.14452017928998362,0.0,0.33333333333333337,0.0,1.0,0.1532867981913646,0.6666666666666666,0.3333333333333333,0.42816293239593506,0.9182958340544894,0.7326281666755676,0.0,1.0,0.0,,
test_group_0155,diverse_minority,mf_tuned_fairness,mf,tuned_fairness,0.03333333333333333,0.0909090909090909,0.11004588314904008,0.10219119879424306,0.10219119879424306,0.14452017928998362,0.0,0.33333333333333337,0.0,1.0,0.1532867981913646,0.6666666666666666,0.3333333333333333,0.4221980571746826,0.9182958340544894,0.7326281666755676,0.0,1.0,0.0,0.0,
test_group_0155,diverse_minority,rating_user_knn_average,rating_user_knn,average,0.0,0.0,0.0,0.0,0.0,0.0,0.0,0.0,0.0,1.0,0.0,1.0,0.0,0.8211104273796082,0.9182958340544894,0.7326281666755676,0.0,1.0,0.0,,
test_group_0155,diverse_minority,rating_user_knn_dbscan_minority_nash,rating_user_knn,dbscan_minority_nash,0.0,0.0,0.0,0.0,0.0,0.0,0.0,0.0,0.0,1.0,0.0,1.0,0.0,0.855491042137146,0.9182958340544894,0.7326281666755676,0.0,1.0,0.0,,2.0
test_group_0155,diverse_minority,rating_user_knn_least_misery,rating_user_knn,least_misery,0.0,0.0,0.0,0.0,0.0,0.0,0.0,0.0,0.0,1.0,0.0,1.0,0.0,0.5906246900558472,0.9182958340544894,0.7326281666755676,0.0,1.0,0.0,,
test_group_0155,diverse_minority,rating_user_knn_nash_welfare,rating_user_knn,nash_welfare,0.0,0.0,0.0,0.0,0.0,0.0,0.0,0.0,0.0,1.0,0.0,1.0,0.0,0.8211104273796082,0.9182958340544894,0.7326281666755676,0.0,1.0,0.0,,
test_group_0155,diverse_minority,rating_user_knn_tuned_fairness,rating_user_knn,tuned_fairness,0.0,0.0,0.0,0.0,0.0,0.0,0.0,0.0,0.0,1.0,0.0,1.0,0.0,0.8211104273796082,0.9182958340544894,0.7326281666755676,0.0,1.0,0.0,0.0,
test_group_0156,diverse_minority,hybrid_mf_bayes_average,hybrid_mf_bayes,average,0.03333333333333333,0.023255813953488372,0.06978419164318801,0.02838103921387367,0.02838103921387367,0.04013685057050279,0.0,0.3333333333333333,0.0,1.0,0.042571558820810505,0.6666666666666666,0.3333333333333333,0.2668275535106659,0.9182958340544894,0.773245632648468,0.0,1.0,0.0,,
test_group_0156,diverse_minority,hybrid_mf_bayes_dbscan_minority_nash,hybrid_mf_bayes,dbscan_minority_nash,0.0,0.0,0.0,0.0,0.0,0.0,0.0,0.0,0.0,1.0,0.0,1.0,0.0,0.24631360173225403,0.9182958340544894,0.773245632648468,0.0,1.0,0.0,,2.0
test_group_0156,diverse_minority,hybrid_mf_bayes_least_misery,hybrid_mf_bayes,least_misery,0.03333333333333333,0.023255813953488372,0.06012983951359323,0.024454640699786687,0.024454640699786687,0.03458408454059941,0.0,0.33333333333333337,0.0,1.0,0.03668196104968003,0.6666666666666666,0.3333333333333333,0.3077462613582611,0.9182958340544894,0.773245632648468,0.0,1.0,0.0,,
test_group_0156,diverse_minority,hybrid_mf_bayes_nash_welfare,hybrid_mf_bayes,nash_welfare,0.03333333333333333,0.023255813953488372,0.06425604298318155,0.026132756326225113,0.026132756326225113,0.036957298418738856,0.0,0.33333333333333337,0.0,1.0,0.03919913448933767,0.6666666666666666,0.3333333333333333,0.2668275535106659,0.9182958340544894,0.773245632648468,0.0,1.0,0.0,,
test_group_0156,diverse_minority,hybrid_mf_bayes_tuned_fairness,hybrid_mf_bayes,tuned_fairness,0.03333333333333333,0.023255813953488372,0.06978419164318801,0.02838103921387367,0.02838103921387367,0.04013685057050279,0.0,0.3333333333333333,0.0,1.0,0.042571558820810505,0.6666666666666666,0.3333333333333333,0.2668275535106659,0.9182958340544894,0.773245632648468,0.0,1.0,0.0,0.0,
test_group_0156,diverse_minority,mf_average,mf,average,0.03333333333333333,0.023255813953488372,0.09019475927038985,0.03668196104968003,0.03668196104968003,0.05187612681089912,0.0,0.33333333333333337,0.0,1.0,0.05502294157452005,0.6666666666666666,0.3333333333333333,0.25423210859298706,0.9182958340544894,0.773245632648468,0.0,1.0,0.0,,
test_group_0156,diverse_minority,mf_dbscan_minority_nash,mf,dbscan_minority_nash,0.03333333333333333,0.023255813953488372,0.054302655984158565,0.022084741151463014,0.022084741151463014,0.031232540457898198,0.0,0.33333333333333337,0.0,1.0,0.03312711172719452,0.6666666666666666,0.3333333333333333,0.23507359623908997,0.9182958340544894,0.773245632648468,0.0,1.0,0.0,,2.0
test_group_0156,diverse_minority,mf_least_misery,mf,least_misery,0.03333333333333333,0.023255813953488372,0.07768953695765951,0.03159612145651693,0.03159612145651693,0.04468366348219379,0.0,0.3333333333333333,0.0,1.0,0.047394182184775396,0.6666666666666666,0.3333333333333333,0.3092070519924164,0.9182958340544894,0.773245632648468,0.0,1.0,0.0,,
test_group_0156,diverse_minority,mf_nash_welfare,mf,nash_welfare,0.03333333333333333,0.023255813953488372,0.09019475927038985,0.03668196104968003,0.03668196104968003,0.05187612681089912,0.0,0.33333333333333337,0.0,1.0,0.05502294157452005,0.6666666666666666,0.3333333333333333,0.25423210859298706,0.9182958340544894,0.773245632648468,0.0,1.0,0.0,,
test_group_0156,diverse_minority,mf_tuned_fairness,mf,tuned_fairness,0.03333333333333333,0.023255813953488372,0.09019475927038985,0.03668196104968003,0.03668196104968003,0.05187612681089912,0.0,0.33333333333333337,0.0,1.0,0.05502294157452005,0.6666666666666666,0.3333333333333333,0.25423210859298706,0.9182958340544894,0.773245632648468,0.0,1.0,0.0,0.0,
test_group_0156,diverse_minority,rating_user_knn_average,rating_user_knn,average,0.0,0.0,0.0,0.0,0.0,0.0,0.0,0.0,0.0,1.0,0.0,1.0,0.0,0.5033766627311707,0.9182958340544894,0.773245632648468,0.0,1.0,0.0,,
test_group_0156,diverse_minority,rating_user_knn_dbscan_minority_nash,rating_user_knn,dbscan_minority_nash,0.0,0.0,0.0,0.0,0.0,0.0,0.0,0.0,0.0,1.0,0.0,1.0,0.0,0.7487481236457825,0.9182958340544894,0.773245632648468,0.0,1.0,0.0,,2.0
test_group_0156,diverse_minority,rating_user_knn_least_misery,rating_user_knn,least_misery,0.0,0.0,0.0,0.0,0.0,0.0,0.0,0.0,0.0,1.0,0.0,1.0,0.0,0.2913545072078705,0.9182958340544894,0.773245632648468,0.0,1.0,0.0,,
test_group_0156,diverse_minority,rating_user_knn_nash_welfare,rating_user_knn,nash_welfare,0.0,0.0,0.0,0.0,0.0,0.0,0.0,0.0,0.0,1.0,0.0,1.0,0.0,0.5033766627311707,0.9182958340544894,0.773245632648468,0.0,1.0,0.0,,
test_group_0156,diverse_minority,rating_user_knn_tuned_fairness,rating_user_knn,tuned_fairness,0.0,0.0,0.0,0.0,0.0,0.0,0.0,0.0,0.0,1.0,0.0,1.0,0.0,0.5033766627311707,0.9182958340544894,0.773245632648468,0.0,1.0,0.0,0.0,
test_group_0157,diverse_minority,hybrid_mf_bayes_average,hybrid_mf_bayes,average,0.0,0.0,0.0,0.0,0.0,0.0,0.0,0.0,0.0,1.0,0.0,1.0,0.0,0.4831373393535614,0.9182958340544894,0.7202518582344055,0.0,1.0,0.0,,
test_group_0157,diverse_minority,hybrid_mf_bayes_dbscan_minority_nash,hybrid_mf_bayes,dbscan_minority_nash,0.0,0.0,0.0,0.0,0.0,0.0,0.0,0.0,0.0,1.0,0.0,1.0,0.0,0.3836471438407898,0.9182958340544894,0.7202518582344055,0.0,1.0,0.0,,2.0
test_group_0157,diverse_minority,hybrid_mf_bayes_least_misery,hybrid_mf_bayes,least_misery,0.0,0.0,0.0,0.0,0.0,0.0,0.0,0.0,0.0,1.0,0.0,1.0,0.0,0.5218299627304077,0.9182958340544894,0.7202518582344055,0.0,1.0,0.0,,
test_group_0157,diverse_minority,hybrid_mf_bayes_nash_welfare,hybrid_mf_bayes,nash_welfare,0.0,0.0,0.0,0.0,0.0,0.0,0.0,0.0,0.0,1.0,0.0,1.0,0.0,0.4831373393535614,0.9182958340544894,0.7202518582344055,0.0,1.0,0.0,,
test_group_0157,diverse_minority,hybrid_mf_bayes_tuned_fairness,hybrid_mf_bayes,tuned_fairness,0.0,0.0,0.0,0.0,0.0,0.0,0.0,0.0,0.0,1.0,0.0,1.0,0.0,0.4831373393535614,0.9182958340544894,0.7202518582344055,0.0,1.0,0.0,0.0,
test_group_0157,diverse_minority,mf_average,mf,average,0.0,0.0,0.0,0.0,0.0,0.0,0.0,0.0,0.0,1.0,0.0,1.0,0.0,0.5080028772354126,0.9182958340544894,0.7202518582344055,0.0,1.0,0.0,,
test_group_0157,diverse_minority,mf_dbscan_minority_nash,mf,dbscan_minority_nash,0.0,0.0,0.0,0.0,0.0,0.0,0.0,0.0,0.0,1.0,0.0,1.0,0.0,0.3892265260219574,0.9182958340544894,0.7202518582344055,0.0,1.0,0.0,,2.0
test_group_0157,diverse_minority,mf_least_misery,mf,least_misery,0.0,0.0,0.0,0.0,0.0,0.0,0.0,0.0,0.0,1.0,0.0,1.0,0.0,0.43860334157943726,0.9182958340544894,0.7202518582344055,0.0,1.0,0.0,,
test_group_0157,diverse_minority,mf_nash_welfare,mf,nash_welfare,0.0,0.0,0.0,0.0,0.0,0.0,0.0,0.0,0.0,1.0,0.0,1.0,0.0,0.4942620098590851,0.9182958340544894,0.7202518582344055,0.0,1.0,0.0,,
test_group_0157,diverse_minority,mf_tuned_fairness,mf,tuned_fairness,0.0,0.0,0.0,0.0,0.0,0.0,0.0,0.0,0.0,1.0,0.0,1.0,0.0,0.5080028772354126,0.9182958340544894,0.7202518582344055,0.0,1.0,0.0,0.0,
test_group_0157,diverse_minority,rating_user_knn_average,rating_user_knn,average,0.0,0.0,0.0,0.0,0.0,0.0,0.0,0.0,0.0,1.0,0.0,1.0,0.0,0.7094571590423584,0.9182958340544894,0.7202518582344055,0.0,1.0,0.0,,
test_group_0157,diverse_minority,rating_user_knn_dbscan_minority_nash,rating_user_knn,dbscan_minority_nash,0.0,0.0,0.0,0.0,0.0,0.0,0.0,0.0,0.0,1.0,0.0,1.0,0.0,0.852382242679596,0.9182958340544894,0.7202518582344055,0.0,1.0,0.0,,2.0
test_group_0157,diverse_minority,rating_user_knn_least_misery,rating_user_knn,least_misery,0.0,0.0,0.0,0.0,0.0,0.0,0.0,0.0,0.0,1.0,0.0,1.0,0.0,0.48419302701950073,0.9182958340544894,0.7202518582344055,0.0,1.0,0.0,,
test_group_0157,diverse_minority,rating_user_knn_nash_welfare,rating_user_knn,nash_welfare,0.0,0.0,0.0,0.0,0.0,0.0,0.0,0.0,0.0,1.0,0.0,1.0,0.0,0.740436315536499,0.9182958340544894,0.7202518582344055,0.0,1.0,0.0,,
test_group_0157,diverse_minority,rating_user_knn_tuned_fairness,rating_user_knn,tuned_fairness,0.0,0.0,0.0,0.0,0.0,0.0,0.0,0.0,0.0,1.0,0.0,1.0,0.0,0.7094571590423584,0.9182958340544894,0.7202518582344055,0.0,1.0,0.0,0.0,
test_group_0158,diverse_minority,hybrid_mf_bayes_average,hybrid_mf_bayes,average,0.0,0.0,0.0,0.0,0.0,0.0,0.0,0.0,0.0,1.0,0.0,1.0,0.0,0.32606062293052673,0.9182958340544894,1.0799728631973267,0.0,1.0,0.0,,
test_group_0158,diverse_minority,hybrid_mf_bayes_dbscan_minority_nash,hybrid_mf_bayes,dbscan_minority_nash,0.0,0.0,0.0,0.0,0.0,0.0,0.0,0.0,0.0,1.0,0.0,1.0,0.0,0.4042293429374695,0.9182958340544894,1.0799728631973267,0.0,1.0,0.0,,2.0
test_group_0158,diverse_minority,hybrid_mf_bayes_least_misery,hybrid_mf_bayes,least_misery,0.0,0.0,0.0,0.0,0.0,0.0,0.0,0.0,0.0,1.0,0.0,1.0,0.0,0.6932306289672852,0.9182958340544894,1.0799728631973267,0.0,1.0,0.0,,
test_group_0158,diverse_minority,hybrid_mf_bayes_nash_welfare,hybrid_mf_bayes,nash_welfare,0.0,0.0,0.0,0.0,0.0,0.0,0.0,0.0,0.0,1.0,0.0,1.0,0.0,0.5517868995666504,0.9182958340544894,1.0799728631973267,0.0,1.0,0.0,,
test_group_0158,diverse_minority,hybrid_mf_bayes_tuned_fairness,hybrid_mf_bayes,tuned_fairness,0.0,0.0,0.0,0.0,0.0,0.0,0.0,0.0,0.0,1.0,0.0,1.0,0.0,0.32606062293052673,0.9182958340544894,1.0799728631973267,0.0,1.0,0.0,0.0,
test_group_0158,diverse_minority,mf_average,mf,average,0.0,0.0,0.0,0.0,0.0,0.0,0.0,0.0,0.0,1.0,0.0,1.0,0.0,0.44211870431900024,0.9182958340544894,1.0799728631973267,0.0,1.0,0.0,,
test_group_0158,diverse_minority,mf_dbscan_minority_nash,mf,dbscan_minority_nash,0.0,0.0,0.0,0.0,0.0,0.0,0.0,0.0,0.0,1.0,0.0,1.0,0.0,0.34427323937416077,0.9182958340544894,1.0799728631973267,0.0,1.0,0.0,,2.0
test_group_0158,diverse_minority,mf_least_misery,mf,least_misery,0.0,0.0,0.0,0.0,0.0,0.0,0.0,0.0,0.0,1.0,0.0,1.0,0.0,0.6776999831199646,0.9182958340544894,1.0799728631973267,0.0,1.0,0.0,,
test_group_0158,diverse_minority,mf_nash_welfare,mf,nash_welfare,0.0,0.0,0.0,0.0,0.0,0.0,0.0,0.0,0.0,1.0,0.0,1.0,0.0,0.5958595871925354,0.9182958340544894,1.0799728631973267,0.0,1.0,0.0,,
test_group_0158,diverse_minority,mf_tuned_fairness,mf,tuned_fairness,0.0,0.0,0.0,0.0,0.0,0.0,0.0,0.0,0.0,1.0,0.0,1.0,0.0,0.44211870431900024,0.9182958340544894,1.0799728631973267,0.0,1.0,0.0,0.0,
test_group_0158,diverse_minority,rating_user_knn_average,rating_user_knn,average,0.0,0.0,0.0,0.0,0.0,0.0,0.0,0.0,0.0,1.0,0.0,1.0,0.0,0.5223293900489807,0.9182958340544894,1.0799728631973267,0.0,1.0,0.0,,
test_group_0158,diverse_minority,rating_user_knn_dbscan_minority_nash,rating_user_knn,dbscan_minority_nash,0.0,0.0,0.0,0.0,0.0,0.0,0.0,0.0,0.0,1.0,0.0,1.0,0.0,0.6443713307380676,0.9182958340544894,1.0799728631973267,0.0,1.0,0.0,,2.0
test_group_0158,diverse_minority,rating_user_knn_least_misery,rating_user_knn,least_misery,0.0,0.0,0.0,0.0,0.0,0.0,0.0,0.0,0.0,1.0,0.0,1.0,0.0,0.34686198830604553,0.9182958340544894,1.0799728631973267,0.0,1.0,0.0,,
test_group_0158,diverse_minority,rating_user_knn_nash_welfare,rating_user_knn,nash_welfare,0.0,0.0,0.0,0.0,0.0,0.0,0.0,0.0,0.0,1.0,0.0,1.0,0.0,0.5406313538551331,0.9182958340544894,1.0799728631973267,0.0,1.0,0.0,,
test_group_0158,diverse_minority,rating_user_knn_tuned_fairness,rating_user_knn,tuned_fairness,0.0,0.0,0.0,0.0,0.0,0.0,0.0,0.0,0.0,1.0,0.0,1.0,0.0,0.5223293900489807,0.9182958340544894,1.0799728631973267,0.0,1.0,0.0,0.0,
test_group_0159,diverse_minority,hybrid_mf_bayes_average,hybrid_mf_bayes,average,0.0,0.0,0.0,0.0,0.0,0.0,0.0,0.0,0.0,1.0,0.0,1.0,0.0,0.4230678975582123,0.9182958340544894,0.8589498400688171,0.0,1.0,0.0,,
test_group_0159,diverse_minority,hybrid_mf_bayes_dbscan_minority_nash,hybrid_mf_bayes,dbscan_minority_nash,0.03333333333333333,0.02941176470588235,0.06625422345438904,0.025381113572461173,0.025381113572461173,0.035894315042306425,0.0,0.3333333333333333,0.07614334071738352,0.0,0.07614334071738352,0.6666666666666666,0.3333333333333333,0.30247941613197327,0.9182958340544894,0.8589498400688171,0.0,1.0,0.0,,2.0
test_group_0159,diverse_minority,hybrid_mf_bayes_least_misery,hybrid_mf_bayes,least_misery,0.0,0.0,0.0,0.0,0.0,0.0,0.0,0.0,0.0,1.0,0.0,1.0,0.0,0.48028072714805603,0.9182958340544894,0.8589498400688171,0.0,1.0,0.0,,
test_group_0159,diverse_minority,hybrid_mf_bayes_nash_welfare,hybrid_mf_bayes,nash_welfare,0.0,0.0,0.0,0.0,0.0,0.0,0.0,0.0,0.0,1.0,0.0,1.0,0.0,0.44040367007255554,0.9182958340544894,0.8589498400688171,0.0,1.0,0.0,,
test_group_0159,diverse_minority,hybrid_mf_bayes_tuned_fairness,hybrid_mf_bayes,tuned_fairness,0.0,0.0,0.0,0.0,0.0,0.0,0.0,0.0,0.0,1.0,0.0,1.0,0.0,0.4230678975582123,0.9182958340544894,0.8589498400688171,0.0,1.0,0.0,0.0,
test_group_0159,diverse_minority,mf_average,mf,average,0.0,0.0,0.0,0.0,0.0,0.0,0.0,0.0,0.0,1.0,0.0,1.0,0.0,0.5500895380973816,0.9182958340544894,0.8589498400688171,0.0,1.0,0.0,,
test_group_0159,diverse_minority,mf_dbscan_minority_nash,mf,dbscan_minority_nash,0.03333333333333333,0.02941176470588235,0.085143117641621,0.03261719821172014,0.03261719821172014,0.04612768407762609,0.0,0.3333333333333333,0.09785159463516042,0.0,0.09785159463516042,0.6666666666666666,0.3333333333333333,0.25636550784111023,0.9182958340544894,0.8589498400688171,0.0,1.0,0.0,,2.0
test_group_0159,diverse_minority,mf_least_misery,mf,least_misery,0.0,0.0,0.0,0.0,0.0,0.0,0.0,0.0,0.0,1.0,0.0,1.0,0.0,0.40629687905311584,0.9182958340544894,0.8589498400688171,0.0,1.0,0.0,,
test_group_0159,diverse_minority,mf_nash_welfare,mf,nash_welfare,0.0,0.0,0.0,0.0,0.0,0.0,0.0,0.0,0.0,1.0,0.0,1.0,0.0,0.47457584738731384,0.9182958340544894,0.8589498400688171,0.0,1.0,0.0,,
test_group_0159,diverse_minority,mf_tuned_fairness,mf,tuned_fairness,0.0,0.0,0.0,0.0,0.0,0.0,0.0,0.0,0.0,1.0,0.0,1.0,0.0,0.5500895380973816,0.9182958340544894,0.8589498400688171,0.0,1.0,0.0,0.0,
test_group_0159,diverse_minority,rating_user_knn_average,rating_user_knn,average,0.03333333333333333,0.02941176470588235,0.06362078819895171,0.024372279481303317,0.024372279481303317,0.034467608188406655,0.0,0.3333333333333333,0.07311683844390995,0.0,0.07311683844390995,0.6666666666666666,0.3333333333333333,0.4774046242237091,0.9182958340544894,0.8589498400688171,0.0,1.0,0.0,,
test_group_0159,diverse_minority,rating_user_knn_dbscan_minority_nash,rating_user_knn,dbscan_minority_nash,0.0,0.0,0.0,0.0,0.0,0.0,0.0,0.0,0.0,1.0,0.0,1.0,0.0,0.3592891991138458,0.9182958340544894,0.8589498400688171,0.0,1.0,0.0,,2.0
test_group_0159,diverse_minority,rating_user_knn_least_misery,rating_user_knn,least_misery,0.0,0.0,0.0,0.0,0.0,0.0,0.0,0.0,0.0,1.0,0.0,1.0,0.0,0.4399171471595764,0.9182958340544894,0.8589498400688171,0.0,1.0,0.0,,
test_group_0159,diverse_minority,rating_user_knn_nash_welfare,rating_user_knn,nash_welfare,0.0,0.0,0.0,0.0,0.0,0.0,0.0,0.0,0.0,1.0,0.0,1.0,0.0,0.4965188205242157,0.9182958340544894,0.8589498400688171,0.0,1.0,0.0,,
test_group_0159,diverse_minority,rating_user_knn_tuned_fairness,rating_user_knn,tuned_fairness,0.03333333333333333,0.02941176470588235,0.06362078819895171,0.024372279481303317,0.024372279481303317,0.034467608188406655,0.0,0.3333333333333333,0.07311683844390995,0.0,0.07311683844390995,0.6666666666666666,0.3333333333333333,0.4774046242237091,0.9182958340544894,0.8589498400688171,0.0,1.0,0.0,0.0,
test_group_0160,diverse_minority,hybrid_mf_bayes_average,hybrid_mf_bayes,average,0.0,0.0,0.0,0.0,0.0,0.0,0.0,0.0,0.0,1.0,0.0,1.0,0.0,0.3866712749004364,0.9182958340544894,0.8317782282829285,0.0,1.0,0.0,,
test_group_0160,diverse_minority,hybrid_mf_bayes_dbscan_minority_nash,hybrid_mf_bayes,dbscan_minority_nash,0.0,0.0,0.0,0.0,0.0,0.0,0.0,0.0,0.0,1.0,0.0,1.0,0.0,0.4716219902038574,0.9182958340544894,0.8317782282829285,0.0,1.0,0.0,,2.0
test_group_0160,diverse_minority,hybrid_mf_bayes_least_misery,hybrid_mf_bayes,least_misery,0.0,0.0,0.0,0.0,0.0,0.0,0.0,0.0,0.0,1.0,0.0,1.0,0.0,0.45254284143447876,0.9182958340544894,0.8317782282829285,0.0,1.0,0.0,,
test_group_0160,diverse_minority,hybrid_mf_bayes_nash_welfare,hybrid_mf_bayes,nash_welfare,0.0,0.0,0.0,0.0,0.0,0.0,0.0,0.0,0.0,1.0,0.0,1.0,0.0,0.3866712749004364,0.9182958340544894,0.8317782282829285,0.0,1.0,0.0,,
test_group_0160,diverse_minority,hybrid_mf_bayes_tuned_fairness,hybrid_mf_bayes,tuned_fairness,0.0,0.0,0.0,0.0,0.0,0.0,0.0,0.0,0.0,1.0,0.0,1.0,0.0,0.3866712749004364,0.9182958340544894,0.8317782282829285,0.0,1.0,0.0,0.0,
test_group_0160,diverse_minority,mf_average,mf,average,0.0,0.0,0.0,0.0,0.0,0.0,0.0,0.0,0.0,1.0,0.0,1.0,0.0,0.46522390842437744,0.9182958340544894,0.8317782282829285,0.0,1.0,0.0,,
test_group_0160,diverse_minority,mf_dbscan_minority_nash,mf,dbscan_minority_nash,0.0,0.0,0.0,0.0,0.0,0.0,0.0,0.0,0.0,1.0,0.0,1.0,0.0,0.36589178442955017,0.9182958340544894,0.8317782282829285,0.0,1.0,0.0,,2.0
test_group_0160,diverse_minority,mf_least_misery,mf,least_misery,0.0,0.0,0.0,0.0,0.0,0.0,0.0,0.0,0.0,1.0,0.0,1.0,0.0,0.41072794795036316,0.9182958340544894,0.8317782282829285,0.0,1.0,0.0,,
test_group_0160,diverse_minority,mf_nash_welfare,mf,nash_welfare,0.0,0.0,0.0,0.0,0.0,0.0,0.0,0.0,0.0,1.0,0.0,1.0,0.0,0.4140143096446991,0.9182958340544894,0.8317782282829285,0.0,1.0,0.0,,
test_group_0160,diverse_minority,mf_tuned_fairness,mf,tuned_fairness,0.0,0.0,0.0,0.0,0.0,0.0,0.0,0.0,0.0,1.0,0.0,1.0,0.0,0.46522390842437744,0.9182958340544894,0.8317782282829285,0.0,1.0,0.0,0.0,
test_group_0160,diverse_minority,rating_user_knn_average,rating_user_knn,average,0.03333333333333333,0.0909090909090909,0.11004588314904008,0.07821312100379274,0.07821312100379274,0.11061005647909168,0.0,0.3333333333333333,0.23463936301137822,0.0,0.23463936301137822,0.6666666666666666,0.3333333333333333,0.41968879103660583,0.9182958340544894,0.8317782282829285,0.0,1.0,0.0,,
test_group_0160,diverse_minority,rating_user_knn_dbscan_minority_nash,rating_user_knn,dbscan_minority_nash,0.0,0.0,0.0,0.0,0.0,0.0,0.0,0.0,0.0,1.0,0.0,1.0,0.0,0.44867226481437683,0.9182958340544894,0.8317782282829285,0.0,1.0,0.0,,2.0
test_group_0160,diverse_minority,rating_user_knn_least_misery,rating_user_knn,least_misery,0.0,0.0,0.0,0.0,0.0,0.0,0.0,0.0,0.0,1.0,0.0,1.0,0.0,0.31810370087623596,0.9182958340544894,0.8317782282829285,0.0,1.0,0.0,,
test_group_0160,diverse_minority,rating_user_knn_nash_welfare,rating_user_knn,nash_welfare,0.03333333333333333,0.0909090909090909,0.09478836436955076,0.06736911550018253,0.06736911550018253,0.09527431682543762,0.0,0.3333333333333333,0.20210734650054757,0.0,0.20210734650054757,0.6666666666666666,0.3333333333333333,0.4196888506412506,0.9182958340544894,0.8317782282829285,0.0,1.0,0.0,,
test_group_0160,diverse_minority,rating_user_knn_tuned_fairness,rating_user_knn,tuned_fairness,0.03333333333333333,0.0909090909090909,0.11004588314904008,0.07821312100379274,0.07821312100379274,0.11061005647909168,0.0,0.3333333333333333,0.23463936301137822,0.0,0.23463936301137822,0.6666666666666666,0.3333333333333333,0.41968879103660583,0.9182958340544894,0.8317782282829285,0.0,1.0,0.0,0.0,
test_group_0161,diverse_minority,hybrid_mf_bayes_average,hybrid_mf_bayes,average,0.0,0.0,0.0,0.0,0.0,0.0,0.0,0.0,0.0,1.0,0.0,1.0,0.0,0.35694441199302673,0.9182958340544894,0.6396396160125732,0.0,1.0,0.0,,
test_group_0161,diverse_minority,hybrid_mf_bayes_dbscan_minority_nash,hybrid_mf_bayes,dbscan_minority_nash,0.0,0.0,0.0,0.0,0.0,0.0,0.0,0.0,0.0,1.0,0.0,1.0,0.0,0.3110984265804291,0.9182958340544894,0.6396396160125732,0.0,1.0,0.0,,2.0
test_group_0161,diverse_minority,hybrid_mf_bayes_least_misery,hybrid_mf_bayes,least_misery,0.0,0.0,0.0,0.0,0.0,0.0,0.0,0.0,0.0,1.0,0.0,1.0,0.0,0.3220227062702179,0.9182958340544894,0.6396396160125732,0.0,1.0,0.0,,
test_group_0161,diverse_minority,hybrid_mf_bayes_nash_welfare,hybrid_mf_bayes,nash_welfare,0.0,0.0,0.0,0.0,0.0,0.0,0.0,0.0,0.0,1.0,0.0,1.0,0.0,0.35694441199302673,0.9182958340544894,0.6396396160125732,0.0,1.0,0.0,,
test_group_0161,diverse_minority,hybrid_mf_bayes_tuned_fairness,hybrid_mf_bayes,tuned_fairness,0.0,0.0,0.0,0.0,0.0,0.0,0.0,0.0,0.0,1.0,0.0,1.0,0.0,0.35694441199302673,0.9182958340544894,0.6396396160125732,0.0,1.0,0.0,0.0,
test_group_0161,diverse_minority,mf_average,mf,average,0.0,0.0,0.0,0.0,0.0,0.0,0.0,0.0,0.0,1.0,0.0,1.0,0.0,0.35222727060317993,0.9182958340544894,0.6396396160125732,0.0,1.0,0.0,,
test_group_0161,diverse_minority,mf_dbscan_minority_nash,mf,dbscan_minority_nash,0.0,0.0,0.0,0.0,0.0,0.0,0.0,0.0,0.0,1.0,0.0,1.0,0.0,0.3030366003513336,0.9182958340544894,0.6396396160125732,0.0,1.0,0.0,,2.0
test_group_0161,diverse_minority,mf_least_misery,mf,least_misery,0.0,0.0,0.0,0.0,0.0,0.0,0.0,0.0,0.0,1.0,0.0,1.0,0.0,0.3283102810382843,0.9182958340544894,0.6396396160125732,0.0,1.0,0.0,,
test_group_0161,diverse_minority,mf_nash_welfare,mf,nash_welfare,0.0,0.0,0.0,0.0,0.0,0.0,0.0,0.0,0.0,1.0,0.0,1.0,0.0,0.3522273004055023,0.9182958340544894,0.6396396160125732,0.0,1.0,0.0,,
test_group_0161,diverse_minority,mf_tuned_fairness,mf,tuned_fairness,0.0,0.0,0.0,0.0,0.0,0.0,0.0,0.0,0.0,1.0,0.0,1.0,0.0,0.35222727060317993,0.9182958340544894,0.6396396160125732,0.0,1.0,0.0,0.0,
test_group_0161,diverse_minority,rating_user_knn_average,rating_user_knn,average,0.0,0.0,0.0,0.0,0.0,0.0,0.0,0.0,0.0,1.0,0.0,1.0,0.0,0.3233094811439514,0.9182958340544894,0.6396396160125732,0.0,1.0,0.0,,
test_group_0161,diverse_minority,rating_user_knn_dbscan_minority_nash,rating_user_knn,dbscan_minority_nash,0.0,0.0,0.0,0.0,0.0,0.0,0.0,0.0,0.0,1.0,0.0,1.0,0.0,0.5050309300422668,0.9182958340544894,0.6396396160125732,0.0,1.0,0.0,,2.0
test_group_0161,diverse_minority,rating_user_knn_least_misery,rating_user_knn,least_misery,0.0,0.0,0.0,0.0,0.0,0.0,0.0,0.0,0.0,1.0,0.0,1.0,0.0,0.34811168909072876,0.9182958340544894,0.6396396160125732,0.0,1.0,0.0,,
test_group_0161,diverse_minority,rating_user_knn_nash_welfare,rating_user_knn,nash_welfare,0.0,0.0,0.0,0.0,0.0,0.0,0.0,0.0,0.0,1.0,0.0,1.0,0.0,0.3233094811439514,0.9182958340544894,0.6396396160125732,0.0,1.0,0.0,,
test_group_0161,diverse_minority,rating_user_knn_tuned_fairness,rating_user_knn,tuned_fairness,0.0,0.0,0.0,0.0,0.0,0.0,0.0,0.0,0.0,1.0,0.0,1.0,0.0,0.3233094811439514,0.9182958340544894,0.6396396160125732,0.0,1.0,0.0,0.0,
test_group_0162,diverse_minority,hybrid_mf_bayes_average,hybrid_mf_bayes,average,0.0,0.0,0.0,0.0,0.0,0.0,0.0,0.0,0.0,1.0,0.0,1.0,0.0,0.5791565179824829,0.9182958340544894,0.9496461749076843,0.0,1.0,0.0,,
test_group_0162,diverse_minority,hybrid_mf_bayes_dbscan_minority_nash,hybrid_mf_bayes,dbscan_minority_nash,0.0,0.0,0.0,0.0,0.0,0.0,0.0,0.0,0.0,1.0,0.0,1.0,0.0,0.3909541368484497,0.9182958340544894,0.9496461749076843,0.0,1.0,0.0,,2.0
test_group_0162,diverse_minority,hybrid_mf_bayes_least_misery,hybrid_mf_bayes,least_misery,0.0,0.0,0.0,0.0,0.0,0.0,0.0,0.0,0.0,1.0,0.0,1.0,0.0,0.664948046207428,0.9182958340544894,0.9496461749076843,0.0,1.0,0.0,,
test_group_0162,diverse_minority,hybrid_mf_bayes_nash_welfare,hybrid_mf_bayes,nash_welfare,0.0,0.0,0.0,0.0,0.0,0.0,0.0,0.0,0.0,1.0,0.0,1.0,0.0,0.6574098467826843,0.9182958340544894,0.9496461749076843,0.0,1.0,0.0,,
test_group_0162,diverse_minority,hybrid_mf_bayes_tuned_fairness,hybrid_mf_bayes,tuned_fairness,0.0,0.0,0.0,0.0,0.0,0.0,0.0,0.0,0.0,1.0,0.0,1.0,0.0,0.5791565179824829,0.9182958340544894,0.9496461749076843,0.0,1.0,0.0,0.0,
test_group_0162,diverse_minority,mf_average,mf,average,0.03333333333333333,0.0625,0.07336392209936006,0.03768446725262401,0.03768446725262401,0.05329388467946565,0.0,0.3333333333333333,0.0,1.0,0.05652670087893602,0.6666666666666666,0.3333333333333333,0.5774653553962708,0.9182958340544894,0.9496461749076843,0.0,1.0,0.0,,
test_group_0162,diverse_minority,mf_dbscan_minority_nash,mf,dbscan_minority_nash,0.0,0.0,0.0,0.0,0.0,0.0,0.0,0.0,0.0,1.0,0.0,1.0,0.0,0.24913842976093292,0.9182958340544894,0.9496461749076843,0.0,1.0,0.0,,2.0
test_group_0162,diverse_minority,mf_least_misery,mf,least_misery,0.0,0.0,0.0,0.0,0.0,0.0,0.0,0.0,0.0,1.0,0.0,1.0,0.0,0.5329198241233826,0.9182958340544894,0.9496461749076843,0.0,1.0,0.0,,
test_group_0162,diverse_minority,mf_nash_welfare,mf,nash_welfare,0.03333333333333333,0.0625,0.06625422345438904,0.034032465040970544,0.034032465040970544,0.04812917362192877,0.0,0.3333333333333333,0.0,1.0,0.051048697561455816,0.6666666666666666,0.3333333333333333,0.5418717265129089,0.9182958340544894,0.9496461749076843,0.0,1.0,0.0,,
test_group_0162,diverse_minority,mf_tuned_fairness,mf,tuned_fairness,0.03333333333333333,0.0625,0.07336392209936006,0.03768446725262401,0.03768446725262401,0.05329388467946565,0.0,0.3333333333333333,0.0,1.0,0.05652670087893602,0.6666666666666666,0.3333333333333333,0.5774653553962708,0.9182958340544894,0.9496461749076843,0.0,1.0,0.0,0.0,
test_group_0162,diverse_minority,rating_user_knn_average,rating_user_knn,average,0.0,0.0,0.0,0.0,0.0,0.0,0.0,0.0,0.0,1.0,0.0,1.0,0.0,0.47377023100852966,0.9182958340544894,0.9496461749076843,0.0,1.0,0.0,,
test_group_0162,diverse_minority,rating_user_knn_dbscan_minority_nash,rating_user_knn,dbscan_minority_nash,0.0,0.0,0.0,0.0,0.0,0.0,0.0,0.0,0.0,1.0,0.0,1.0,0.0,0.4575733542442322,0.9182958340544894,0.9496461749076843,0.0,1.0,0.0,,2.0
test_group_0162,diverse_minority,rating_user_knn_least_misery,rating_user_knn,least_misery,0.0,0.0,0.0,0.0,0.0,0.0,0.0,0.0,0.0,1.0,0.0,1.0,0.0,0.3793564736843109,0.9182958340544894,0.9496461749076843,0.0,1.0,0.0,,
test_group_0162,diverse_minority,rating_user_knn_nash_welfare,rating_user_knn,nash_welfare,0.0,0.0,0.0,0.0,0.0,0.0,0.0,0.0,0.0,1.0,0.0,1.0,0.0,0.47377023100852966,0.9182958340544894,0.9496461749076843,0.0,1.0,0.0,,
test_group_0162,diverse_minority,rating_user_knn_tuned_fairness,rating_user_knn,tuned_fairness,0.0,0.0,0.0,0.0,0.0,0.0,0.0,0.0,0.0,1.0,0.0,1.0,0.0,0.47377023100852966,0.9182958340544894,0.9496461749076843,0.0,1.0,0.0,0.0,
test_group_0163,diverse_minority,hybrid_mf_bayes_average,hybrid_mf_bayes,average,0.0,0.0,0.0,0.0,0.0,0.0,0.0,0.0,0.0,1.0,0.0,1.0,0.0,0.510613739490509,0.9182958340544894,1.0184404850006104,0.0,1.0,0.0,,
test_group_0163,diverse_minority,hybrid_mf_bayes_dbscan_minority_nash,hybrid_mf_bayes,dbscan_minority_nash,0.0,0.0,0.0,0.0,0.0,0.0,0.0,0.0,0.0,1.0,0.0,1.0,0.0,0.3045361042022705,0.9182958340544894,1.0184404850006104,0.0,1.0,0.0,,2.0
test_group_0163,diverse_minority,hybrid_mf_bayes_least_misery,hybrid_mf_bayes,least_misery,0.0,0.0,0.0,0.0,0.0,0.0,0.0,0.0,0.0,1.0,0.0,1.0,0.0,0.4796096682548523,0.9182958340544894,1.0184404850006104,0.0,1.0,0.0,,
test_group_0163,diverse_minority,hybrid_mf_bayes_nash_welfare,hybrid_mf_bayes,nash_welfare,0.0,0.0,0.0,0.0,0.0,0.0,0.0,0.0,0.0,1.0,0.0,1.0,0.0,0.4826909005641937,0.9182958340544894,1.0184404850006104,0.0,1.0,0.0,,
test_group_0163,diverse_minority,hybrid_mf_bayes_tuned_fairness,hybrid_mf_bayes,tuned_fairness,0.0,0.0,0.0,0.0,0.0,0.0,0.0,0.0,0.0,1.0,0.0,1.0,0.0,0.510613739490509,0.9182958340544894,1.0184404850006104,0.0,1.0,0.0,0.0,
test_group_0163,diverse_minority,mf_average,mf,average,0.0,0.0,0.0,0.0,0.0,0.0,0.0,0.0,0.0,1.0,0.0,1.0,0.0,0.4162273108959198,0.9182958340544894,1.0184404850006104,0.0,1.0,0.0,,
test_group_0163,diverse_minority,mf_dbscan_minority_nash,mf,dbscan_minority_nash,0.0,0.0,0.0,0.0,0.0,0.0,0.0,0.0,0.0,1.0,0.0,1.0,0.0,0.26848718523979187,0.9182958340544894,1.0184404850006104,0.0,1.0,0.0,,2.0
test_group_0163,diverse_minority,mf_least_misery,mf,least_misery,0.0,0.0,0.0,0.0,0.0,0.0,0.0,0.0,0.0,1.0,0.0,1.0,0.0,0.6493316888809204,0.9182958340544894,1.0184404850006104,0.0,1.0,0.0,,
test_group_0163,diverse_minority,mf_nash_welfare,mf,nash_welfare,0.0,0.0,0.0,0.0,0.0,0.0,0.0,0.0,0.0,1.0,0.0,1.0,0.0,0.46275317668914795,0.9182958340544894,1.0184404850006104,0.0,1.0,0.0,,
test_group_0163,diverse_minority,mf_tuned_fairness,mf,tuned_fairness,0.0,0.0,0.0,0.0,0.0,0.0,0.0,0.0,0.0,1.0,0.0,1.0,0.0,0.4162273108959198,0.9182958340544894,1.0184404850006104,0.0,1.0,0.0,0.0,
test_group_0163,diverse_minority,rating_user_knn_average,rating_user_knn,average,0.0,0.0,0.0,0.0,0.0,0.0,0.0,0.0,0.0,1.0,0.0,1.0,0.0,0.5967588424682617,0.9182958340544894,1.0184404850006104,0.0,1.0,0.0,,
test_group_0163,diverse_minority,rating_user_knn_dbscan_minority_nash,rating_user_knn,dbscan_minority_nash,0.0,0.0,0.0,0.0,0.0,0.0,0.0,0.0,0.0,1.0,0.0,1.0,0.0,0.4615458548069,0.9182958340544894,1.0184404850006104,0.0,1.0,0.0,,2.0
test_group_0163,diverse_minority,rating_user_knn_least_misery,rating_user_knn,least_misery,0.0,0.0,0.0,0.0,0.0,0.0,0.0,0.0,0.0,1.0,0.0,1.0,0.0,0.4045155346393585,0.9182958340544894,1.0184404850006104,0.0,1.0,0.0,,
test_group_0163,diverse_minority,rating_user_knn_nash_welfare,rating_user_knn,nash_welfare,0.0,0.0,0.0,0.0,0.0,0.0,0.0,0.0,0.0,1.0,0.0,1.0,0.0,0.5967588424682617,0.9182958340544894,1.0184404850006104,0.0,1.0,0.0,,
test_group_0163,diverse_minority,rating_user_knn_tuned_fairness,rating_user_knn,tuned_fairness,0.0,0.0,0.0,0.0,0.0,0.0,0.0,0.0,0.0,1.0,0.0,1.0,0.0,0.5967588424682617,0.9182958340544894,1.0184404850006104,0.0,1.0,0.0,0.0,
test_group_0164,diverse_minority,hybrid_mf_bayes_average,hybrid_mf_bayes,average,0.0,0.0,0.0,0.0,0.0,0.0,0.0,0.0,0.0,1.0,0.0,1.0,0.0,0.3330383002758026,0.9182958340544894,1.0063135623931885,0.0,1.0,0.0,,
test_group_0164,diverse_minority,hybrid_mf_bayes_dbscan_minority_nash,hybrid_mf_bayes,dbscan_minority_nash,0.0,0.0,0.0,0.0,0.0,0.0,0.0,0.0,0.0,1.0,0.0,1.0,0.0,0.2441866546869278,0.9182958340544894,1.0063135623931885,0.0,1.0,0.0,,2.0
test_group_0164,diverse_minority,hybrid_mf_bayes_least_misery,hybrid_mf_bayes,least_misery,0.0,0.0,0.0,0.0,0.0,0.0,0.0,0.0,0.0,1.0,0.0,1.0,0.0,0.336457759141922,0.9182958340544894,1.0063135623931885,0.0,1.0,0.0,,
test_group_0164,diverse_minority,hybrid_mf_bayes_nash_welfare,hybrid_mf_bayes,nash_welfare,0.0,0.0,0.0,0.0,0.0,0.0,0.0,0.0,0.0,1.0,0.0,1.0,0.0,0.3330383002758026,0.9182958340544894,1.0063135623931885,0.0,1.0,0.0,,
test_group_0164,diverse_minority,hybrid_mf_bayes_tuned_fairness,hybrid_mf_bayes,tuned_fairness,0.0,0.0,0.0,0.0,0.0,0.0,0.0,0.0,0.0,1.0,0.0,1.0,0.0,0.3330383002758026,0.9182958340544894,1.0063135623931885,0.0,1.0,0.0,0.0,
test_group_0164,diverse_minority,mf_average,mf,average,0.0,0.0,0.0,0.0,0.0,0.0,0.0,0.0,0.0,1.0,0.0,1.0,0.0,0.3380396068096161,0.9182958340544894,1.0063135623931885,0.0,1.0,0.0,,
test_group_0164,diverse_minority,mf_dbscan_minority_nash,mf,dbscan_minority_nash,0.0,0.0,0.0,0.0,0.0,0.0,0.0,0.0,0.0,1.0,0.0,1.0,0.0,0.19387030601501465,0.9182958340544894,1.0063135623931885,0.0,1.0,0.0,,2.0
test_group_0164,diverse_minority,mf_least_misery,mf,least_misery,0.0,0.0,0.0,0.0,0.0,0.0,0.0,0.0,0.0,1.0,0.0,1.0,0.0,0.342838853597641,0.9182958340544894,1.0063135623931885,0.0,1.0,0.0,,
test_group_0164,diverse_minority,mf_nash_welfare,mf,nash_welfare,0.0,0.0,0.0,0.0,0.0,0.0,0.0,0.0,0.0,1.0,0.0,1.0,0.0,0.3380395770072937,0.9182958340544894,1.0063135623931885,0.0,1.0,0.0,,
test_group_0164,diverse_minority,mf_tuned_fairness,mf,tuned_fairness,0.0,0.0,0.0,0.0,0.0,0.0,0.0,0.0,0.0,1.0,0.0,1.0,0.0,0.3380396068096161,0.9182958340544894,1.0063135623931885,0.0,1.0,0.0,0.0,
test_group_0164,diverse_minority,rating_user_knn_average,rating_user_knn,average,0.0,0.0,0.0,0.0,0.0,0.0,0.0,0.0,0.0,1.0,0.0,1.0,0.0,0.41982269287109375,0.9182958340544894,1.0063135623931885,0.0,1.0,0.0,,
test_group_0164,diverse_minority,rating_user_knn_dbscan_minority_nash,rating_user_knn,dbscan_minority_nash,0.0,0.0,0.0,0.0,0.0,0.0,0.0,0.0,0.0,1.0,0.0,1.0,0.0,0.46139827370643616,0.9182958340544894,1.0063135623931885,0.0,1.0,0.0,,2.0
test_group_0164,diverse_minority,rating_user_knn_least_misery,rating_user_knn,least_misery,0.0,0.0,0.0,0.0,0.0,0.0,0.0,0.0,0.0,1.0,0.0,1.0,0.0,0.45184680819511414,0.9182958340544894,1.0063135623931885,0.0,1.0,0.0,,
test_group_0164,diverse_minority,rating_user_knn_nash_welfare,rating_user_knn,nash_welfare,0.0,0.0,0.0,0.0,0.0,0.0,0.0,0.0,0.0,1.0,0.0,1.0,0.0,0.4114205241203308,0.9182958340544894,1.0063135623931885,0.0,1.0,0.0,,
test_group_0164,diverse_minority,rating_user_knn_tuned_fairness,rating_user_knn,tuned_fairness,0.0,0.0,0.0,0.0,0.0,0.0,0.0,0.0,0.0,1.0,0.0,1.0,0.0,0.41982269287109375,0.9182958340544894,1.0063135623931885,0.0,1.0,0.0,0.0,
test_group_0165,diverse_minority,hybrid_mf_bayes_average,hybrid_mf_bayes,average,0.03333333333333333,0.04761904761904763,0.11004588314904008,0.04581272215238181,0.04581272215238181,0.06478897299712869,0.0,0.3333333333333333,0.0,1.0,0.06871908322857272,0.6666666666666666,0.3333333333333333,0.2716895341873169,0.9182958340544894,0.6680306792259216,0.0,1.0,0.0,,
test_group_0165,diverse_minority,hybrid_mf_bayes_dbscan_minority_nash,hybrid_mf_bayes,dbscan_minority_nash,0.06666666666666667,0.09523809523809526,0.18340980524840017,0.07635453692063635,0.07635453692063635,0.10798162166188115,0.0,0.3333333333333333,0.0,1.0,0.11453180538095452,0.6666666666666666,0.3333333333333333,0.29842954874038696,0.9182958340544894,0.6680306792259216,0.0,1.0,0.0,,2.0
test_group_0165,diverse_minority,hybrid_mf_bayes_least_misery,hybrid_mf_bayes,least_misery,0.06666666666666667,0.09523809523809526,0.15139734109601002,0.0630275674451833,0.0630275674451833,0.08913444068436317,0.0,0.3333333333333333,0.0,1.0,0.09454135116777494,0.6666666666666666,0.3333333333333333,0.3127277195453644,0.9182958340544894,0.6680306792259216,0.0,1.0,0.0,,
test_group_0165,diverse_minority,hybrid_mf_bayes_nash_welfare,hybrid_mf_bayes,nash_welfare,0.06666666666666667,0.09523809523809526,0.17366667134799177,0.07229841529663762,0.07229841529663762,0.10224539945058735,0.0,0.3333333333333333,0.0,1.0,0.10844762294495643,0.6666666666666666,0.3333333333333333,0.2696557641029358,0.9182958340544894,0.6680306792259216,0.0,1.0,0.0,,
test_group_0165,diverse_minority,hybrid_mf_bayes_tuned_fairness,hybrid_mf_bayes,tuned_fairness,0.03333333333333333,0.04761904761904763,0.11004588314904008,0.04581272215238181,0.04581272215238181,0.06478897299712869,0.0,0.3333333333333333,0.0,1.0,0.06871908322857272,0.6666666666666666,0.3333333333333333,0.2716895341873169,0.9182958340544894,0.6680306792259216,0.0,1.0,0.0,0.0,
test_group_0165,diverse_minority,mf_average,mf,average,0.03333333333333333,0.04761904761904763,0.07336392209936006,0.03054181476825454,0.03054181476825454,0.043192648664752455,0.0,0.3333333333333333,0.0,1.0,0.04581272215238181,0.6666666666666666,0.3333333333333333,0.2965676188468933,0.9182958340544894,0.6680306792259216,0.0,1.0,0.0,,
test_group_0165,diverse_minority,mf_dbscan_minority_nash,mf,dbscan_minority_nash,0.03333333333333333,0.04761904761904763,0.085143117641621,0.03544556034340995,0.03544556034340995,0.0501275921635643,0.0,0.3333333333333333,0.0,1.0,0.053168340515114924,0.6666666666666666,0.3333333333333333,0.28553351759910583,0.9182958340544894,0.6680306792259216,0.0,1.0,0.0,,2.0
test_group_0165,diverse_minority,mf_least_misery,mf,least_misery,0.0,0.0,0.0,0.0,0.0,0.0,0.0,0.0,0.0,1.0,0.0,1.0,0.0,0.32779720425605774,0.9182958340544894,0.6680306792259216,0.0,1.0,0.0,,
test_group_0165,diverse_minority,mf_nash_welfare,mf,nash_welfare,0.03333333333333333,0.04761904761904763,0.06625422345438904,0.027582007101773342,0.027582007101773342,0.03900684852079888,0.0,0.3333333333333333,0.0,1.0,0.04137301065266001,0.6666666666666666,0.3333333333333333,0.2965676486492157,0.9182958340544894,0.6680306792259216,0.0,1.0,0.0,,
test_group_0165,diverse_minority,mf_tuned_fairness,mf,tuned_fairness,0.03333333333333333,0.04761904761904763,0.07336392209936006,0.03054181476825454,0.03054181476825454,0.043192648664752455,0.0,0.3333333333333333,0.0,1.0,0.04581272215238181,0.6666666666666666,0.3333333333333333,0.2965676188468933,0.9182958340544894,0.6680306792259216,0.0,1.0,0.0,0.0,
test_group_0165,diverse_minority,rating_user_knn_average,rating_user_knn,average,0.0,0.0,0.0,0.0,0.0,0.0,0.0,0.0,0.0,1.0,0.0,1.0,0.0,0.4921474754810333,0.9182958340544894,0.6680306792259216,0.0,1.0,0.0,,
test_group_0165,diverse_minority,rating_user_knn_dbscan_minority_nash,rating_user_knn,dbscan_minority_nash,0.0,0.0,0.0,0.0,0.0,0.0,0.0,0.0,0.0,1.0,0.0,1.0,0.0,0.5649231672286987,0.9182958340544894,0.6680306792259216,0.0,1.0,0.0,,2.0
test_group_0165,diverse_minority,rating_user_knn_least_misery,rating_user_knn,least_misery,0.0,0.0,0.0,0.0,0.0,0.0,0.0,0.0,0.0,1.0,0.0,1.0,0.0,0.3853948414325714,0.9182958340544894,0.6680306792259216,0.0,1.0,0.0,,
test_group_0165,diverse_minority,rating_user_knn_nash_welfare,rating_user_knn,nash_welfare,0.0,0.0,0.0,0.0,0.0,0.0,0.0,0.0,0.0,1.0,0.0,1.0,0.0,0.4921474754810333,0.9182958340544894,0.6680306792259216,0.0,1.0,0.0,,
test_group_0165,diverse_minority,rating_user_knn_tuned_fairness,rating_user_knn,tuned_fairness,0.0,0.0,0.0,0.0,0.0,0.0,0.0,0.0,0.0,1.0,0.0,1.0,0.0,0.4921474754810333,0.9182958340544894,0.6680306792259216,0.0,1.0,0.0,0.0,
test_group_0166,diverse_minority,hybrid_mf_bayes_average,hybrid_mf_bayes,average,0.0,0.0,0.0,0.0,0.0,0.0,0.0,0.0,0.0,1.0,0.0,1.0,0.0,0.610474169254303,0.9182958340544894,1.093913197517395,0.0,1.0,0.0,,
test_group_0166,diverse_minority,hybrid_mf_bayes_dbscan_minority_nash,hybrid_mf_bayes,dbscan_minority_nash,0.0,0.0,0.0,0.0,0.0,0.0,0.0,0.0,0.0,1.0,0.0,1.0,0.0,0.6339012980461121,0.9182958340544894,1.093913197517395,0.0,1.0,0.0,,2.0
test_group_0166,diverse_minority,hybrid_mf_bayes_least_misery,hybrid_mf_bayes,least_misery,0.0,0.0,0.0,0.0,0.0,0.0,0.0,0.0,0.0,1.0,0.0,1.0,0.0,0.6325812935829163,0.9182958340544894,1.093913197517395,0.0,1.0,0.0,,
test_group_0166,diverse_minority,hybrid_mf_bayes_nash_welfare,hybrid_mf_bayes,nash_welfare,0.0,0.0,0.0,0.0,0.0,0.0,0.0,0.0,0.0,1.0,0.0,1.0,0.0,0.6359582543373108,0.9182958340544894,1.093913197517395,0.0,1.0,0.0,,
test_group_0166,diverse_minority,hybrid_mf_bayes_tuned_fairness,hybrid_mf_bayes,tuned_fairness,0.0,0.0,0.0,0.0,0.0,0.0,0.0,0.0,0.0,1.0,0.0,1.0,0.0,0.610474169254303,0.9182958340544894,1.093913197517395,0.0,1.0,0.0,0.0,
test_group_0166,diverse_minority,mf_average,mf,average,0.0,0.0,0.0,0.0,0.0,0.0,0.0,0.0,0.0,1.0,0.0,1.0,0.0,0.634445071220398,0.9182958340544894,1.093913197517395,0.0,1.0,0.0,,
test_group_0166,diverse_minority,mf_dbscan_minority_nash,mf,dbscan_minority_nash,0.0,0.0,0.0,0.0,0.0,0.0,0.0,0.0,0.0,1.0,0.0,1.0,0.0,0.4910967946052551,0.9182958340544894,1.093913197517395,0.0,1.0,0.0,,2.0
test_group_0166,diverse_minority,mf_least_misery,mf,least_misery,0.0,0.0,0.0,0.0,0.0,0.0,0.0,0.0,0.0,1.0,0.0,1.0,0.0,0.7691921591758728,0.9182958340544894,1.093913197517395,0.0,1.0,0.0,,
test_group_0166,diverse_minority,mf_nash_welfare,mf,nash_welfare,0.0,0.0,0.0,0.0,0.0,0.0,0.0,0.0,0.0,1.0,0.0,1.0,0.0,0.7037237286567688,0.9182958340544894,1.093913197517395,0.0,1.0,0.0,,
test_group_0166,diverse_minority,mf_tuned_fairness,mf,tuned_fairness,0.0,0.0,0.0,0.0,0.0,0.0,0.0,0.0,0.0,1.0,0.0,1.0,0.0,0.634445071220398,0.9182958340544894,1.093913197517395,0.0,1.0,0.0,0.0,
test_group_0166,diverse_minority,rating_user_knn_average,rating_user_knn,average,0.0,0.0,0.0,0.0,0.0,0.0,0.0,0.0,0.0,1.0,0.0,1.0,0.0,0.43288248777389526,0.9182958340544894,1.093913197517395,0.0,1.0,0.0,,
test_group_0166,diverse_minority,rating_user_knn_dbscan_minority_nash,rating_user_knn,dbscan_minority_nash,0.0,0.0,0.0,0.0,0.0,0.0,0.0,0.0,0.0,1.0,0.0,1.0,0.0,0.7297168970108032,0.9182958340544894,1.093913197517395,0.0,1.0,0.0,,2.0
test_group_0166,diverse_minority,rating_user_knn_least_misery,rating_user_knn,least_misery,0.0,0.0,0.0,0.0,0.0,0.0,0.0,0.0,0.0,1.0,0.0,1.0,0.0,0.4502532482147217,0.9182958340544894,1.093913197517395,0.0,1.0,0.0,,
test_group_0166,diverse_minority,rating_user_knn_nash_welfare,rating_user_knn,nash_welfare,0.0,0.0,0.0,0.0,0.0,0.0,0.0,0.0,0.0,1.0,0.0,1.0,0.0,0.4567452371120453,0.9182958340544894,1.093913197517395,0.0,1.0,0.0,,
test_group_0166,diverse_minority,rating_user_knn_tuned_fairness,rating_user_knn,tuned_fairness,0.0,0.0,0.0,0.0,0.0,0.0,0.0,0.0,0.0,1.0,0.0,1.0,0.0,0.43288248777389526,0.9182958340544894,1.093913197517395,0.0,1.0,0.0,0.0,
test_group_0167,diverse_minority,hybrid_mf_bayes_average,hybrid_mf_bayes,average,0.06666666666666667,0.057142857142857134,0.17947710508581738,0.05982570169527246,0.05982570169527246,0.045436575676764464,0.0,0.6341903201183198,0.06943122193677728,0.0,0.014408280362257234,0.3333333333333333,0.6666666666666666,0.30846989154815674,0.9182958340544894,0.8709797859191895,0.0,1.0,0.0,,
test_group_0167,diverse_minority,hybrid_mf_bayes_dbscan_minority_nash,hybrid_mf_bayes,dbscan_minority_nash,0.03333333333333333,0.028571428571428567,0.06362078819895171,0.021206929399650576,0.021206929399650576,0.02999112717327456,0.0,0.3333333333333333,0.06362078819895173,0.0,0.06362078819895173,0.6666666666666666,0.3333333333333333,0.2704853415489197,0.9182958340544894,0.8709797859191895,0.0,1.0,0.0,,2.0
test_group_0167,diverse_minority,hybrid_mf_bayes_least_misery,hybrid_mf_bayes,least_misery,0.0,0.0,0.0,0.0,0.0,0.0,0.0,0.0,0.0,1.0,0.0,1.0,0.0,0.3368171453475952,0.9182958340544894,0.8709797859191895,0.0,1.0,0.0,,
test_group_0167,diverse_minority,hybrid_mf_bayes_nash_welfare,hybrid_mf_bayes,nash_welfare,0.06666666666666667,0.057142857142857134,0.16421958630632802,0.054739862102109356,0.054739862102109356,0.04006732288958549,0.0,0.6511418555321918,0.06943122193677728,0.0,0.022037039752001886,0.3333333333333333,0.6666666666666666,0.31611913442611694,0.9182958340544894,0.8709797859191895,0.0,1.0,0.0,,
test_group_0167,diverse_minority,hybrid_mf_bayes_tuned_fairness,hybrid_mf_bayes,tuned_fairness,0.06666666666666667,0.057142857142857134,0.17947710508581738,0.05982570169527246,0.05982570169527246,0.045436575676764464,0.0,0.6341903201183198,0.06943122193677728,0.0,0.014408280362257234,0.3333333333333333,0.6666666666666666,0.30846989154815674,0.9182958340544894,0.8709797859191895,0.0,1.0,0.0,0.0,
test_group_0167,diverse_minority,mf_average,mf,average,0.06666666666666667,0.057142857142857134,0.13961814555374907,0.0465393818512497,0.0465393818512497,0.03303606616036377,0.0,0.6649424069328501,0.06625422345438904,0.0,0.02957226240470901,0.3333333333333333,0.6666666666666666,0.29397884011268616,0.9182958340544894,0.8709797859191895,0.0,1.0,0.0,,
test_group_0167,diverse_minority,mf_dbscan_minority_nash,mf,dbscan_minority_nash,0.03333333333333333,0.028571428571428567,0.06943122193677727,0.023143740645592426,0.023143740645592426,0.03273019190504226,0.0,0.3333333333333333,0.06943122193677728,0.0,0.06943122193677728,0.6666666666666666,0.3333333333333333,0.32444706559181213,0.9182958340544894,0.8709797859191895,0.0,1.0,0.0,,2.0
test_group_0167,diverse_minority,mf_least_misery,mf,least_misery,0.0,0.0,0.0,0.0,0.0,0.0,0.0,0.0,0.0,1.0,0.0,1.0,0.0,0.34836098551750183,0.9182958340544894,0.8709797859191895,0.0,1.0,0.0,,
test_group_0167,diverse_minority,mf_nash_welfare,mf,nash_welfare,0.06666666666666667,0.057142857142857134,0.1356854453911663,0.04522848179705544,0.04522848179705544,0.03200765537689596,0.0,0.6663013763196143,0.06625422345438904,0.0,0.0315386124860004,0.3333333333333333,0.6666666666666666,0.25122424960136414,0.9182958340544894,0.8709797859191895,0.0,1.0,0.0,,
test_group_0167,diverse_minority,mf_tuned_fairness,mf,tuned_fairness,0.06666666666666667,0.057142857142857134,0.13961814555374907,0.0465393818512497,0.0465393818512497,0.03303606616036377,0.0,0.6649424069328501,0.06625422345438904,0.0,0.02957226240470901,0.3333333333333333,0.6666666666666666,0.29397884011268616,0.9182958340544894,0.8709797859191895,0.0,1.0,0.0,0.0,
test_group_0167,diverse_minority,rating_user_knn_average,rating_user_knn,average,0.0,0.0,0.0,0.0,0.0,0.0,0.0,0.0,0.0,1.0,0.0,1.0,0.0,0.5394328832626343,0.9182958340544894,0.8709797859191895,0.0,1.0,0.0,,
test_group_0167,diverse_minority,rating_user_knn_dbscan_minority_nash,rating_user_knn,dbscan_minority_nash,0.0,0.0,0.0,0.0,0.0,0.0,0.0,0.0,0.0,1.0,0.0,1.0,0.0,0.6420169472694397,0.9182958340544894,0.8709797859191895,0.0,1.0,0.0,,2.0
test_group_0167,diverse_minority,rating_user_knn_least_misery,rating_user_knn,least_misery,0.0,0.0,0.0,0.0,0.0,0.0,0.0,0.0,0.0,1.0,0.0,1.0,0.0,0.5017906427383423,0.9182958340544894,0.8709797859191895,0.0,1.0,0.0,,
test_group_0167,diverse_minority,rating_user_knn_nash_welfare,rating_user_knn,nash_welfare,0.0,0.0,0.0,0.0,0.0,0.0,0.0,0.0,0.0,1.0,0.0,1.0,0.0,0.5394328832626343,0.9182958340544894,0.8709797859191895,0.0,1.0,0.0,,
test_group_0167,diverse_minority,rating_user_knn_tuned_fairness,rating_user_knn,tuned_fairness,0.0,0.0,0.0,0.0,0.0,0.0,0.0,0.0,0.0,1.0,0.0,1.0,0.0,0.5394328832626343,0.9182958340544894,0.8709797859191895,0.0,1.0,0.0,0.0,
test_group_0168,diverse_minority,hybrid_mf_bayes_average,hybrid_mf_bayes,average,0.0,0.0,0.0,0.0,0.0,0.0,0.0,0.0,0.0,1.0,0.0,1.0,0.0,0.2960907816886902,0.9182958340544894,0.5157365202903748,0.0,1.0,0.0,,
test_group_0168,diverse_minority,hybrid_mf_bayes_dbscan_minority_nash,hybrid_mf_bayes,dbscan_minority_nash,0.0,0.0,0.0,0.0,0.0,0.0,0.0,0.0,0.0,1.0,0.0,1.0,0.0,0.2640526592731476,0.9182958340544894,0.5157365202903748,0.0,1.0,0.0,,2.0
test_group_0168,diverse_minority,hybrid_mf_bayes_least_misery,hybrid_mf_bayes,least_misery,0.0,0.0,0.0,0.0,0.0,0.0,0.0,0.0,0.0,1.0,0.0,1.0,0.0,0.2829573154449463,0.9182958340544894,0.5157365202903748,0.0,1.0,0.0,,
test_group_0168,diverse_minority,hybrid_mf_bayes_nash_welfare,hybrid_mf_bayes,nash_welfare,0.0,0.0,0.0,0.0,0.0,0.0,0.0,0.0,0.0,1.0,0.0,1.0,0.0,0.2960907816886902,0.9182958340544894,0.5157365202903748,0.0,1.0,0.0,,
test_group_0168,diverse_minority,hybrid_mf_bayes_tuned_fairness,hybrid_mf_bayes,tuned_fairness,0.0,0.0,0.0,0.0,0.0,0.0,0.0,0.0,0.0,1.0,0.0,1.0,0.0,0.2960907816886902,0.9182958340544894,0.5157365202903748,0.0,1.0,0.0,0.0,
test_group_0168,diverse_minority,mf_average,mf,average,0.0,0.0,0.0,0.0,0.0,0.0,0.0,0.0,0.0,1.0,0.0,1.0,0.0,0.29940295219421387,0.9182958340544894,0.5157365202903748,0.0,1.0,0.0,,
test_group_0168,diverse_minority,mf_dbscan_minority_nash,mf,dbscan_minority_nash,0.0,0.0,0.0,0.0,0.0,0.0,0.0,0.0,0.0,1.0,0.0,1.0,0.0,0.2813885807991028,0.9182958340544894,0.5157365202903748,0.0,1.0,0.0,,2.0
test_group_0168,diverse_minority,mf_least_misery,mf,least_misery,0.0,0.0,0.0,0.0,0.0,0.0,0.0,0.0,0.0,1.0,0.0,1.0,0.0,0.36343663930892944,0.9182958340544894,0.5157365202903748,0.0,1.0,0.0,,
test_group_0168,diverse_minority,mf_nash_welfare,mf,nash_welfare,0.0,0.0,0.0,0.0,0.0,0.0,0.0,0.0,0.0,1.0,0.0,1.0,0.0,0.29940298199653625,0.9182958340544894,0.5157365202903748,0.0,1.0,0.0,,
test_group_0168,diverse_minority,mf_tuned_fairness,mf,tuned_fairness,0.0,0.0,0.0,0.0,0.0,0.0,0.0,0.0,0.0,1.0,0.0,1.0,0.0,0.29940295219421387,0.9182958340544894,0.5157365202903748,0.0,1.0,0.0,0.0,
test_group_0168,diverse_minority,rating_user_knn_average,rating_user_knn,average,0.0,0.0,0.0,0.0,0.0,0.0,0.0,0.0,0.0,1.0,0.0,1.0,0.0,0.47042316198349,0.9182958340544894,0.5157365202903748,0.0,1.0,0.0,,
test_group_0168,diverse_minority,rating_user_knn_dbscan_minority_nash,rating_user_knn,dbscan_minority_nash,0.0,0.0,0.0,0.0,0.0,0.0,0.0,0.0,0.0,1.0,0.0,1.0,0.0,0.4204888641834259,0.9182958340544894,0.5157365202903748,0.0,1.0,0.0,,2.0
test_group_0168,diverse_minority,rating_user_knn_least_misery,rating_user_knn,least_misery,0.0,0.0,0.0,0.0,0.0,0.0,0.0,0.0,0.0,1.0,0.0,1.0,0.0,0.37530335783958435,0.9182958340544894,0.5157365202903748,0.0,1.0,0.0,,
test_group_0168,diverse_minority,rating_user_knn_nash_welfare,rating_user_knn,nash_welfare,0.0,0.0,0.0,0.0,0.0,0.0,0.0,0.0,0.0,1.0,0.0,1.0,0.0,0.4754350781440735,0.9182958340544894,0.5157365202903748,0.0,1.0,0.0,,
test_group_0168,diverse_minority,rating_user_knn_tuned_fairness,rating_user_knn,tuned_fairness,0.0,0.0,0.0,0.0,0.0,0.0,0.0,0.0,0.0,1.0,0.0,1.0,0.0,0.47042316198349,0.9182958340544894,0.5157365202903748,0.0,1.0,0.0,0.0,
test_group_0169,diverse_minority,hybrid_mf_bayes_average,hybrid_mf_bayes,average,0.03333333333333333,0.041666666666666664,0.07336392209936006,0.03362249038875705,0.03362249038875705,0.04754938190853925,0.0,0.3333333333333333,0.10086747116627115,0.0,0.10086747116627115,0.6666666666666666,0.3333333333333333,0.2845473885536194,0.9182958340544894,0.9590379595756531,0.0,1.0,0.0,,
test_group_0169,diverse_minority,hybrid_mf_bayes_dbscan_minority_nash,hybrid_mf_bayes,dbscan_minority_nash,0.03333333333333333,0.041666666666666664,0.09478836436955076,0.043441255303456876,0.043441255303456876,0.06143521241666085,0.0,0.3333333333333333,0.13032376591037062,0.0,0.13032376591037062,0.6666666666666666,0.3333333333333333,0.2377498894929886,0.9182958340544894,0.9590379595756531,0.0,1.0,0.0,,2.0
test_group_0169,diverse_minority,hybrid_mf_bayes_least_misery,hybrid_mf_bayes,least_misery,0.03333333333333333,0.041666666666666664,0.06943122193677727,0.03182014436315578,0.03182014436315578,0.0450004797150447,0.0,0.33333333333333337,0.09546043308946733,0.0,0.09546043308946733,0.6666666666666666,0.3333333333333333,0.23451268672943115,0.9182958340544894,0.9590379595756531,0.0,1.0,0.0,,
test_group_0169,diverse_minority,hybrid_mf_bayes_nash_welfare,hybrid_mf_bayes,nash_welfare,0.03333333333333333,0.041666666666666664,0.07336392209936006,0.03362249038875705,0.03362249038875705,0.04754938190853925,0.0,0.3333333333333333,0.10086747116627115,0.0,0.10086747116627115,0.6666666666666666,0.3333333333333333,0.2845473885536194,0.9182958340544894,0.9590379595756531,0.0,1.0,0.0,,
test_group_0169,diverse_minority,hybrid_mf_bayes_tuned_fairness,hybrid_mf_bayes,tuned_fairness,0.03333333333333333,0.041666666666666664,0.07336392209936006,0.03362249038875705,0.03362249038875705,0.04754938190853925,0.0,0.3333333333333333,0.10086747116627115,0.0,0.10086747116627115,0.6666666666666666,0.3333333333333333,0.2845473885536194,0.9182958340544894,0.9590379595756531,0.0,1.0,0.0,0.0,
test_group_0169,diverse_minority,mf_average,mf,average,0.03333333333333333,0.041666666666666664,0.07839826897867533,0.03592971817483698,0.03592971817483698,0.05081229473509754,0.0,0.33333333333333337,0.10778915452451093,0.0,0.10778915452451093,0.6666666666666666,0.3333333333333333,0.253445029258728,0.9182958340544894,0.9590379595756531,0.0,1.0,0.0,,
test_group_0169,diverse_minority,mf_dbscan_minority_nash,mf,dbscan_minority_nash,0.03333333333333333,0.041666666666666664,0.11004588314904008,0.050433735583135575,0.050433735583135575,0.0713240728628089,0.0,0.33333333333333337,0.15130120674940672,0.0,0.15130120674940672,0.6666666666666666,0.3333333333333333,0.22480854392051697,0.9182958340544894,0.9590379595756531,0.0,1.0,0.0,,2.0
test_group_0169,diverse_minority,mf_least_misery,mf,least_misery,0.0,0.0,0.0,0.0,0.0,0.0,0.0,0.0,0.0,1.0,0.0,1.0,0.0,0.23957966268062592,0.9182958340544894,0.9590379595756531,0.0,1.0,0.0,,
test_group_0169,diverse_minority,mf_nash_welfare,mf,nash_welfare,0.03333333333333333,0.041666666666666664,0.085143117641621,0.03902086437932118,0.03902086437932118,0.05518383562075721,0.0,0.3333333333333333,0.11706259313796354,0.0,0.11706259313796354,0.6666666666666666,0.3333333333333333,0.25344499945640564,0.9182958340544894,0.9590379595756531,0.0,1.0,0.0,,
test_group_0169,diverse_minority,mf_tuned_fairness,mf,tuned_fairness,0.03333333333333333,0.041666666666666664,0.07839826897867533,0.03592971817483698,0.03592971817483698,0.05081229473509754,0.0,0.33333333333333337,0.10778915452451093,0.0,0.10778915452451093,0.6666666666666666,0.3333333333333333,0.253445029258728,0.9182958340544894,0.9590379595756531,0.0,1.0,0.0,0.0,
test_group_0169,diverse_minority,rating_user_knn_average,rating_user_knn,average,0.03333333333333333,0.041666666666666664,0.22009176629808017,0.10086747116627115,0.10086747116627115,0.1426481457256178,0.0,0.33333333333333337,0.30260241349881345,0.0,0.30260241349881345,0.6666666666666666,0.3333333333333333,0.49729597568511963,0.9182958340544894,0.9590379595756531,0.0,1.0,0.0,,
test_group_0169,diverse_minority,rating_user_knn_dbscan_minority_nash,rating_user_knn,dbscan_minority_nash,0.03333333333333333,0.041666666666666664,0.13886244387355454,0.06364028872631156,0.06364028872631156,0.0900009594300894,0.0,0.33333333333333337,0.19092086617893467,0.0,0.19092086617893467,0.6666666666666666,0.3333333333333333,0.5247846245765686,0.9182958340544894,0.9590379595756531,0.0,1.0,0.0,,2.0
test_group_0169,diverse_minority,rating_user_knn_least_misery,rating_user_knn,least_misery,0.03333333333333333,0.041666666666666664,0.22009176629808017,0.10086747116627115,0.10086747116627115,0.1426481457256178,0.0,0.33333333333333337,0.30260241349881345,0.0,0.30260241349881345,0.6666666666666666,0.3333333333333333,0.47578567266464233,0.9182958340544894,0.9590379595756531,0.0,1.0,0.0,,
test_group_0169,diverse_minority,rating_user_knn_nash_welfare,rating_user_knn,nash_welfare,0.03333333333333333,0.041666666666666664,0.22009176629808017,0.10086747116627115,0.10086747116627115,0.1426481457256178,0.0,0.33333333333333337,0.30260241349881345,0.0,0.30260241349881345,0.6666666666666666,0.3333333333333333,0.49729591608047485,0.9182958340544894,0.9590379595756531,0.0,1.0,0.0,,
test_group_0169,diverse_minority,rating_user_knn_tuned_fairness,rating_user_knn,tuned_fairness,0.03333333333333333,0.041666666666666664,0.22009176629808017,0.10086747116627115,0.10086747116627115,0.1426481457256178,0.0,0.33333333333333337,0.30260241349881345,0.0,0.30260241349881345,0.6666666666666666,0.3333333333333333,0.49729597568511963,0.9182958340544894,0.9590379595756531,0.0,1.0,0.0,0.0,
test_group_0170,diverse_minority,hybrid_mf_bayes_average,hybrid_mf_bayes,average,0.03333333333333333,0.07142857142857144,0.22009176629808017,0.15642624200758548,0.15642624200758548,0.22122011295818336,0.0,0.3333333333333333,0.0,1.0,0.23463936301137822,0.6666666666666666,0.3333333333333333,0.5082638263702393,0.9182958340544894,0.9995695948600769,0.0,1.0,0.0,,
test_group_0170,diverse_minority,hybrid_mf_bayes_dbscan_minority_nash,hybrid_mf_bayes,dbscan_minority_nash,0.03333333333333333,0.07142857142857144,0.22009176629808017,0.15642624200758548,0.15642624200758548,0.22122011295818336,0.0,0.3333333333333333,0.0,1.0,0.23463936301137822,0.6666666666666666,0.3333333333333333,0.4302294850349426,0.9182958340544894,0.9995695948600769,0.0,1.0,0.0,,2.0
test_group_0170,diverse_minority,hybrid_mf_bayes_least_misery,hybrid_mf_bayes,least_misery,0.03333333333333333,0.07142857142857144,0.22009176629808017,0.15642624200758548,0.15642624200758548,0.22122011295818336,0.0,0.3333333333333333,0.0,1.0,0.23463936301137822,0.6666666666666666,0.3333333333333333,0.5550751090049744,0.9182958340544894,0.9995695948600769,0.0,1.0,0.0,,
test_group_0170,diverse_minority,hybrid_mf_bayes_nash_welfare,hybrid_mf_bayes,nash_welfare,0.03333333333333333,0.07142857142857144,0.22009176629808017,0.15642624200758548,0.15642624200758548,0.22122011295818336,0.0,0.3333333333333333,0.0,1.0,0.23463936301137822,0.6666666666666666,0.3333333333333333,0.48439866304397583,0.9182958340544894,0.9995695948600769,0.0,1.0,0.0,,
test_group_0170,diverse_minority,hybrid_mf_bayes_tuned_fairness,hybrid_mf_bayes,tuned_fairness,0.03333333333333333,0.07142857142857144,0.22009176629808017,0.15642624200758548,0.15642624200758548,0.22122011295818336,0.0,0.3333333333333333,0.0,1.0,0.23463936301137822,0.6666666666666666,0.3333333333333333,0.5082638263702393,0.9182958340544894,0.9995695948600769,0.0,1.0,0.0,0.0,
test_group_0170,diverse_minority,mf_average,mf,average,0.03333333333333333,0.07142857142857144,0.22009176629808017,0.15642624200758548,0.15642624200758548,0.22122011295818336,0.0,0.3333333333333333,0.0,1.0,0.23463936301137822,0.6666666666666666,0.3333333333333333,0.47431817650794983,0.9182958340544894,0.9995695948600769,0.0,1.0,0.0,,
test_group_0170,diverse_minority,mf_dbscan_minority_nash,mf,dbscan_minority_nash,0.03333333333333333,0.07142857142857144,0.07839826897867533,0.05572015165540076,0.05572015165540076,0.07880019416855341,0.0,0.3333333333333333,0.0,1.0,0.08358022748310114,0.6666666666666666,0.3333333333333333,0.3491227924823761,0.9182958340544894,0.9995695948600769,0.0,1.0,0.0,,2.0
test_group_0170,diverse_minority,mf_least_misery,mf,least_misery,0.03333333333333333,0.07142857142857144,0.11004588314904008,0.07821312100379274,0.07821312100379274,0.11061005647909168,0.0,0.3333333333333333,0.0,1.0,0.11731968150568911,0.6666666666666666,0.3333333333333333,0.4905052185058594,0.9182958340544894,0.9995695948600769,0.0,1.0,0.0,,
test_group_0170,diverse_minority,mf_nash_welfare,mf,nash_welfare,0.03333333333333333,0.07142857142857144,0.22009176629808017,0.15642624200758548,0.15642624200758548,0.22122011295818336,0.0,0.3333333333333333,0.0,1.0,0.23463936301137822,0.6666666666666666,0.3333333333333333,0.41884902119636536,0.9182958340544894,0.9995695948600769,0.0,1.0,0.0,,
test_group_0170,diverse_minority,mf_tuned_fairness,mf,tuned_fairness,0.03333333333333333,0.07142857142857144,0.22009176629808017,0.15642624200758548,0.15642624200758548,0.22122011295818336,0.0,0.3333333333333333,0.0,1.0,0.23463936301137822,0.6666666666666666,0.3333333333333333,0.47431817650794983,0.9182958340544894,0.9995695948600769,0.0,1.0,0.0,0.0,
test_group_0170,diverse_minority,rating_user_knn_average,rating_user_knn,average,0.0,0.0,0.0,0.0,0.0,0.0,0.0,0.0,0.0,1.0,0.0,1.0,0.0,0.8023534417152405,0.9182958340544894,0.9995695948600769,0.0,1.0,0.0,,
test_group_0170,diverse_minority,rating_user_knn_dbscan_minority_nash,rating_user_knn,dbscan_minority_nash,0.0,0.0,0.0,0.0,0.0,0.0,0.0,0.0,0.0,1.0,0.0,1.0,0.0,0.6376714706420898,0.9182958340544894,0.9995695948600769,0.0,1.0,0.0,,2.0
test_group_0170,diverse_minority,rating_user_knn_least_misery,rating_user_knn,least_misery,0.0,0.0,0.0,0.0,0.0,0.0,0.0,0.0,0.0,1.0,0.0,1.0,0.0,0.579834520816803,0.9182958340544894,0.9995695948600769,0.0,1.0,0.0,,
test_group_0170,diverse_minority,rating_user_knn_nash_welfare,rating_user_knn,nash_welfare,0.0,0.0,0.0,0.0,0.0,0.0,0.0,0.0,0.0,1.0,0.0,1.0,0.0,0.8436771035194397,0.9182958340544894,0.9995695948600769,0.0,1.0,0.0,,
test_group_0170,diverse_minority,rating_user_knn_tuned_fairness,rating_user_knn,tuned_fairness,0.0,0.0,0.0,0.0,0.0,0.0,0.0,0.0,0.0,1.0,0.0,1.0,0.0,0.8023534417152405,0.9182958340544894,0.9995695948600769,0.0,1.0,0.0,0.0,
test_group_0171,diverse_minority,hybrid_mf_bayes_average,hybrid_mf_bayes,average,0.03333333333333333,0.07692307692307693,0.09478836436955076,0.08802270752419696,0.08802270752419696,0.12448290677751962,0.0,0.3333333333333333,0.2640681225725909,0.0,0.2640681225725909,0.6666666666666666,0.3333333333333333,0.31963321566581726,0.9182958340544894,0.7540168762207031,0.0,1.0,0.0,,
test_group_0171,diverse_minority,hybrid_mf_bayes_dbscan_minority_nash,hybrid_mf_bayes,dbscan_minority_nash,0.03333333333333333,0.07692307692307693,0.07336392209936006,0.06812746586282871,0.06812746586282871,0.09634678619332239,0.0,0.3333333333333333,0.20438239758848611,0.0,0.20438239758848611,0.6666666666666666,0.3333333333333333,0.2888295352458954,0.9182958340544894,0.7540168762207031,0.0,1.0,0.0,,2.0
test_group_0171,diverse_minority,hybrid_mf_bayes_least_misery,hybrid_mf_bayes,least_misery,0.03333333333333333,0.07692307692307693,0.13886244387355454,0.1289509357448472,0.1289509357448472,0.18236416221106444,0.0,0.3333333333333333,0.38685280723454163,0.0,0.38685280723454163,0.6666666666666666,0.3333333333333333,0.369812548160553,0.9182958340544894,0.7540168762207031,0.0,1.0,0.0,,
test_group_0171,diverse_minority,hybrid_mf_bayes_nash_welfare,hybrid_mf_bayes,nash_welfare,0.03333333333333333,0.07692307692307693,0.11004588314904008,0.10219119879424306,0.10219119879424306,0.14452017928998362,0.0,0.33333333333333337,0.3065735963827292,0.0,0.3065735963827292,0.6666666666666666,0.3333333333333333,0.31963321566581726,0.9182958340544894,0.7540168762207031,0.0,1.0,0.0,,
test_group_0171,diverse_minority,hybrid_mf_bayes_tuned_fairness,hybrid_mf_bayes,tuned_fairness,0.03333333333333333,0.07692307692307693,0.09478836436955076,0.08802270752419696,0.08802270752419696,0.12448290677751962,0.0,0.3333333333333333,0.2640681225725909,0.0,0.2640681225725909,0.6666666666666666,0.3333333333333333,0.31963321566581726,0.9182958340544894,0.7540168762207031,0.0,1.0,0.0,0.0,
test_group_0171,diverse_minority,mf_average,mf,average,0.0,0.0,0.0,0.0,0.0,0.0,0.0,0.0,0.0,1.0,0.0,1.0,0.0,0.41337448358535767,0.9182958340544894,0.7540168762207031,0.0,1.0,0.0,,
test_group_0171,diverse_minority,mf_dbscan_minority_nash,mf,dbscan_minority_nash,0.0,0.0,0.0,0.0,0.0,0.0,0.0,0.0,0.0,1.0,0.0,1.0,0.0,0.2653947174549103,0.9182958340544894,0.7540168762207031,0.0,1.0,0.0,,2.0
test_group_0171,diverse_minority,mf_least_misery,mf,least_misery,0.0,0.0,0.0,0.0,0.0,0.0,0.0,0.0,0.0,1.0,0.0,1.0,0.0,0.4185349643230438,0.9182958340544894,0.7540168762207031,0.0,1.0,0.0,,
test_group_0171,diverse_minority,mf_nash_welfare,mf,nash_welfare,0.0,0.0,0.0,0.0,0.0,0.0,0.0,0.0,0.0,1.0,0.0,1.0,0.0,0.4161366820335388,0.9182958340544894,0.7540168762207031,0.0,1.0,0.0,,
test_group_0171,diverse_minority,mf_tuned_fairness,mf,tuned_fairness,0.0,0.0,0.0,0.0,0.0,0.0,0.0,0.0,0.0,1.0,0.0,1.0,0.0,0.41337448358535767,0.9182958340544894,0.7540168762207031,0.0,1.0,0.0,0.0,
test_group_0171,diverse_minority,rating_user_knn_average,rating_user_knn,average,0.0,0.0,0.0,0.0,0.0,0.0,0.0,0.0,0.0,1.0,0.0,1.0,0.0,0.5436955690383911,0.9182958340544894,0.7540168762207031,0.0,1.0,0.0,,
test_group_0171,diverse_minority,rating_user_knn_dbscan_minority_nash,rating_user_knn,dbscan_minority_nash,0.0,0.0,0.0,0.0,0.0,0.0,0.0,0.0,0.0,1.0,0.0,1.0,0.0,0.4266764223575592,0.9182958340544894,0.7540168762207031,0.0,1.0,0.0,,2.0
test_group_0171,diverse_minority,rating_user_knn_least_misery,rating_user_knn,least_misery,0.0,0.0,0.0,0.0,0.0,0.0,0.0,0.0,0.0,1.0,0.0,1.0,0.0,0.3681769073009491,0.9182958340544894,0.7540168762207031,0.0,1.0,0.0,,
test_group_0171,diverse_minority,rating_user_knn_nash_welfare,rating_user_knn,nash_welfare,0.0,0.0,0.0,0.0,0.0,0.0,0.0,0.0,0.0,1.0,0.0,1.0,0.0,0.5436955690383911,0.9182958340544894,0.7540168762207031,0.0,1.0,0.0,,
test_group_0171,diverse_minority,rating_user_knn_tuned_fairness,rating_user_knn,tuned_fairness,0.0,0.0,0.0,0.0,0.0,0.0,0.0,0.0,0.0,1.0,0.0,1.0,0.0,0.5436955690383911,0.9182958340544894,0.7540168762207031,0.0,1.0,0.0,0.0,
test_group_0172,diverse_minority,hybrid_mf_bayes_average,hybrid_mf_bayes,average,0.13333333333333333,0.06349206349206352,0.38246493799521397,0.15554744058188882,0.15554744058188882,0.2199773000633303,0.0,0.33333333333333337,0.46664232174566644,0.0,0.46664232174566644,0.6666666666666666,0.3333333333333333,0.26320669054985046,0.9182958340544894,0.7014756798744202,0.0,1.0,0.0,,
test_group_0172,diverse_minority,hybrid_mf_bayes_dbscan_minority_nash,hybrid_mf_bayes,dbscan_minority_nash,0.16666666666666666,0.07936507936507939,0.3527779677230511,0.14347383125008822,0.14347383125008822,0.20290263799950356,0.0,0.3333333333333333,0.43042149375026467,0.0,0.43042149375026467,0.6666666666666666,0.3333333333333333,0.23645931482315063,0.9182958340544894,0.7014756798744202,0.0,1.0,0.0,,2.0
test_group_0172,diverse_minority,hybrid_mf_bayes_least_misery,hybrid_mf_bayes,least_misery,0.16666666666666666,0.07936507936507939,0.44013735150177835,0.17900265286918793,0.17900265286918793,0.2531479793883688,0.0,0.3333333333333333,0.5370079586075638,0.0,0.5370079586075638,0.6666666666666666,0.3333333333333333,0.280544251203537,0.9182958340544894,0.7014756798744202,0.0,1.0,0.0,,
test_group_0172,diverse_minority,hybrid_mf_bayes_nash_welfare,hybrid_mf_bayes,nash_welfare,0.13333333333333333,0.06349206349206352,0.38246493799521397,0.15554744058188882,0.15554744058188882,0.2199773000633303,0.0,0.33333333333333337,0.46664232174566644,0.0,0.46664232174566644,0.6666666666666666,0.3333333333333333,0.26320669054985046,0.9182958340544894,0.7014756798744202,0.0,1.0,0.0,,
test_group_0172,diverse_minority,hybrid_mf_bayes_tuned_fairness,hybrid_mf_bayes,tuned_fairness,0.13333333333333333,0.06349206349206352,0.38246493799521397,0.15554744058188882,0.15554744058188882,0.2199773000633303,0.0,0.33333333333333337,0.46664232174566644,0.0,0.46664232174566644,0.6666666666666666,0.3333333333333333,0.26320669054985046,0.9182958340544894,0.7014756798744202,0.0,1.0,0.0,0.0,
test_group_0172,diverse_minority,mf_average,mf,average,0.1,0.04761904761904764,0.34850528900474625,0.14173614454200795,0.14173614454200795,0.20044517788978097,0.0,0.33333333333333337,0.42520843362602384,0.0,0.42520843362602384,0.6666666666666666,0.3333333333333333,0.34442222118377686,0.9182958340544894,0.7014756798744202,0.0,1.0,0.0,,
test_group_0172,diverse_minority,mf_dbscan_minority_nash,mf,dbscan_minority_nash,0.16666666666666666,0.07936507936507939,0.33650909825691055,0.13685732668921607,0.13685732668921607,0.19354548751401474,0.0,0.33333333333333337,0.4105719800676482,0.0,0.4105719800676482,0.6666666666666666,0.3333333333333333,0.21801531314849854,0.9182958340544894,0.7014756798744202,0.0,1.0,0.0,,2.0
test_group_0172,diverse_minority,mf_least_misery,mf,least_misery,0.16666666666666666,0.07936507936507939,0.48094299206470914,0.19559819489230487,0.19559819489230487,0.27661761999239337,0.0,0.3333333333333333,0.5867945846769146,0.0,0.5867945846769146,0.6666666666666666,0.3333333333333333,0.31218937039375305,0.9182958340544894,0.7014756798744202,0.0,1.0,0.0,,
test_group_0172,diverse_minority,mf_nash_welfare,mf,nash_welfare,0.1,0.04761904761904764,0.3463468978671456,0.1408583327901955,0.1408583327901955,0.19920376460515732,0.0,0.33333333333333337,0.4225749983705865,0.0,0.4225749983705865,0.6666666666666666,0.3333333333333333,0.34442222118377686,0.9182958340544894,0.7014756798744202,0.0,1.0,0.0,,
test_group_0172,diverse_minority,mf_tuned_fairness,mf,tuned_fairness,0.1,0.04761904761904764,0.34850528900474625,0.14173614454200795,0.14173614454200795,0.20044517788978097,0.0,0.33333333333333337,0.42520843362602384,0.0,0.42520843362602384,0.6666666666666666,0.3333333333333333,0.34442222118377686,0.9182958340544894,0.7014756798744202,0.0,1.0,0.0,0.0,
test_group_0172,diverse_minority,rating_user_knn_average,rating_user_knn,average,0.13333333333333333,0.06349206349206352,0.3745595926807425,0.15233235833924552,0.15233235833924552,0.2154304871516393,0.0,0.33333333333333337,0.45699707501773656,0.0,0.45699707501773656,0.6666666666666666,0.3333333333333333,0.5728381872177124,0.9182958340544894,0.7014756798744202,0.0,1.0,0.0,,
test_group_0172,diverse_minority,rating_user_knn_dbscan_minority_nash,rating_user_knn,dbscan_minority_nash,0.03333333333333333,0.01587301587301588,0.054302655984158565,0.022084741151463014,0.022084741151463014,0.031232540457898198,0.0,0.33333333333333337,0.06625422345438904,0.0,0.06625422345438904,0.6666666666666666,0.3333333333333333,0.5450888872146606,0.9182958340544894,0.7014756798744202,0.0,1.0,0.0,,2.0
test_group_0172,diverse_minority,rating_user_knn_least_misery,rating_user_knn,least_misery,0.03333333333333333,0.01587301587301588,0.1803895185407797,0.07336392209936006,0.07336392209936006,0.10375225362179824,0.0,0.33333333333333337,0.2200917662980802,0.0,0.2200917662980802,0.6666666666666666,0.3333333333333333,0.44264692068099976,0.9182958340544894,0.7014756798744202,0.0,1.0,0.0,,
test_group_0172,diverse_minority,rating_user_knn_nash_welfare,rating_user_knn,nash_welfare,0.13333333333333333,0.06349206349206352,0.3745595926807425,0.15233235833924552,0.15233235833924552,0.2154304871516393,0.0,0.33333333333333337,0.45699707501773656,0.0,0.45699707501773656,0.6666666666666666,0.3333333333333333,0.5728381872177124,0.9182958340544894,0.7014756798744202,0.0,1.0,0.0,,
test_group_0172,diverse_minority,rating_user_knn_tuned_fairness,rating_user_knn,tuned_fairness,0.13333333333333333,0.06349206349206352,0.3745595926807425,0.15233235833924552,0.15233235833924552,0.2154304871516393,0.0,0.33333333333333337,0.45699707501773656,0.0,0.45699707501773656,0.6666666666666666,0.3333333333333333,0.5728381872177124,0.9182958340544894,0.7014756798744202,0.0,1.0,0.0,0.0,
test_group_0173,diverse_minority,hybrid_mf_bayes_average,hybrid_mf_bayes,average,0.0,0.0,0.0,0.0,0.0,0.0,0.0,0.0,0.0,1.0,0.0,1.0,0.0,0.2132488191127777,0.9182958340544894,0.7921773791313171,0.0,1.0,0.0,,
test_group_0173,diverse_minority,hybrid_mf_bayes_dbscan_minority_nash,hybrid_mf_bayes,dbscan_minority_nash,0.0,0.0,0.0,0.0,0.0,0.0,0.0,0.0,0.0,1.0,0.0,1.0,0.0,0.21842806041240692,0.9182958340544894,0.7921773791313171,0.0,1.0,0.0,,2.0
test_group_0173,diverse_minority,hybrid_mf_bayes_least_misery,hybrid_mf_bayes,least_misery,0.0,0.0,0.0,0.0,0.0,0.0,0.0,0.0,0.0,1.0,0.0,1.0,0.0,0.2608870267868042,0.9182958340544894,0.7921773791313171,0.0,1.0,0.0,,
test_group_0173,diverse_minority,hybrid_mf_bayes_nash_welfare,hybrid_mf_bayes,nash_welfare,0.0,0.0,0.0,0.0,0.0,0.0,0.0,0.0,0.0,1.0,0.0,1.0,0.0,0.2132488489151001,0.9182958340544894,0.7921773791313171,0.0,1.0,0.0,,
test_group_0173,diverse_minority,hybrid_mf_bayes_tuned_fairness,hybrid_mf_bayes,tuned_fairness,0.0,0.0,0.0,0.0,0.0,0.0,0.0,0.0,0.0,1.0,0.0,1.0,0.0,0.2132488191127777,0.9182958340544894,0.7921773791313171,0.0,1.0,0.0,0.0,
test_group_0173,diverse_minority,mf_average,mf,average,0.0,0.0,0.0,0.0,0.0,0.0,0.0,0.0,0.0,1.0,0.0,1.0,0.0,0.3279092013835907,0.9182958340544894,0.7921773791313171,0.0,1.0,0.0,,
test_group_0173,diverse_minority,mf_dbscan_minority_nash,mf,dbscan_minority_nash,0.0,0.0,0.0,0.0,0.0,0.0,0.0,0.0,0.0,1.0,0.0,1.0,0.0,0.24223527312278748,0.9182958340544894,0.7921773791313171,0.0,1.0,0.0,,2.0
test_group_0173,diverse_minority,mf_least_misery,mf,least_misery,0.0,0.0,0.0,0.0,0.0,0.0,0.0,0.0,0.0,1.0,0.0,1.0,0.0,0.3564343750476837,0.9182958340544894,0.7921773791313171,0.0,1.0,0.0,,
test_group_0173,diverse_minority,mf_nash_welfare,mf,nash_welfare,0.0,0.0,0.0,0.0,0.0,0.0,0.0,0.0,0.0,1.0,0.0,1.0,0.0,0.3443652391433716,0.9182958340544894,0.7921773791313171,0.0,1.0,0.0,,
test_group_0173,diverse_minority,mf_tuned_fairness,mf,tuned_fairness,0.0,0.0,0.0,0.0,0.0,0.0,0.0,0.0,0.0,1.0,0.0,1.0,0.0,0.3279092013835907,0.9182958340544894,0.7921773791313171,0.0,1.0,0.0,0.0,
test_group_0173,diverse_minority,rating_user_knn_average,rating_user_knn,average,0.0,0.0,0.0,0.0,0.0,0.0,0.0,0.0,0.0,1.0,0.0,1.0,0.0,0.4870905578136444,0.9182958340544894,0.7921773791313171,0.0,1.0,0.0,,
test_group_0173,diverse_minority,rating_user_knn_dbscan_minority_nash,rating_user_knn,dbscan_minority_nash,0.0,0.0,0.0,0.0,0.0,0.0,0.0,0.0,0.0,1.0,0.0,1.0,0.0,0.6141721606254578,0.9182958340544894,0.7921773791313171,0.0,1.0,0.0,,2.0
test_group_0173,diverse_minority,rating_user_knn_least_misery,rating_user_knn,least_misery,0.0,0.0,0.0,0.0,0.0,0.0,0.0,0.0,0.0,1.0,0.0,1.0,0.0,0.4379788637161255,0.9182958340544894,0.7921773791313171,0.0,1.0,0.0,,
test_group_0173,diverse_minority,rating_user_knn_nash_welfare,rating_user_knn,nash_welfare,0.0,0.0,0.0,0.0,0.0,0.0,0.0,0.0,0.0,1.0,0.0,1.0,0.0,0.4870905876159668,0.9182958340544894,0.7921773791313171,0.0,1.0,0.0,,
test_group_0173,diverse_minority,rating_user_knn_tuned_fairness,rating_user_knn,tuned_fairness,0.0,0.0,0.0,0.0,0.0,0.0,0.0,0.0,0.0,1.0,0.0,1.0,0.0,0.4870905578136444,0.9182958340544894,0.7921773791313171,0.0,1.0,0.0,0.0,
test_group_0174,diverse_minority,hybrid_mf_bayes_average,hybrid_mf_bayes,average,0.0,0.0,0.0,0.0,0.0,0.0,0.0,0.0,0.0,1.0,0.0,1.0,0.0,0.40175488591194153,0.9182958340544894,0.9550613760948181,0.0,1.0,0.0,,
test_group_0174,diverse_minority,hybrid_mf_bayes_dbscan_minority_nash,hybrid_mf_bayes,dbscan_minority_nash,0.0,0.0,0.0,0.0,0.0,0.0,0.0,0.0,0.0,1.0,0.0,1.0,0.0,0.3745100796222687,0.9182958340544894,0.9550613760948181,0.0,1.0,0.0,,2.0
test_group_0174,diverse_minority,hybrid_mf_bayes_least_misery,hybrid_mf_bayes,least_misery,0.0,0.0,0.0,0.0,0.0,0.0,0.0,0.0,0.0,1.0,0.0,1.0,0.0,0.36964327096939087,0.9182958340544894,0.9550613760948181,0.0,1.0,0.0,,
test_group_0174,diverse_minority,hybrid_mf_bayes_nash_welfare,hybrid_mf_bayes,nash_welfare,0.0,0.0,0.0,0.0,0.0,0.0,0.0,0.0,0.0,1.0,0.0,1.0,0.0,0.4088681638240814,0.9182958340544894,0.9550613760948181,0.0,1.0,0.0,,
test_group_0174,diverse_minority,hybrid_mf_bayes_tuned_fairness,hybrid_mf_bayes,tuned_fairness,0.0,0.0,0.0,0.0,0.0,0.0,0.0,0.0,0.0,1.0,0.0,1.0,0.0,0.40175488591194153,0.9182958340544894,0.9550613760948181,0.0,1.0,0.0,0.0,
test_group_0174,diverse_minority,mf_average,mf,average,0.0,0.0,0.0,0.0,0.0,0.0,0.0,0.0,0.0,1.0,0.0,1.0,0.0,0.3521054983139038,0.9182958340544894,0.9550613760948181,0.0,1.0,0.0,,
test_group_0174,diverse_minority,mf_dbscan_minority_nash,mf,dbscan_minority_nash,0.0,0.0,0.0,0.0,0.0,0.0,0.0,0.0,0.0,1.0,0.0,1.0,0.0,0.3110786974430084,0.9182958340544894,0.9550613760948181,0.0,1.0,0.0,,2.0
test_group_0174,diverse_minority,mf_least_misery,mf,least_misery,0.0,0.0,0.0,0.0,0.0,0.0,0.0,0.0,0.0,1.0,0.0,1.0,0.0,0.4297483563423157,0.9182958340544894,0.9550613760948181,0.0,1.0,0.0,,
test_group_0174,diverse_minority,mf_nash_welfare,mf,nash_welfare,0.0,0.0,0.0,0.0,0.0,0.0,0.0,0.0,0.0,1.0,0.0,1.0,0.0,0.3521054685115814,0.9182958340544894,0.9550613760948181,0.0,1.0,0.0,,
test_group_0174,diverse_minority,mf_tuned_fairness,mf,tuned_fairness,0.0,0.0,0.0,0.0,0.0,0.0,0.0,0.0,0.0,1.0,0.0,1.0,0.0,0.3521054983139038,0.9182958340544894,0.9550613760948181,0.0,1.0,0.0,0.0,
test_group_0174,diverse_minority,rating_user_knn_average,rating_user_knn,average,0.0,0.0,0.0,0.0,0.0,0.0,0.0,0.0,0.0,1.0,0.0,1.0,0.0,0.4126204550266266,0.9182958340544894,0.9550613760948181,0.0,1.0,0.0,,
test_group_0174,diverse_minority,rating_user_knn_dbscan_minority_nash,rating_user_knn,dbscan_minority_nash,0.0,0.0,0.0,0.0,0.0,0.0,0.0,0.0,0.0,1.0,0.0,1.0,0.0,0.5042954087257385,0.9182958340544894,0.9550613760948181,0.0,1.0,0.0,,2.0
test_group_0174,diverse_minority,rating_user_knn_least_misery,rating_user_knn,least_misery,0.0,0.0,0.0,0.0,0.0,0.0,0.0,0.0,0.0,1.0,0.0,1.0,0.0,0.3066008985042572,0.9182958340544894,0.9550613760948181,0.0,1.0,0.0,,
test_group_0174,diverse_minority,rating_user_knn_nash_welfare,rating_user_knn,nash_welfare,0.0,0.0,0.0,0.0,0.0,0.0,0.0,0.0,0.0,1.0,0.0,1.0,0.0,0.3710288107395172,0.9182958340544894,0.9550613760948181,0.0,1.0,0.0,,
test_group_0174,diverse_minority,rating_user_knn_tuned_fairness,rating_user_knn,tuned_fairness,0.0,0.0,0.0,0.0,0.0,0.0,0.0,0.0,0.0,1.0,0.0,1.0,0.0,0.4126204550266266,0.9182958340544894,0.9550613760948181,0.0,1.0,0.0,0.0,
test_group_0175,diverse_minority,hybrid_mf_bayes_average,hybrid_mf_bayes,average,0.03333333333333333,0.026315789473684202,0.11004588314904008,0.10219119879424306,0.10219119879424306,0.14452017928998362,0.0,0.33333333333333337,0.0,1.0,0.1532867981913646,0.6666666666666666,0.3333333333333333,0.2622961401939392,0.9182958340544894,0.884543240070343,0.0,1.0,0.0,,
test_group_0175,diverse_minority,hybrid_mf_bayes_dbscan_minority_nash,hybrid_mf_bayes,dbscan_minority_nash,0.03333333333333333,0.026315789473684202,0.13886244387355454,0.1289509357448472,0.1289509357448472,0.18236416221106444,0.0,0.3333333333333333,0.0,1.0,0.19342640361727081,0.6666666666666666,0.3333333333333333,0.2148314118385315,0.9182958340544894,0.884543240070343,0.0,1.0,0.0,,2.0
test_group_0175,diverse_minority,hybrid_mf_bayes_least_misery,hybrid_mf_bayes,least_misery,0.03333333333333333,0.026315789473684202,0.11004588314904008,0.10219119879424306,0.10219119879424306,0.14452017928998362,0.0,0.33333333333333337,0.0,1.0,0.1532867981913646,0.6666666666666666,0.3333333333333333,0.2680712938308716,0.9182958340544894,0.884543240070343,0.0,1.0,0.0,,
test_group_0175,diverse_minority,hybrid_mf_bayes_nash_welfare,hybrid_mf_bayes,nash_welfare,0.03333333333333333,0.026315789473684202,0.11004588314904008,0.10219119879424306,0.10219119879424306,0.14452017928998362,0.0,0.33333333333333337,0.0,1.0,0.1532867981913646,0.6666666666666666,0.3333333333333333,0.2622961401939392,0.9182958340544894,0.884543240070343,0.0,1.0,0.0,,
test_group_0175,diverse_minority,hybrid_mf_bayes_tuned_fairness,hybrid_mf_bayes,tuned_fairness,0.03333333333333333,0.026315789473684202,0.11004588314904008,0.10219119879424306,0.10219119879424306,0.14452017928998362,0.0,0.33333333333333337,0.0,1.0,0.1532867981913646,0.6666666666666666,0.3333333333333333,0.2622961401939392,0.9182958340544894,0.884543240070343,0.0,1.0,0.0,0.0,
test_group_0175,diverse_minority,mf_average,mf,average,0.03333333333333333,0.026315789473684202,0.11004588314904008,0.10219119879424306,0.10219119879424306,0.14452017928998362,0.0,0.33333333333333337,0.0,1.0,0.1532867981913646,0.6666666666666666,0.3333333333333333,0.3721012473106384,0.9182958340544894,0.884543240070343,0.0,1.0,0.0,,
test_group_0175,diverse_minority,mf_dbscan_minority_nash,mf,dbscan_minority_nash,0.03333333333333333,0.026315789473684202,0.13886244387355454,0.1289509357448472,0.1289509357448472,0.18236416221106444,0.0,0.3333333333333333,0.0,1.0,0.19342640361727081,0.6666666666666666,0.3333333333333333,0.21049299836158752,0.9182958340544894,0.884543240070343,0.0,1.0,0.0,,2.0
test_group_0175,diverse_minority,mf_least_misery,mf,least_misery,0.03333333333333333,0.026315789473684202,0.11004588314904008,0.10219119879424306,0.10219119879424306,0.14452017928998362,0.0,0.33333333333333337,0.0,1.0,0.1532867981913646,0.6666666666666666,0.3333333333333333,0.26768091320991516,0.9182958340544894,0.884543240070343,0.0,1.0,0.0,,
test_group_0175,diverse_minority,mf_nash_welfare,mf,nash_welfare,0.03333333333333333,0.026315789473684202,0.11004588314904008,0.10219119879424306,0.10219119879424306,0.14452017928998362,0.0,0.33333333333333337,0.0,1.0,0.1532867981913646,0.6666666666666666,0.3333333333333333,0.2961745262145996,0.9182958340544894,0.884543240070343,0.0,1.0,0.0,,
test_group_0175,diverse_minority,mf_tuned_fairness,mf,tuned_fairness,0.03333333333333333,0.026315789473684202,0.11004588314904008,0.10219119879424306,0.10219119879424306,0.14452017928998362,0.0,0.33333333333333337,0.0,1.0,0.1532867981913646,0.6666666666666666,0.3333333333333333,0.3721012473106384,0.9182958340544894,0.884543240070343,0.0,1.0,0.0,0.0,
test_group_0175,diverse_minority,rating_user_knn_average,rating_user_knn,average,0.03333333333333333,0.026315789473684202,0.11004588314904008,0.10219119879424306,0.10219119879424306,0.14452017928998362,0.0,0.33333333333333337,0.0,1.0,0.1532867981913646,0.6666666666666666,0.3333333333333333,0.47628119587898254,0.9182958340544894,0.884543240070343,0.0,1.0,0.0,,
test_group_0175,diverse_minority,rating_user_knn_dbscan_minority_nash,rating_user_knn,dbscan_minority_nash,0.03333333333333333,0.026315789473684202,0.13886244387355454,0.1289509357448472,0.1289509357448472,0.18236416221106444,0.0,0.3333333333333333,0.0,1.0,0.19342640361727081,0.6666666666666666,0.3333333333333333,0.3435412049293518,0.9182958340544894,0.884543240070343,0.0,1.0,0.0,,2.0
test_group_0175,diverse_minority,rating_user_knn_least_misery,rating_user_knn,least_misery,0.03333333333333333,0.026315789473684202,0.11004588314904008,0.10219119879424306,0.10219119879424306,0.14452017928998362,0.0,0.33333333333333337,0.0,1.0,0.1532867981913646,0.6666666666666666,0.3333333333333333,0.3754831850528717,0.9182958340544894,0.884543240070343,0.0,1.0,0.0,,
test_group_0175,diverse_minority,rating_user_knn_nash_welfare,rating_user_knn,nash_welfare,0.03333333333333333,0.026315789473684202,0.11004588314904008,0.10219119879424306,0.10219119879424306,0.14452017928998362,0.0,0.33333333333333337,0.0,1.0,0.1532867981913646,0.6666666666666666,0.3333333333333333,0.47628122568130493,0.9182958340544894,0.884543240070343,0.0,1.0,0.0,,
test_group_0175,diverse_minority,rating_user_knn_tuned_fairness,rating_user_knn,tuned_fairness,0.03333333333333333,0.026315789473684202,0.11004588314904008,0.10219119879424306,0.10219119879424306,0.14452017928998362,0.0,0.33333333333333337,0.0,1.0,0.1532867981913646,0.6666666666666666,0.3333333333333333,0.47628119587898254,0.9182958340544894,0.884543240070343,0.0,1.0,0.0,0.0,
test_group_0176,diverse_minority,hybrid_mf_bayes_average,hybrid_mf_bayes,average,0.0,0.0,0.0,0.0,0.0,0.0,0.0,0.0,0.0,1.0,0.0,1.0,0.0,0.25099340081214905,0.9182958340544894,0.7196436524391174,1.0,0.0,0.0,,
test_group_0176,diverse_minority,hybrid_mf_bayes_dbscan_minority_nash,hybrid_mf_bayes,dbscan_minority_nash,0.0,0.0,0.0,0.0,0.0,0.0,0.0,0.0,0.0,1.0,0.0,1.0,0.0,0.2691742479801178,0.9182958340544894,0.7196436524391174,1.0,0.0,0.0,,2.0
test_group_0176,diverse_minority,hybrid_mf_bayes_least_misery,hybrid_mf_bayes,least_misery,0.0,0.0,0.0,0.0,0.0,0.0,0.0,0.0,0.0,1.0,0.0,1.0,0.0,0.2658754885196686,0.9182958340544894,0.7196436524391174,1.0,0.0,0.0,,
test_group_0176,diverse_minority,hybrid_mf_bayes_nash_welfare,hybrid_mf_bayes,nash_welfare,0.0,0.0,0.0,0.0,0.0,0.0,0.0,0.0,0.0,1.0,0.0,1.0,0.0,0.25099340081214905,0.9182958340544894,0.7196436524391174,1.0,0.0,0.0,,
test_group_0176,diverse_minority,hybrid_mf_bayes_tuned_fairness,hybrid_mf_bayes,tuned_fairness,0.0,0.0,0.0,0.0,0.0,0.0,0.0,0.0,0.0,1.0,0.0,1.0,0.0,0.25099340081214905,0.9182958340544894,0.7196436524391174,1.0,0.0,0.0,0.0,
test_group_0176,diverse_minority,mf_average,mf,average,0.0,0.0,0.0,0.0,0.0,0.0,0.0,0.0,0.0,1.0,0.0,1.0,0.0,0.23216046392917633,0.9182958340544894,0.7196436524391174,1.0,0.0,0.0,,
test_group_0176,diverse_minority,mf_dbscan_minority_nash,mf,dbscan_minority_nash,0.0,0.0,0.0,0.0,0.0,0.0,0.0,0.0,0.0,1.0,0.0,1.0,0.0,0.37463992834091187,0.9182958340544894,0.7196436524391174,1.0,0.0,0.0,,2.0
test_group_0176,diverse_minority,mf_least_misery,mf,least_misery,0.0,0.0,0.0,0.0,0.0,0.0,0.0,0.0,0.0,1.0,0.0,1.0,0.0,0.23436319828033447,0.9182958340544894,0.7196436524391174,1.0,0.0,0.0,,
test_group_0176,diverse_minority,mf_nash_welfare,mf,nash_welfare,0.0,0.0,0.0,0.0,0.0,0.0,0.0,0.0,0.0,1.0,0.0,1.0,0.0,0.2507779002189636,0.9182958340544894,0.7196436524391174,1.0,0.0,0.0,,
test_group_0176,diverse_minority,mf_tuned_fairness,mf,tuned_fairness,0.0,0.0,0.0,0.0,0.0,0.0,0.0,0.0,0.0,1.0,0.0,1.0,0.0,0.23216046392917633,0.9182958340544894,0.7196436524391174,1.0,0.0,0.0,0.0,
test_group_0176,diverse_minority,rating_user_knn_average,rating_user_knn,average,0.0,0.0,0.0,0.0,0.0,0.0,0.0,0.0,0.0,1.0,0.0,1.0,0.0,0.6049739122390747,0.9182958340544894,0.7196436524391174,1.0,0.0,0.0,,
test_group_0176,diverse_minority,rating_user_knn_dbscan_minority_nash,rating_user_knn,dbscan_minority_nash,0.0,0.0,0.0,0.0,0.0,0.0,0.0,0.0,0.0,1.0,0.0,1.0,0.0,0.7985689043998718,0.9182958340544894,0.7196436524391174,1.0,0.0,0.0,,2.0
test_group_0176,diverse_minority,rating_user_knn_least_misery,rating_user_knn,least_misery,0.0,0.0,0.0,0.0,0.0,0.0,0.0,0.0,0.0,1.0,0.0,1.0,0.0,0.6860323548316956,0.9182958340544894,0.7196436524391174,1.0,0.0,0.0,,
test_group_0176,diverse_minority,rating_user_knn_nash_welfare,rating_user_knn,nash_welfare,0.0,0.0,0.0,0.0,0.0,0.0,0.0,0.0,0.0,1.0,0.0,1.0,0.0,0.6049739122390747,0.9182958340544894,0.7196436524391174,1.0,0.0,0.0,,
test_group_0176,diverse_minority,rating_user_knn_tuned_fairness,rating_user_knn,tuned_fairness,0.0,0.0,0.0,0.0,0.0,0.0,0.0,0.0,0.0,1.0,0.0,1.0,0.0,0.6049739122390747,0.9182958340544894,0.7196436524391174,1.0,0.0,0.0,0.0,
test_group_0177,diverse_minority,hybrid_mf_bayes_average,hybrid_mf_bayes,average,0.0,0.0,0.0,0.0,0.0,0.0,0.0,0.0,0.0,1.0,0.0,1.0,0.0,0.28562891483306885,0.9182958340544894,0.74000483751297,1.0,0.0,0.0,,
test_group_0177,diverse_minority,hybrid_mf_bayes_dbscan_minority_nash,hybrid_mf_bayes,dbscan_minority_nash,0.06666666666666667,0.052631578947368404,0.16815228646891084,0.05605076215630362,0.05605076215630362,0.07926774802279321,0.0,0.33333333333333337,0.0,1.0,0.08407614323445543,0.6666666666666666,0.3333333333333333,0.4310240149497986,0.9182958340544894,0.74000483751297,1.0,0.0,0.0,,2.0
test_group_0177,diverse_minority,hybrid_mf_bayes_least_misery,hybrid_mf_bayes,least_misery,0.0,0.0,0.0,0.0,0.0,0.0,0.0,0.0,0.0,1.0,0.0,1.0,0.0,0.28087908029556274,0.9182958340544894,0.74000483751297,1.0,0.0,0.0,,
test_group_0177,diverse_minority,hybrid_mf_bayes_nash_welfare,hybrid_mf_bayes,nash_welfare,0.0,0.0,0.0,0.0,0.0,0.0,0.0,0.0,0.0,1.0,0.0,1.0,0.0,0.2696933150291443,0.9182958340544894,0.74000483751297,1.0,0.0,0.0,,
test_group_0177,diverse_minority,hybrid_mf_bayes_tuned_fairness,hybrid_mf_bayes,tuned_fairness,0.0,0.0,0.0,0.0,0.0,0.0,0.0,0.0,0.0,1.0,0.0,1.0,0.0,0.28562891483306885,0.9182958340544894,0.74000483751297,1.0,0.0,0.0,0.0,
test_group_0177,diverse_minority,mf_average,mf,average,0.0,0.0,0.0,0.0,0.0,0.0,0.0,0.0,0.0,1.0,0.0,1.0,0.0,0.2262221723794937,0.9182958340544894,0.74000483751297,1.0,0.0,0.0,,
test_group_0177,diverse_minority,mf_dbscan_minority_nash,mf,dbscan_minority_nash,0.0,0.0,0.0,0.0,0.0,0.0,0.0,0.0,0.0,1.0,0.0,1.0,0.0,0.6792678833007812,0.9182958340544894,0.74000483751297,1.0,0.0,0.0,,2.0
test_group_0177,diverse_minority,mf_least_misery,mf,least_misery,0.0,0.0,0.0,0.0,0.0,0.0,0.0,0.0,0.0,1.0,0.0,1.0,0.0,0.4088151156902313,0.9182958340544894,0.74000483751297,1.0,0.0,0.0,,
test_group_0177,diverse_minority,mf_nash_welfare,mf,nash_welfare,0.0,0.0,0.0,0.0,0.0,0.0,0.0,0.0,0.0,1.0,0.0,1.0,0.0,0.25063568353652954,0.9182958340544894,0.74000483751297,1.0,0.0,0.0,,
test_group_0177,diverse_minority,mf_tuned_fairness,mf,tuned_fairness,0.0,0.0,0.0,0.0,0.0,0.0,0.0,0.0,0.0,1.0,0.0,1.0,0.0,0.2262221723794937,0.9182958340544894,0.74000483751297,1.0,0.0,0.0,0.0,
test_group_0177,diverse_minority,rating_user_knn_average,rating_user_knn,average,0.0,0.0,0.0,0.0,0.0,0.0,0.0,0.0,0.0,1.0,0.0,1.0,0.0,0.3339952826499939,0.9182958340544894,0.74000483751297,1.0,0.0,0.0,,
test_group_0177,diverse_minority,rating_user_knn_dbscan_minority_nash,rating_user_knn,dbscan_minority_nash,0.0,0.0,0.0,0.0,0.0,0.0,0.0,0.0,0.0,1.0,0.0,1.0,0.0,0.6512441635131836,0.9182958340544894,0.74000483751297,1.0,0.0,0.0,,2.0
test_group_0177,diverse_minority,rating_user_knn_least_misery,rating_user_knn,least_misery,0.0,0.0,0.0,0.0,0.0,0.0,0.0,0.0,0.0,1.0,0.0,1.0,0.0,0.39628612995147705,0.9182958340544894,0.74000483751297,1.0,0.0,0.0,,
test_group_0177,diverse_minority,rating_user_knn_nash_welfare,rating_user_knn,nash_welfare,0.0,0.0,0.0,0.0,0.0,0.0,0.0,0.0,0.0,1.0,0.0,1.0,0.0,0.4251643419265747,0.9182958340544894,0.74000483751297,1.0,0.0,0.0,,
test_group_0177,diverse_minority,rating_user_knn_tuned_fairness,rating_user_knn,tuned_fairness,0.0,0.0,0.0,0.0,0.0,0.0,0.0,0.0,0.0,1.0,0.0,1.0,0.0,0.3339952826499939,0.9182958340544894,0.74000483751297,1.0,0.0,0.0,0.0,
test_group_0178,diverse_minority,hybrid_mf_bayes_average,hybrid_mf_bayes,average,0.0,0.0,0.0,0.0,0.0,0.0,0.0,0.0,0.0,1.0,0.0,1.0,0.0,0.20398657023906708,0.9182958340544894,0.49897515773773193,1.0,0.0,0.0,,
test_group_0178,diverse_minority,hybrid_mf_bayes_dbscan_minority_nash,hybrid_mf_bayes,dbscan_minority_nash,0.0,0.0,0.0,0.0,0.0,0.0,0.0,0.0,0.0,1.0,0.0,1.0,0.0,0.2910243272781372,0.9182958340544894,0.49897515773773193,1.0,0.0,0.0,,2.0
test_group_0178,diverse_minority,hybrid_mf_bayes_least_misery,hybrid_mf_bayes,least_misery,0.0,0.0,0.0,0.0,0.0,0.0,0.0,0.0,0.0,1.0,0.0,1.0,0.0,0.27689772844314575,0.9182958340544894,0.49897515773773193,1.0,0.0,0.0,,
test_group_0178,diverse_minority,hybrid_mf_bayes_nash_welfare,hybrid_mf_bayes,nash_welfare,0.0,0.0,0.0,0.0,0.0,0.0,0.0,0.0,0.0,1.0,0.0,1.0,0.0,0.22360123693943024,0.9182958340544894,0.49897515773773193,1.0,0.0,0.0,,
test_group_0178,diverse_minority,hybrid_mf_bayes_tuned_fairness,hybrid_mf_bayes,tuned_fairness,0.0,0.0,0.0,0.0,0.0,0.0,0.0,0.0,0.0,1.0,0.0,1.0,0.0,0.20398657023906708,0.9182958340544894,0.49897515773773193,1.0,0.0,0.0,0.0,
test_group_0178,diverse_minority,mf_average,mf,average,0.0,0.0,0.0,0.0,0.0,0.0,0.0,0.0,0.0,1.0,0.0,1.0,0.0,0.2574585974216461,0.9182958340544894,0.49897515773773193,1.0,0.0,0.0,,
test_group_0178,diverse_minority,mf_dbscan_minority_nash,mf,dbscan_minority_nash,0.0,0.0,0.0,0.0,0.0,0.0,0.0,0.0,0.0,1.0,0.0,1.0,0.0,0.37267541885375977,0.9182958340544894,0.49897515773773193,1.0,0.0,0.0,,2.0
test_group_0178,diverse_minority,mf_least_misery,mf,least_misery,0.0,0.0,0.0,0.0,0.0,0.0,0.0,0.0,0.0,1.0,0.0,1.0,0.0,0.29043886065483093,0.9182958340544894,0.49897515773773193,1.0,0.0,0.0,,
test_group_0178,diverse_minority,mf_nash_welfare,mf,nash_welfare,0.0,0.0,0.0,0.0,0.0,0.0,0.0,0.0,0.0,1.0,0.0,1.0,0.0,0.2574585974216461,0.9182958340544894,0.49897515773773193,1.0,0.0,0.0,,
test_group_0178,diverse_minority,mf_tuned_fairness,mf,tuned_fairness,0.0,0.0,0.0,0.0,0.0,0.0,0.0,0.0,0.0,1.0,0.0,1.0,0.0,0.2574585974216461,0.9182958340544894,0.49897515773773193,1.0,0.0,0.0,0.0,
test_group_0178,diverse_minority,rating_user_knn_average,rating_user_knn,average,0.0,0.0,0.0,0.0,0.0,0.0,0.0,0.0,0.0,1.0,0.0,1.0,0.0,0.6896551847457886,0.9182958340544894,0.49897515773773193,1.0,0.0,0.0,,
test_group_0178,diverse_minority,rating_user_knn_dbscan_minority_nash,rating_user_knn,dbscan_minority_nash,0.0,0.0,0.0,0.0,0.0,0.0,0.0,0.0,0.0,1.0,0.0,1.0,0.0,0.7096184492111206,0.9182958340544894,0.49897515773773193,1.0,0.0,0.0,,2.0
test_group_0178,diverse_minority,rating_user_knn_least_misery,rating_user_knn,least_misery,0.0,0.0,0.0,0.0,0.0,0.0,0.0,0.0,0.0,1.0,0.0,1.0,0.0,0.598270833492279,0.9182958340544894,0.49897515773773193,1.0,0.0,0.0,,
test_group_0178,diverse_minority,rating_user_knn_nash_welfare,rating_user_knn,nash_welfare,0.0,0.0,0.0,0.0,0.0,0.0,0.0,0.0,0.0,1.0,0.0,1.0,0.0,0.6628878116607666,0.9182958340544894,0.49897515773773193,1.0,0.0,0.0,,
test_group_0178,diverse_minority,rating_user_knn_tuned_fairness,rating_user_knn,tuned_fairness,0.0,0.0,0.0,0.0,0.0,0.0,0.0,0.0,0.0,1.0,0.0,1.0,0.0,0.6896551847457886,0.9182958340544894,0.49897515773773193,1.0,0.0,0.0,0.0,
test_group_0179,diverse_minority,hybrid_mf_bayes_average,hybrid_mf_bayes,average,0.0,0.0,0.0,0.0,0.0,0.0,0.0,0.0,0.0,1.0,0.0,1.0,0.0,0.21275073289871216,0.9182958340544894,0.5233455300331116,1.0,0.0,0.0,,
test_group_0179,diverse_minority,hybrid_mf_bayes_dbscan_minority_nash,hybrid_mf_bayes,dbscan_minority_nash,0.0,0.0,0.0,0.0,0.0,0.0,0.0,0.0,0.0,1.0,0.0,1.0,0.0,0.2793672978878021,0.9182958340544894,0.5233455300331116,1.0,0.0,0.0,,2.0
test_group_0179,diverse_minority,hybrid_mf_bayes_least_misery,hybrid_mf_bayes,least_misery,0.03333333333333333,0.07692307692307693,0.056906557239904,0.03182014436315578,0.03182014436315578,0.0450004797150447,0.0,0.33333333333333337,0.09546043308946733,0.0,0.09546043308946733,0.6666666666666666,0.3333333333333333,0.2677227556705475,0.9182958340544894,0.5233455300331116,1.0,0.0,0.0,,
test_group_0179,diverse_minority,hybrid_mf_bayes_nash_welfare,hybrid_mf_bayes,nash_welfare,0.0,0.0,0.0,0.0,0.0,0.0,0.0,0.0,0.0,1.0,0.0,1.0,0.0,0.21275073289871216,0.9182958340544894,0.5233455300331116,1.0,0.0,0.0,,
test_group_0179,diverse_minority,hybrid_mf_bayes_tuned_fairness,hybrid_mf_bayes,tuned_fairness,0.0,0.0,0.0,0.0,0.0,0.0,0.0,0.0,0.0,1.0,0.0,1.0,0.0,0.21275073289871216,0.9182958340544894,0.5233455300331116,1.0,0.0,0.0,0.0,
test_group_0179,diverse_minority,mf_average,mf,average,0.03333333333333333,0.07692307692307693,0.054302655984158565,0.030364134407819352,0.030364134407819352,0.04294137068925768,0.0,0.3333333333333333,0.09109240322345806,0.0,0.09109240322345806,0.6666666666666666,0.3333333333333333,0.24307237565517426,0.9182958340544894,0.5233455300331116,1.0,0.0,0.0,,
test_group_0179,diverse_minority,mf_dbscan_minority_nash,mf,dbscan_minority_nash,0.0,0.0,0.0,0.0,0.0,0.0,0.0,0.0,0.0,1.0,0.0,1.0,0.0,0.3318209946155548,0.9182958340544894,0.5233455300331116,1.0,0.0,0.0,,2.0
test_group_0179,diverse_minority,mf_least_misery,mf,least_misery,0.03333333333333333,0.07692307692307693,0.06425604298318155,0.03592971817483698,0.03592971817483698,0.05081229473509754,0.0,0.33333333333333337,0.10778915452451093,0.0,0.10778915452451093,0.6666666666666666,0.3333333333333333,0.21416859328746796,0.9182958340544894,0.5233455300331116,1.0,0.0,0.0,,
test_group_0179,diverse_minority,mf_nash_welfare,mf,nash_welfare,0.03333333333333333,0.07692307692307693,0.054302655984158565,0.030364134407819352,0.030364134407819352,0.04294137068925768,0.0,0.3333333333333333,0.09109240322345806,0.0,0.09109240322345806,0.6666666666666666,0.3333333333333333,0.24307237565517426,0.9182958340544894,0.5233455300331116,1.0,0.0,0.0,,
test_group_0179,diverse_minority,mf_tuned_fairness,mf,tuned_fairness,0.03333333333333333,0.07692307692307693,0.054302655984158565,0.030364134407819352,0.030364134407819352,0.04294137068925768,0.0,0.3333333333333333,0.09109240322345806,0.0,0.09109240322345806,0.6666666666666666,0.3333333333333333,0.24307237565517426,0.9182958340544894,0.5233455300331116,1.0,0.0,0.0,0.0,
test_group_0179,diverse_minority,rating_user_knn_average,rating_user_knn,average,0.03333333333333333,0.07692307692307693,0.06012983951359323,0.03362249038875705,0.03362249038875705,0.04754938190853925,0.0,0.3333333333333333,0.10086747116627115,0.0,0.10086747116627115,0.6666666666666666,0.3333333333333333,0.3765529692173004,0.9182958340544894,0.5233455300331116,1.0,0.0,0.0,,
test_group_0179,diverse_minority,rating_user_knn_dbscan_minority_nash,rating_user_knn,dbscan_minority_nash,0.03333333333333333,0.07692307692307693,0.09019475927038985,0.050433735583135575,0.050433735583135575,0.0713240728628089,0.0,0.33333333333333337,0.15130120674940672,0.0,0.15130120674940672,0.6666666666666666,0.3333333333333333,0.5067968368530273,0.9182958340544894,0.5233455300331116,1.0,0.0,0.0,,2.0
test_group_0179,diverse_minority,rating_user_knn_least_misery,rating_user_knn,least_misery,0.0,0.0,0.0,0.0,0.0,0.0,0.0,0.0,0.0,1.0,0.0,1.0,0.0,0.3801612854003906,0.9182958340544894,0.5233455300331116,1.0,0.0,0.0,,
test_group_0179,diverse_minority,rating_user_knn_nash_welfare,rating_user_knn,nash_welfare,0.03333333333333333,0.07692307692307693,0.06012983951359323,0.03362249038875705,0.03362249038875705,0.04754938190853925,0.0,0.3333333333333333,0.10086747116627115,0.0,0.10086747116627115,0.6666666666666666,0.3333333333333333,0.3696741759777069,0.9182958340544894,0.5233455300331116,1.0,0.0,0.0,,
test_group_0179,diverse_minority,rating_user_knn_tuned_fairness,rating_user_knn,tuned_fairness,0.03333333333333333,0.07692307692307693,0.06012983951359323,0.03362249038875705,0.03362249038875705,0.04754938190853925,0.0,0.3333333333333333,0.10086747116627115,0.0,0.10086747116627115,0.6666666666666666,0.3333333333333333,0.3765529692173004,0.9182958340544894,0.5233455300331116,1.0,0.0,0.0,0.0,
test_group_0180,diverse_minority,hybrid_mf_bayes_average,hybrid_mf_bayes,average,0.1,0.1363636363636364,0.26845503571754253,0.08948501190584755,0.08948501190584755,0.12655091746636749,0.0,0.3333333333333333,0.0,1.0,0.13422751785877132,0.6666666666666666,0.3333333333333333,0.3328548073768616,0.9182958340544894,0.6108664870262146,1.0,0.0,0.0,,
test_group_0180,diverse_minority,hybrid_mf_bayes_dbscan_minority_nash,hybrid_mf_bayes,dbscan_minority_nash,0.16666666666666666,0.22727272727272732,0.5730379245414764,0.1910126415138255,0.1910126415138255,0.27013266821356213,0.0,0.3333333333333333,0.0,1.0,0.28651896227073825,0.6666666666666666,0.3333333333333333,0.42254528403282166,0.9182958340544894,0.6108664870262146,1.0,0.0,0.0,,2.0
test_group_0180,diverse_minority,hybrid_mf_bayes_least_misery,hybrid_mf_bayes,least_misery,0.1,0.1363636363636364,0.36792125721353275,0.12264041907117762,0.12264041907117762,0.17343974394557937,0.0,0.3333333333333333,0.0,1.0,0.18396062860676643,0.6666666666666666,0.3333333333333333,0.3114572763442993,0.9182958340544894,0.6108664870262146,1.0,0.0,0.0,,
test_group_0180,diverse_minority,hybrid_mf_bayes_nash_welfare,hybrid_mf_bayes,nash_welfare,0.1,0.1363636363636364,0.26845503571754253,0.08948501190584755,0.08948501190584755,0.12655091746636749,0.0,0.3333333333333333,0.0,1.0,0.13422751785877132,0.6666666666666666,0.3333333333333333,0.3328548073768616,0.9182958340544894,0.6108664870262146,1.0,0.0,0.0,,
test_group_0180,diverse_minority,hybrid_mf_bayes_tuned_fairness,hybrid_mf_bayes,tuned_fairness,0.1,0.1363636363636364,0.26845503571754253,0.08948501190584755,0.08948501190584755,0.12655091746636749,0.0,0.3333333333333333,0.0,1.0,0.13422751785877132,0.6666666666666666,0.3333333333333333,0.3328548073768616,0.9182958340544894,0.6108664870262146,1.0,0.0,0.0,0.0,
test_group_0180,diverse_minority,mf_average,mf,average,0.13333333333333333,0.18181818181818185,0.36352581989644606,0.12117527329881539,0.12117527329881539,0.1713677149234511,0.0,0.3333333333333333,0.0,1.0,0.18176290994822308,0.6666666666666666,0.3333333333333333,0.4123704135417938,0.9182958340544894,0.6108664870262146,1.0,0.0,0.0,,
test_group_0180,diverse_minority,mf_dbscan_minority_nash,mf,dbscan_minority_nash,0.06666666666666667,0.09090909090909093,0.2984900352767555,0.09949667842558518,0.09949667842558518,0.1407095520405371,0.0,0.3333333333333333,0.0,1.0,0.14924501763837777,0.6666666666666666,0.3333333333333333,0.4680873453617096,0.9182958340544894,0.6108664870262146,1.0,0.0,0.0,,2.0
test_group_0180,diverse_minority,mf_least_misery,mf,least_misery,0.13333333333333333,0.18181818181818185,0.44128517931289285,0.1470950597709643,0.1470950597709643,0.20802382848617879,0.0,0.33333333333333337,0.0,1.0,0.22064258965644645,0.6666666666666666,0.3333333333333333,0.3832133114337921,0.9182958340544894,0.6108664870262146,1.0,0.0,0.0,,
test_group_0180,diverse_minority,mf_nash_welfare,mf,nash_welfare,0.1,0.1363636363636364,0.30308203017988256,0.10102734339329422,0.10102734339329422,0.1428742391973206,0.0,0.33333333333333337,0.0,1.0,0.15154101508994133,0.6666666666666666,0.3333333333333333,0.3985881805419922,0.9182958340544894,0.6108664870262146,1.0,0.0,0.0,,
test_group_0180,diverse_minority,mf_tuned_fairness,mf,tuned_fairness,0.13333333333333333,0.18181818181818185,0.36352581989644606,0.12117527329881539,0.12117527329881539,0.1713677149234511,0.0,0.3333333333333333,0.0,1.0,0.18176290994822308,0.6666666666666666,0.3333333333333333,0.4123704135417938,0.9182958340544894,0.6108664870262146,1.0,0.0,0.0,0.0,
test_group_0180,diverse_minority,rating_user_knn_average,rating_user_knn,average,0.0,0.0,0.0,0.0,0.0,0.0,0.0,0.0,0.0,1.0,0.0,1.0,0.0,0.5026634931564331,0.9182958340544894,0.6108664870262146,1.0,0.0,0.0,,
test_group_0180,diverse_minority,rating_user_knn_dbscan_minority_nash,rating_user_knn,dbscan_minority_nash,0.0,0.0,0.0,0.0,0.0,0.0,0.0,0.0,0.0,1.0,0.0,1.0,0.0,0.8613446354866028,0.9182958340544894,0.6108664870262146,1.0,0.0,0.0,,2.0
test_group_0180,diverse_minority,rating_user_knn_least_misery,rating_user_knn,least_misery,0.0,0.0,0.0,0.0,0.0,0.0,0.0,0.0,0.0,1.0,0.0,1.0,0.0,0.41793394088745117,0.9182958340544894,0.6108664870262146,1.0,0.0,0.0,,
test_group_0180,diverse_minority,rating_user_knn_nash_welfare,rating_user_knn,nash_welfare,0.0,0.0,0.0,0.0,0.0,0.0,0.0,0.0,0.0,1.0,0.0,1.0,0.0,0.5026634931564331,0.9182958340544894,0.6108664870262146,1.0,0.0,0.0,,
test_group_0180,diverse_minority,rating_user_knn_tuned_fairness,rating_user_knn,tuned_fairness,0.0,0.0,0.0,0.0,0.0,0.0,0.0,0.0,0.0,1.0,0.0,1.0,0.0,0.5026634931564331,0.9182958340544894,0.6108664870262146,1.0,0.0,0.0,0.0,
test_group_0181,diverse_minority,hybrid_mf_bayes_average,hybrid_mf_bayes,average,0.06666666666666667,0.13333333333333336,0.2336508082431053,0.0972701499812008,0.0972701499812008,0.1375607653174792,0.0,0.3333333333333333,0.0,1.0,0.1459052249718012,0.6666666666666666,0.3333333333333333,0.2515457272529602,0.9182958340544894,0.3656359016895294,1.0,0.0,0.0,,
test_group_0181,diverse_minority,hybrid_mf_bayes_dbscan_minority_nash,hybrid_mf_bayes,dbscan_minority_nash,0.06666666666666667,0.13333333333333336,0.17993148201117173,0.07490649132853093,0.07490649132853093,0.10593377594659106,0.0,0.33333333333333337,0.0,1.0,0.11235973699279639,0.6666666666666666,0.3333333333333333,0.2744954526424408,0.9182958340544894,0.3656359016895294,1.0,0.0,0.0,,2.0
test_group_0181,diverse_minority,hybrid_mf_bayes_least_misery,hybrid_mf_bayes,least_misery,0.06666666666666667,0.13333333333333336,0.24890832702259463,0.10362194114846163,0.10362194114846163,0.14654355453158113,0.0,0.3333333333333333,0.0,1.0,0.15543291172269244,0.6666666666666666,0.3333333333333333,0.3022480607032776,0.9182958340544894,0.3656359016895294,1.0,0.0,0.0,,
test_group_0181,diverse_minority,hybrid_mf_bayes_nash_welfare,hybrid_mf_bayes,nash_welfare,0.06666666666666667,0.13333333333333336,0.2336508082431053,0.0972701499812008,0.0972701499812008,0.1375607653174792,0.0,0.3333333333333333,0.0,1.0,0.1459052249718012,0.6666666666666666,0.3333333333333333,0.2515457272529602,0.9182958340544894,0.3656359016895294,1.0,0.0,0.0,,
test_group_0181,diverse_minority,hybrid_mf_bayes_tuned_fairness,hybrid_mf_bayes,tuned_fairness,0.06666666666666667,0.13333333333333336,0.2336508082431053,0.0972701499812008,0.0972701499812008,0.1375607653174792,0.0,0.3333333333333333,0.0,1.0,0.1459052249718012,0.6666666666666666,0.3333333333333333,0.2515457272529602,0.9182958340544894,0.3656359016895294,1.0,0.0,0.0,0.0,
test_group_0181,diverse_minority,mf_average,mf,average,0.06666666666666667,0.13333333333333336,0.24890832702259463,0.10362194114846163,0.10362194114846163,0.14654355453158113,0.0,0.3333333333333333,0.0,1.0,0.15543291172269244,0.6666666666666666,0.3333333333333333,0.27131450176239014,0.9182958340544894,0.3656359016895294,1.0,0.0,0.0,,
test_group_0181,diverse_minority,mf_dbscan_minority_nash,mf,dbscan_minority_nash,0.06666666666666667,0.13333333333333336,0.2172607128522299,0.09044686077940241,0.09044686077940241,0.12791117718830208,0.0,0.3333333333333333,0.0,1.0,0.13567029116910362,0.6666666666666666,0.3333333333333333,0.34672051668167114,0.9182958340544894,0.3656359016895294,1.0,0.0,0.0,,2.0
test_group_0181,diverse_minority,mf_least_misery,mf,least_misery,0.06666666666666667,0.13333333333333336,0.24890832702259463,0.10362194114846163,0.10362194114846163,0.14654355453158113,0.0,0.3333333333333333,0.0,1.0,0.15543291172269244,0.6666666666666666,0.3333333333333333,0.22226852178573608,0.9182958340544894,0.3656359016895294,1.0,0.0,0.0,,
test_group_0181,diverse_minority,mf_nash_welfare,mf,nash_welfare,0.06666666666666667,0.13333333333333336,0.24890832702259463,0.10362194114846163,0.10362194114846163,0.14654355453158113,0.0,0.3333333333333333,0.0,1.0,0.15543291172269244,0.6666666666666666,0.3333333333333333,0.27131450176239014,0.9182958340544894,0.3656359016895294,1.0,0.0,0.0,,
test_group_0181,diverse_minority,mf_tuned_fairness,mf,tuned_fairness,0.06666666666666667,0.13333333333333336,0.24890832702259463,0.10362194114846163,0.10362194114846163,0.14654355453158113,0.0,0.3333333333333333,0.0,1.0,0.15543291172269244,0.6666666666666666,0.3333333333333333,0.27131450176239014,0.9182958340544894,0.3656359016895294,1.0,0.0,0.0,0.0,
test_group_0181,diverse_minority,rating_user_knn_average,rating_user_knn,average,0.03333333333333333,0.06666666666666668,0.06943122193677727,0.02890460949803991,0.02890460949803991,0.04087729076722622,0.0,0.3333333333333333,0.0,1.0,0.04335691424705986,0.6666666666666666,0.3333333333333333,0.38898250460624695,0.9182958340544894,0.3656359016895294,1.0,0.0,0.0,,
test_group_0181,diverse_minority,rating_user_knn_dbscan_minority_nash,rating_user_knn,dbscan_minority_nash,0.03333333333333333,0.06666666666666668,0.07336392209936006,0.03054181476825454,0.03054181476825454,0.043192648664752455,0.0,0.3333333333333333,0.0,1.0,0.04581272215238181,0.6666666666666666,0.3333333333333333,0.40654149651527405,0.9182958340544894,0.3656359016895294,1.0,0.0,0.0,,2.0
test_group_0181,diverse_minority,rating_user_knn_least_misery,rating_user_knn,least_misery,0.0,0.0,0.0,0.0,0.0,0.0,0.0,0.0,0.0,1.0,0.0,1.0,0.0,0.4796311557292938,0.9182958340544894,0.3656359016895294,1.0,0.0,0.0,,
test_group_0181,diverse_minority,rating_user_knn_nash_welfare,rating_user_knn,nash_welfare,0.03333333333333333,0.06666666666666668,0.06625422345438904,0.027582007101773342,0.027582007101773342,0.03900684852079888,0.0,0.3333333333333333,0.0,1.0,0.04137301065266001,0.6666666666666666,0.3333333333333333,0.38898250460624695,0.9182958340544894,0.3656359016895294,1.0,0.0,0.0,,
test_group_0181,diverse_minority,rating_user_knn_tuned_fairness,rating_user_knn,tuned_fairness,0.03333333333333333,0.06666666666666668,0.06943122193677727,0.02890460949803991,0.02890460949803991,0.04087729076722622,0.0,0.3333333333333333,0.0,1.0,0.04335691424705986,0.6666666666666666,0.3333333333333333,0.38898250460624695,0.9182958340544894,0.3656359016895294,1.0,0.0,0.0,0.0,
test_group_0182,diverse_minority,hybrid_mf_bayes_average,hybrid_mf_bayes,average,0.06666666666666667,0.16666666666666666,0.14201905717762703,0.05055610497249474,0.05055610497249474,0.07149712931285994,0.0,0.3333333333333333,0.0,1.0,0.07583415745874211,0.6666666666666666,0.3333333333333333,0.264676034450531,0.9182958340544894,0.6191878318786621,1.0,0.0,0.0,,
test_group_0182,diverse_minority,hybrid_mf_bayes_dbscan_minority_nash,hybrid_mf_bayes,dbscan_minority_nash,0.03333333333333333,0.08333333333333333,0.085143117641621,0.030309343539659615,0.030309343539659615,0.042863884700411976,0.0,0.3333333333333333,0.0,1.0,0.045464015309489424,0.6666666666666666,0.3333333333333333,0.2511274218559265,0.9182958340544894,0.6191878318786621,1.0,0.0,0.0,,2.0
test_group_0182,diverse_minority,hybrid_mf_bayes_least_misery,hybrid_mf_bayes,least_misery,0.06666666666666667,0.16666666666666666,0.17630010660342912,0.06275951180944112,0.06275951180944112,0.08875535276882605,0.0,0.3333333333333333,0.0,1.0,0.09413926771416167,0.6666666666666666,0.3333333333333333,0.2616741359233856,0.9182958340544894,0.6191878318786621,1.0,0.0,0.0,,
test_group_0182,diverse_minority,hybrid_mf_bayes_nash_welfare,hybrid_mf_bayes,nash_welfare,0.06666666666666667,0.16666666666666666,0.14201905717762703,0.05055610497249474,0.05055610497249474,0.07149712931285994,0.0,0.3333333333333333,0.0,1.0,0.07583415745874211,0.6666666666666666,0.3333333333333333,0.264676034450531,0.9182958340544894,0.6191878318786621,1.0,0.0,0.0,,
test_group_0182,diverse_minority,hybrid_mf_bayes_tuned_fairness,hybrid_mf_bayes,tuned_fairness,0.06666666666666667,0.16666666666666666,0.14201905717762703,0.05055610497249474,0.05055610497249474,0.07149712931285994,0.0,0.3333333333333333,0.0,1.0,0.07583415745874211,0.6666666666666666,0.3333333333333333,0.264676034450531,0.9182958340544894,0.6191878318786621,1.0,0.0,0.0,0.0,
test_group_0182,diverse_minority,mf_average,mf,average,0.03333333333333333,0.08333333333333333,0.07839826897867533,0.027908304666397824,0.027908304666397824,0.039468302962060144,0.0,0.3333333333333333,0.0,1.0,0.04186245699959674,0.6666666666666666,0.3333333333333333,0.2667486369609833,0.9182958340544894,0.6191878318786621,1.0,0.0,0.0,,
test_group_0182,diverse_minority,mf_dbscan_minority_nash,mf,dbscan_minority_nash,0.03333333333333333,0.08333333333333333,0.07839826897867533,0.027908304666397824,0.027908304666397824,0.039468302962060144,0.0,0.3333333333333333,0.0,1.0,0.04186245699959674,0.6666666666666666,0.3333333333333333,0.2905641794204712,0.9182958340544894,0.6191878318786621,1.0,0.0,0.0,,2.0
test_group_0182,diverse_minority,mf_least_misery,mf,least_misery,0.03333333333333333,0.08333333333333333,0.13886244387355454,0.04943241019004971,0.04943241019004971,0.06990798491155828,0.0,0.3333333333333333,0.0,1.0,0.07414861528507456,0.6666666666666666,0.3333333333333333,0.2423546314239502,0.9182958340544894,0.6191878318786621,1.0,0.0,0.0,,
test_group_0182,diverse_minority,mf_nash_welfare,mf,nash_welfare,0.03333333333333333,0.08333333333333333,0.085143117641621,0.030309343539659615,0.030309343539659615,0.042863884700411976,0.0,0.3333333333333333,0.0,1.0,0.045464015309489424,0.6666666666666666,0.3333333333333333,0.2667486369609833,0.9182958340544894,0.6191878318786621,1.0,0.0,0.0,,
test_group_0182,diverse_minority,mf_tuned_fairness,mf,tuned_fairness,0.03333333333333333,0.08333333333333333,0.07839826897867533,0.027908304666397824,0.027908304666397824,0.039468302962060144,0.0,0.3333333333333333,0.0,1.0,0.04186245699959674,0.6666666666666666,0.3333333333333333,0.2667486369609833,0.9182958340544894,0.6191878318786621,1.0,0.0,0.0,0.0,
test_group_0182,diverse_minority,rating_user_knn_average,rating_user_knn,average,0.1,0.25,0.2208285630327873,0.078610802208378,0.078610802208378,0.11117246263211704,0.0,0.3333333333333333,0.0,1.0,0.11791620331256701,0.6666666666666666,0.3333333333333333,0.31971633434295654,0.9182958340544894,0.6191878318786621,1.0,0.0,0.0,,
test_group_0182,diverse_minority,rating_user_knn_dbscan_minority_nash,rating_user_knn,dbscan_minority_nash,0.06666666666666667,0.16666666666666666,0.13961814555374907,0.04970142573085858,0.04970142573085858,0.07028843033785932,0.0,0.33333333333333337,0.0,1.0,0.07455213859628787,0.6666666666666666,0.3333333333333333,0.2791339159011841,0.9182958340544894,0.6191878318786621,1.0,0.0,0.0,,2.0
test_group_0182,diverse_minority,rating_user_knn_least_misery,rating_user_knn,least_misery,0.03333333333333333,0.08333333333333333,0.09478836436955076,0.03374286940410007,0.03374286940410007,0.04771962354466247,0.0,0.33333333333333337,0.0,1.0,0.0506143041061501,0.6666666666666666,0.3333333333333333,0.34071269631385803,0.9182958340544894,0.6191878318786621,1.0,0.0,0.0,,
test_group_0182,diverse_minority,rating_user_knn_nash_welfare,rating_user_knn,nash_welfare,0.1,0.25,0.2208285630327873,0.078610802208378,0.078610802208378,0.11117246263211704,0.0,0.3333333333333333,0.0,1.0,0.11791620331256701,0.6666666666666666,0.3333333333333333,0.31971633434295654,0.9182958340544894,0.6191878318786621,1.0,0.0,0.0,,
test_group_0182,diverse_minority,rating_user_knn_tuned_fairness,rating_user_knn,tuned_fairness,0.1,0.25,0.2208285630327873,0.078610802208378,0.078610802208378,0.11117246263211704,0.0,0.3333333333333333,0.0,1.0,0.11791620331256701,0.6666666666666666,0.3333333333333333,0.31971633434295654,0.9182958340544894,0.6191878318786621,1.0,0.0,0.0,0.0,
test_group_0183,diverse_minority,hybrid_mf_bayes_average,hybrid_mf_bayes,average,0.06666666666666667,0.08333333333333336,0.13199219294181808,0.05368086260797995,0.05368086260797995,0.07591620394009199,0.0,0.33333333333333337,0.0,1.0,0.08052129391196992,0.6666666666666666,0.3333333333333333,0.29737594723701477,0.9182958340544894,0.5206223130226135,1.0,0.0,0.0,,
test_group_0183,diverse_minority,hybrid_mf_bayes_dbscan_minority_nash,hybrid_mf_bayes,dbscan_minority_nash,0.03333333333333333,0.04166666666666668,0.09019475927038985,0.03668196104968003,0.03668196104968003,0.05187612681089912,0.0,0.33333333333333337,0.0,1.0,0.05502294157452005,0.6666666666666666,0.3333333333333333,0.29016628861427307,0.9182958340544894,0.5206223130226135,1.0,0.0,0.0,,2.0
test_group_0183,diverse_minority,hybrid_mf_bayes_least_misery,hybrid_mf_bayes,least_misery,0.03333333333333333,0.04166666666666668,0.056906557239904,0.023143740645592426,0.023143740645592426,0.03273019190504226,0.0,0.3333333333333333,0.0,1.0,0.03471561096838864,0.6666666666666666,0.3333333333333333,0.29016631841659546,0.9182958340544894,0.5206223130226135,1.0,0.0,0.0,,
test_group_0183,diverse_minority,hybrid_mf_bayes_nash_welfare,hybrid_mf_bayes,nash_welfare,0.06666666666666667,0.08333333333333336,0.13199219294181808,0.05368086260797995,0.05368086260797995,0.07591620394009199,0.0,0.33333333333333337,0.0,1.0,0.08052129391196992,0.6666666666666666,0.3333333333333333,0.29737594723701477,0.9182958340544894,0.5206223130226135,1.0,0.0,0.0,,
test_group_0183,diverse_minority,hybrid_mf_bayes_tuned_fairness,hybrid_mf_bayes,tuned_fairness,0.06666666666666667,0.08333333333333336,0.13199219294181808,0.05368086260797995,0.05368086260797995,0.07591620394009199,0.0,0.33333333333333337,0.0,1.0,0.08052129391196992,0.6666666666666666,0.3333333333333333,0.29737594723701477,0.9182958340544894,0.5206223130226135,1.0,0.0,0.0,0.0,
test_group_0183,diverse_minority,mf_average,mf,average,0.06666666666666667,0.08333333333333336,0.17394295399340123,0.07074212199097153,0.07074212199097153,0.10004446835068394,0.0,0.3333333333333333,0.0,1.0,0.1061131829864573,0.6666666666666666,0.3333333333333333,0.31009534001350403,0.9182958340544894,0.5206223130226135,1.0,0.0,0.0,,
test_group_0183,diverse_minority,mf_dbscan_minority_nash,mf,dbscan_minority_nash,0.03333333333333333,0.04166666666666668,0.1803895185407797,0.07336392209936006,0.07336392209936006,0.10375225362179824,0.0,0.33333333333333337,0.0,1.0,0.1100458831490401,0.6666666666666666,0.3333333333333333,0.27400580048561096,0.9182958340544894,0.5206223130226135,1.0,0.0,0.0,,2.0
test_group_0183,diverse_minority,mf_least_misery,mf,least_misery,0.03333333333333333,0.04166666666666668,0.09019475927038985,0.03668196104968003,0.03668196104968003,0.05187612681089912,0.0,0.33333333333333337,0.0,1.0,0.05502294157452005,0.6666666666666666,0.3333333333333333,0.25768131017684937,0.9182958340544894,0.5206223130226135,1.0,0.0,0.0,,
test_group_0183,diverse_minority,mf_nash_welfare,mf,nash_welfare,0.06666666666666667,0.08333333333333336,0.14710131651029384,0.05982570169527246,0.05982570169527246,0.08460631871594138,0.0,0.3333333333333333,0.0,1.0,0.08973855254290869,0.6666666666666666,0.3333333333333333,0.31009534001350403,0.9182958340544894,0.5206223130226135,1.0,0.0,0.0,,
test_group_0183,diverse_minority,mf_tuned_fairness,mf,tuned_fairness,0.06666666666666667,0.08333333333333336,0.17394295399340123,0.07074212199097153,0.07074212199097153,0.10004446835068394,0.0,0.3333333333333333,0.0,1.0,0.1061131829864573,0.6666666666666666,0.3333333333333333,0.31009534001350403,0.9182958340544894,0.5206223130226135,1.0,0.0,0.0,0.0,
test_group_0183,diverse_minority,rating_user_knn_average,rating_user_knn,average,0.03333333333333333,0.04166666666666668,0.09019475927038985,0.03668196104968003,0.03668196104968003,0.05187612681089912,0.0,0.33333333333333337,0.0,1.0,0.05502294157452005,0.6666666666666666,0.3333333333333333,0.4502062499523163,0.9182958340544894,0.5206223130226135,1.0,0.0,0.0,,
test_group_0183,diverse_minority,rating_user_knn_dbscan_minority_nash,rating_user_knn,dbscan_minority_nash,0.03333333333333333,0.04166666666666668,0.09019475927038985,0.03668196104968003,0.03668196104968003,0.05187612681089912,0.0,0.33333333333333337,0.0,1.0,0.05502294157452005,0.6666666666666666,0.3333333333333333,0.42471832036972046,0.9182958340544894,0.5206223130226135,1.0,0.0,0.0,,2.0
test_group_0183,diverse_minority,rating_user_knn_least_misery,rating_user_knn,least_misery,0.03333333333333333,0.04166666666666668,0.07768953695765951,0.03159612145651693,0.03159612145651693,0.04468366348219379,0.0,0.3333333333333333,0.0,1.0,0.047394182184775396,0.6666666666666666,0.3333333333333333,0.4069434702396393,0.9182958340544894,0.5206223130226135,1.0,0.0,0.0,,
test_group_0183,diverse_minority,rating_user_knn_nash_welfare,rating_user_knn,nash_welfare,0.03333333333333333,0.04166666666666668,0.09019475927038985,0.03668196104968003,0.03668196104968003,0.05187612681089912,0.0,0.33333333333333337,0.0,1.0,0.05502294157452005,0.6666666666666666,0.3333333333333333,0.41999465227127075,0.9182958340544894,0.5206223130226135,1.0,0.0,0.0,,
test_group_0183,diverse_minority,rating_user_knn_tuned_fairness,rating_user_knn,tuned_fairness,0.03333333333333333,0.04166666666666668,0.09019475927038985,0.03668196104968003,0.03668196104968003,0.05187612681089912,0.0,0.33333333333333337,0.0,1.0,0.05502294157452005,0.6666666666666666,0.3333333333333333,0.4502062499523163,0.9182958340544894,0.5206223130226135,1.0,0.0,0.0,0.0,
test_group_0184,diverse_minority,hybrid_mf_bayes_average,hybrid_mf_bayes,average,0.0,0.0,0.0,0.0,0.0,0.0,0.0,0.0,0.0,1.0,0.0,1.0,0.0,0.24834777414798737,0.9182958340544894,0.7361829280853271,1.0,0.0,0.0,,
test_group_0184,diverse_minority,hybrid_mf_bayes_dbscan_minority_nash,hybrid_mf_bayes,dbscan_minority_nash,0.0,0.0,0.0,0.0,0.0,0.0,0.0,0.0,0.0,1.0,0.0,1.0,0.0,0.2357642650604248,0.9182958340544894,0.7361829280853271,1.0,0.0,0.0,,2.0
test_group_0184,diverse_minority,hybrid_mf_bayes_least_misery,hybrid_mf_bayes,least_misery,0.0,0.0,0.0,0.0,0.0,0.0,0.0,0.0,0.0,1.0,0.0,1.0,0.0,0.2499007284641266,0.9182958340544894,0.7361829280853271,1.0,0.0,0.0,,
test_group_0184,diverse_minority,hybrid_mf_bayes_nash_welfare,hybrid_mf_bayes,nash_welfare,0.0,0.0,0.0,0.0,0.0,0.0,0.0,0.0,0.0,1.0,0.0,1.0,0.0,0.24834777414798737,0.9182958340544894,0.7361829280853271,1.0,0.0,0.0,,
test_group_0184,diverse_minority,hybrid_mf_bayes_tuned_fairness,hybrid_mf_bayes,tuned_fairness,0.0,0.0,0.0,0.0,0.0,0.0,0.0,0.0,0.0,1.0,0.0,1.0,0.0,0.24834777414798737,0.9182958340544894,0.7361829280853271,1.0,0.0,0.0,0.0,
test_group_0184,diverse_minority,mf_average,mf,average,0.0,0.0,0.0,0.0,0.0,0.0,0.0,0.0,0.0,1.0,0.0,1.0,0.0,0.26520612835884094,0.9182958340544894,0.7361829280853271,1.0,0.0,0.0,,
test_group_0184,diverse_minority,mf_dbscan_minority_nash,mf,dbscan_minority_nash,0.0,0.0,0.0,0.0,0.0,0.0,0.0,0.0,0.0,1.0,0.0,1.0,0.0,0.3186130225658417,0.9182958340544894,0.7361829280853271,1.0,0.0,0.0,,2.0
test_group_0184,diverse_minority,mf_least_misery,mf,least_misery,0.0,0.0,0.0,0.0,0.0,0.0,0.0,0.0,0.0,1.0,0.0,1.0,0.0,0.22227564454078674,0.9182958340544894,0.7361829280853271,1.0,0.0,0.0,,
test_group_0184,diverse_minority,mf_nash_welfare,mf,nash_welfare,0.0,0.0,0.0,0.0,0.0,0.0,0.0,0.0,0.0,1.0,0.0,1.0,0.0,0.26520612835884094,0.9182958340544894,0.7361829280853271,1.0,0.0,0.0,,
test_group_0184,diverse_minority,mf_tuned_fairness,mf,tuned_fairness,0.0,0.0,0.0,0.0,0.0,0.0,0.0,0.0,0.0,1.0,0.0,1.0,0.0,0.26520612835884094,0.9182958340544894,0.7361829280853271,1.0,0.0,0.0,0.0,
test_group_0184,diverse_minority,rating_user_knn_average,rating_user_knn,average,0.03333333333333333,0.02941176470588235,0.07839826897867533,0.026132756326225113,0.026132756326225113,0.036957298418738856,0.0,0.33333333333333337,0.0,1.0,0.03919913448933767,0.6666666666666666,0.3333333333333333,0.4642201364040375,0.9182958340544894,0.7361829280853271,1.0,0.0,0.0,,
test_group_0184,diverse_minority,rating_user_knn_dbscan_minority_nash,rating_user_knn,dbscan_minority_nash,0.0,0.0,0.0,0.0,0.0,0.0,0.0,0.0,0.0,1.0,0.0,1.0,0.0,0.5437270402908325,0.9182958340544894,0.7361829280853271,1.0,0.0,0.0,,2.0
test_group_0184,diverse_minority,rating_user_knn_least_misery,rating_user_knn,least_misery,0.0,0.0,0.0,0.0,0.0,0.0,0.0,0.0,0.0,1.0,0.0,1.0,0.0,0.3999587595462799,0.9182958340544894,0.7361829280853271,1.0,0.0,0.0,,
test_group_0184,diverse_minority,rating_user_knn_nash_welfare,rating_user_knn,nash_welfare,0.03333333333333333,0.02941176470588235,0.07839826897867533,0.026132756326225113,0.026132756326225113,0.036957298418738856,0.0,0.33333333333333337,0.0,1.0,0.03919913448933767,0.6666666666666666,0.3333333333333333,0.4188053011894226,0.9182958340544894,0.7361829280853271,1.0,0.0,0.0,,
test_group_0184,diverse_minority,rating_user_knn_tuned_fairness,rating_user_knn,tuned_fairness,0.03333333333333333,0.02941176470588235,0.07839826897867533,0.026132756326225113,0.026132756326225113,0.036957298418738856,0.0,0.33333333333333337,0.0,1.0,0.03919913448933767,0.6666666666666666,0.3333333333333333,0.4642201364040375,0.9182958340544894,0.7361829280853271,1.0,0.0,0.0,0.0,
test_group_0185,diverse_minority,hybrid_mf_bayes_average,hybrid_mf_bayes,average,0.0,0.0,0.0,0.0,0.0,0.0,0.0,0.0,0.0,1.0,0.0,1.0,0.0,0.2682529389858246,0.9182958340544894,0.6814337372779846,1.0,0.0,0.0,,
test_group_0185,diverse_minority,hybrid_mf_bayes_dbscan_minority_nash,hybrid_mf_bayes,dbscan_minority_nash,0.0,0.0,0.0,0.0,0.0,0.0,0.0,0.0,0.0,1.0,0.0,1.0,0.0,0.31290775537490845,0.9182958340544894,0.6814337372779846,1.0,0.0,0.0,,2.0
test_group_0185,diverse_minority,hybrid_mf_bayes_least_misery,hybrid_mf_bayes,least_misery,0.0,0.0,0.0,0.0,0.0,0.0,0.0,0.0,0.0,1.0,0.0,1.0,0.0,0.2699226140975952,0.9182958340544894,0.6814337372779846,1.0,0.0,0.0,,
test_group_0185,diverse_minority,hybrid_mf_bayes_nash_welfare,hybrid_mf_bayes,nash_welfare,0.0,0.0,0.0,0.0,0.0,0.0,0.0,0.0,0.0,1.0,0.0,1.0,0.0,0.2682529389858246,0.9182958340544894,0.6814337372779846,1.0,0.0,0.0,,
test_group_0185,diverse_minority,hybrid_mf_bayes_tuned_fairness,hybrid_mf_bayes,tuned_fairness,0.0,0.0,0.0,0.0,0.0,0.0,0.0,0.0,0.0,1.0,0.0,1.0,0.0,0.2682529389858246,0.9182958340544894,0.6814337372779846,1.0,0.0,0.0,0.0,
test_group_0185,diverse_minority,mf_average,mf,average,0.0,0.0,0.0,0.0,0.0,0.0,0.0,0.0,0.0,1.0,0.0,1.0,0.0,0.2682529091835022,0.9182958340544894,0.6814337372779846,1.0,0.0,0.0,,
test_group_0185,diverse_minority,mf_dbscan_minority_nash,mf,dbscan_minority_nash,0.0,0.0,0.0,0.0,0.0,0.0,0.0,0.0,0.0,1.0,0.0,1.0,0.0,0.5860795974731445,0.9182958340544894,0.6814337372779846,1.0,0.0,0.0,,2.0
test_group_0185,diverse_minority,mf_least_misery,mf,least_misery,0.0,0.0,0.0,0.0,0.0,0.0,0.0,0.0,0.0,1.0,0.0,1.0,0.0,0.33634519577026367,0.9182958340544894,0.6814337372779846,1.0,0.0,0.0,,
test_group_0185,diverse_minority,mf_nash_welfare,mf,nash_welfare,0.0,0.0,0.0,0.0,0.0,0.0,0.0,0.0,0.0,1.0,0.0,1.0,0.0,0.2682529091835022,0.9182958340544894,0.6814337372779846,1.0,0.0,0.0,,
test_group_0185,diverse_minority,mf_tuned_fairness,mf,tuned_fairness,0.0,0.0,0.0,0.0,0.0,0.0,0.0,0.0,0.0,1.0,0.0,1.0,0.0,0.2682529091835022,0.9182958340544894,0.6814337372779846,1.0,0.0,0.0,0.0,
test_group_0185,diverse_minority,rating_user_knn_average,rating_user_knn,average,0.03333333333333333,0.01724137931034483,0.11004588314904008,0.03668196104968003,0.03668196104968003,0.05187612681089912,0.0,0.33333333333333337,0.0,1.0,0.05502294157452005,0.6666666666666666,0.3333333333333333,0.47979363799095154,0.9182958340544894,0.6814337372779846,1.0,0.0,0.0,,
test_group_0185,diverse_minority,rating_user_knn_dbscan_minority_nash,rating_user_knn,dbscan_minority_nash,0.0,0.0,0.0,0.0,0.0,0.0,0.0,0.0,0.0,1.0,0.0,1.0,0.0,0.7074431777000427,0.9182958340544894,0.6814337372779846,1.0,0.0,0.0,,2.0
test_group_0185,diverse_minority,rating_user_knn_least_misery,rating_user_knn,least_misery,0.0,0.0,0.0,0.0,0.0,0.0,0.0,0.0,0.0,1.0,0.0,1.0,0.0,0.31870242953300476,0.9182958340544894,0.6814337372779846,1.0,0.0,0.0,,
test_group_0185,diverse_minority,rating_user_knn_nash_welfare,rating_user_knn,nash_welfare,0.03333333333333333,0.01724137931034483,0.11004588314904008,0.03668196104968003,0.03668196104968003,0.05187612681089912,0.0,0.33333333333333337,0.0,1.0,0.05502294157452005,0.6666666666666666,0.3333333333333333,0.47979363799095154,0.9182958340544894,0.6814337372779846,1.0,0.0,0.0,,
test_group_0185,diverse_minority,rating_user_knn_tuned_fairness,rating_user_knn,tuned_fairness,0.03333333333333333,0.01724137931034483,0.11004588314904008,0.03668196104968003,0.03668196104968003,0.05187612681089912,0.0,0.33333333333333337,0.0,1.0,0.05502294157452005,0.6666666666666666,0.3333333333333333,0.47979363799095154,0.9182958340544894,0.6814337372779846,1.0,0.0,0.0,0.0,
test_group_0186,diverse_minority,hybrid_mf_bayes_average,hybrid_mf_bayes,average,0.0,0.0,0.0,0.0,0.0,0.0,0.0,0.0,0.0,1.0,0.0,1.0,0.0,0.2554549276828766,0.9182958340544894,0.5745598673820496,1.0,0.0,0.0,,
test_group_0186,diverse_minority,hybrid_mf_bayes_dbscan_minority_nash,hybrid_mf_bayes,dbscan_minority_nash,0.0,0.0,0.0,0.0,0.0,0.0,0.0,0.0,0.0,1.0,0.0,1.0,0.0,0.29975754022598267,0.9182958340544894,0.5745598673820496,1.0,0.0,0.0,,2.0
test_group_0186,diverse_minority,hybrid_mf_bayes_least_misery,hybrid_mf_bayes,least_misery,0.0,0.0,0.0,0.0,0.0,0.0,0.0,0.0,0.0,1.0,0.0,1.0,0.0,0.27888038754463196,0.9182958340544894,0.5745598673820496,1.0,0.0,0.0,,
test_group_0186,diverse_minority,hybrid_mf_bayes_nash_welfare,hybrid_mf_bayes,nash_welfare,0.0,0.0,0.0,0.0,0.0,0.0,0.0,0.0,0.0,1.0,0.0,1.0,0.0,0.2554548978805542,0.9182958340544894,0.5745598673820496,1.0,0.0,0.0,,
test_group_0186,diverse_minority,hybrid_mf_bayes_tuned_fairness,hybrid_mf_bayes,tuned_fairness,0.0,0.0,0.0,0.0,0.0,0.0,0.0,0.0,0.0,1.0,0.0,1.0,0.0,0.2554549276828766,0.9182958340544894,0.5745598673820496,1.0,0.0,0.0,0.0,
test_group_0186,diverse_minority,mf_average,mf,average,0.0,0.0,0.0,0.0,0.0,0.0,0.0,0.0,0.0,1.0,0.0,1.0,0.0,0.2643464505672455,0.9182958340544894,0.5745598673820496,1.0,0.0,0.0,,
test_group_0186,diverse_minority,mf_dbscan_minority_nash,mf,dbscan_minority_nash,0.03333333333333333,0.03030303030303029,0.06452577150984495,0.03159612145651693,0.03159612145651693,0.04468366348219379,0.0,0.3333333333333333,0.0,1.0,0.047394182184775396,0.6666666666666666,0.3333333333333333,0.40214648842811584,0.9182958340544894,0.5745598673820496,1.0,0.0,0.0,,2.0
test_group_0186,diverse_minority,mf_least_misery,mf,least_misery,0.0,0.0,0.0,0.0,0.0,0.0,0.0,0.0,0.0,1.0,0.0,1.0,0.0,0.27888038754463196,0.9182958340544894,0.5745598673820496,1.0,0.0,0.0,,
test_group_0186,diverse_minority,mf_nash_welfare,mf,nash_welfare,0.0,0.0,0.0,0.0,0.0,0.0,0.0,0.0,0.0,1.0,0.0,1.0,0.0,0.2643464505672455,0.9182958340544894,0.5745598673820496,1.0,0.0,0.0,,
test_group_0186,diverse_minority,mf_tuned_fairness,mf,tuned_fairness,0.0,0.0,0.0,0.0,0.0,0.0,0.0,0.0,0.0,1.0,0.0,1.0,0.0,0.2643464505672455,0.9182958340544894,0.5745598673820496,1.0,0.0,0.0,0.0,
test_group_0186,diverse_minority,rating_user_knn_average,rating_user_knn,average,0.0,0.0,0.0,0.0,0.0,0.0,0.0,0.0,0.0,1.0,0.0,1.0,0.0,0.4352336525917053,0.9182958340544894,0.5745598673820496,1.0,0.0,0.0,,
test_group_0186,diverse_minority,rating_user_knn_dbscan_minority_nash,rating_user_knn,dbscan_minority_nash,0.06666666666666667,0.06060606060606058,0.11591982604869,0.05676207842774734,0.05676207842774734,0.04013685057050279,0.0,0.6666666666666666,0.0,1.0,0.08514311764162101,0.3333333333333333,0.6666666666666666,0.7481335401535034,0.9182958340544894,0.5745598673820496,1.0,0.0,0.0,,2.0
test_group_0186,diverse_minority,rating_user_knn_least_misery,rating_user_knn,least_misery,0.0,0.0,0.0,0.0,0.0,0.0,0.0,0.0,0.0,1.0,0.0,1.0,0.0,0.357637882232666,0.9182958340544894,0.5745598673820496,1.0,0.0,0.0,,
test_group_0186,diverse_minority,rating_user_knn_nash_welfare,rating_user_knn,nash_welfare,0.0,0.0,0.0,0.0,0.0,0.0,0.0,0.0,0.0,1.0,0.0,1.0,0.0,0.4352336823940277,0.9182958340544894,0.5745598673820496,1.0,0.0,0.0,,
test_group_0186,diverse_minority,rating_user_knn_tuned_fairness,rating_user_knn,tuned_fairness,0.0,0.0,0.0,0.0,0.0,0.0,0.0,0.0,0.0,1.0,0.0,1.0,0.0,0.4352336525917053,0.9182958340544894,0.5745598673820496,1.0,0.0,0.0,0.0,
test_group_0187,diverse_minority,hybrid_mf_bayes_average,hybrid_mf_bayes,average,0.0,0.0,0.0,0.0,0.0,0.0,0.0,0.0,0.0,1.0,0.0,1.0,0.0,0.30500298738479614,0.9182958340544894,0.6940252184867859,1.0,0.0,0.0,,
test_group_0187,diverse_minority,hybrid_mf_bayes_dbscan_minority_nash,hybrid_mf_bayes,dbscan_minority_nash,0.0,0.0,0.0,0.0,0.0,0.0,0.0,0.0,0.0,1.0,0.0,1.0,0.0,0.2798807919025421,0.9182958340544894,0.6940252184867859,1.0,0.0,0.0,,2.0
test_group_0187,diverse_minority,hybrid_mf_bayes_least_misery,hybrid_mf_bayes,least_misery,0.0,0.0,0.0,0.0,0.0,0.0,0.0,0.0,0.0,1.0,0.0,1.0,0.0,0.2712356746196747,0.9182958340544894,0.6940252184867859,1.0,0.0,0.0,,
test_group_0187,diverse_minority,hybrid_mf_bayes_nash_welfare,hybrid_mf_bayes,nash_welfare,0.0,0.0,0.0,0.0,0.0,0.0,0.0,0.0,0.0,1.0,0.0,1.0,0.0,0.30500298738479614,0.9182958340544894,0.6940252184867859,1.0,0.0,0.0,,
test_group_0187,diverse_minority,hybrid_mf_bayes_tuned_fairness,hybrid_mf_bayes,tuned_fairness,0.0,0.0,0.0,0.0,0.0,0.0,0.0,0.0,0.0,1.0,0.0,1.0,0.0,0.30500298738479614,0.9182958340544894,0.6940252184867859,1.0,0.0,0.0,0.0,
test_group_0187,diverse_minority,mf_average,mf,average,0.0,0.0,0.0,0.0,0.0,0.0,0.0,0.0,0.0,1.0,0.0,1.0,0.0,0.2973572909832001,0.9182958340544894,0.6940252184867859,1.0,0.0,0.0,,
test_group_0187,diverse_minority,mf_dbscan_minority_nash,mf,dbscan_minority_nash,0.0,0.0,0.0,0.0,0.0,0.0,0.0,0.0,0.0,1.0,0.0,1.0,0.0,0.24130980670452118,0.9182958340544894,0.6940252184867859,1.0,0.0,0.0,,2.0
test_group_0187,diverse_minority,mf_least_misery,mf,least_misery,0.0,0.0,0.0,0.0,0.0,0.0,0.0,0.0,0.0,1.0,0.0,1.0,0.0,0.22878824174404144,0.9182958340544894,0.6940252184867859,1.0,0.0,0.0,,
test_group_0187,diverse_minority,mf_nash_welfare,mf,nash_welfare,0.0,0.0,0.0,0.0,0.0,0.0,0.0,0.0,0.0,1.0,0.0,1.0,0.0,0.25652292370796204,0.9182958340544894,0.6940252184867859,1.0,0.0,0.0,,
test_group_0187,diverse_minority,mf_tuned_fairness,mf,tuned_fairness,0.0,0.0,0.0,0.0,0.0,0.0,0.0,0.0,0.0,1.0,0.0,1.0,0.0,0.2973572909832001,0.9182958340544894,0.6940252184867859,1.0,0.0,0.0,0.0,
test_group_0187,diverse_minority,rating_user_knn_average,rating_user_knn,average,0.0,0.0,0.0,0.0,0.0,0.0,0.0,0.0,0.0,1.0,0.0,1.0,0.0,0.5187749266624451,0.9182958340544894,0.6940252184867859,1.0,0.0,0.0,,
test_group_0187,diverse_minority,rating_user_knn_dbscan_minority_nash,rating_user_knn,dbscan_minority_nash,0.0,0.0,0.0,0.0,0.0,0.0,0.0,0.0,0.0,1.0,0.0,1.0,0.0,0.4293709993362427,0.9182958340544894,0.6940252184867859,1.0,0.0,0.0,,2.0
test_group_0187,diverse_minority,rating_user_knn_least_misery,rating_user_knn,least_misery,0.0,0.0,0.0,0.0,0.0,0.0,0.0,0.0,0.0,1.0,0.0,1.0,0.0,0.4195924997329712,0.9182958340544894,0.6940252184867859,1.0,0.0,0.0,,
test_group_0187,diverse_minority,rating_user_knn_nash_welfare,rating_user_knn,nash_welfare,0.0,0.0,0.0,0.0,0.0,0.0,0.0,0.0,0.0,1.0,0.0,1.0,0.0,0.5187749266624451,0.9182958340544894,0.6940252184867859,1.0,0.0,0.0,,
test_group_0187,diverse_minority,rating_user_knn_tuned_fairness,rating_user_knn,tuned_fairness,0.0,0.0,0.0,0.0,0.0,0.0,0.0,0.0,0.0,1.0,0.0,1.0,0.0,0.5187749266624451,0.9182958340544894,0.6940252184867859,1.0,0.0,0.0,0.0,
test_group_0188,diverse_minority,hybrid_mf_bayes_average,hybrid_mf_bayes,average,0.1,0.06000000000000001,0.2866919347890072,0.0955639782630024,0.0955639782630024,0.13514787413386567,0.0,0.3333333333333333,0.0,1.0,0.14334596739450362,0.6666666666666666,0.3333333333333333,0.1849890798330307,0.9182958340544894,0.42117881774902344,1.0,0.0,0.0,,
test_group_0188,diverse_minority,hybrid_mf_bayes_dbscan_minority_nash,hybrid_mf_bayes,dbscan_minority_nash,0.03333333333333333,0.02,0.11004588314904008,0.03668196104968003,0.03668196104968003,0.05187612681089912,0.0,0.33333333333333337,0.0,1.0,0.05502294157452005,0.6666666666666666,0.3333333333333333,0.20947138965129852,0.9182958340544894,0.42117881774902344,1.0,0.0,0.0,,2.0
test_group_0188,diverse_minority,hybrid_mf_bayes_least_misery,hybrid_mf_bayes,least_misery,0.06666666666666667,0.04,0.2122263659729146,0.07074212199097153,0.07074212199097153,0.10004446835068394,0.0,0.3333333333333333,0.0,1.0,0.1061131829864573,0.6666666666666666,0.3333333333333333,0.18303392827510834,0.9182958340544894,0.42117881774902344,1.0,0.0,0.0,,
test_group_0188,diverse_minority,hybrid_mf_bayes_nash_welfare,hybrid_mf_bayes,nash_welfare,0.1,0.06000000000000001,0.2866919347890072,0.0955639782630024,0.0955639782630024,0.13514787413386567,0.0,0.3333333333333333,0.0,1.0,0.14334596739450362,0.6666666666666666,0.3333333333333333,0.1849890798330307,0.9182958340544894,0.42117881774902344,1.0,0.0,0.0,,
test_group_0188,diverse_minority,hybrid_mf_bayes_tuned_fairness,hybrid_mf_bayes,tuned_fairness,0.1,0.06000000000000001,0.2866919347890072,0.0955639782630024,0.0955639782630024,0.13514787413386567,0.0,0.3333333333333333,0.0,1.0,0.14334596739450362,0.6666666666666666,0.3333333333333333,0.1849890798330307,0.9182958340544894,0.42117881774902344,1.0,0.0,0.0,0.0,
test_group_0188,diverse_minority,mf_average,mf,average,0.06666666666666667,0.04,0.2336508082431053,0.07788360274770179,0.07788360274770179,0.11014404729227832,0.0,0.3333333333333333,0.0,1.0,0.11682540412155268,0.6666666666666666,0.3333333333333333,0.21534180641174316,0.9182958340544894,0.42117881774902344,1.0,0.0,0.0,,
test_group_0188,diverse_minority,mf_dbscan_minority_nash,mf,dbscan_minority_nash,0.03333333333333333,0.02,0.06625422345438904,0.022084741151463014,0.022084741151463014,0.031232540457898198,0.0,0.33333333333333337,0.0,1.0,0.03312711172719452,0.6666666666666666,0.3333333333333333,0.3200928866863251,0.9182958340544894,0.42117881774902344,1.0,0.0,0.0,,2.0
test_group_0188,diverse_minority,mf_least_misery,mf,least_misery,0.03333333333333333,0.02,0.09478836436955076,0.03159612145651693,0.03159612145651693,0.04468366348219379,0.0,0.3333333333333333,0.0,1.0,0.047394182184775396,0.6666666666666666,0.3333333333333333,0.19427257776260376,0.9182958340544894,0.42117881774902344,1.0,0.0,0.0,,
test_group_0188,diverse_minority,mf_nash_welfare,mf,nash_welfare,0.06666666666666667,0.04,0.2336508082431053,0.07788360274770179,0.07788360274770179,0.11014404729227832,0.0,0.3333333333333333,0.0,1.0,0.11682540412155268,0.6666666666666666,0.3333333333333333,0.21534177660942078,0.9182958340544894,0.42117881774902344,1.0,0.0,0.0,,
test_group_0188,diverse_minority,mf_tuned_fairness,mf,tuned_fairness,0.06666666666666667,0.04,0.2336508082431053,0.07788360274770179,0.07788360274770179,0.11014404729227832,0.0,0.3333333333333333,0.0,1.0,0.11682540412155268,0.6666666666666666,0.3333333333333333,0.21534180641174316,0.9182958340544894,0.42117881774902344,1.0,0.0,0.0,0.0,
test_group_0188,diverse_minority,rating_user_knn_average,rating_user_knn,average,0.0,0.0,0.0,0.0,0.0,0.0,0.0,0.0,0.0,1.0,0.0,1.0,0.0,0.5168888568878174,0.9182958340544894,0.42117881774902344,1.0,0.0,0.0,,
test_group_0188,diverse_minority,rating_user_knn_dbscan_minority_nash,rating_user_knn,dbscan_minority_nash,0.0,0.0,0.0,0.0,0.0,0.0,0.0,0.0,0.0,1.0,0.0,1.0,0.0,0.519896388053894,0.9182958340544894,0.42117881774902344,1.0,0.0,0.0,,2.0
test_group_0188,diverse_minority,rating_user_knn_least_misery,rating_user_knn,least_misery,0.0,0.0,0.0,0.0,0.0,0.0,0.0,0.0,0.0,1.0,0.0,1.0,0.0,0.4283623695373535,0.9182958340544894,0.42117881774902344,1.0,0.0,0.0,,
test_group_0188,diverse_minority,rating_user_knn_nash_welfare,rating_user_knn,nash_welfare,0.0,0.0,0.0,0.0,0.0,0.0,0.0,0.0,0.0,1.0,0.0,1.0,0.0,0.5168888568878174,0.9182958340544894,0.42117881774902344,1.0,0.0,0.0,,
test_group_0188,diverse_minority,rating_user_knn_tuned_fairness,rating_user_knn,tuned_fairness,0.0,0.0,0.0,0.0,0.0,0.0,0.0,0.0,0.0,1.0,0.0,1.0,0.0,0.5168888568878174,0.9182958340544894,0.42117881774902344,1.0,0.0,0.0,0.0,
test_group_0189,diverse_minority,hybrid_mf_bayes_average,hybrid_mf_bayes,average,0.0,0.0,0.0,0.0,0.0,0.0,0.0,0.0,0.0,1.0,0.0,1.0,0.0,0.286113977432251,0.9182958340544894,0.6223942637443542,1.0,0.0,0.0,,
test_group_0189,diverse_minority,hybrid_mf_bayes_dbscan_minority_nash,hybrid_mf_bayes,dbscan_minority_nash,0.0,0.0,0.0,0.0,0.0,0.0,0.0,0.0,0.0,1.0,0.0,1.0,0.0,0.30953285098075867,0.9182958340544894,0.6223942637443542,1.0,0.0,0.0,,2.0
test_group_0189,diverse_minority,hybrid_mf_bayes_least_misery,hybrid_mf_bayes,least_misery,0.0,0.0,0.0,0.0,0.0,0.0,0.0,0.0,0.0,1.0,0.0,1.0,0.0,0.2861139476299286,0.9182958340544894,0.6223942637443542,1.0,0.0,0.0,,
test_group_0189,diverse_minority,hybrid_mf_bayes_nash_welfare,hybrid_mf_bayes,nash_welfare,0.0,0.0,0.0,0.0,0.0,0.0,0.0,0.0,0.0,1.0,0.0,1.0,0.0,0.286113977432251,0.9182958340544894,0.6223942637443542,1.0,0.0,0.0,,
test_group_0189,diverse_minority,hybrid_mf_bayes_tuned_fairness,hybrid_mf_bayes,tuned_fairness,0.0,0.0,0.0,0.0,0.0,0.0,0.0,0.0,0.0,1.0,0.0,1.0,0.0,0.286113977432251,0.9182958340544894,0.6223942637443542,1.0,0.0,0.0,0.0,
test_group_0189,diverse_minority,mf_average,mf,average,0.0,0.0,0.0,0.0,0.0,0.0,0.0,0.0,0.0,1.0,0.0,1.0,0.0,0.36656591296195984,0.9182958340544894,0.6223942637443542,1.0,0.0,0.0,,
test_group_0189,diverse_minority,mf_dbscan_minority_nash,mf,dbscan_minority_nash,0.0,0.0,0.0,0.0,0.0,0.0,0.0,0.0,0.0,1.0,0.0,1.0,0.0,0.38753482699394226,0.9182958340544894,0.6223942637443542,1.0,0.0,0.0,,2.0
test_group_0189,diverse_minority,mf_least_misery,mf,least_misery,0.0,0.0,0.0,0.0,0.0,0.0,0.0,0.0,0.0,1.0,0.0,1.0,0.0,0.27248919010162354,0.9182958340544894,0.6223942637443542,1.0,0.0,0.0,,
test_group_0189,diverse_minority,mf_nash_welfare,mf,nash_welfare,0.0,0.0,0.0,0.0,0.0,0.0,0.0,0.0,0.0,1.0,0.0,1.0,0.0,0.36656591296195984,0.9182958340544894,0.6223942637443542,1.0,0.0,0.0,,
test_group_0189,diverse_minority,mf_tuned_fairness,mf,tuned_fairness,0.0,0.0,0.0,0.0,0.0,0.0,0.0,0.0,0.0,1.0,0.0,1.0,0.0,0.36656591296195984,0.9182958340544894,0.6223942637443542,1.0,0.0,0.0,0.0,
test_group_0189,diverse_minority,rating_user_knn_average,rating_user_knn,average,0.0,0.0,0.0,0.0,0.0,0.0,0.0,0.0,0.0,1.0,0.0,1.0,0.0,0.2612902820110321,0.9182958340544894,0.6223942637443542,1.0,0.0,0.0,,
test_group_0189,diverse_minority,rating_user_knn_dbscan_minority_nash,rating_user_knn,dbscan_minority_nash,0.0,0.0,0.0,0.0,0.0,0.0,0.0,0.0,0.0,1.0,0.0,1.0,0.0,0.21169818937778473,0.9182958340544894,0.6223942637443542,1.0,0.0,0.0,,2.0
test_group_0189,diverse_minority,rating_user_knn_least_misery,rating_user_knn,least_misery,0.0,0.0,0.0,0.0,0.0,0.0,0.0,0.0,0.0,1.0,0.0,1.0,0.0,0.26410314440727234,0.9182958340544894,0.6223942637443542,1.0,0.0,0.0,,
test_group_0189,diverse_minority,rating_user_knn_nash_welfare,rating_user_knn,nash_welfare,0.0,0.0,0.0,0.0,0.0,0.0,0.0,0.0,0.0,1.0,0.0,1.0,0.0,0.2612902522087097,0.9182958340544894,0.6223942637443542,1.0,0.0,0.0,,
test_group_0189,diverse_minority,rating_user_knn_tuned_fairness,rating_user_knn,tuned_fairness,0.0,0.0,0.0,0.0,0.0,0.0,0.0,0.0,0.0,1.0,0.0,1.0,0.0,0.2612902820110321,0.9182958340544894,0.6223942637443542,1.0,0.0,0.0,0.0,
test_group_0190,diverse_minority,hybrid_mf_bayes_average,hybrid_mf_bayes,average,0.03333333333333333,0.032258064516129024,0.113813114479808,0.04628748129118485,0.04628748129118485,0.06546038381008452,0.0,0.3333333333333333,0.13886244387355456,0.0,0.13886244387355456,0.6666666666666666,0.3333333333333333,0.2653612196445465,0.9182958340544894,0.5249600410461426,1.0,0.0,0.0,,
test_group_0190,diverse_minority,hybrid_mf_bayes_dbscan_minority_nash,hybrid_mf_bayes,dbscan_minority_nash,0.03333333333333333,0.032258064516129024,0.06978419164318801,0.02838103921387367,0.02838103921387367,0.04013685057050279,0.0,0.3333333333333333,0.08514311764162101,0.0,0.08514311764162101,0.6666666666666666,0.3333333333333333,0.3372463285923004,0.9182958340544894,0.5249600410461426,1.0,0.0,0.0,,2.0
test_group_0190,diverse_minority,hybrid_mf_bayes_least_misery,hybrid_mf_bayes,least_misery,0.03333333333333333,0.032258064516129024,0.09019475927038985,0.03668196104968003,0.03668196104968003,0.05187612681089912,0.0,0.33333333333333337,0.1100458831490401,0.0,0.1100458831490401,0.6666666666666666,0.3333333333333333,0.2772025763988495,0.9182958340544894,0.5249600410461426,1.0,0.0,0.0,,
test_group_0190,diverse_minority,hybrid_mf_bayes_nash_welfare,hybrid_mf_bayes,nash_welfare,0.03333333333333333,0.032258064516129024,0.113813114479808,0.04628748129118485,0.04628748129118485,0.06546038381008452,0.0,0.3333333333333333,0.13886244387355456,0.0,0.13886244387355456,0.6666666666666666,0.3333333333333333,0.2653612196445465,0.9182958340544894,0.5249600410461426,1.0,0.0,0.0,,
test_group_0190,diverse_minority,hybrid_mf_bayes_tuned_fairness,hybrid_mf_bayes,tuned_fairness,0.03333333333333333,0.032258064516129024,0.113813114479808,0.04628748129118485,0.04628748129118485,0.06546038381008452,0.0,0.3333333333333333,0.13886244387355456,0.0,0.13886244387355456,0.6666666666666666,0.3333333333333333,0.2653612196445465,0.9182958340544894,0.5249600410461426,1.0,0.0,0.0,0.0,
test_group_0190,diverse_minority,mf_average,mf,average,0.03333333333333333,0.032258064516129024,0.113813114479808,0.04628748129118485,0.04628748129118485,0.06546038381008452,0.0,0.3333333333333333,0.13886244387355456,0.0,0.13886244387355456,0.6666666666666666,0.3333333333333333,0.2618108093738556,0.9182958340544894,0.5249600410461426,1.0,0.0,0.0,,
test_group_0190,diverse_minority,mf_dbscan_minority_nash,mf,dbscan_minority_nash,0.03333333333333333,0.032258064516129024,0.06012983951359323,0.024454640699786687,0.024454640699786687,0.03458408454059941,0.0,0.33333333333333337,0.07336392209936006,0.0,0.07336392209936006,0.6666666666666666,0.3333333333333333,0.3942175507545471,0.9182958340544894,0.5249600410461426,1.0,0.0,0.0,,2.0
test_group_0190,diverse_minority,mf_least_misery,mf,least_misery,0.03333333333333333,0.032258064516129024,0.06978419164318801,0.02838103921387367,0.02838103921387367,0.04013685057050279,0.0,0.3333333333333333,0.08514311764162101,0.0,0.08514311764162101,0.6666666666666666,0.3333333333333333,0.2772025763988495,0.9182958340544894,0.5249600410461426,1.0,0.0,0.0,,
test_group_0190,diverse_minority,mf_nash_welfare,mf,nash_welfare,0.03333333333333333,0.032258064516129024,0.113813114479808,0.04628748129118485,0.04628748129118485,0.06546038381008452,0.0,0.3333333333333333,0.13886244387355456,0.0,0.13886244387355456,0.6666666666666666,0.3333333333333333,0.2618108093738556,0.9182958340544894,0.5249600410461426,1.0,0.0,0.0,,
test_group_0190,diverse_minority,mf_tuned_fairness,mf,tuned_fairness,0.03333333333333333,0.032258064516129024,0.113813114479808,0.04628748129118485,0.04628748129118485,0.06546038381008452,0.0,0.3333333333333333,0.13886244387355456,0.0,0.13886244387355456,0.6666666666666666,0.3333333333333333,0.2618108093738556,0.9182958340544894,0.5249600410461426,1.0,0.0,0.0,0.0,
test_group_0190,diverse_minority,rating_user_knn_average,rating_user_knn,average,0.03333333333333333,0.032258064516129024,0.06425604298318155,0.026132756326225113,0.026132756326225113,0.036957298418738856,0.0,0.33333333333333337,0.07839826897867534,0.0,0.07839826897867534,0.6666666666666666,0.3333333333333333,0.5156617760658264,0.9182958340544894,0.5249600410461426,1.0,0.0,0.0,,
test_group_0190,diverse_minority,rating_user_knn_dbscan_minority_nash,rating_user_knn,dbscan_minority_nash,0.0,0.0,0.0,0.0,0.0,0.0,0.0,0.0,0.0,1.0,0.0,1.0,0.0,0.5223106145858765,0.9182958340544894,0.5249600410461426,1.0,0.0,0.0,,2.0
test_group_0190,diverse_minority,rating_user_knn_least_misery,rating_user_knn,least_misery,0.06666666666666667,0.06451612903225805,0.12438588249677478,0.0505873970260118,0.0505873970260118,0.07154138295933826,0.0,0.3333333333333333,0.1517621910780354,0.0,0.1517621910780354,0.6666666666666666,0.3333333333333333,0.567046046257019,0.9182958340544894,0.5249600410461426,1.0,0.0,0.0,,
test_group_0190,diverse_minority,rating_user_knn_nash_welfare,rating_user_knn,nash_welfare,0.06666666666666667,0.06451612903225805,0.11640030782973944,0.047339685725875685,0.047339685725875685,0.06694842559201342,0.0,0.3333333333333333,0.14201905717762706,0.0,0.14201905717762706,0.6666666666666666,0.3333333333333333,0.49154821038246155,0.9182958340544894,0.5249600410461426,1.0,0.0,0.0,,
test_group_0190,diverse_minority,rating_user_knn_tuned_fairness,rating_user_knn,tuned_fairness,0.03333333333333333,0.032258064516129024,0.06425604298318155,0.026132756326225113,0.026132756326225113,0.036957298418738856,0.0,0.33333333333333337,0.07839826897867534,0.0,0.07839826897867534,0.6666666666666666,0.3333333333333333,0.5156617760658264,0.9182958340544894,0.5249600410461426,1.0,0.0,0.0,0.0,
test_group_0191,diverse_minority,hybrid_mf_bayes_average,hybrid_mf_bayes,average,0.0,0.0,0.0,0.0,0.0,0.0,0.0,0.0,0.0,1.0,0.0,1.0,0.0,0.25641506910324097,0.9182958340544894,0.6448348164558411,1.0,0.0,0.0,,
test_group_0191,diverse_minority,hybrid_mf_bayes_dbscan_minority_nash,hybrid_mf_bayes,dbscan_minority_nash,0.0,0.0,0.0,0.0,0.0,0.0,0.0,0.0,0.0,1.0,0.0,1.0,0.0,0.24455638229846954,0.9182958340544894,0.6448348164558411,1.0,0.0,0.0,,2.0
test_group_0191,diverse_minority,hybrid_mf_bayes_least_misery,hybrid_mf_bayes,least_misery,0.0,0.0,0.0,0.0,0.0,0.0,0.0,0.0,0.0,1.0,0.0,1.0,0.0,0.2564150393009186,0.9182958340544894,0.6448348164558411,1.0,0.0,0.0,,
test_group_0191,diverse_minority,hybrid_mf_bayes_nash_welfare,hybrid_mf_bayes,nash_welfare,0.0,0.0,0.0,0.0,0.0,0.0,0.0,0.0,0.0,1.0,0.0,1.0,0.0,0.25641506910324097,0.9182958340544894,0.6448348164558411,1.0,0.0,0.0,,
test_group_0191,diverse_minority,hybrid_mf_bayes_tuned_fairness,hybrid_mf_bayes,tuned_fairness,0.0,0.0,0.0,0.0,0.0,0.0,0.0,0.0,0.0,1.0,0.0,1.0,0.0,0.25641506910324097,0.9182958340544894,0.6448348164558411,1.0,0.0,0.0,0.0,
test_group_0191,diverse_minority,mf_average,mf,average,0.03333333333333333,0.06666666666666668,0.06362078819895171,0.026485693144255806,0.026485693144255806,0.03745642645345867,0.0,0.3333333333333333,0.07945707943276742,0.0,0.07945707943276742,0.6666666666666666,0.3333333333333333,0.32816267013549805,0.9182958340544894,0.6448348164558411,1.0,0.0,0.0,,
test_group_0191,diverse_minority,mf_dbscan_minority_nash,mf,dbscan_minority_nash,0.03333333333333333,0.06666666666666668,0.085143117641621,0.03544556034340995,0.03544556034340995,0.0501275921635643,0.0,0.3333333333333333,0.10633668103022985,0.0,0.10633668103022985,0.6666666666666666,0.3333333333333333,0.3740858733654022,0.9182958340544894,0.6448348164558411,1.0,0.0,0.0,,2.0
test_group_0191,diverse_minority,mf_least_misery,mf,least_misery,0.0,0.0,0.0,0.0,0.0,0.0,0.0,0.0,0.0,1.0,0.0,1.0,0.0,0.24626363813877106,0.9182958340544894,0.6448348164558411,1.0,0.0,0.0,,
test_group_0191,diverse_minority,mf_nash_welfare,mf,nash_welfare,0.03333333333333333,0.06666666666666668,0.06625422345438904,0.027582007101773342,0.027582007101773342,0.03900684852079888,0.0,0.3333333333333333,0.08274602130532002,0.0,0.08274602130532002,0.6666666666666666,0.3333333333333333,0.32816267013549805,0.9182958340544894,0.6448348164558411,1.0,0.0,0.0,,
test_group_0191,diverse_minority,mf_tuned_fairness,mf,tuned_fairness,0.03333333333333333,0.06666666666666668,0.06362078819895171,0.026485693144255806,0.026485693144255806,0.03745642645345867,0.0,0.3333333333333333,0.07945707943276742,0.0,0.07945707943276742,0.6666666666666666,0.3333333333333333,0.32816267013549805,0.9182958340544894,0.6448348164558411,1.0,0.0,0.0,0.0,
test_group_0191,diverse_minority,rating_user_knn_average,rating_user_knn,average,0.0,0.0,0.0,0.0,0.0,0.0,0.0,0.0,0.0,1.0,0.0,1.0,0.0,0.541901171207428,0.9182958340544894,0.6448348164558411,1.0,0.0,0.0,,
test_group_0191,diverse_minority,rating_user_knn_dbscan_minority_nash,rating_user_knn,dbscan_minority_nash,0.0,0.0,0.0,0.0,0.0,0.0,0.0,0.0,0.0,1.0,0.0,1.0,0.0,0.8440084457397461,0.9182958340544894,0.6448348164558411,1.0,0.0,0.0,,2.0
test_group_0191,diverse_minority,rating_user_knn_least_misery,rating_user_knn,least_misery,0.0,0.0,0.0,0.0,0.0,0.0,0.0,0.0,0.0,1.0,0.0,1.0,0.0,0.3606615364551544,0.9182958340544894,0.6448348164558411,1.0,0.0,0.0,,
test_group_0191,diverse_minority,rating_user_knn_nash_welfare,rating_user_knn,nash_welfare,0.0,0.0,0.0,0.0,0.0,0.0,0.0,0.0,0.0,1.0,0.0,1.0,0.0,0.541901171207428,0.9182958340544894,0.6448348164558411,1.0,0.0,0.0,,
test_group_0191,diverse_minority,rating_user_knn_tuned_fairness,rating_user_knn,tuned_fairness,0.0,0.0,0.0,0.0,0.0,0.0,0.0,0.0,0.0,1.0,0.0,1.0,0.0,0.541901171207428,0.9182958340544894,0.6448348164558411,1.0,0.0,0.0,0.0,
test_group_0192,diverse_minority,hybrid_mf_bayes_average,hybrid_mf_bayes,average,0.13333333333333333,0.16,0.36687943713895593,0.16619078524179462,0.16619078524179462,0.2350292624303804,0.0,0.3333333333333333,0.0,1.0,0.24928617786269194,0.6666666666666666,0.3333333333333333,0.3486770689487457,0.9182958340544894,0.598602831363678,1.0,0.0,0.0,,
test_group_0192,diverse_minority,hybrid_mf_bayes_dbscan_minority_nash,hybrid_mf_bayes,dbscan_minority_nash,0.16666666666666666,0.2,0.42042542709294045,0.22831913426541842,0.22831913426541842,0.21039848612539405,0.0,0.5407797538877014,0.0,1.0,0.34247870139812764,0.3333333333333333,0.6666666666666666,0.508510947227478,0.9182958340544894,0.598602831363678,1.0,0.0,0.0,,2.0
test_group_0192,diverse_minority,hybrid_mf_bayes_least_misery,hybrid_mf_bayes,least_misery,0.1,0.12000000000000002,0.3128938638575028,0.14173614454200795,0.14173614454200795,0.20044517788978097,0.0,0.33333333333333337,0.0,1.0,0.21260421681301192,0.6666666666666666,0.3333333333333333,0.4048343300819397,0.9182958340544894,0.598602831363678,1.0,0.0,0.0,,
test_group_0192,diverse_minority,hybrid_mf_bayes_nash_welfare,hybrid_mf_bayes,nash_welfare,0.13333333333333333,0.16,0.36687943713895593,0.16619078524179462,0.16619078524179462,0.2350292624303804,0.0,0.3333333333333333,0.0,1.0,0.24928617786269194,0.6666666666666666,0.3333333333333333,0.3486770689487457,0.9182958340544894,0.598602831363678,1.0,0.0,0.0,,
test_group_0192,diverse_minority,hybrid_mf_bayes_tuned_fairness,hybrid_mf_bayes,tuned_fairness,0.13333333333333333,0.16,0.36687943713895593,0.16619078524179462,0.16619078524179462,0.2350292624303804,0.0,0.3333333333333333,0.0,1.0,0.24928617786269194,0.6666666666666666,0.3333333333333333,0.3486770689487457,0.9182958340544894,0.598602831363678,1.0,0.0,0.0,0.0,
test_group_0192,diverse_minority,mf_average,mf,average,0.2,0.24000000000000005,0.4924547390791988,0.26674730549325903,0.26674730549325903,0.24722348575977204,0.0,0.5379315102530056,0.0,1.0,0.4001209582398886,0.3333333333333333,0.6666666666666666,0.3946203589439392,0.9182958340544894,0.598602831363678,1.0,0.0,0.0,,
test_group_0192,diverse_minority,mf_dbscan_minority_nash,mf,dbscan_minority_nash,0.2333333333333333,0.28,0.6197920730612044,0.36341980349283887,0.36341980349283887,0.2876421870079511,0.0,0.6148351351760458,0.0,1.0,0.5451297052392583,0.3333333333333333,0.6666666666666666,0.5252431035041809,0.9182958340544894,0.598602831363678,1.0,0.0,0.0,,2.0
test_group_0192,diverse_minority,mf_least_misery,mf,least_misery,0.2,0.24000000000000005,0.5228405023295141,0.28051159245935725,0.28051159245935725,0.26562822327662955,0.0,0.5272317153082111,0.0,1.0,0.4207673886890359,0.3333333333333333,0.6666666666666666,0.4482899010181427,0.9182958340544894,0.598602831363678,1.0,0.0,0.0,,
test_group_0192,diverse_minority,mf_nash_welfare,mf,nash_welfare,0.2,0.24000000000000005,0.510289475959327,0.28183820896296,0.28183820896296,0.2503423621447313,0.0,0.5589760632408519,0.0,1.0,0.42275731344444006,0.3333333333333333,0.6666666666666666,0.3946203589439392,0.9182958340544894,0.598602831363678,1.0,0.0,0.0,,
test_group_0192,diverse_minority,mf_tuned_fairness,mf,tuned_fairness,0.2,0.24000000000000005,0.4924547390791988,0.26674730549325903,0.26674730549325903,0.24722348575977204,0.0,0.5379315102530056,0.0,1.0,0.4001209582398886,0.3333333333333333,0.6666666666666666,0.3946203589439392,0.9182958340544894,0.598602831363678,1.0,0.0,0.0,0.0,
test_group_0192,diverse_minority,rating_user_knn_average,rating_user_knn,average,0.0,0.0,0.0,0.0,0.0,0.0,0.0,0.0,0.0,1.0,0.0,1.0,0.0,0.594474732875824,0.9182958340544894,0.598602831363678,1.0,0.0,0.0,,
test_group_0192,diverse_minority,rating_user_knn_dbscan_minority_nash,rating_user_knn,dbscan_minority_nash,0.0,0.0,0.0,0.0,0.0,0.0,0.0,0.0,0.0,1.0,0.0,1.0,0.0,0.5304700136184692,0.9182958340544894,0.598602831363678,1.0,0.0,0.0,,2.0
test_group_0192,diverse_minority,rating_user_knn_least_misery,rating_user_knn,least_misery,0.06666666666666667,0.08,0.10644397828150139,0.04821749747768813,0.04821749747768813,0.06818983887663706,0.0,0.3333333333333333,0.0,1.0,0.07232624621653219,0.6666666666666666,0.3333333333333333,0.4879975914955139,0.9182958340544894,0.598602831363678,1.0,0.0,0.0,,
test_group_0192,diverse_minority,rating_user_knn_nash_welfare,rating_user_knn,nash_welfare,0.0,0.0,0.0,0.0,0.0,0.0,0.0,0.0,0.0,1.0,0.0,1.0,0.0,0.6367895007133484,0.9182958340544894,0.598602831363678,1.0,0.0,0.0,,
test_group_0192,diverse_minority,rating_user_knn_tuned_fairness,rating_user_knn,tuned_fairness,0.0,0.0,0.0,0.0,0.0,0.0,0.0,0.0,0.0,1.0,0.0,1.0,0.0,0.594474732875824,0.9182958340544894,0.598602831363678,1.0,0.0,0.0,0.0,
test_group_0193,diverse_minority,hybrid_mf_bayes_average,hybrid_mf_bayes,average,0.0,0.0,0.0,0.0,0.0,0.0,0.0,0.0,0.0,1.0,0.0,1.0,0.0,0.21684449911117554,0.9182958340544894,0.3697874844074249,1.0,0.0,0.0,,
test_group_0193,diverse_minority,hybrid_mf_bayes_dbscan_minority_nash,hybrid_mf_bayes,dbscan_minority_nash,0.0,0.0,0.0,0.0,0.0,0.0,0.0,0.0,0.0,1.0,0.0,1.0,0.0,0.20488478243350983,0.9182958340544894,0.3697874844074249,1.0,0.0,0.0,,2.0
test_group_0193,diverse_minority,hybrid_mf_bayes_least_misery,hybrid_mf_bayes,least_misery,0.0,0.0,0.0,0.0,0.0,0.0,0.0,0.0,0.0,1.0,0.0,1.0,0.0,0.21684449911117554,0.9182958340544894,0.3697874844074249,1.0,0.0,0.0,,
test_group_0193,diverse_minority,hybrid_mf_bayes_nash_welfare,hybrid_mf_bayes,nash_welfare,0.0,0.0,0.0,0.0,0.0,0.0,0.0,0.0,0.0,1.0,0.0,1.0,0.0,0.21684449911117554,0.9182958340544894,0.3697874844074249,1.0,0.0,0.0,,
test_group_0193,diverse_minority,hybrid_mf_bayes_tuned_fairness,hybrid_mf_bayes,tuned_fairness,0.0,0.0,0.0,0.0,0.0,0.0,0.0,0.0,0.0,1.0,0.0,1.0,0.0,0.21684449911117554,0.9182958340544894,0.3697874844074249,1.0,0.0,0.0,0.0,
test_group_0193,diverse_minority,mf_average,mf,average,0.0,0.0,0.0,0.0,0.0,0.0,0.0,0.0,0.0,1.0,0.0,1.0,0.0,0.2248374968767166,0.9182958340544894,0.3697874844074249,1.0,0.0,0.0,,
test_group_0193,diverse_minority,mf_dbscan_minority_nash,mf,dbscan_minority_nash,0.0,0.0,0.0,0.0,0.0,0.0,0.0,0.0,0.0,1.0,0.0,1.0,0.0,0.32572004199028015,0.9182958340544894,0.3697874844074249,1.0,0.0,0.0,,2.0
test_group_0193,diverse_minority,mf_least_misery,mf,least_misery,0.0,0.0,0.0,0.0,0.0,0.0,0.0,0.0,0.0,1.0,0.0,1.0,0.0,0.22316110134124756,0.9182958340544894,0.3697874844074249,1.0,0.0,0.0,,
test_group_0193,diverse_minority,mf_nash_welfare,mf,nash_welfare,0.0,0.0,0.0,0.0,0.0,0.0,0.0,0.0,0.0,1.0,0.0,1.0,0.0,0.2248374968767166,0.9182958340544894,0.3697874844074249,1.0,0.0,0.0,,
test_group_0193,diverse_minority,mf_tuned_fairness,mf,tuned_fairness,0.0,0.0,0.0,0.0,0.0,0.0,0.0,0.0,0.0,1.0,0.0,1.0,0.0,0.2248374968767166,0.9182958340544894,0.3697874844074249,1.0,0.0,0.0,0.0,
test_group_0193,diverse_minority,rating_user_knn_average,rating_user_knn,average,0.0,0.0,0.0,0.0,0.0,0.0,0.0,0.0,0.0,1.0,0.0,1.0,0.0,0.5315120220184326,0.9182958340544894,0.3697874844074249,1.0,0.0,0.0,,
test_group_0193,diverse_minority,rating_user_knn_dbscan_minority_nash,rating_user_knn,dbscan_minority_nash,0.0,0.0,0.0,0.0,0.0,0.0,0.0,0.0,0.0,1.0,0.0,1.0,0.0,0.4982238709926605,0.9182958340544894,0.3697874844074249,1.0,0.0,0.0,,2.0
test_group_0193,diverse_minority,rating_user_knn_least_misery,rating_user_knn,least_misery,0.0,0.0,0.0,0.0,0.0,0.0,0.0,0.0,0.0,1.0,0.0,1.0,0.0,0.34015411138534546,0.9182958340544894,0.3697874844074249,1.0,0.0,0.0,,
test_group_0193,diverse_minority,rating_user_knn_nash_welfare,rating_user_knn,nash_welfare,0.0,0.0,0.0,0.0,0.0,0.0,0.0,0.0,0.0,1.0,0.0,1.0,0.0,0.5315119624137878,0.9182958340544894,0.3697874844074249,1.0,0.0,0.0,,
test_group_0193,diverse_minority,rating_user_knn_tuned_fairness,rating_user_knn,tuned_fairness,0.0,0.0,0.0,0.0,0.0,0.0,0.0,0.0,0.0,1.0,0.0,1.0,0.0,0.5315120220184326,0.9182958340544894,0.3697874844074249,1.0,0.0,0.0,0.0,
test_group_0194,diverse_minority,hybrid_mf_bayes_average,hybrid_mf_bayes,average,0.0,0.0,0.0,0.0,0.0,0.0,0.0,0.0,0.0,1.0,0.0,1.0,0.0,0.2800745666027069,0.9182958340544894,0.9193385243415833,1.0,0.0,0.0,,
test_group_0194,diverse_minority,hybrid_mf_bayes_dbscan_minority_nash,hybrid_mf_bayes,dbscan_minority_nash,0.0,0.0,0.0,0.0,0.0,0.0,0.0,0.0,0.0,1.0,0.0,1.0,0.0,0.35583826899528503,0.9182958340544894,0.9193385243415833,1.0,0.0,0.0,,2.0
test_group_0194,diverse_minority,hybrid_mf_bayes_least_misery,hybrid_mf_bayes,least_misery,0.0,0.0,0.0,0.0,0.0,0.0,0.0,0.0,0.0,1.0,0.0,1.0,0.0,0.31567123532295227,0.9182958340544894,0.9193385243415833,1.0,0.0,0.0,,
test_group_0194,diverse_minority,hybrid_mf_bayes_nash_welfare,hybrid_mf_bayes,nash_welfare,0.0,0.0,0.0,0.0,0.0,0.0,0.0,0.0,0.0,1.0,0.0,1.0,0.0,0.2800745666027069,0.9182958340544894,0.9193385243415833,1.0,0.0,0.0,,
test_group_0194,diverse_minority,hybrid_mf_bayes_tuned_fairness,hybrid_mf_bayes,tuned_fairness,0.0,0.0,0.0,0.0,0.0,0.0,0.0,0.0,0.0,1.0,0.0,1.0,0.0,0.2800745666027069,0.9182958340544894,0.9193385243415833,1.0,0.0,0.0,0.0,
test_group_0194,diverse_minority,mf_average,mf,average,0.0,0.0,0.0,0.0,0.0,0.0,0.0,0.0,0.0,1.0,0.0,1.0,0.0,0.2809150218963623,0.9182958340544894,0.9193385243415833,1.0,0.0,0.0,,
test_group_0194,diverse_minority,mf_dbscan_minority_nash,mf,dbscan_minority_nash,0.06666666666666667,0.07692307692307693,0.227626228959616,0.12838827753809487,0.12838827753809487,0.10082492349005966,0.0,0.618537912111218,0.24630238874073,0.0,0.1768711668039527,0.3333333333333333,0.6666666666666666,0.5918105840682983,0.9182958340544894,0.9193385243415833,1.0,0.0,0.0,,2.0
test_group_0194,diverse_minority,mf_least_misery,mf,least_misery,0.0,0.0,0.0,0.0,0.0,0.0,0.0,0.0,0.0,1.0,0.0,1.0,0.0,0.37791380286216736,0.9182958340544894,0.9193385243415833,1.0,0.0,0.0,,
test_group_0194,diverse_minority,mf_nash_welfare,mf,nash_welfare,0.0,0.0,0.0,0.0,0.0,0.0,0.0,0.0,0.0,1.0,0.0,1.0,0.0,0.26443126797676086,0.9182958340544894,0.9193385243415833,1.0,0.0,0.0,,
test_group_0194,diverse_minority,mf_tuned_fairness,mf,tuned_fairness,0.0,0.0,0.0,0.0,0.0,0.0,0.0,0.0,0.0,1.0,0.0,1.0,0.0,0.2809150218963623,0.9182958340544894,0.9193385243415833,1.0,0.0,0.0,0.0,
test_group_0194,diverse_minority,rating_user_knn_average,rating_user_knn,average,0.0,0.0,0.0,0.0,0.0,0.0,0.0,0.0,0.0,1.0,0.0,1.0,0.0,0.4056188762187958,0.9182958340544894,0.9193385243415833,1.0,0.0,0.0,,
test_group_0194,diverse_minority,rating_user_knn_dbscan_minority_nash,rating_user_knn,dbscan_minority_nash,0.0,0.0,0.0,0.0,0.0,0.0,0.0,0.0,0.0,1.0,0.0,1.0,0.0,0.7465143799781799,0.9182958340544894,0.9193385243415833,1.0,0.0,0.0,,2.0
test_group_0194,diverse_minority,rating_user_knn_least_misery,rating_user_knn,least_misery,0.0,0.0,0.0,0.0,0.0,0.0,0.0,0.0,0.0,1.0,0.0,1.0,0.0,0.4604681730270386,0.9182958340544894,0.9193385243415833,1.0,0.0,0.0,,
test_group_0194,diverse_minority,rating_user_knn_nash_welfare,rating_user_knn,nash_welfare,0.0,0.0,0.0,0.0,0.0,0.0,0.0,0.0,0.0,1.0,0.0,1.0,0.0,0.4056188762187958,0.9182958340544894,0.9193385243415833,1.0,0.0,0.0,,
test_group_0194,diverse_minority,rating_user_knn_tuned_fairness,rating_user_knn,tuned_fairness,0.0,0.0,0.0,0.0,0.0,0.0,0.0,0.0,0.0,1.0,0.0,1.0,0.0,0.4056188762187958,0.9182958340544894,0.9193385243415833,1.0,0.0,0.0,0.0,
test_group_0195,diverse_minority,hybrid_mf_bayes_average,hybrid_mf_bayes,average,0.03333333333333333,0.09999999999999999,0.06625422345438904,0.039172034918809044,0.039172034918809044,0.05539762304793222,0.0,0.3333333333333333,0.11751610475642714,0.0,0.11751610475642714,0.6666666666666666,0.3333333333333333,0.3204435706138611,0.9182958340544894,0.797493040561676,1.0,0.0,0.0,,
test_group_0195,diverse_minority,hybrid_mf_bayes_dbscan_minority_nash,hybrid_mf_bayes,dbscan_minority_nash,0.0,0.0,0.0,0.0,0.0,0.0,0.0,0.0,0.0,1.0,0.0,1.0,0.0,0.6380048394203186,0.9182958340544894,0.797493040561676,1.0,0.0,0.0,,2.0
test_group_0195,diverse_minority,hybrid_mf_bayes_least_misery,hybrid_mf_bayes,least_misery,0.0,0.0,0.0,0.0,0.0,0.0,0.0,0.0,0.0,1.0,0.0,1.0,0.0,0.5401270985603333,0.9182958340544894,0.797493040561676,1.0,0.0,0.0,,
test_group_0195,diverse_minority,hybrid_mf_bayes_nash_welfare,hybrid_mf_bayes,nash_welfare,0.0,0.0,0.0,0.0,0.0,0.0,0.0,0.0,0.0,1.0,0.0,1.0,0.0,0.37350285053253174,0.9182958340544894,0.797493040561676,1.0,0.0,0.0,,
test_group_0195,diverse_minority,hybrid_mf_bayes_tuned_fairness,hybrid_mf_bayes,tuned_fairness,0.03333333333333333,0.09999999999999999,0.06625422345438904,0.039172034918809044,0.039172034918809044,0.05539762304793222,0.0,0.3333333333333333,0.11751610475642714,0.0,0.11751610475642714,0.6666666666666666,0.3333333333333333,0.3204435706138611,0.9182958340544894,0.797493040561676,1.0,0.0,0.0,0.0,
test_group_0195,diverse_minority,mf_average,mf,average,0.03333333333333333,0.09999999999999999,0.06943122193677727,0.041050398123455,0.041050398123455,0.058054029767005105,0.0,0.3333333333333333,0.123151194370365,0.0,0.123151194370365,0.6666666666666666,0.3333333333333333,0.3690018951892853,0.9182958340544894,0.797493040561676,1.0,0.0,0.0,,
test_group_0195,diverse_minority,mf_dbscan_minority_nash,mf,dbscan_minority_nash,0.03333333333333333,0.09999999999999999,0.06362078819895171,0.05907976226134925,0.05907976226134925,0.08355140105177826,0.0,0.3333333333333333,0.0,1.0,0.08861964339202387,0.6666666666666666,0.3333333333333333,0.6534496545791626,0.9182958340544894,0.797493040561676,1.0,0.0,0.0,,2.0
test_group_0195,diverse_minority,mf_least_misery,mf,least_misery,0.0,0.0,0.0,0.0,0.0,0.0,0.0,0.0,0.0,1.0,0.0,1.0,0.0,0.5000366568565369,0.9182958340544894,0.797493040561676,1.0,0.0,0.0,,
test_group_0195,diverse_minority,mf_nash_welfare,mf,nash_welfare,0.03333333333333333,0.09999999999999999,0.06943122193677727,0.041050398123455,0.041050398123455,0.058054029767005105,0.0,0.3333333333333333,0.123151194370365,0.0,0.123151194370365,0.6666666666666666,0.3333333333333333,0.36401495337486267,0.9182958340544894,0.797493040561676,1.0,0.0,0.0,,
test_group_0195,diverse_minority,mf_tuned_fairness,mf,tuned_fairness,0.03333333333333333,0.09999999999999999,0.06943122193677727,0.041050398123455,0.041050398123455,0.058054029767005105,0.0,0.3333333333333333,0.123151194370365,0.0,0.123151194370365,0.6666666666666666,0.3333333333333333,0.3690018951892853,0.9182958340544894,0.797493040561676,1.0,0.0,0.0,0.0,
test_group_0195,diverse_minority,rating_user_knn_average,rating_user_knn,average,0.03333333333333333,0.09999999999999999,0.09478836436955076,0.05604251209037248,0.05604251209037248,0.07925608066766293,0.0,0.33333333333333337,0.16812753627111746,0.0,0.16812753627111746,0.6666666666666666,0.3333333333333333,0.4952732026576996,0.9182958340544894,0.797493040561676,1.0,0.0,0.0,,
test_group_0195,diverse_minority,rating_user_knn_dbscan_minority_nash,rating_user_knn,dbscan_minority_nash,0.0,0.0,0.0,0.0,0.0,0.0,0.0,0.0,0.0,1.0,0.0,1.0,0.0,0.6783990263938904,0.9182958340544894,0.797493040561676,1.0,0.0,0.0,,2.0
test_group_0195,diverse_minority,rating_user_knn_least_misery,rating_user_knn,least_misery,0.0,0.0,0.0,0.0,0.0,0.0,0.0,0.0,0.0,1.0,0.0,1.0,0.0,0.3562068045139313,0.9182958340544894,0.797493040561676,1.0,0.0,0.0,,
test_group_0195,diverse_minority,rating_user_knn_nash_welfare,rating_user_knn,nash_welfare,0.03333333333333333,0.09999999999999999,0.09478836436955076,0.05604251209037248,0.05604251209037248,0.07925608066766293,0.0,0.33333333333333337,0.16812753627111746,0.0,0.16812753627111746,0.6666666666666666,0.3333333333333333,0.43697237968444824,0.9182958340544894,0.797493040561676,1.0,0.0,0.0,,
test_group_0195,diverse_minority,rating_user_knn_tuned_fairness,rating_user_knn,tuned_fairness,0.03333333333333333,0.09999999999999999,0.09478836436955076,0.05604251209037248,0.05604251209037248,0.07925608066766293,0.0,0.33333333333333337,0.16812753627111746,0.0,0.16812753627111746,0.6666666666666666,0.3333333333333333,0.4952732026576996,0.9182958340544894,0.797493040561676,1.0,0.0,0.0,0.0,
test_group_0196,diverse_minority,hybrid_mf_bayes_average,hybrid_mf_bayes,average,0.0,0.0,0.0,0.0,0.0,0.0,0.0,0.0,0.0,1.0,0.0,1.0,0.0,0.24755164980888367,0.9182958340544894,0.7388300895690918,1.0,0.0,0.0,,
test_group_0196,diverse_minority,hybrid_mf_bayes_dbscan_minority_nash,hybrid_mf_bayes,dbscan_minority_nash,0.0,0.0,0.0,0.0,0.0,0.0,0.0,0.0,0.0,1.0,0.0,1.0,0.0,0.3638821840286255,0.9182958340544894,0.7388300895690918,1.0,0.0,0.0,,2.0
test_group_0196,diverse_minority,hybrid_mf_bayes_least_misery,hybrid_mf_bayes,least_misery,0.0,0.0,0.0,0.0,0.0,0.0,0.0,0.0,0.0,1.0,0.0,1.0,0.0,0.23431392014026642,0.9182958340544894,0.7388300895690918,1.0,0.0,0.0,,
test_group_0196,diverse_minority,hybrid_mf_bayes_nash_welfare,hybrid_mf_bayes,nash_welfare,0.0,0.0,0.0,0.0,0.0,0.0,0.0,0.0,0.0,1.0,0.0,1.0,0.0,0.24755164980888367,0.9182958340544894,0.7388300895690918,1.0,0.0,0.0,,
test_group_0196,diverse_minority,hybrid_mf_bayes_tuned_fairness,hybrid_mf_bayes,tuned_fairness,0.0,0.0,0.0,0.0,0.0,0.0,0.0,0.0,0.0,1.0,0.0,1.0,0.0,0.24755164980888367,0.9182958340544894,0.7388300895690918,1.0,0.0,0.0,0.0,
test_group_0196,diverse_minority,mf_average,mf,average,0.0,0.0,0.0,0.0,0.0,0.0,0.0,0.0,0.0,1.0,0.0,1.0,0.0,0.2566283643245697,0.9182958340544894,0.7388300895690918,1.0,0.0,0.0,,
test_group_0196,diverse_minority,mf_dbscan_minority_nash,mf,dbscan_minority_nash,0.0,0.0,0.0,0.0,0.0,0.0,0.0,0.0,0.0,1.0,0.0,1.0,0.0,0.46832138299942017,0.9182958340544894,0.7388300895690918,1.0,0.0,0.0,,2.0
test_group_0196,diverse_minority,mf_least_misery,mf,least_misery,0.0,0.0,0.0,0.0,0.0,0.0,0.0,0.0,0.0,1.0,0.0,1.0,0.0,0.2315605729818344,0.9182958340544894,0.7388300895690918,1.0,0.0,0.0,,
test_group_0196,diverse_minority,mf_nash_welfare,mf,nash_welfare,0.0,0.0,0.0,0.0,0.0,0.0,0.0,0.0,0.0,1.0,0.0,1.0,0.0,0.23771610856056213,0.9182958340544894,0.7388300895690918,1.0,0.0,0.0,,
test_group_0196,diverse_minority,mf_tuned_fairness,mf,tuned_fairness,0.0,0.0,0.0,0.0,0.0,0.0,0.0,0.0,0.0,1.0,0.0,1.0,0.0,0.2566283643245697,0.9182958340544894,0.7388300895690918,1.0,0.0,0.0,0.0,
test_group_0196,diverse_minority,rating_user_knn_average,rating_user_knn,average,0.0,0.0,0.0,0.0,0.0,0.0,0.0,0.0,0.0,1.0,0.0,1.0,0.0,0.42434561252593994,0.9182958340544894,0.7388300895690918,1.0,0.0,0.0,,
test_group_0196,diverse_minority,rating_user_knn_dbscan_minority_nash,rating_user_knn,dbscan_minority_nash,0.0,0.0,0.0,0.0,0.0,0.0,0.0,0.0,0.0,1.0,0.0,1.0,0.0,0.7589819431304932,0.9182958340544894,0.7388300895690918,1.0,0.0,0.0,,2.0
test_group_0196,diverse_minority,rating_user_knn_least_misery,rating_user_knn,least_misery,0.0,0.0,0.0,0.0,0.0,0.0,0.0,0.0,0.0,1.0,0.0,1.0,0.0,0.4080210030078888,0.9182958340544894,0.7388300895690918,1.0,0.0,0.0,,
test_group_0196,diverse_minority,rating_user_knn_nash_welfare,rating_user_knn,nash_welfare,0.0,0.0,0.0,0.0,0.0,0.0,0.0,0.0,0.0,1.0,0.0,1.0,0.0,0.5368725657463074,0.9182958340544894,0.7388300895690918,1.0,0.0,0.0,,
test_group_0196,diverse_minority,rating_user_knn_tuned_fairness,rating_user_knn,tuned_fairness,0.0,0.0,0.0,0.0,0.0,0.0,0.0,0.0,0.0,1.0,0.0,1.0,0.0,0.42434561252593994,0.9182958340544894,0.7388300895690918,1.0,0.0,0.0,0.0,
test_group_0197,diverse_minority,hybrid_mf_bayes_average,hybrid_mf_bayes,average,0.1,0.10344827586206894,0.27848058942730364,0.09282686314243456,0.09282686314243456,0.13127700880858215,0.0,0.3333333333333333,0.2784805894273037,0.0,0.2784805894273037,0.6666666666666666,0.3333333333333333,0.2614005506038666,0.9182958340544894,0.4510810077190399,1.0,0.0,0.0,,
test_group_0197,diverse_minority,hybrid_mf_bayes_dbscan_minority_nash,hybrid_mf_bayes,dbscan_minority_nash,0.1,0.10344827586206894,0.3688556721386529,0.12295189071288432,0.12295189071288432,0.1738802313655756,0.0,0.33333333333333337,0.36885567213865295,0.0,0.36885567213865295,0.6666666666666666,0.3333333333333333,0.2614005506038666,0.9182958340544894,0.4510810077190399,1.0,0.0,0.0,,2.0
test_group_0197,diverse_minority,hybrid_mf_bayes_least_misery,hybrid_mf_bayes,least_misery,0.1,0.10344827586206894,0.25469837558210445,0.08489945852736817,0.08489945852736817,0.12006596568753616,0.0,0.3333333333333333,0.2546983755821045,0.0,0.2546983755821045,0.6666666666666666,0.3333333333333333,0.2614005506038666,0.9182958340544894,0.4510810077190399,1.0,0.0,0.0,,
test_group_0197,diverse_minority,hybrid_mf_bayes_nash_welfare,hybrid_mf_bayes,nash_welfare,0.1,0.10344827586206894,0.27848058942730364,0.09282686314243456,0.09282686314243456,0.13127700880858215,0.0,0.3333333333333333,0.2784805894273037,0.0,0.2784805894273037,0.6666666666666666,0.3333333333333333,0.2614005506038666,0.9182958340544894,0.4510810077190399,1.0,0.0,0.0,,
test_group_0197,diverse_minority,hybrid_mf_bayes_tuned_fairness,hybrid_mf_bayes,tuned_fairness,0.1,0.10344827586206894,0.27848058942730364,0.09282686314243456,0.09282686314243456,0.13127700880858215,0.0,0.3333333333333333,0.2784805894273037,0.0,0.2784805894273037,0.6666666666666666,0.3333333333333333,0.2614005506038666,0.9182958340544894,0.4510810077190399,1.0,0.0,0.0,0.0,
test_group_0197,diverse_minority,mf_average,mf,average,0.1,0.10344827586206894,0.3647442587311446,0.1215814195770482,0.1215814195770482,0.17194209249843526,0.0,0.3333333333333333,0.3647442587311446,0.0,0.3647442587311446,0.6666666666666666,0.3333333333333333,0.2614005506038666,0.9182958340544894,0.4510810077190399,1.0,0.0,0.0,,
test_group_0197,diverse_minority,mf_dbscan_minority_nash,mf,dbscan_minority_nash,0.1,0.10344827586206894,0.35970991185182927,0.11990330395060977,0.11990330395060977,0.16956887862029585,0.0,0.33333333333333337,0.3597099118518293,0.0,0.3597099118518293,0.6666666666666666,0.3333333333333333,0.39629632234573364,0.9182958340544894,0.4510810077190399,1.0,0.0,0.0,,2.0
test_group_0197,diverse_minority,mf_least_misery,mf,least_misery,0.1,0.10344827586206894,0.36792125721353275,0.12264041907117762,0.12264041907117762,0.17343974394557937,0.0,0.3333333333333333,0.36792125721353286,0.0,0.36792125721353286,0.6666666666666666,0.3333333333333333,0.27087417244911194,0.9182958340544894,0.4510810077190399,1.0,0.0,0.0,,
test_group_0197,diverse_minority,mf_nash_welfare,mf,nash_welfare,0.1,0.10344827586206894,0.3647442587311446,0.1215814195770482,0.1215814195770482,0.17194209249843526,0.0,0.3333333333333333,0.3647442587311446,0.0,0.3647442587311446,0.6666666666666666,0.3333333333333333,0.2614005506038666,0.9182958340544894,0.4510810077190399,1.0,0.0,0.0,,
test_group_0197,diverse_minority,mf_tuned_fairness,mf,tuned_fairness,0.1,0.10344827586206894,0.3647442587311446,0.1215814195770482,0.1215814195770482,0.17194209249843526,0.0,0.3333333333333333,0.3647442587311446,0.0,0.3647442587311446,0.6666666666666666,0.3333333333333333,0.2614005506038666,0.9182958340544894,0.4510810077190399,1.0,0.0,0.0,0.0,
test_group_0197,diverse_minority,rating_user_knn_average,rating_user_knn,average,0.03333333333333333,0.03448275862068964,0.13886244387355454,0.04628748129118485,0.04628748129118485,0.06546038381008452,0.0,0.3333333333333333,0.13886244387355456,0.0,0.13886244387355456,0.6666666666666666,0.3333333333333333,0.503893256187439,0.9182958340544894,0.4510810077190399,1.0,0.0,0.0,,
test_group_0197,diverse_minority,rating_user_knn_dbscan_minority_nash,rating_user_knn,dbscan_minority_nash,0.06666666666666667,0.06896551724137928,0.22400556151517553,0.07466852050505852,0.07466852050505852,0.1055972343805873,0.0,0.3333333333333333,0.22400556151517556,0.0,0.22400556151517556,0.6666666666666666,0.3333333333333333,0.4285101294517517,0.9182958340544894,0.4510810077190399,1.0,0.0,0.0,,2.0
test_group_0197,diverse_minority,rating_user_knn_least_misery,rating_user_knn,least_misery,0.06666666666666667,0.06896551724137928,0.20248323207250624,0.06749441069083544,0.06749441069083544,0.09545151098335908,0.0,0.33333333333333337,0.2024832320725063,0.0,0.2024832320725063,0.6666666666666666,0.3333333333333333,0.4770956337451935,0.9182958340544894,0.4510810077190399,1.0,0.0,0.0,,
test_group_0197,diverse_minority,rating_user_knn_nash_welfare,rating_user_knn,nash_welfare,0.03333333333333333,0.03448275862068964,0.13886244387355454,0.04628748129118485,0.04628748129118485,0.06546038381008452,0.0,0.3333333333333333,0.13886244387355456,0.0,0.13886244387355456,0.6666666666666666,0.3333333333333333,0.503893256187439,0.9182958340544894,0.4510810077190399,1.0,0.0,0.0,,
test_group_0197,diverse_minority,rating_user_knn_tuned_fairness,rating_user_knn,tuned_fairness,0.03333333333333333,0.03448275862068964,0.13886244387355454,0.04628748129118485,0.04628748129118485,0.06546038381008452,0.0,0.3333333333333333,0.13886244387355456,0.0,0.13886244387355456,0.6666666666666666,0.3333333333333333,0.503893256187439,0.9182958340544894,0.4510810077190399,1.0,0.0,0.0,0.0,
test_group_0198,diverse_minority,hybrid_mf_bayes_average,hybrid_mf_bayes,average,0.13333333333333333,0.05405405405405406,0.42883980903376634,0.14294660301125547,0.14294660301125547,0.2021570246736802,0.0,0.33333333333333337,0.0,1.0,0.21441990451688323,0.6666666666666666,0.3333333333333333,0.287704199552536,0.9182958340544894,0.5480659604072571,1.0,0.0,0.0,,
test_group_0198,diverse_minority,hybrid_mf_bayes_dbscan_minority_nash,hybrid_mf_bayes,dbscan_minority_nash,0.16666666666666666,0.06756756756756757,0.43227884214719164,0.14409294738239722,0.14409294738239722,0.20377820043049896,0.0,0.3333333333333333,0.0,1.0,0.21613942107359585,0.6666666666666666,0.3333333333333333,0.3907680809497833,0.9182958340544894,0.5480659604072571,1.0,0.0,0.0,,2.0
test_group_0198,diverse_minority,hybrid_mf_bayes_least_misery,hybrid_mf_bayes,least_misery,0.1,0.04054054054054054,0.34369669139214537,0.11456556379738182,0.11456556379738182,0.16202017410317746,0.0,0.33333333333333337,0.0,1.0,0.17184834569607274,0.6666666666666666,0.3333333333333333,0.32702869176864624,0.9182958340544894,0.5480659604072571,1.0,0.0,0.0,,
test_group_0198,diverse_minority,hybrid_mf_bayes_nash_welfare,hybrid_mf_bayes,nash_welfare,0.13333333333333333,0.05405405405405406,0.42883980903376634,0.14294660301125547,0.14294660301125547,0.2021570246736802,0.0,0.33333333333333337,0.0,1.0,0.21441990451688323,0.6666666666666666,0.3333333333333333,0.287704199552536,0.9182958340544894,0.5480659604072571,1.0,0.0,0.0,,
test_group_0198,diverse_minority,hybrid_mf_bayes_tuned_fairness,hybrid_mf_bayes,tuned_fairness,0.13333333333333333,0.05405405405405406,0.42883980903376634,0.14294660301125547,0.14294660301125547,0.2021570246736802,0.0,0.33333333333333337,0.0,1.0,0.21441990451688323,0.6666666666666666,0.3333333333333333,0.287704199552536,0.9182958340544894,0.5480659604072571,1.0,0.0,0.0,0.0,
test_group_0198,diverse_minority,mf_average,mf,average,0.1,0.04054054054054054,0.31252911522154636,0.10417637174051546,0.10417637174051546,0.14732763779425817,0.0,0.3333333333333333,0.0,1.0,0.15626455761077318,0.6666666666666666,0.3333333333333333,0.32764020562171936,0.9182958340544894,0.5480659604072571,1.0,0.0,0.0,,
test_group_0198,diverse_minority,mf_dbscan_minority_nash,mf,dbscan_minority_nash,0.06666666666666667,0.02702702702702703,0.20248323207250624,0.06749441069083544,0.06749441069083544,0.09545151098335906,0.0,0.33333333333333337,0.0,1.0,0.10124161603625315,0.6666666666666666,0.3333333333333333,0.5519095659255981,0.9182958340544894,0.5480659604072571,1.0,0.0,0.0,,2.0
test_group_0198,diverse_minority,mf_least_misery,mf,least_misery,0.1,0.04054054054054054,0.22119341301481266,0.07373113767160423,0.07373113767160423,0.10427157486438052,0.0,0.3333333333333333,0.0,1.0,0.11059670650740634,0.6666666666666666,0.3333333333333333,0.3017125725746155,0.9182958340544894,0.5480659604072571,1.0,0.0,0.0,,
test_group_0198,diverse_minority,mf_nash_welfare,mf,nash_welfare,0.13333333333333333,0.05405405405405406,0.3858930373209064,0.12863101244030214,0.12863101244030214,0.1819117223348576,0.0,0.3333333333333333,0.0,1.0,0.19294651866045323,0.6666666666666666,0.3333333333333333,0.2890172004699707,0.9182958340544894,0.5480659604072571,1.0,0.0,0.0,,
test_group_0198,diverse_minority,mf_tuned_fairness,mf,tuned_fairness,0.1,0.04054054054054054,0.31252911522154636,0.10417637174051546,0.10417637174051546,0.14732763779425817,0.0,0.3333333333333333,0.0,1.0,0.15626455761077318,0.6666666666666666,0.3333333333333333,0.32764020562171936,0.9182958340544894,0.5480659604072571,1.0,0.0,0.0,0.0,
test_group_0198,diverse_minority,rating_user_knn_average,rating_user_knn,average,0.03333333333333333,0.013513513513513514,0.22009176629808017,0.07336392209936006,0.07336392209936006,0.10375225362179824,0.0,0.33333333333333337,0.0,1.0,0.1100458831490401,0.6666666666666666,0.3333333333333333,0.6579595804214478,0.9182958340544894,0.5480659604072571,1.0,0.0,0.0,,
test_group_0198,diverse_minority,rating_user_knn_dbscan_minority_nash,rating_user_knn,dbscan_minority_nash,0.03333333333333333,0.013513513513513514,0.22009176629808017,0.07336392209936006,0.07336392209936006,0.10375225362179824,0.0,0.33333333333333337,0.0,1.0,0.1100458831490401,0.6666666666666666,0.3333333333333333,0.6159533858299255,0.9182958340544894,0.5480659604072571,1.0,0.0,0.0,,2.0
test_group_0198,diverse_minority,rating_user_knn_least_misery,rating_user_knn,least_misery,0.03333333333333333,0.013513513513513514,0.09478836436955076,0.03159612145651693,0.03159612145651693,0.04468366348219379,0.0,0.3333333333333333,0.0,1.0,0.047394182184775396,0.6666666666666666,0.3333333333333333,0.49681490659713745,0.9182958340544894,0.5480659604072571,1.0,0.0,0.0,,
test_group_0198,diverse_minority,rating_user_knn_nash_welfare,rating_user_knn,nash_welfare,0.03333333333333333,0.013513513513513514,0.22009176629808017,0.07336392209936006,0.07336392209936006,0.10375225362179824,0.0,0.33333333333333337,0.0,1.0,0.1100458831490401,0.6666666666666666,0.3333333333333333,0.657959520816803,0.9182958340544894,0.5480659604072571,1.0,0.0,0.0,,
test_group_0198,diverse_minority,rating_user_knn_tuned_fairness,rating_user_knn,tuned_fairness,0.03333333333333333,0.013513513513513514,0.22009176629808017,0.07336392209936006,0.07336392209936006,0.10375225362179824,0.0,0.33333333333333337,0.0,1.0,0.1100458831490401,0.6666666666666666,0.3333333333333333,0.6579595804214478,0.9182958340544894,0.5480659604072571,1.0,0.0,0.0,0.0,
test_group_0199,diverse_minority,hybrid_mf_bayes_average,hybrid_mf_bayes,average,0.06666666666666667,0.09090909090909093,0.16421958630632802,0.05473986210210935,0.05473986210210935,0.07741385538723604,0.0,0.33333333333333337,0.0,1.0,0.08210979315316402,0.6666666666666666,0.3333333333333333,0.3224034011363983,0.9182958340544894,0.5527054667472839,1.0,0.0,0.0,,
test_group_0199,diverse_minority,hybrid_mf_bayes_dbscan_minority_nash,hybrid_mf_bayes,dbscan_minority_nash,0.06666666666666667,0.09090909090909093,0.17947710508581738,0.05982570169527246,0.05982570169527246,0.08460631871594138,0.0,0.3333333333333333,0.0,1.0,0.08973855254290869,0.6666666666666666,0.3333333333333333,0.4068910479545593,0.9182958340544894,0.5527054667472839,1.0,0.0,0.0,,2.0
test_group_0199,diverse_minority,hybrid_mf_bayes_least_misery,hybrid_mf_bayes,least_misery,0.03333333333333333,0.04545454545454546,0.07839826897867533,0.026132756326225113,0.026132756326225113,0.036957298418738856,0.0,0.33333333333333337,0.0,1.0,0.03919913448933767,0.6666666666666666,0.3333333333333333,0.268005907535553,0.9182958340544894,0.5527054667472839,1.0,0.0,0.0,,
test_group_0199,diverse_minority,hybrid_mf_bayes_nash_welfare,hybrid_mf_bayes,nash_welfare,0.06666666666666667,0.09090909090909093,0.16421958630632802,0.05473986210210935,0.05473986210210935,0.07741385538723604,0.0,0.33333333333333337,0.0,1.0,0.08210979315316402,0.6666666666666666,0.3333333333333333,0.3224034011363983,0.9182958340544894,0.5527054667472839,1.0,0.0,0.0,,
test_group_0199,diverse_minority,hybrid_mf_bayes_tuned_fairness,hybrid_mf_bayes,tuned_fairness,0.06666666666666667,0.09090909090909093,0.16421958630632802,0.05473986210210935,0.05473986210210935,0.07741385538723604,0.0,0.33333333333333337,0.0,1.0,0.08210979315316402,0.6666666666666666,0.3333333333333333,0.3224034011363983,0.9182958340544894,0.5527054667472839,1.0,0.0,0.0,0.0,
test_group_0199,diverse_minority,mf_average,mf,average,0.1,0.1363636363636364,0.25206494032666715,0.08402164677555572,0.08402164677555572,0.11882455240291252,0.0,0.3333333333333333,0.0,1.0,0.12603247016333358,0.6666666666666666,0.3333333333333333,0.42963138222694397,0.9182958340544894,0.5527054667472839,1.0,0.0,0.0,,
test_group_0199,diverse_minority,mf_dbscan_minority_nash,mf,dbscan_minority_nash,0.13333333333333333,0.18181818181818185,0.5107164012496701,0.17023880041655673,0.17023880041655673,0.24075402039122104,0.0,0.33333333333333337,0.0,1.0,0.2553582006248351,0.6666666666666666,0.3333333333333333,0.5127264261245728,0.9182958340544894,0.5527054667472839,1.0,0.0,0.0,,2.0
test_group_0199,diverse_minority,mf_least_misery,mf,least_misery,0.0,0.0,0.0,0.0,0.0,0.0,0.0,0.0,0.0,1.0,0.0,1.0,0.0,0.3108764886856079,0.9182958340544894,0.5527054667472839,1.0,0.0,0.0,,
test_group_0199,diverse_minority,mf_nash_welfare,mf,nash_welfare,0.1,0.1363636363636364,0.24703059344735187,0.08234353114911729,0.08234353114911729,0.1164513385247731,0.0,0.3333333333333333,0.0,1.0,0.12351529672367594,0.6666666666666666,0.3333333333333333,0.4036036729812622,0.9182958340544894,0.5527054667472839,1.0,0.0,0.0,,
test_group_0199,diverse_minority,mf_tuned_fairness,mf,tuned_fairness,0.1,0.1363636363636364,0.25206494032666715,0.08402164677555572,0.08402164677555572,0.11882455240291252,0.0,0.3333333333333333,0.0,1.0,0.12603247016333358,0.6666666666666666,0.3333333333333333,0.42963138222694397,0.9182958340544894,0.5527054667472839,1.0,0.0,0.0,0.0,
test_group_0199,diverse_minority,rating_user_knn_average,rating_user_knn,average,0.03333333333333333,0.04545454545454546,0.09478836436955076,0.03159612145651693,0.03159612145651693,0.04468366348219379,0.0,0.3333333333333333,0.0,1.0,0.047394182184775396,0.6666666666666666,0.3333333333333333,0.4997207522392273,0.9182958340544894,0.5527054667472839,1.0,0.0,0.0,,
test_group_0199,diverse_minority,rating_user_knn_dbscan_minority_nash,rating_user_knn,dbscan_minority_nash,0.03333333333333333,0.04545454545454546,0.06625422345438904,0.022084741151463014,0.022084741151463014,0.031232540457898198,0.0,0.33333333333333337,0.0,1.0,0.03312711172719452,0.6666666666666666,0.3333333333333333,0.8457353115081787,0.9182958340544894,0.5527054667472839,1.0,0.0,0.0,,2.0
test_group_0199,diverse_minority,rating_user_knn_least_misery,rating_user_knn,least_misery,0.0,0.0,0.0,0.0,0.0,0.0,0.0,0.0,0.0,1.0,0.0,1.0,0.0,0.2981957197189331,0.9182958340544894,0.5527054667472839,1.0,0.0,0.0,,
test_group_0199,diverse_minority,rating_user_knn_nash_welfare,rating_user_knn,nash_welfare,0.03333333333333333,0.04545454545454546,0.085143117641621,0.02838103921387367,0.02838103921387367,0.04013685057050279,0.0,0.3333333333333333,0.0,1.0,0.042571558820810505,0.6666666666666666,0.3333333333333333,0.45461082458496094,0.9182958340544894,0.5527054667472839,1.0,0.0,0.0,,
test_group_0199,diverse_minority,rating_user_knn_tuned_fairness,rating_user_knn,tuned_fairness,0.03333333333333333,0.04545454545454546,0.09478836436955076,0.03159612145651693,0.03159612145651693,0.04468366348219379,0.0,0.3333333333333333,0.0,1.0,0.047394182184775396,0.6666666666666666,0.3333333333333333,0.4997207522392273,0.9182958340544894,0.5527054667472839,1.0,0.0,0.0,0.0,
test_group_0200,diverse_minority,hybrid_mf_bayes_average,hybrid_mf_bayes,average,0.0,0.0,0.0,0.0,0.0,0.0,0.0,0.0,0.0,1.0,0.0,1.0,0.0,0.23456037044525146,0.9182958340544894,0.5744537711143494,1.0,0.0,0.0,,
test_group_0200,diverse_minority,hybrid_mf_bayes_dbscan_minority_nash,hybrid_mf_bayes,dbscan_minority_nash,0.0,0.0,0.0,0.0,0.0,0.0,0.0,0.0,0.0,1.0,0.0,1.0,0.0,0.2790862023830414,0.9182958340544894,0.5744537711143494,1.0,0.0,0.0,,2.0
test_group_0200,diverse_minority,hybrid_mf_bayes_least_misery,hybrid_mf_bayes,least_misery,0.0,0.0,0.0,0.0,0.0,0.0,0.0,0.0,0.0,1.0,0.0,1.0,0.0,0.23456037044525146,0.9182958340544894,0.5744537711143494,1.0,0.0,0.0,,
test_group_0200,diverse_minority,hybrid_mf_bayes_nash_welfare,hybrid_mf_bayes,nash_welfare,0.0,0.0,0.0,0.0,0.0,0.0,0.0,0.0,0.0,1.0,0.0,1.0,0.0,0.23456037044525146,0.9182958340544894,0.5744537711143494,1.0,0.0,0.0,,
test_group_0200,diverse_minority,hybrid_mf_bayes_tuned_fairness,hybrid_mf_bayes,tuned_fairness,0.0,0.0,0.0,0.0,0.0,0.0,0.0,0.0,0.0,1.0,0.0,1.0,0.0,0.23456037044525146,0.9182958340544894,0.5744537711143494,1.0,0.0,0.0,0.0,
test_group_0200,diverse_minority,mf_average,mf,average,0.0,0.0,0.0,0.0,0.0,0.0,0.0,0.0,0.0,1.0,0.0,1.0,0.0,0.29949507117271423,0.9182958340544894,0.5744537711143494,1.0,0.0,0.0,,
test_group_0200,diverse_minority,mf_dbscan_minority_nash,mf,dbscan_minority_nash,0.0,0.0,0.0,0.0,0.0,0.0,0.0,0.0,0.0,1.0,0.0,1.0,0.0,0.3987993001937866,0.9182958340544894,0.5744537711143494,1.0,0.0,0.0,,2.0
test_group_0200,diverse_minority,mf_least_misery,mf,least_misery,0.0,0.0,0.0,0.0,0.0,0.0,0.0,0.0,0.0,1.0,0.0,1.0,0.0,0.2533176839351654,0.9182958340544894,0.5744537711143494,1.0,0.0,0.0,,
test_group_0200,diverse_minority,mf_nash_welfare,mf,nash_welfare,0.0,0.0,0.0,0.0,0.0,0.0,0.0,0.0,0.0,1.0,0.0,1.0,0.0,0.28784382343292236,0.9182958340544894,0.5744537711143494,1.0,0.0,0.0,,
test_group_0200,diverse_minority,mf_tuned_fairness,mf,tuned_fairness,0.0,0.0,0.0,0.0,0.0,0.0,0.0,0.0,0.0,1.0,0.0,1.0,0.0,0.29949507117271423,0.9182958340544894,0.5744537711143494,1.0,0.0,0.0,0.0,
test_group_0200,diverse_minority,rating_user_knn_average,rating_user_knn,average,0.0,0.0,0.0,0.0,0.0,0.0,0.0,0.0,0.0,1.0,0.0,1.0,0.0,0.5045390725135803,0.9182958340544894,0.5744537711143494,1.0,0.0,0.0,,
test_group_0200,diverse_minority,rating_user_knn_dbscan_minority_nash,rating_user_knn,dbscan_minority_nash,0.0,0.0,0.0,0.0,0.0,0.0,0.0,0.0,0.0,1.0,0.0,1.0,0.0,0.5275453329086304,0.9182958340544894,0.5744537711143494,1.0,0.0,0.0,,2.0
test_group_0200,diverse_minority,rating_user_knn_least_misery,rating_user_knn,least_misery,0.0,0.0,0.0,0.0,0.0,0.0,0.0,0.0,0.0,1.0,0.0,1.0,0.0,0.434306263923645,0.9182958340544894,0.5744537711143494,1.0,0.0,0.0,,
test_group_0200,diverse_minority,rating_user_knn_nash_welfare,rating_user_knn,nash_welfare,0.0,0.0,0.0,0.0,0.0,0.0,0.0,0.0,0.0,1.0,0.0,1.0,0.0,0.5045390129089355,0.9182958340544894,0.5744537711143494,1.0,0.0,0.0,,
test_group_0200,diverse_minority,rating_user_knn_tuned_fairness,rating_user_knn,tuned_fairness,0.0,0.0,0.0,0.0,0.0,0.0,0.0,0.0,0.0,1.0,0.0,1.0,0.0,0.5045390725135803,0.9182958340544894,0.5744537711143494,1.0,0.0,0.0,0.0,
