run_key,space_name,dimensions,preprocessing,metric,min_samples,eps_percentile,eps,n_points,n_clusters,noise_count,noise_share,clustered_count,clustered_share,largest_cluster_size,largest_cluster_share_all,largest_cluster_share_clustered,smallest_cluster_size,median_cluster_size,mean_cluster_size
item_run_0001,item_l2_cosine,64,l2,cosine,5,1.0,0.032018,3250,3,3188,0.9809230769230769,62,0.019076923076923078,52,0.016,0.8387096774193549,5,5.0,20.666666666666668
item_run_0002,item_l2_cosine,64,l2,cosine,5,2.5,0.044195,3250,1,3120,0.96,130,0.04,130,0.04,1.0,130,130.0,130.0
item_run_0003,item_l2_cosine,64,l2,cosine,5,5.0,0.056712,3250,1,3036,0.9341538461538461,214,0.06584615384615385,214,0.06584615384615385,1.0,214,214.0,214.0
item_run_0004,item_l2_cosine,64,l2,cosine,5,10.0,0.085566,3250,2,2856,0.8787692307692307,394,0.12123076923076923,389,0.1196923076923077,0.9873096446700508,5,197.0,197.0
item_run_0005,item_l2_cosine,64,l2,cosine,5,15.0,0.121162,3250,2,2673,0.8224615384615385,577,0.17753846153846153,547,0.1683076923076923,0.9480069324090121,30,288.5,288.5
item_run_0006,item_l2_cosine,64,l2,cosine,5,20.0,0.154133,3250,2,2508,0.7716923076923077,742,0.2283076923076923,664,0.2043076923076923,0.894878706199461,78,371.0,371.0
item_run_0007,item_l2_cosine,64,l2,cosine,5,25.0,0.189533,3250,2,2294,0.7058461538461539,956,0.29415384615384615,807,0.2483076923076923,0.8441422594142259,149,478.0,478.0
item_run_0008,item_l2_cosine,64,l2,cosine,5,30.0,0.21955,3250,4,2102,0.6467692307692308,1148,0.35323076923076924,919,0.2827692307692308,0.8005226480836237,4,112.5,287.0
item_run_0009,item_l2_cosine,64,l2,cosine,5,35.0,0.247054,3250,4,1945,0.5984615384615385,1305,0.4015384615384615,1002,0.3083076923076923,0.767816091954023,4,149.5,326.25
item_run_0010,item_l2_cosine,64,l2,cosine,5,40.0,0.279581,3250,4,1709,0.5258461538461539,1541,0.47415384615384615,1522,0.4683076923076923,0.9876703439325114,4,7.5,385.25
item_run_0011,item_l2_cosine,64,l2,cosine,5,45.0,0.309298,3250,3,1492,0.4590769230769231,1758,0.540923076923077,1739,0.5350769230769231,0.9891922639362912,5,14.0,586.0
item_run_0012,item_l2_cosine,64,l2,cosine,5,50.0,0.330812,3250,3,1300,0.4,1950,0.6,1932,0.5944615384615385,0.9907692307692307,4,14.0,650.0
item_run_0013,item_l2_cosine,64,l2,cosine,5,60.0,0.37384,3250,2,994,0.3058461538461538,2256,0.6941538461538461,2252,0.692923076923077,0.99822695035461,4,1128.0,1128.0
item_run_0014,item_l2_cosine,64,l2,cosine,5,70.0,0.421636,3250,1,651,0.2003076923076923,2599,0.7996923076923077,2599,0.7996923076923077,1.0,2599,2599.0,2599.0
item_run_0015,item_l2_cosine,64,l2,cosine,5,80.0,0.468316,3250,1,343,0.10553846153846154,2907,0.8944615384615384,2907,0.8944615384615384,1.0,2907,2907.0,2907.0
item_run_0016,item_l2_cosine,64,l2,cosine,5,85.0,0.492904,3250,1,205,0.06307692307692307,3045,0.936923076923077,3045,0.936923076923077,1.0,3045,3045.0,3045.0
item_run_0017,item_l2_cosine,64,l2,cosine,5,90.0,0.519857,3250,1,118,0.036307692307692305,3132,0.9636923076923077,3132,0.9636923076923077,1.0,3132,3132.0,3132.0
item_run_0018,item_l2_cosine,64,l2,cosine,5,95.0,0.554823,3250,1,46,0.014153846153846154,3204,0.9858461538461538,3204,0.9858461538461538,1.0,3204,3204.0,3204.0
item_run_0019,item_l2_cosine,64,l2,cosine,5,99.0,0.603743,3250,1,5,0.0015384615384615385,3245,0.9984615384615385,3245,0.9984615384615385,1.0,3245,3245.0,3245.0
item_run_0020,item_l2_cosine,64,l2,cosine,33,1.0,0.050766,3250,1,3084,0.9489230769230769,166,0.051076923076923075,166,0.051076923076923075,1.0,166,166.0,166.0
item_run_0021,item_l2_cosine,64,l2,cosine,33,2.5,0.062518,3250,1,3018,0.9286153846153846,232,0.07138461538461538,232,0.07138461538461538,1.0,232,232.0,232.0
item_run_0022,item_l2_cosine,64,l2,cosine,33,5.0,0.076772,3250,1,2924,0.8996923076923077,326,0.1003076923076923,326,0.1003076923076923,1.0,326,326.0,326.0
item_run_0023,item_l2_cosine,64,l2,cosine,33,10.0,0.11217,3250,1,2744,0.8443076923076923,506,0.15569230769230769,506,0.15569230769230769,1.0,506,506.0,506.0
item_run_0024,item_l2_cosine,64,l2,cosine,33,15.0,0.151726,3250,1,2600,0.8,650,0.2,650,0.2,1.0,650,650.0,650.0
item_run_0025,item_l2_cosine,64,l2,cosine,33,20.0,0.195961,3250,2,2312,0.7113846153846154,938,0.2886153846153846,822,0.2529230769230769,0.8763326226012793,116,469.0,469.0
item_run_0026,item_l2_cosine,64,l2,cosine,33,25.0,0.237177,3250,2,2084,0.6412307692307693,1166,0.3587692307692308,948,0.2916923076923077,0.8130360205831904,218,583.0,583.0
item_run_0027,item_l2_cosine,64,l2,cosine,33,30.0,0.274836,3250,2,1854,0.5704615384615385,1396,0.42953846153846154,1083,0.3332307692307692,0.7757879656160458,313,698.0,698.0
item_run_0028,item_l2_cosine,64,l2,cosine,33,35.0,0.310994,3250,2,1611,0.4956923076923077,1639,0.5043076923076923,1193,0.3670769230769231,0.7278828553996339,446,819.5,819.5
item_run_0029,item_l2_cosine,64,l2,cosine,33,40.0,0.34634,3250,2,1342,0.41292307692307695,1908,0.587076923076923,1324,0.4073846153846154,0.6939203354297694,584,954.0,954.0
item_run_0030,item_l2_cosine,64,l2,cosine,33,45.0,0.383053,3250,1,1126,0.3464615384615385,2124,0.6535384615384615,2124,0.6535384615384615,1.0,2124,2124.0,2124.0
item_run_0031,item_l2_cosine,64,l2,cosine,33,50.0,0.411293,3250,1,906,0.27876923076923077,2344,0.7212307692307692,2344,0.7212307692307692,1.0,2344,2344.0,2344.0
item_run_0032,item_l2_cosine,64,l2,cosine,33,60.0,0.463738,3250,1,521,0.16030769230769232,2729,0.8396923076923077,2729,0.8396923076923077,1.0,2729,2729.0,2729.0
item_run_0033,item_l2_cosine,64,l2,cosine,33,70.0,0.514655,3250,1,212,0.06523076923076923,3038,0.9347692307692308,3038,0.9347692307692308,1.0,3038,3038.0,3038.0
item_run_0034,item_l2_cosine,64,l2,cosine,33,80.0,0.562591,3250,1,62,0.019076923076923078,3188,0.9809230769230769,3188,0.9809230769230769,1.0,3188,3188.0,3188.0
item_run_0035,item_l2_cosine,64,l2,cosine,33,85.0,0.587188,3250,1,23,0.007076923076923077,3227,0.9929230769230769,3227,0.9929230769230769,1.0,3227,3227.0,3227.0
item_run_0036,item_l2_cosine,64,l2,cosine,33,90.0,0.615456,3250,1,3,0.0009230769230769231,3247,0.9990769230769231,3247,0.9990769230769231,1.0,3247,3247.0,3247.0
item_run_0037,item_l2_cosine,64,l2,cosine,33,95.0,0.648963,3250,1,0,0.0,3250,1.0,3250,1.0,1.0,3250,3250.0,3250.0
item_run_0038,item_l2_cosine,64,l2,cosine,33,99.0,0.699394,3250,1,0,0.0,3250,1.0,3250,1.0,1.0,3250,3250.0,3250.0
item_run_0039,item_l2_cosine,64,l2,cosine,65,1.0,0.062711,3250,1,3042,0.936,208,0.064,208,0.064,1.0,208,208.0,208.0
item_run_0040,item_l2_cosine,64,l2,cosine,65,2.5,0.073097,3250,1,2958,0.9101538461538462,292,0.08984615384615384,292,0.08984615384615384,1.0,292,292.0,292.0
item_run_0041,item_l2_cosine,64,l2,cosine,65,5.0,0.088727,3250,1,2859,0.8796923076923077,391,0.12030769230769231,391,0.12030769230769231,1.0,391,391.0,391.0
item_run_0042,item_l2_cosine,64,l2,cosine,65,10.0,0.125706,3250,1,2689,0.8273846153846154,561,0.17261538461538461,561,0.17261538461538461,1.0,561,561.0,561.0
item_run_0043,item_l2_cosine,64,l2,cosine,65,15.0,0.165088,3250,1,2558,0.7870769230769231,692,0.2129230769230769,692,0.2129230769230769,1.0,692,692.0,692.0
item_run_0044,item_l2_cosine,64,l2,cosine,65,20.0,0.21487,3250,2,2271,0.6987692307692308,979,0.30123076923076925,881,0.2710769230769231,0.8998978549540347,98,489.5,489.5
item_run_0045,item_l2_cosine,64,l2,cosine,65,25.0,0.262226,3250,2,1979,0.6089230769230769,1271,0.3910769230769231,1024,0.3150769230769231,0.8056648308418568,247,635.5,635.5
item_run_0046,item_l2_cosine,64,l2,cosine,65,30.0,0.302612,3250,2,1727,0.5313846153846153,1523,0.4686153846153846,1153,0.3547692307692308,0.7570584372948129,370,761.5,761.5
item_run_0047,item_l2_cosine,64,l2,cosine,65,35.0,0.339957,3250,2,1470,0.4523076923076923,1780,0.5476923076923077,1271,0.3910769230769231,0.7140449438202248,509,890.0,890.0
item_run_0048,item_l2_cosine,64,l2,cosine,65,40.0,0.378057,3250,2,1214,0.37353846153846154,2036,0.6264615384615385,1390,0.4276923076923077,0.6827111984282908,646,1018.0,1018.0
item_run_0049,item_l2_cosine,64,l2,cosine,65,45.0,0.417194,3250,1,947,0.2913846153846154,2303,0.7086153846153846,2303,0.7086153846153846,1.0,2303,2303.0,2303.0
item_run_0050,item_l2_cosine,64,l2,cosine,65,50.0,0.447484,3250,1,712,0.21907692307692309,2538,0.7809230769230769,2538,0.7809230769230769,1.0,2538,2538.0,2538.0
item_run_0051,item_l2_cosine,64,l2,cosine,65,60.0,0.499501,3250,1,367,0.11292307692307692,2883,0.8870769230769231,2883,0.8870769230769231,1.0,2883,2883.0,2883.0
item_run_0052,item_l2_cosine,64,l2,cosine,65,70.0,0.553055,3250,1,113,0.03476923076923077,3137,0.9652307692307692,3137,0.9652307692307692,1.0,3137,3137.0,3137.0
item_run_0053,item_l2_cosine,64,l2,cosine,65,80.0,0.603621,3250,1,21,0.006461538461538461,3229,0.9935384615384616,3229,0.9935384615384616,1.0,3229,3229.0,3229.0
item_run_0054,item_l2_cosine,64,l2,cosine,65,85.0,0.626821,3250,1,4,0.0012307692307692308,3246,0.9987692307692307,3246,0.9987692307692307,1.0,3246,3246.0,3246.0
item_run_0055,item_l2_cosine,64,l2,cosine,65,90.0,0.655986,3250,1,0,0.0,3250,1.0,3250,1.0,1.0,3250,3250.0,3250.0
item_run_0056,item_l2_cosine,64,l2,cosine,65,95.0,0.689085,3250,1,0,0.0,3250,1.0,3250,1.0,1.0,3250,3250.0,3250.0
item_run_0057,item_l2_cosine,64,l2,cosine,65,99.0,0.734827,3250,1,0,0.0,3250,1.0,3250,1.0,1.0,3250,3250.0,3250.0
item_run_0058,item_l2_cosine,64,l2,cosine,128,1.0,0.078848,3250,1,2958,0.9101538461538462,292,0.08984615384615384,292,0.08984615384615384,1.0,292,292.0,292.0
item_run_0059,item_l2_cosine,64,l2,cosine,128,2.5,0.091565,3250,1,2879,0.8858461538461538,371,0.11415384615384615,371,0.11415384615384615,1.0,371,371.0,371.0
item_run_0060,item_l2_cosine,64,l2,cosine,128,5.0,0.106219,3250,1,2790,0.8584615384615385,460,0.14153846153846153,460,0.14153846153846153,1.0,460,460.0,460.0
item_run_0061,item_l2_cosine,64,l2,cosine,128,10.0,0.142739,3250,1,2635,0.8107692307692308,615,0.18923076923076923,615,0.18923076923076923,1.0,615,615.0,615.0
item_run_0062,item_l2_cosine,64,l2,cosine,128,15.0,0.184708,3250,1,2475,0.7615384615384615,775,0.23846153846153847,775,0.23846153846153847,1.0,775,775.0,775.0
item_run_0063,item_l2_cosine,64,l2,cosine,128,20.0,0.235865,3250,1,2314,0.712,936,0.288,936,0.288,1.0,936,936.0,936.0
item_run_0064,item_l2_cosine,64,l2,cosine,128,25.0,0.290626,3250,2,1885,0.58,1365,0.42,1097,0.33753846153846156,0.8036630036630037,268,682.5,682.5
item_run_0065,item_l2_cosine,64,l2,cosine,128,30.0,0.338557,3250,2,1563,0.4809230769230769,1687,0.5190769230769231,1258,0.3870769230769231,0.7457024303497333,429,843.5,843.5
item_run_0066,item_l2_cosine,64,l2,cosine,128,35.0,0.380139,3250,2,1293,0.39784615384615385,1957,0.6021538461538462,1367,0.4206153846153846,0.6985181400102197,590,978.5,978.5
item_run_0067,item_l2_cosine,64,l2,cosine,128,40.0,0.419038,3250,2,1022,0.31446153846153846,2228,0.6855384615384615,1488,0.45784615384615385,0.6678635547576302,740,1114.0,1114.0
item_run_0068,item_l2_cosine,64,l2,cosine,128,45.0,0.456883,3250,1,747,0.22984615384615384,2503,0.7701538461538462,2503,0.7701538461538462,1.0,2503,2503.0,2503.0
item_run_0069,item_l2_cosine,64,l2,cosine,128,50.0,0.491567,3250,1,520,0.16,2730,0.84,2730,0.84,1.0,2730,2730.0,2730.0
item_run_0070,item_l2_cosine,64,l2,cosine,128,60.0,0.54473,3250,1,211,0.06492307692307692,3039,0.935076923076923,3039,0.935076923076923,1.0,3039,3039.0,3039.0
item_run_0071,item_l2_cosine,64,l2,cosine,128,70.0,0.601401,3250,1,36,0.011076923076923076,3214,0.9889230769230769,3214,0.9889230769230769,1.0,3214,3214.0,3214.0
item_run_0072,item_l2_cosine,64,l2,cosine,128,80.0,0.648502,3250,1,2,0.0006153846153846154,3248,0.9993846153846154,3248,0.9993846153846154,1.0,3248,3248.0,3248.0
item_run_0073,item_l2_cosine,64,l2,cosine,128,85.0,0.674533,3250,1,0,0.0,3250,1.0,3250,1.0,1.0,3250,3250.0,3250.0
item_run_0074,item_l2_cosine,64,l2,cosine,128,90.0,0.700718,3250,1,0,0.0,3250,1.0,3250,1.0,1.0,3250,3250.0,3250.0
item_run_0075,item_l2_cosine,64,l2,cosine,128,95.0,0.733716,3250,1,0,0.0,3250,1.0,3250,1.0,1.0,3250,3250.0,3250.0
item_run_0076,item_l2_cosine,64,l2,cosine,128,99.0,0.774422,3250,1,0,0.0,3250,1.0,3250,1.0,1.0,3250,3250.0,3250.0
item_run_0077,item_pca10_l2_cosine,10,pca10_l2,cosine,5,1.0,0.007457,3250,3,3170,0.9753846153846154,80,0.024615384615384615,63,0.019384615384615386,0.7875,8,9.0,26.666666666666668
item_run_0078,item_pca10_l2_cosine,10,pca10_l2,cosine,5,2.5,0.009716,3250,2,3098,0.9532307692307692,152,0.04676923076923077,148,0.04553846153846154,0.9736842105263158,4,76.0,76.0
item_run_0079,item_pca10_l2_cosine,10,pca10_l2,cosine,5,5.0,0.012849,3250,1,3005,0.9246153846153846,245,0.07538461538461538,245,0.07538461538461538,1.0,245,245.0,245.0
item_run_0080,item_pca10_l2_cosine,10,pca10_l2,cosine,5,10.0,0.019597,3250,5,2798,0.8609230769230769,452,0.13907692307692307,399,0.12276923076923077,0.8827433628318584,5,7.0,90.4
item_run_0081,item_pca10_l2_cosine,10,pca10_l2,cosine,5,15.0,0.026806,3250,5,2589,0.7966153846153846,661,0.20338461538461539,510,0.15692307692307692,0.7715582450832073,5,6.0,132.2
item_run_0082,item_pca10_l2_cosine,10,pca10_l2,cosine,5,20.0,0.033182,3250,3,2405,0.74,845,0.26,585,0.18,0.6923076923076923,7,253.0,281.6666666666667
item_run_0083,item_pca10_l2_cosine,10,pca10_l2,cosine,5,25.0,0.041253,3250,3,2235,0.6876923076923077,1015,0.3123076923076923,658,0.20246153846153847,0.6482758620689655,3,354.0,338.3333333333333
item_run_0084,item_pca10_l2_cosine,10,pca10_l2,cosine,5,30.0,0.048874,3250,4,2030,0.6246153846153846,1220,0.37538461538461537,742,0.2283076923076923,0.6081967213114754,5,236.5,305.0
item_run_0085,item_pca10_l2_cosine,10,pca10_l2,cosine,5,35.0,0.05768,3250,6,1818,0.5593846153846154,1432,0.44061538461538463,813,0.25015384615384617,0.5677374301675978,4,7.0,238.66666666666666
item_run_0086,item_pca10_l2_cosine,10,pca10_l2,cosine,5,40.0,0.066127,3250,5,1642,0.5052307692307693,1608,0.4947692307692308,889,0.27353846153846156,0.552860696517413,4,9.0,321.6
item_run_0087,item_pca10_l2_cosine,10,pca10_l2,cosine,5,45.0,0.075077,3250,6,1471,0.45261538461538464,1779,0.5473846153846154,956,0.29415384615384615,0.537380550871276,5,8.5,296.5
item_run_0088,item_pca10_l2_cosine,10,pca10_l2,cosine,5,50.0,0.083205,3250,4,1297,0.39907692307692305,1953,0.6009230769230769,1021,0.3141538461538462,0.5227854582693292,5,463.5,488.25
item_run_0089,item_pca10_l2_cosine,10,pca10_l2,cosine,5,60.0,0.103416,3250,9,919,0.2827692307692308,2331,0.7172307692307692,2291,0.7049230769230769,0.9828399828399829,2,5.0,259.0
item_run_0090,item_pca10_l2_cosine,10,pca10_l2,cosine,5,70.0,0.124935,3250,2,634,0.19507692307692306,2616,0.804923076923077,2612,0.8036923076923077,0.9984709480122325,4,1308.0,1308.0
item_run_0091,item_pca10_l2_cosine,10,pca10_l2,cosine,5,80.0,0.155785,3250,1,361,0.11107692307692307,2889,0.8889230769230769,2889,0.8889230769230769,1.0,2889,2889.0,2889.0
item_run_0092,item_pca10_l2_cosine,10,pca10_l2,cosine,5,85.0,0.172342,3250,1,231,0.07107692307692308,3019,0.928923076923077,3019,0.928923076923077,1.0,3019,3019.0,3019.0
item_run_0093,item_pca10_l2_cosine,10,pca10_l2,cosine,5,90.0,0.196982,3250,2,132,0.040615384615384616,3118,0.9593846153846154,3114,0.9581538461538461,0.9987171263630532,4,1559.0,1559.0
item_run_0094,item_pca10_l2_cosine,10,pca10_l2,cosine,5,95.0,0.234655,3250,1,51,0.015692307692307693,3199,0.9843076923076923,3199,0.9843076923076923,1.0,3199,3199.0,3199.0
item_run_0095,item_pca10_l2_cosine,10,pca10_l2,cosine,5,99.0,0.287365,3250,1,0,0.0,3250,1.0,3250,1.0,1.0,3250,3250.0,3250.0
item_run_0096,item_pca10_l2_cosine,10,pca10_l2,cosine,11,1.0,0.010587,3250,2,3127,0.9621538461538461,123,0.03784615384615385,112,0.03446153846153846,0.9105691056910569,11,61.5,61.5
item_run_0097,item_pca10_l2_cosine,10,pca10_l2,cosine,11,2.5,0.01292,3250,1,3064,0.9427692307692308,186,0.05723076923076923,186,0.05723076923076923,1.0,186,186.0,186.0
item_run_0098,item_pca10_l2_cosine,10,pca10_l2,cosine,11,5.0,0.016984,3250,1,2946,0.9064615384615384,304,0.09353846153846154,304,0.09353846153846154,1.0,304,304.0,304.0
item_run_0099,item_pca10_l2_cosine,10,pca10_l2,cosine,11,10.0,0.025552,3250,3,2729,0.8396923076923077,521,0.16030769230769232,457,0.14061538461538461,0.8771593090211133,10,54.0,173.66666666666666
item_run_0100,item_pca10_l2_cosine,10,pca10_l2,cosine,11,15.0,0.035169,3250,2,2468,0.7593846153846154,782,0.24061538461538462,577,0.17753846153846153,0.7378516624040921,205,391.0,391.0
item_run_0101,item_pca10_l2_cosine,10,pca10_l2,cosine,11,20.0,0.042833,3250,2,2290,0.7046153846153846,960,0.2953846153846154,648,0.19938461538461538,0.675,312,480.0,480.0
item_run_0102,item_pca10_l2_cosine,10,pca10_l2,cosine,11,25.0,0.052998,3250,2,2071,0.6372307692307693,1179,0.3627692307692308,736,0.22646153846153846,0.6242578456318915,443,589.5,589.5
item_run_0103,item_pca10_l2_cosine,10,pca10_l2,cosine,11,30.0,0.063005,3250,2,1868,0.5747692307692308,1382,0.42523076923076925,817,0.2513846153846154,0.5911722141823444,565,691.0,691.0
item_run_0104,item_pca10_l2_cosine,10,pca10_l2,cosine,11,35.0,0.073088,3250,2,1691,0.5203076923076924,1559,0.4796923076923077,886,0.2726153846153846,0.568313021167415,673,779.5,779.5
item_run_0105,item_pca10_l2_cosine,10,pca10_l2,cosine,11,40.0,0.084055,3250,2,1491,0.45876923076923076,1759,0.5412307692307692,959,0.29507692307692307,0.5451961341671404,800,879.5,879.5
item_run_0106,item_pca10_l2_cosine,10,pca10_l2,cosine,11,45.0,0.094493,3250,2,1308,0.4024615384615385,1942,0.5975384615384616,1025,0.3153846153846154,0.527806385169928,917,971.0,971.0
item_run_0107,item_pca10_l2_cosine,10,pca10_l2,cosine,11,50.0,0.1058,3250,2,1116,0.3433846153846154,2134,0.6566153846153846,1108,0.34092307692307694,0.5192127460168697,1026,1067.0,1067.0
item_run_0108,item_pca10_l2_cosine,10,pca10_l2,cosine,11,60.0,0.132,3250,2,749,0.23046153846153847,2501,0.7695384615384615,2489,0.7658461538461538,0.995201919232307,12,1250.5,1250.5
item_run_0109,item_pca10_l2_cosine,10,pca10_l2,cosine,11,70.0,0.159233,3250,1,466,0.1433846153846154,2784,0.8566153846153847,2784,0.8566153846153847,1.0,2784,2784.0,2784.0
item_run_0110,item_pca10_l2_cosine,10,pca10_l2,cosine,11,80.0,0.194016,3250,1,241,0.07415384615384615,3009,0.9258461538461539,3009,0.9258461538461539,1.0,3009,3009.0,3009.0
item_run_0111,item_pca10_l2_cosine,10,pca10_l2,cosine,11,85.0,0.216288,3250,1,129,0.03969230769230769,3121,0.9603076923076923,3121,0.9603076923076923,1.0,3121,3121.0,3121.0
item_run_0112,item_pca10_l2_cosine,10,pca10_l2,cosine,11,90.0,0.244047,3250,1,61,0.01876923076923077,3189,0.9812307692307692,3189,0.9812307692307692,1.0,3189,3189.0,3189.0
item_run_0113,item_pca10_l2_cosine,10,pca10_l2,cosine,11,95.0,0.282269,3250,1,15,0.004615384615384616,3235,0.9953846153846154,3235,0.9953846153846154,1.0,3235,3235.0,3235.0
item_run_0114,item_pca10_l2_cosine,10,pca10_l2,cosine,11,99.0,0.349374,3250,1,0,0.0,3250,1.0,3250,1.0,1.0,3250,3250.0,3250.0
item_run_0115,item_pca10_l2_cosine,10,pca10_l2,cosine,20,1.0,0.013154,3250,1,3106,0.9556923076923077,144,0.044307692307692305,144,0.044307692307692305,1.0,144,144.0,144.0
item_run_0116,item_pca10_l2_cosine,10,pca10_l2,cosine,20,2.5,0.016123,3250,1,3008,0.9255384615384615,242,0.07446153846153847,242,0.07446153846153847,1.0,242,242.0,242.0
item_run_0117,item_pca10_l2_cosine,10,pca10_l2,cosine,20,5.0,0.020425,3250,1,2905,0.8938461538461538,345,0.10615384615384615,345,0.10615384615384615,1.0,345,345.0,345.0
item_run_0118,item_pca10_l2_cosine,10,pca10_l2,cosine,20,10.0,0.030524,3250,2,2688,0.827076923076923,562,0.17292307692307693,503,0.15476923076923077,0.895017793594306,59,281.0,281.0
item_run_0119,item_pca10_l2_cosine,10,pca10_l2,cosine,20,15.0,0.041859,3250,2,2413,0.7424615384615385,837,0.25753846153846155,619,0.19046153846153846,0.7395459976105138,218,418.5,418.5
item_run_0120,item_pca10_l2_cosine,10,pca10_l2,cosine,20,20.0,0.051328,3250,2,2186,0.6726153846153846,1064,0.3273846153846154,704,0.21661538461538463,0.6616541353383458,360,532.0,532.0
item_run_0121,item_pca10_l2_cosine,10,pca10_l2,cosine,20,25.0,0.062617,3250,2,1969,0.6058461538461538,1281,0.39415384615384613,785,0.24153846153846154,0.6128024980483997,496,640.5,640.5
item_run_0122,item_pca10_l2_cosine,10,pca10_l2,cosine,20,30.0,0.073426,3250,2,1768,0.544,1482,0.456,859,0.2643076923076923,0.5796221322537112,623,741.0,741.0
item_run_0123,item_pca10_l2_cosine,10,pca10_l2,cosine,20,35.0,0.086155,3250,2,1578,0.48553846153846153,1672,0.5144615384615384,940,0.28923076923076924,0.562200956937799,732,836.0,836.0
item_run_0124,item_pca10_l2_cosine,10,pca10_l2,cosine,20,40.0,0.098481,3250,2,1410,0.4338461538461538,1840,0.5661538461538461,1000,0.3076923076923077,0.5434782608695652,840,920.0,920.0
item_run_0125,item_pca10_l2_cosine,10,pca10_l2,cosine,20,45.0,0.110731,3250,2,1200,0.36923076923076925,2050,0.6307692307692307,1072,0.32984615384615384,0.5229268292682927,978,1025.0,1025.0
item_run_0126,item_pca10_l2_cosine,10,pca10_l2,cosine,20,50.0,0.125976,3250,2,1002,0.3083076923076923,2248,0.6916923076923077,1153,0.3547692307692308,0.5129003558718861,1095,1124.0,1124.0
item_run_0127,item_pca10_l2_cosine,10,pca10_l2,cosine,20,60.0,0.158068,3250,1,637,0.196,2613,0.804,2613,0.804,1.0,2613,2613.0,2613.0
item_run_0128,item_pca10_l2_cosine,10,pca10_l2,cosine,20,70.0,0.187712,3250,1,392,0.12061538461538461,2858,0.8793846153846154,2858,0.8793846153846154,1.0,2858,2858.0,2858.0
item_run_0129,item_pca10_l2_cosine,10,pca10_l2,cosine,20,80.0,0.227974,3250,1,161,0.04953846153846154,3089,0.9504615384615385,3089,0.9504615384615385,1.0,3089,3089.0,3089.0
item_run_0130,item_pca10_l2_cosine,10,pca10_l2,cosine,20,85.0,0.25191,3250,1,77,0.023692307692307693,3173,0.9763076923076923,3173,0.9763076923076923,1.0,3173,3173.0,3173.0
item_run_0131,item_pca10_l2_cosine,10,pca10_l2,cosine,20,90.0,0.285707,3250,1,26,0.008,3224,0.992,3224,0.992,1.0,3224,3224.0,3224.0
item_run_0132,item_pca10_l2_cosine,10,pca10_l2,cosine,20,95.0,0.322232,3250,1,6,0.0018461538461538461,3244,0.9981538461538462,3244,0.9981538461538462,1.0,3244,3244.0,3244.0
item_run_0133,item_pca10_l2_cosine,10,pca10_l2,cosine,20,99.0,0.398982,3250,1,0,0.0,3250,1.0,3250,1.0,1.0,3250,3250.0,3250.0
item_run_0134,item_pca10_standardized_euclidean,10,pca10_standardized,euclidean,5,1.0,0.819678,3250,4,3161,0.9726153846153847,89,0.027384615384615386,74,0.02276923076923077,0.8314606741573034,5,5.0,22.25
item_run_0135,item_pca10_standardized_euclidean,10,pca10_standardized,euclidean,5,2.5,0.91014,3250,4,3072,0.9452307692307692,178,0.05476923076923077,155,0.047692307692307694,0.8707865168539326,5,9.0,44.5
item_run_0136,item_pca10_standardized_euclidean,10,pca10_standardized,euclidean,5,5.0,0.985492,3250,6,2930,0.9015384615384615,320,0.09846153846153846,290,0.08923076923076922,0.90625,4,5.0,53.333333333333336
item_run_0137,item_pca10_standardized_euclidean,10,pca10_standardized,euclidean,5,10.0,1.096904,3250,4,2659,0.8181538461538461,591,0.18184615384615385,578,0.17784615384615385,0.9780033840947546,3,5.0,147.75
item_run_0138,item_pca10_standardized_euclidean,10,pca10_standardized,euclidean,5,15.0,1.180477,3250,2,2409,0.7412307692307692,841,0.25876923076923075,839,0.2581538461538462,0.9976218787158145,2,420.5,420.5
item_run_0139,item_pca10_standardized_euclidean,10,pca10_standardized,euclidean,5,20.0,1.24274,3250,1,2202,0.6775384615384615,1048,0.32246153846153847,1048,0.32246153846153847,1.0,1048,1048.0,1048.0
item_run_0140,item_pca10_standardized_euclidean,10,pca10_standardized,euclidean,5,25.0,1.290668,3250,2,2041,0.628,1209,0.372,1205,0.3707692307692308,0.9966914805624483,4,604.5,604.5
item_run_0141,item_pca10_standardized_euclidean,10,pca10_standardized,euclidean,5,30.0,1.352799,3250,2,1874,0.5766153846153846,1376,0.42338461538461536,1371,0.42184615384615387,0.9963662790697675,5,688.0,688.0
item_run_0142,item_pca10_standardized_euclidean,10,pca10_standardized,euclidean,5,35.0,1.40979,3250,2,1710,0.5261538461538462,1540,0.47384615384615386,1536,0.4726153846153846,0.9974025974025974,4,770.0,770.0
item_run_0143,item_pca10_standardized_euclidean,10,pca10_standardized,euclidean,5,40.0,1.473343,3250,1,1552,0.4775384615384615,1698,0.5224615384615384,1698,0.5224615384615384,1.0,1698,1698.0,1698.0
item_run_0144,item_pca10_standardized_euclidean,10,pca10_standardized,euclidean,5,45.0,1.545704,3250,1,1380,0.4246153846153846,1870,0.5753846153846154,1870,0.5753846153846154,1.0,1870,1870.0,1870.0
item_run_0145,item_pca10_standardized_euclidean,10,pca10_standardized,euclidean,5,50.0,1.615428,3250,2,1208,0.3716923076923077,2042,0.6283076923076923,2038,0.6270769230769231,0.9980411361410382,4,1021.0,1021.0
item_run_0146,item_pca10_standardized_euclidean,10,pca10_standardized,euclidean,5,60.0,1.770819,3250,2,942,0.28984615384615386,2308,0.7101538461538461,2304,0.7089230769230769,0.9982668977469671,4,1154.0,1154.0
item_run_0147,item_pca10_standardized_euclidean,10,pca10_standardized,euclidean,5,70.0,1.953996,3250,2,684,0.21046153846153845,2566,0.7895384615384615,2561,0.788,0.9980514419329696,5,1283.0,1283.0
item_run_0148,item_pca10_standardized_euclidean,10,pca10_standardized,euclidean,5,80.0,2.244748,3250,2,421,0.12953846153846155,2829,0.8704615384615385,2824,0.8689230769230769,0.9982325910215624,5,1414.5,1414.5
item_run_0149,item_pca10_standardized_euclidean,10,pca10_standardized,euclidean,5,85.0,2.435871,3250,1,308,0.09476923076923077,2942,0.9052307692307693,2942,0.9052307692307693,1.0,2942,2942.0,2942.0
item_run_0150,item_pca10_standardized_euclidean,10,pca10_standardized,euclidean,5,90.0,2.739842,3250,1,193,0.05938461538461538,3057,0.9406153846153846,3057,0.9406153846153846,1.0,3057,3057.0,3057.0
item_run_0151,item_pca10_standardized_euclidean,10,pca10_standardized,euclidean,5,95.0,3.248754,3250,2,90,0.027692307692307693,3160,0.9723076923076923,3156,0.9710769230769231,0.9987341772151899,4,1580.0,1580.0
item_run_0152,item_pca10_standardized_euclidean,10,pca10_standardized,euclidean,5,99.0,4.424387,3250,1,12,0.0036923076923076922,3238,0.9963076923076923,3238,0.9963076923076923,1.0,3238,3238.0,3238.0
item_run_0153,item_pca10_standardized_euclidean,10,pca10_standardized,euclidean,11,1.0,0.942902,3250,1,3104,0.955076923076923,146,0.04492307692307692,146,0.04492307692307692,1.0,146,146.0,146.0
item_run_0154,item_pca10_standardized_euclidean,10,pca10_standardized,euclidean,11,2.5,1.039675,3250,1,2986,0.9187692307692308,264,0.08123076923076923,264,0.08123076923076923,1.0,264,264.0,264.0
item_run_0155,item_pca10_standardized_euclidean,10,pca10_standardized,euclidean,11,5.0,1.115047,3250,1,2799,0.8612307692307692,451,0.13876923076923076,451,0.13876923076923076,1.0,451,451.0,451.0
item_run_0156,item_pca10_standardized_euclidean,10,pca10_standardized,euclidean,11,10.0,1.240055,3250,1,2440,0.7507692307692307,810,0.24923076923076923,810,0.24923076923076923,1.0,810,810.0,810.0
item_run_0157,item_pca10_standardized_euclidean,10,pca10_standardized,euclidean,11,15.0,1.328268,3250,1,2170,0.6676923076923077,1080,0.3323076923076923,1080,0.3323076923076923,1.0,1080,1080.0,1080.0
item_run_0158,item_pca10_standardized_euclidean,10,pca10_standardized,euclidean,11,20.0,1.386285,3250,1,1973,0.6070769230769231,1277,0.39292307692307693,1277,0.39292307692307693,1.0,1277,1277.0,1277.0
item_run_0159,item_pca10_standardized_euclidean,10,pca10_standardized,euclidean,11,25.0,1.444964,3250,1,1801,0.5541538461538461,1449,0.44584615384615384,1449,0.44584615384615384,1.0,1449,1449.0,1449.0
item_run_0160,item_pca10_standardized_euclidean,10,pca10_standardized,euclidean,11,30.0,1.509995,3250,1,1629,0.5012307692307693,1621,0.49876923076923074,1621,0.49876923076923074,1.0,1621,1621.0,1621.0
item_run_0161,item_pca10_standardized_euclidean,10,pca10_standardized,euclidean,11,35.0,1.574851,3250,1,1469,0.452,1781,0.548,1781,0.548,1.0,1781,1781.0,1781.0
item_run_0162,item_pca10_standardized_euclidean,10,pca10_standardized,euclidean,11,40.0,1.647233,3250,1,1288,0.3963076923076923,1962,0.6036923076923076,1962,0.6036923076923076,1.0,1962,1962.0,1962.0
item_run_0163,item_pca10_standardized_euclidean,10,pca10_standardized,euclidean,11,45.0,1.711329,3250,1,1169,0.3596923076923077,2081,0.6403076923076924,2081,0.6403076923076924,1.0,2081,2081.0,2081.0
item_run_0164,item_pca10_standardized_euclidean,10,pca10_standardized,euclidean,11,50.0,1.795867,3250,1,1009,0.31046153846153846,2241,0.6895384615384615,2241,0.6895384615384615,1.0,2241,2241.0,2241.0
item_run_0165,item_pca10_standardized_euclidean,10,pca10_standardized,euclidean,11,60.0,1.96402,3250,1,755,0.2323076923076923,2495,0.7676923076923077,2495,0.7676923076923077,1.0,2495,2495.0,2495.0
item_run_0166,item_pca10_standardized_euclidean,10,pca10_standardized,euclidean,11,70.0,2.160566,3250,1,529,0.16276923076923078,2721,0.8372307692307692,2721,0.8372307692307692,1.0,2721,2721.0,2721.0
item_run_0167,item_pca10_standardized_euclidean,10,pca10_standardized,euclidean,11,80.0,2.460576,3250,1,334,0.10276923076923077,2916,0.8972307692307693,2916,0.8972307692307693,1.0,2916,2916.0,2916.0
item_run_0168,item_pca10_standardized_euclidean,10,pca10_standardized,euclidean,11,85.0,2.684246,3250,1,239,0.07353846153846154,3011,0.9264615384615384,3011,0.9264615384615384,1.0,3011,3011.0,3011.0
item_run_0169,item_pca10_standardized_euclidean,10,pca10_standardized,euclidean,11,90.0,3.027448,3250,1,145,0.04461538461538461,3105,0.9553846153846154,3105,0.9553846153846154,1.0,3105,3105.0,3105.0
item_run_0170,item_pca10_standardized_euclidean,10,pca10_standardized,euclidean,11,95.0,3.56266,3250,1,67,0.020615384615384615,3183,0.9793846153846154,3183,0.9793846153846154,1.0,3183,3183.0,3183.0
item_run_0171,item_pca10_standardized_euclidean,10,pca10_standardized,euclidean,11,99.0,4.909977,3250,1,7,0.0021538461538461538,3243,0.9978461538461538,3243,0.9978461538461538,1.0,3243,3243.0,3243.0
item_run_0172,item_pca10_standardized_euclidean,10,pca10_standardized,euclidean,20,1.0,1.043776,3250,1,3040,0.9353846153846154,210,0.06461538461538462,210,0.06461538461538462,1.0,210,210.0,210.0
item_run_0173,item_pca10_standardized_euclidean,10,pca10_standardized,euclidean,20,2.5,1.136157,3250,1,2910,0.8953846153846153,340,0.10461538461538461,340,0.10461538461538461,1.0,340,340.0,340.0
item_run_0174,item_pca10_standardized_euclidean,10,pca10_standardized,euclidean,20,5.0,1.211351,3250,1,2690,0.8276923076923077,560,0.1723076923076923,560,0.1723076923076923,1.0,560,560.0,560.0
item_run_0175,item_pca10_standardized_euclidean,10,pca10_standardized,euclidean,20,10.0,1.343662,3250,1,2286,0.7033846153846154,964,0.2966153846153846,964,0.2966153846153846,1.0,964,964.0,964.0
item_run_0176,item_pca10_standardized_euclidean,10,pca10_standardized,euclidean,20,15.0,1.433465,3250,1,2001,0.6156923076923076,1249,0.3843076923076923,1249,0.3843076923076923,1.0,1249,1249.0,1249.0
item_run_0177,item_pca10_standardized_euclidean,10,pca10_standardized,euclidean,20,20.0,1.490748,3250,1,1826,0.5618461538461539,1424,0.43815384615384617,1424,0.43815384615384617,1.0,1424,1424.0,1424.0
item_run_0178,item_pca10_standardized_euclidean,10,pca10_standardized,euclidean,20,25.0,1.557932,3250,1,1621,0.49876923076923074,1629,0.5012307692307693,1629,0.5012307692307693,1.0,1629,1629.0,1629.0
item_run_0179,item_pca10_standardized_euclidean,10,pca10_standardized,euclidean,20,30.0,1.625943,3250,1,1459,0.4489230769230769,1791,0.5510769230769231,1791,0.5510769230769231,1.0,1791,1791.0,1791.0
item_run_0180,item_pca10_standardized_euclidean,10,pca10_standardized,euclidean,20,35.0,1.700081,3250,1,1299,0.3996923076923077,1951,0.6003076923076923,1951,0.6003076923076923,1.0,1951,1951.0,1951.0
item_run_0181,item_pca10_standardized_euclidean,10,pca10_standardized,euclidean,20,40.0,1.774701,3250,1,1147,0.35292307692307695,2103,0.6470769230769231,2103,0.6470769230769231,1.0,2103,2103.0,2103.0
item_run_0182,item_pca10_standardized_euclidean,10,pca10_standardized,euclidean,20,45.0,1.84277,3250,1,1009,0.31046153846153846,2241,0.6895384615384615,2241,0.6895384615384615,1.0,2241,2241.0,2241.0
item_run_0183,item_pca10_standardized_euclidean,10,pca10_standardized,euclidean,20,50.0,1.928519,3250,1,854,0.26276923076923075,2396,0.7372307692307692,2396,0.7372307692307692,1.0,2396,2396.0,2396.0
item_run_0184,item_pca10_standardized_euclidean,10,pca10_standardized,euclidean,20,60.0,2.10354,3250,1,642,0.19753846153846155,2608,0.8024615384615384,2608,0.8024615384615384,1.0,2608,2608.0,2608.0
item_run_0185,item_pca10_standardized_euclidean,10,pca10_standardized,euclidean,20,70.0,2.310822,3250,1,447,0.13753846153846153,2803,0.8624615384615385,2803,0.8624615384615385,1.0,2803,2803.0,2803.0
item_run_0186,item_pca10_standardized_euclidean,10,pca10_standardized,euclidean,20,80.0,2.62903,3250,1,278,0.08553846153846154,2972,0.9144615384615384,2972,0.9144615384615384,1.0,2972,2972.0,2972.0
item_run_0187,item_pca10_standardized_euclidean,10,pca10_standardized,euclidean,20,85.0,2.868251,3250,1,190,0.05846153846153846,3060,0.9415384615384615,3060,0.9415384615384615,1.0,3060,3060.0,3060.0
item_run_0188,item_pca10_standardized_euclidean,10,pca10_standardized,euclidean,20,90.0,3.22536,3250,1,117,0.036,3133,0.964,3133,0.964,1.0,3133,3133.0,3133.0
item_run_0189,item_pca10_standardized_euclidean,10,pca10_standardized,euclidean,20,95.0,3.839235,3250,1,47,0.014461538461538461,3203,0.9855384615384616,3203,0.9855384615384616,1.0,3203,3203.0,3203.0
item_run_0190,item_pca10_standardized_euclidean,10,pca10_standardized,euclidean,20,99.0,5.249373,3250,1,6,0.0018461538461538461,3244,0.9981538461538462,3244,0.9981538461538462,1.0,3244,3244.0,3244.0
item_run_0191,item_pca10_standardized_l2_cosine,10,pca10_standardized_l2,cosine,5,1.0,0.075817,3250,5,3167,0.9744615384615385,83,0.025538461538461538,62,0.019076923076923078,0.7469879518072289,5,5.0,16.6
item_run_0192,item_pca10_standardized_l2_cosine,10,pca10_standardized_l2,cosine,5,2.5,0.091297,3250,7,3078,0.947076923076923,172,0.05292307692307692,126,0.03876923076923077,0.7325581395348837,3,8.0,24.571428571428573
item_run_0193,item_pca10_standardized_l2_cosine,10,pca10_standardized_l2,cosine,5,5.0,0.108329,3250,12,2923,0.8993846153846153,327,0.10061538461538462,216,0.06646153846153846,0.6605504587155964,4,8.0,27.25
item_run_0194,item_pca10_standardized_l2_cosine,10,pca10_standardized_l2,cosine,5,10.0,0.126309,3250,30,2563,0.7886153846153846,687,0.2113846153846154,355,0.10923076923076923,0.5167394468704513,4,5.0,22.9
item_run_0195,item_pca10_standardized_l2_cosine,10,pca10_standardized_l2,cosine,5,15.0,0.137763,3250,47,2244,0.6904615384615385,1006,0.30953846153846154,444,0.1366153846153846,0.441351888667992,3,5.0,21.404255319148938
item_run_0196,item_pca10_standardized_l2_cosine,10,pca10_standardized_l2,cosine,5,20.0,0.146025,3250,67,1878,0.5778461538461539,1372,0.42215384615384616,524,0.16123076923076923,0.3819241982507289,3,6.0,20.47761194029851
item_run_0197,item_pca10_standardized_l2_cosine,10,pca10_standardized_l2,cosine,5,25.0,0.15198,3250,57,1586,0.488,1664,0.512,731,0.22492307692307692,0.43930288461538464,1,5.0,29.19298245614035
item_run_0198,item_pca10_standardized_l2_cosine,10,pca10_standardized_l2,cosine,5,30.0,0.157121,3250,41,1330,0.40923076923076923,1920,0.5907692307692308,1136,0.3495384615384615,0.5916666666666667,2,5.0,46.829268292682926
item_run_0199,item_pca10_standardized_l2_cosine,10,pca10_standardized_l2,cosine,5,35.0,0.162003,3250,40,1056,0.3249230769230769,2194,0.6750769230769231,2022,0.6221538461538462,0.9216043755697356,2,4.0,54.85
item_run_0200,item_pca10_standardized_l2_cosine,10,pca10_standardized_l2,cosine,5,40.0,0.167,3250,39,841,0.25876923076923075,2409,0.7412307692307692,2247,0.6913846153846154,0.9327521793275217,2,4.0,61.76923076923077
item_run_0201,item_pca10_standardized_l2_cosine,10,pca10_standardized_l2,cosine,5,45.0,0.17153,3250,30,685,0.21076923076923076,2565,0.7892307692307692,2457,0.756,0.9578947368421052,2,4.0,85.5
item_run_0202,item_pca10_standardized_l2_cosine,10,pca10_standardized_l2,cosine,5,50.0,0.175794,3250,24,545,0.1676923076923077,2705,0.8323076923076923,2617,0.8052307692307692,0.9674676524953789,2,3.0,112.70833333333333
item_run_0203,item_pca10_standardized_l2_cosine,10,pca10_standardized_l2,cosine,5,60.0,0.183754,3250,9,336,0.10338461538461538,2914,0.8966153846153846,2885,0.8876923076923077,0.9900480439258751,2,3.0,323.77777777777777
item_run_0204,item_pca10_standardized_l2_cosine,10,pca10_standardized_l2,cosine,5,70.0,0.192036,3250,2,159,0.04892307692307692,3091,0.951076923076923,3090,0.9507692307692308,0.9996764801035264,1,1545.5,1545.5
item_run_0205,item_pca10_standardized_l2_cosine,10,pca10_standardized_l2,cosine,5,80.0,0.201258,3250,1,57,0.017538461538461537,3193,0.9824615384615385,3193,0.9824615384615385,1.0,3193,3193.0,3193.0
item_run_0206,item_pca10_standardized_l2_cosine,10,pca10_standardized_l2,cosine,5,85.0,0.206674,3250,1,35,0.010769230769230769,3215,0.9892307692307692,3215,0.9892307692307692,1.0,3215,3215.0,3215.0
item_run_0207,item_pca10_standardized_l2_cosine,10,pca10_standardized_l2,cosine,5,90.0,0.213916,3250,1,22,0.00676923076923077,3228,0.9932307692307693,3228,0.9932307692307693,1.0,3228,3228.0,3228.0
item_run_0208,item_pca10_standardized_l2_cosine,10,pca10_standardized_l2,cosine,5,95.0,0.223917,3250,1,4,0.0012307692307692308,3246,0.9987692307692307,3246,0.9987692307692307,1.0,3246,3246.0,3246.0
item_run_0209,item_pca10_standardized_l2_cosine,10,pca10_standardized_l2,cosine,5,99.0,0.240659,3250,1,1,0.0003076923076923077,3249,0.9996923076923077,3249,0.9996923076923077,1.0,3249,3249.0,3249.0
item_run_0210,item_pca10_standardized_l2_cosine,10,pca10_standardized_l2,cosine,11,1.0,0.107484,3250,1,3129,0.9627692307692308,121,0.037230769230769234,121,0.037230769230769234,1.0,121,121.0,121.0
item_run_0211,item_pca10_standardized_l2_cosine,10,pca10_standardized_l2,cosine,11,2.5,0.124332,3250,4,3000,0.9230769230769231,250,0.07692307692307693,204,0.06276923076923077,0.816,12,17.0,62.5
item_run_0212,item_pca10_standardized_l2_cosine,10,pca10_standardized_l2,cosine,11,5.0,0.145748,3250,4,2815,0.8661538461538462,435,0.13384615384615384,318,0.09784615384615385,0.7310344827586207,17,50.0,108.75
item_run_0213,item_pca10_standardized_l2_cosine,10,pca10_standardized_l2,cosine,11,10.0,0.167931,3250,12,2378,0.7316923076923076,872,0.2683076923076923,473,0.14553846153846153,0.5424311926605505,11,19.0,72.66666666666667
item_run_0214,item_pca10_standardized_l2_cosine,10,pca10_standardized_l2,cosine,11,15.0,0.181505,3250,22,1912,0.5883076923076923,1338,0.4116923076923077,672,0.20676923076923076,0.5022421524663677,8,18.0,60.81818181818182
item_run_0215,item_pca10_standardized_l2_cosine,10,pca10_standardized_l2,cosine,11,20.0,0.192794,3250,10,1412,0.43446153846153845,1838,0.5655384615384615,1605,0.4938461538461538,0.8732317736670294,7,19.0,183.8
item_run_0216,item_pca10_standardized_l2_cosine,10,pca10_standardized_l2,cosine,11,25.0,0.200076,3250,8,1060,0.3261538461538461,2190,0.6738461538461539,2029,0.6243076923076923,0.9264840182648402,6,8.5,273.75
item_run_0217,item_pca10_standardized_l2_cosine,10,pca10_standardized_l2,cosine,11,30.0,0.205718,3250,4,741,0.228,2509,0.772,2468,0.7593846153846154,0.9836588282184137,5,18.0,627.25
item_run_0218,item_pca10_standardized_l2_cosine,10,pca10_standardized_l2,cosine,11,35.0,0.210685,3250,1,519,0.1596923076923077,2731,0.8403076923076923,2731,0.8403076923076923,1.0,2731,2731.0,2731.0
item_run_0219,item_pca10_standardized_l2_cosine,10,pca10_standardized_l2,cosine,11,40.0,0.215234,3250,2,348,0.10707692307692308,2902,0.8929230769230769,2898,0.8916923076923077,0.9986216402481047,4,1451.0,1451.0
item_run_0220,item_pca10_standardized_l2_cosine,10,pca10_standardized_l2,cosine,11,45.0,0.219259,3250,1,253,0.07784615384615384,2997,0.9221538461538461,2997,0.9221538461538461,1.0,2997,2997.0,2997.0
item_run_0221,item_pca10_standardized_l2_cosine,10,pca10_standardized_l2,cosine,11,50.0,0.223571,3250,1,181,0.055692307692307694,3069,0.9443076923076923,3069,0.9443076923076923,1.0,3069,3069.0,3069.0
item_run_0222,item_pca10_standardized_l2_cosine,10,pca10_standardized_l2,cosine,11,60.0,0.230759,3250,2,62,0.019076923076923078,3188,0.9809230769230769,3183,0.9793846153846154,0.9984316185696361,5,1594.0,1594.0
item_run_0223,item_pca10_standardized_l2_cosine,10,pca10_standardized_l2,cosine,11,70.0,0.239164,3250,1,21,0.006461538461538461,3229,0.9935384615384616,3229,0.9935384615384616,1.0,3229,3229.0,3229.0
item_run_0224,item_pca10_standardized_l2_cosine,10,pca10_standardized_l2,cosine,11,80.0,0.247701,3250,1,6,0.0018461538461538461,3244,0.9981538461538462,3244,0.9981538461538462,1.0,3244,3244.0,3244.0
item_run_0225,item_pca10_standardized_l2_cosine,10,pca10_standardized_l2,cosine,11,85.0,0.252023,3250,1,0,0.0,3250,1.0,3250,1.0,1.0,3250,3250.0,3250.0
item_run_0226,item_pca10_standardized_l2_cosine,10,pca10_standardized_l2,cosine,11,90.0,0.258014,3250,1,0,0.0,3250,1.0,3250,1.0,1.0,3250,3250.0,3250.0
item_run_0227,item_pca10_standardized_l2_cosine,10,pca10_standardized_l2,cosine,11,95.0,0.267854,3250,1,0,0.0,3250,1.0,3250,1.0,1.0,3250,3250.0,3250.0
item_run_0228,item_pca10_standardized_l2_cosine,10,pca10_standardized_l2,cosine,11,99.0,0.283553,3250,1,0,0.0,3250,1.0,3250,1.0,1.0,3250,3250.0,3250.0
item_run_0229,item_pca10_standardized_l2_cosine,10,pca10_standardized_l2,cosine,20,1.0,0.130682,3250,1,3096,0.9526153846153846,154,0.047384615384615386,154,0.047384615384615386,1.0,154,154.0,154.0
item_run_0230,item_pca10_standardized_l2_cosine,10,pca10_standardized_l2,cosine,20,2.5,0.154582,3250,1,2976,0.9156923076923077,274,0.0843076923076923,274,0.0843076923076923,1.0,274,274.0,274.0
item_run_0231,item_pca10_standardized_l2_cosine,10,pca10_standardized_l2,cosine,20,5.0,0.177407,3250,3,2746,0.8449230769230769,504,0.15507692307692308,398,0.12246153846153846,0.7896825396825397,20,86.0,168.0
item_run_0232,item_pca10_standardized_l2_cosine,10,pca10_standardized_l2,cosine,20,10.0,0.204039,3250,7,2224,0.6843076923076923,1026,0.3156923076923077,610,0.18769230769230769,0.594541910331384,19,47.0,146.57142857142858
item_run_0233,item_pca10_standardized_l2_cosine,10,pca10_standardized_l2,cosine,20,15.0,0.220796,3250,9,1641,0.5049230769230769,1609,0.4950769230769231,857,0.26369230769230767,0.5326289620882536,15,50.0,178.77777777777777
item_run_0234,item_pca10_standardized_l2_cosine,10,pca10_standardized_l2,cosine,20,20.0,0.232122,3250,6,1099,0.33815384615384614,2151,0.6618461538461539,1594,0.49046153846153845,0.7410506741050674,15,31.5,358.5
item_run_0235,item_pca10_standardized_l2_cosine,10,pca10_standardized_l2,cosine,20,25.0,0.24043,3250,5,658,0.20246153846153847,2592,0.7975384615384615,2549,0.7843076923076923,0.9834104938271605,9,10.0,518.4
item_run_0236,item_pca10_standardized_l2_cosine,10,pca10_standardized_l2,cosine,20,30.0,0.247158,3250,1,384,0.11815384615384615,2866,0.8818461538461538,2866,0.8818461538461538,1.0,2866,2866.0,2866.0
item_run_0237,item_pca10_standardized_l2_cosine,10,pca10_standardized_l2,cosine,20,35.0,0.251826,3250,1,212,0.06523076923076923,3038,0.9347692307692308,3038,0.9347692307692308,1.0,3038,3038.0,3038.0
item_run_0238,item_pca10_standardized_l2_cosine,10,pca10_standardized_l2,cosine,20,40.0,0.256649,3250,1,118,0.036307692307692305,3132,0.9636923076923077,3132,0.9636923076923077,1.0,3132,3132.0,3132.0
item_run_0239,item_pca10_standardized_l2_cosine,10,pca10_standardized_l2,cosine,20,45.0,0.260191,3250,1,60,0.018461538461538463,3190,0.9815384615384616,3190,0.9815384615384616,1.0,3190,3190.0,3190.0
item_run_0240,item_pca10_standardized_l2_cosine,10,pca10_standardized_l2,cosine,20,50.0,0.263984,3250,1,34,0.010461538461538461,3216,0.9895384615384616,3216,0.9895384615384616,1.0,3216,3216.0,3216.0
item_run_0241,item_pca10_standardized_l2_cosine,10,pca10_standardized_l2,cosine,20,60.0,0.271344,3250,1,9,0.002769230769230769,3241,0.9972307692307693,3241,0.9972307692307693,1.0,3241,3241.0,3241.0
item_run_0242,item_pca10_standardized_l2_cosine,10,pca10_standardized_l2,cosine,20,70.0,0.27916,3250,1,2,0.0006153846153846154,3248,0.9993846153846154,3248,0.9993846153846154,1.0,3248,3248.0,3248.0
item_run_0243,item_pca10_standardized_l2_cosine,10,pca10_standardized_l2,cosine,20,80.0,0.286962,3250,1,0,0.0,3250,1.0,3250,1.0,1.0,3250,3250.0,3250.0
item_run_0244,item_pca10_standardized_l2_cosine,10,pca10_standardized_l2,cosine,20,85.0,0.291616,3250,1,0,0.0,3250,1.0,3250,1.0,1.0,3250,3250.0,3250.0
item_run_0245,item_pca10_standardized_l2_cosine,10,pca10_standardized_l2,cosine,20,90.0,0.2978,3250,1,0,0.0,3250,1.0,3250,1.0,1.0,3250,3250.0,3250.0
item_run_0246,item_pca10_standardized_l2_cosine,10,pca10_standardized_l2,cosine,20,95.0,0.306764,3250,1,0,0.0,3250,1.0,3250,1.0,1.0,3250,3250.0,3250.0
item_run_0247,item_pca10_standardized_l2_cosine,10,pca10_standardized_l2,cosine,20,99.0,0.322029,3250,1,0,0.0,3250,1.0,3250,1.0,1.0,3250,3250.0,3250.0
item_run_0248,item_pca20_l2_cosine,20,pca20_l2,cosine,5,1.0,0.016967,3250,2,3173,0.9763076923076923,77,0.023692307692307693,66,0.020307692307692308,0.8571428571428571,11,38.5,38.5
item_run_0249,item_pca20_l2_cosine,20,pca20_l2,cosine,5,2.5,0.022061,3250,1,3109,0.9566153846153846,141,0.04338461538461538,141,0.04338461538461538,1.0,141,141.0,141.0
item_run_0250,item_pca20_l2_cosine,20,pca20_l2,cosine,5,5.0,0.029325,3250,1,3030,0.9323076923076923,220,0.06769230769230769,220,0.06769230769230769,1.0,220,220.0,220.0
item_run_0251,item_pca20_l2_cosine,20,pca20_l2,cosine,5,10.0,0.046106,3250,2,2826,0.8695384615384616,424,0.13046153846153846,382,0.11753846153846154,0.9009433962264151,42,212.0,212.0
item_run_0252,item_pca20_l2_cosine,20,pca20_l2,cosine,5,15.0,0.061272,3250,2,2629,0.808923076923077,621,0.1910769230769231,488,0.15015384615384617,0.785829307568438,133,310.5,310.5
item_run_0253,item_pca20_l2_cosine,20,pca20_l2,cosine,5,20.0,0.078333,3250,2,2459,0.7566153846153846,791,0.2433846153846154,578,0.17784615384615385,0.7307206068268015,213,395.5,395.5
item_run_0254,item_pca20_l2_cosine,20,pca20_l2,cosine,5,25.0,0.096255,3250,3,2255,0.6938461538461539,995,0.30615384615384617,666,0.20492307692307693,0.6693467336683417,6,323.0,331.6666666666667
item_run_0255,item_pca20_l2_cosine,20,pca20_l2,cosine,5,30.0,0.112083,3250,4,2067,0.636,1183,0.364,728,0.224,0.6153846153846154,5,225.0,295.75
item_run_0256,item_pca20_l2_cosine,20,pca20_l2,cosine,5,35.0,0.12988,3250,3,1826,0.5618461538461539,1424,0.43815384615384617,835,0.2569230769230769,0.586376404494382,9,580.0,474.6666666666667
item_run_0257,item_pca20_l2_cosine,20,pca20_l2,cosine,5,40.0,0.144551,3250,3,1657,0.5098461538461538,1593,0.49015384615384616,903,0.27784615384615385,0.5668549905838042,12,678.0,531.0
item_run_0258,item_pca20_l2_cosine,20,pca20_l2,cosine,5,45.0,0.159456,3250,3,1499,0.4612307692307692,1751,0.5387692307692308,964,0.2966153846153846,0.5505425471159338,5,782.0,583.6666666666666
item_run_0259,item_pca20_l2_cosine,20,pca20_l2,cosine,5,50.0,0.177149,3250,5,1321,0.4064615384615385,1929,0.5935384615384616,1030,0.3169230769230769,0.5339554173146708,4,8.0,385.8
item_run_0260,item_pca20_l2_cosine,20,pca20_l2,cosine,5,60.0,0.209687,3250,3,979,0.30123076923076925,2271,0.6987692307692308,2257,0.6944615384615385,0.9938353148392779,6,8.0,757.0
item_run_0261,item_pca20_l2_cosine,20,pca20_l2,cosine,5,70.0,0.248141,3250,2,629,0.19353846153846155,2621,0.8064615384615385,2615,0.8046153846153846,0.9977107974055703,6,1310.5,1310.5
item_run_0262,item_pca20_l2_cosine,20,pca20_l2,cosine,5,80.0,0.288433,3250,1,346,0.10646153846153845,2904,0.8935384615384615,2904,0.8935384615384615,1.0,2904,2904.0,2904.0
item_run_0263,item_pca20_l2_cosine,20,pca20_l2,cosine,5,85.0,0.312072,3250,1,227,0.06984615384615385,3023,0.9301538461538461,3023,0.9301538461538461,1.0,3023,3023.0,3023.0
item_run_0264,item_pca20_l2_cosine,20,pca20_l2,cosine,5,90.0,0.341909,3250,1,128,0.039384615384615386,3122,0.9606153846153846,3122,0.9606153846153846,1.0,3122,3122.0,3122.0
item_run_0265,item_pca20_l2_cosine,20,pca20_l2,cosine,5,95.0,0.383662,3250,1,40,0.012307692307692308,3210,0.9876923076923076,3210,0.9876923076923076,1.0,3210,3210.0,3210.0
item_run_0266,item_pca20_l2_cosine,20,pca20_l2,cosine,5,99.0,0.441205,3250,1,3,0.0009230769230769231,3247,0.9990769230769231,3247,0.9990769230769231,1.0,3247,3247.0,3247.0
item_run_0267,item_pca20_l2_cosine,20,pca20_l2,cosine,11,1.0,0.021706,3250,1,3134,0.9643076923076923,116,0.03569230769230769,116,0.03569230769230769,1.0,116,116.0,116.0
item_run_0268,item_pca20_l2_cosine,20,pca20_l2,cosine,11,2.5,0.026919,3250,1,3070,0.9446153846153846,180,0.055384615384615386,180,0.055384615384615386,1.0,180,180.0,180.0
item_run_0269,item_pca20_l2_cosine,20,pca20_l2,cosine,11,5.0,0.035458,3250,1,2976,0.9156923076923077,274,0.0843076923076923,274,0.0843076923076923,1.0,274,274.0,274.0
item_run_0270,item_pca20_l2_cosine,20,pca20_l2,cosine,11,10.0,0.054065,3250,2,2748,0.8455384615384616,502,0.15446153846153846,436,0.13415384615384615,0.8685258964143426,66,251.0,251.0
item_run_0271,item_pca20_l2_cosine,20,pca20_l2,cosine,11,15.0,0.071764,3250,2,2542,0.7821538461538462,708,0.21784615384615386,542,0.16676923076923078,0.7655367231638418,166,354.0,354.0
item_run_0272,item_pca20_l2_cosine,20,pca20_l2,cosine,11,20.0,0.090831,3250,2,2351,0.7233846153846154,899,0.2766153846153846,630,0.19384615384615383,0.7007786429365962,269,449.5,449.5
item_run_0273,item_pca20_l2_cosine,20,pca20_l2,cosine,11,25.0,0.11149,3250,2,2123,0.6532307692307693,1127,0.3467692307692308,720,0.22153846153846155,0.6388642413487134,407,563.5,563.5
item_run_0274,item_pca20_l2_cosine,20,pca20_l2,cosine,11,30.0,0.130376,3250,2,1901,0.5849230769230769,1349,0.41507692307692307,814,0.25046153846153846,0.603409933283914,535,674.5,674.5
item_run_0275,item_pca20_l2_cosine,20,pca20_l2,cosine,11,35.0,0.147863,3250,2,1705,0.5246153846153846,1545,0.4753846153846154,892,0.2744615384615385,0.5773462783171521,653,772.5,772.5
item_run_0276,item_pca20_l2_cosine,20,pca20_l2,cosine,11,40.0,0.166963,3250,2,1527,0.46984615384615386,1723,0.5301538461538462,959,0.29507692307692307,0.5565873476494486,764,861.5,861.5
item_run_0277,item_pca20_l2_cosine,20,pca20_l2,cosine,11,45.0,0.185317,3250,2,1338,0.4116923076923077,1912,0.5883076923076923,1033,0.31784615384615383,0.5402719665271967,879,956.0,956.0
item_run_0278,item_pca20_l2_cosine,20,pca20_l2,cosine,11,50.0,0.204192,3250,1,1141,0.35107692307692306,2109,0.6489230769230769,2109,0.6489230769230769,1.0,2109,2109.0,2109.0
item_run_0279,item_pca20_l2_cosine,20,pca20_l2,cosine,11,60.0,0.244252,3250,1,766,0.2356923076923077,2484,0.7643076923076924,2484,0.7643076923076924,1.0,2484,2484.0,2484.0
item_run_0280,item_pca20_l2_cosine,20,pca20_l2,cosine,11,70.0,0.286048,3250,1,446,0.13723076923076924,2804,0.8627692307692307,2804,0.8627692307692307,1.0,2804,2804.0,2804.0
item_run_0281,item_pca20_l2_cosine,20,pca20_l2,cosine,11,80.0,0.330754,3250,1,220,0.06769230769230769,3030,0.9323076923076923,3030,0.9323076923076923,1.0,3030,3030.0,3030.0
item_run_0282,item_pca20_l2_cosine,20,pca20_l2,cosine,11,85.0,0.356231,3250,1,130,0.04,3120,0.96,3120,0.96,1.0,3120,3120.0,3120.0
item_run_0283,item_pca20_l2_cosine,20,pca20_l2,cosine,11,90.0,0.388035,3250,1,56,0.01723076923076923,3194,0.9827692307692307,3194,0.9827692307692307,1.0,3194,3194.0,3194.0
item_run_0284,item_pca20_l2_cosine,20,pca20_l2,cosine,11,95.0,0.431357,3250,1,12,0.0036923076923076922,3238,0.9963076923076923,3238,0.9963076923076923,1.0,3238,3238.0,3238.0
item_run_0285,item_pca20_l2_cosine,20,pca20_l2,cosine,11,99.0,0.495035,3250,1,0,0.0,3250,1.0,3250,1.0,1.0,3250,3250.0,3250.0
item_run_0286,item_pca20_l2_cosine,20,pca20_l2,cosine,21,1.0,0.025556,3250,1,3102,0.9544615384615385,148,0.04553846153846154,148,0.04553846153846154,1.0,148,148.0,148.0
item_run_0287,item_pca20_l2_cosine,20,pca20_l2,cosine,21,2.5,0.031756,3250,1,3042,0.936,208,0.064,208,0.064,1.0,208,208.0,208.0
item_run_0288,item_pca20_l2_cosine,20,pca20_l2,cosine,21,5.0,0.040159,3250,1,2947,0.9067692307692308,303,0.09323076923076923,303,0.09323076923076923,1.0,303,303.0,303.0
item_run_0289,item_pca20_l2_cosine,20,pca20_l2,cosine,21,10.0,0.061705,3250,2,2696,0.8295384615384616,554,0.17046153846153847,478,0.14707692307692308,0.8628158844765343,76,277.0,277.0
item_run_0290,item_pca20_l2_cosine,20,pca20_l2,cosine,21,15.0,0.08223,3250,2,2467,0.7590769230769231,783,0.24092307692307693,592,0.18215384615384617,0.756066411238825,191,391.5,391.5
item_run_0291,item_pca20_l2_cosine,20,pca20_l2,cosine,21,20.0,0.101897,3250,2,2252,0.692923076923077,998,0.3070769230769231,677,0.2083076923076923,0.6783567134268537,321,499.0,499.0
item_run_0292,item_pca20_l2_cosine,20,pca20_l2,cosine,21,25.0,0.124621,3250,2,2006,0.6172307692307692,1244,0.38276923076923075,777,0.23907692307692308,0.6245980707395499,467,622.0,622.0
item_run_0293,item_pca20_l2_cosine,20,pca20_l2,cosine,21,30.0,0.144256,3250,2,1789,0.5504615384615384,1461,0.44953846153846155,867,0.26676923076923076,0.5934291581108829,594,730.5,730.5
item_run_0294,item_pca20_l2_cosine,20,pca20_l2,cosine,21,35.0,0.166042,3250,2,1599,0.492,1651,0.508,935,0.2876923076923077,0.5663234403391884,716,825.5,825.5
item_run_0295,item_pca20_l2_cosine,20,pca20_l2,cosine,21,40.0,0.184184,3250,2,1416,0.4356923076923077,1834,0.5643076923076923,1001,0.308,0.5458015267175572,833,917.0,917.0
item_run_0296,item_pca20_l2_cosine,20,pca20_l2,cosine,21,45.0,0.205859,3250,2,1208,0.3716923076923077,2042,0.6283076923076923,1086,0.33415384615384613,0.5318315377081293,956,1021.0,1021.0
item_run_0297,item_pca20_l2_cosine,20,pca20_l2,cosine,21,50.0,0.227404,3250,1,1006,0.30953846153846154,2244,0.6904615384615385,2244,0.6904615384615385,1.0,2244,2244.0,2244.0
item_run_0298,item_pca20_l2_cosine,20,pca20_l2,cosine,21,60.0,0.274431,3250,1,627,0.19292307692307692,2623,0.807076923076923,2623,0.807076923076923,1.0,2623,2623.0,2623.0
item_run_0299,item_pca20_l2_cosine,20,pca20_l2,cosine,21,70.0,0.319002,3250,1,326,0.1003076923076923,2924,0.8996923076923077,2924,0.8996923076923077,1.0,2924,2924.0,2924.0
item_run_0300,item_pca20_l2_cosine,20,pca20_l2,cosine,21,80.0,0.363943,3250,1,141,0.04338461538461538,3109,0.9566153846153846,3109,0.9566153846153846,1.0,3109,3109.0,3109.0
item_run_0301,item_pca20_l2_cosine,20,pca20_l2,cosine,21,85.0,0.393921,3250,1,66,0.020307692307692308,3184,0.9796923076923076,3184,0.9796923076923076,1.0,3184,3184.0,3184.0
item_run_0302,item_pca20_l2_cosine,20,pca20_l2,cosine,21,90.0,0.429365,3250,1,22,0.00676923076923077,3228,0.9932307692307693,3228,0.9932307692307693,1.0,3228,3228.0,3228.0
item_run_0303,item_pca20_l2_cosine,20,pca20_l2,cosine,21,95.0,0.474955,3250,1,2,0.0006153846153846154,3248,0.9993846153846154,3248,0.9993846153846154,1.0,3248,3248.0,3248.0
item_run_0304,item_pca20_l2_cosine,20,pca20_l2,cosine,21,99.0,0.539402,3250,1,0,0.0,3250,1.0,3250,1.0,1.0,3250,3250.0,3250.0
item_run_0305,item_pca20_l2_cosine,20,pca20_l2,cosine,40,1.0,0.031385,3250,1,3075,0.9461538461538461,175,0.05384615384615385,175,0.05384615384615385,1.0,175,175.0,175.0
item_run_0306,item_pca20_l2_cosine,20,pca20_l2,cosine,40,2.5,0.037708,3250,1,2993,0.920923076923077,257,0.07907692307692307,257,0.07907692307692307,1.0,257,257.0,257.0
item_run_0307,item_pca20_l2_cosine,20,pca20_l2,cosine,40,5.0,0.046884,3250,1,2906,0.8941538461538462,344,0.10584615384615384,344,0.10584615384615384,1.0,344,344.0,344.0
item_run_0308,item_pca20_l2_cosine,20,pca20_l2,cosine,40,10.0,0.071038,3250,2,2648,0.8147692307692308,602,0.18523076923076923,528,0.16246153846153846,0.8770764119601329,74,301.0,301.0
item_run_0309,item_pca20_l2_cosine,20,pca20_l2,cosine,40,15.0,0.09515,3250,2,2382,0.7329230769230769,868,0.2670769230769231,640,0.19692307692307692,0.7373271889400922,228,434.0,434.0
item_run_0310,item_pca20_l2_cosine,20,pca20_l2,cosine,40,20.0,0.115794,3250,2,2145,0.66,1105,0.34,726,0.22338461538461538,0.6570135746606335,379,552.5,552.5
item_run_0311,item_pca20_l2_cosine,20,pca20_l2,cosine,40,25.0,0.140032,3250,2,1906,0.5864615384615385,1344,0.4135384615384615,829,0.2550769230769231,0.6168154761904762,515,672.0,672.0
item_run_0312,item_pca20_l2_cosine,20,pca20_l2,cosine,40,30.0,0.16185,3250,2,1687,0.5190769230769231,1563,0.4809230769230769,903,0.27784615384615385,0.5777351247600768,660,781.5,781.5
item_run_0313,item_pca20_l2_cosine,20,pca20_l2,cosine,40,35.0,0.185665,3250,2,1498,0.46092307692307694,1752,0.5390769230769231,967,0.29753846153846153,0.5519406392694064,785,876.0,876.0
item_run_0314,item_pca20_l2_cosine,20,pca20_l2,cosine,40,40.0,0.20647,3250,2,1283,0.39476923076923076,1967,0.6052307692307692,1055,0.32461538461538464,0.5363497712252161,912,983.5,983.5
item_run_0315,item_pca20_l2_cosine,20,pca20_l2,cosine,40,45.0,0.229078,3250,2,1101,0.33876923076923077,2149,0.6612307692307692,1121,0.34492307692307694,0.5216379711493718,1028,1074.5,1074.5
item_run_0316,item_pca20_l2_cosine,20,pca20_l2,cosine,40,50.0,0.252514,3250,2,887,0.27292307692307693,2363,0.7270769230769231,1204,0.37046153846153845,0.5095217943292425,1159,1181.5,1181.5
item_run_0317,item_pca20_l2_cosine,20,pca20_l2,cosine,40,60.0,0.306492,3250,1,483,0.14861538461538462,2767,0.8513846153846154,2767,0.8513846153846154,1.0,2767,2767.0,2767.0
item_run_0318,item_pca20_l2_cosine,20,pca20_l2,cosine,40,70.0,0.356478,3250,1,228,0.07015384615384615,3022,0.9298461538461539,3022,0.9298461538461539,1.0,3022,3022.0,3022.0
item_run_0319,item_pca20_l2_cosine,20,pca20_l2,cosine,40,80.0,0.404691,3250,1,73,0.02246153846153846,3177,0.9775384615384616,3177,0.9775384615384616,1.0,3177,3177.0,3177.0
item_run_0320,item_pca20_l2_cosine,20,pca20_l2,cosine,40,85.0,0.434523,3250,1,33,0.010153846153846154,3217,0.9898461538461538,3217,0.9898461538461538,1.0,3217,3217.0,3217.0
item_run_0321,item_pca20_l2_cosine,20,pca20_l2,cosine,40,90.0,0.473823,3250,1,5,0.0015384615384615385,3245,0.9984615384615385,3245,0.9984615384615385,1.0,3245,3245.0,3245.0
item_run_0322,item_pca20_l2_cosine,20,pca20_l2,cosine,40,95.0,0.517476,3250,1,0,0.0,3250,1.0,3250,1.0,1.0,3250,3250.0,3250.0
item_run_0323,item_pca20_l2_cosine,20,pca20_l2,cosine,40,99.0,0.588333,3250,1,0,0.0,3250,1.0,3250,1.0,1.0,3250,3250.0,3250.0
item_run_0324,item_pca20_standardized_euclidean,20,pca20_standardized,euclidean,5,1.0,1.447121,3250,1,3169,0.9750769230769231,81,0.024923076923076923,81,0.024923076923076923,1.0,81,81.0,81.0
item_run_0325,item_pca20_standardized_euclidean,20,pca20_standardized,euclidean,5,2.5,1.613434,3250,1,3095,0.9523076923076923,155,0.047692307692307694,155,0.047692307692307694,1.0,155,155.0,155.0
item_run_0326,item_pca20_standardized_euclidean,20,pca20_standardized,euclidean,5,5.0,1.802054,3250,1,2970,0.9138461538461539,280,0.08615384615384615,280,0.08615384615384615,1.0,280,280.0,280.0
item_run_0327,item_pca20_standardized_euclidean,20,pca20_standardized,euclidean,5,10.0,2.042685,3250,1,2737,0.8421538461538461,513,0.15784615384615386,513,0.15784615384615386,1.0,513,513.0,513.0
item_run_0328,item_pca20_standardized_euclidean,20,pca20_standardized,euclidean,5,15.0,2.190371,3250,1,2523,0.7763076923076923,727,0.2236923076923077,727,0.2236923076923077,1.0,727,727.0,727.0
item_run_0329,item_pca20_standardized_euclidean,20,pca20_standardized,euclidean,5,20.0,2.327789,3250,1,2322,0.7144615384615385,928,0.2855384615384615,928,0.2855384615384615,1.0,928,928.0,928.0
item_run_0330,item_pca20_standardized_euclidean,20,pca20_standardized,euclidean,5,25.0,2.456617,3250,1,2144,0.6596923076923077,1106,0.3403076923076923,1106,0.3403076923076923,1.0,1106,1106.0,1106.0
item_run_0331,item_pca20_standardized_euclidean,20,pca20_standardized,euclidean,5,30.0,2.580182,3250,1,1963,0.604,1287,0.396,1287,0.396,1.0,1287,1287.0,1287.0
item_run_0332,item_pca20_standardized_euclidean,20,pca20_standardized,euclidean,5,35.0,2.695378,3250,1,1789,0.5504615384615384,1461,0.44953846153846155,1461,0.44953846153846155,1.0,1461,1461.0,1461.0
item_run_0333,item_pca20_standardized_euclidean,20,pca20_standardized,euclidean,5,40.0,2.806768,3250,1,1655,0.5092307692307693,1595,0.4907692307692308,1595,0.4907692307692308,1.0,1595,1595.0,1595.0
item_run_0334,item_pca20_standardized_euclidean,20,pca20_standardized,euclidean,5,45.0,2.955553,3250,1,1481,0.4556923076923077,1769,0.5443076923076923,1769,0.5443076923076923,1.0,1769,1769.0,1769.0
item_run_0335,item_pca20_standardized_euclidean,20,pca20_standardized,euclidean,5,50.0,3.112095,3250,1,1284,0.3950769230769231,1966,0.6049230769230769,1966,0.6049230769230769,1.0,1966,1966.0,1966.0
item_run_0336,item_pca20_standardized_euclidean,20,pca20_standardized,euclidean,5,60.0,3.368832,3250,1,1024,0.3150769230769231,2226,0.684923076923077,2226,0.684923076923077,1.0,2226,2226.0,2226.0
item_run_0337,item_pca20_standardized_euclidean,20,pca20_standardized,euclidean,5,70.0,3.746924,3250,1,695,0.21384615384615385,2555,0.7861538461538462,2555,0.7861538461538462,1.0,2555,2555.0,2555.0
item_run_0338,item_pca20_standardized_euclidean,20,pca20_standardized,euclidean,5,80.0,4.17306,3250,1,466,0.1433846153846154,2784,0.8566153846153847,2784,0.8566153846153847,1.0,2784,2784.0,2784.0
item_run_0339,item_pca20_standardized_euclidean,20,pca20_standardized,euclidean,5,85.0,4.495202,3250,1,348,0.10707692307692308,2902,0.8929230769230769,2902,0.8929230769230769,1.0,2902,2902.0,2902.0
item_run_0340,item_pca20_standardized_euclidean,20,pca20_standardized,euclidean,5,90.0,4.978535,3250,1,230,0.07076923076923076,3020,0.9292307692307692,3020,0.9292307692307692,1.0,3020,3020.0,3020.0
item_run_0341,item_pca20_standardized_euclidean,20,pca20_standardized,euclidean,5,95.0,5.889404,3250,1,99,0.03046153846153846,3151,0.9695384615384616,3151,0.9695384615384616,1.0,3151,3151.0,3151.0
item_run_0342,item_pca20_standardized_euclidean,20,pca20_standardized,euclidean,5,99.0,7.708767,3250,1,13,0.004,3237,0.996,3237,0.996,1.0,3237,3237.0,3237.0
item_run_0343,item_pca20_standardized_euclidean,20,pca20_standardized,euclidean,11,1.0,1.616467,3250,1,3118,0.9593846153846154,132,0.040615384615384616,132,0.040615384615384616,1.0,132,132.0,132.0
item_run_0344,item_pca20_standardized_euclidean,20,pca20_standardized,euclidean,11,2.5,1.764718,3250,1,3032,0.932923076923077,218,0.06707692307692308,218,0.06707692307692308,1.0,218,218.0,218.0
item_run_0345,item_pca20_standardized_euclidean,20,pca20_standardized,euclidean,11,5.0,1.940519,3250,1,2884,0.8873846153846154,366,0.11261538461538462,366,0.11261538461538462,1.0,366,366.0,366.0
item_run_0346,item_pca20_standardized_euclidean,20,pca20_standardized,euclidean,11,10.0,2.186106,3250,1,2573,0.7916923076923077,677,0.2083076923076923,677,0.2083076923076923,1.0,677,677.0,677.0
item_run_0347,item_pca20_standardized_euclidean,20,pca20_standardized,euclidean,11,15.0,2.348016,3250,1,2338,0.7193846153846154,912,0.2806153846153846,912,0.2806153846153846,1.0,912,912.0,912.0
item_run_0348,item_pca20_standardized_euclidean,20,pca20_standardized,euclidean,11,20.0,2.485071,3250,1,2131,0.6556923076923077,1119,0.3443076923076923,1119,0.3443076923076923,1.0,1119,1119.0,1119.0
item_run_0349,item_pca20_standardized_euclidean,20,pca20_standardized,euclidean,11,25.0,2.611649,3250,1,1939,0.5966153846153847,1311,0.4033846153846154,1311,0.4033846153846154,1.0,1311,1311.0,1311.0
item_run_0350,item_pca20_standardized_euclidean,20,pca20_standardized,euclidean,11,30.0,2.745164,3250,1,1765,0.5430769230769231,1485,0.45692307692307693,1485,0.45692307692307693,1.0,1485,1485.0,1485.0
item_run_0351,item_pca20_standardized_euclidean,20,pca20_standardized,euclidean,11,35.0,2.867101,3250,1,1612,0.496,1638,0.504,1638,0.504,1.0,1638,1638.0,1638.0
item_run_0352,item_pca20_standardized_euclidean,20,pca20_standardized,euclidean,11,40.0,3.012601,3250,1,1438,0.44246153846153846,1812,0.5575384615384615,1812,0.5575384615384615,1.0,1812,1812.0,1812.0
item_run_0353,item_pca20_standardized_euclidean,20,pca20_standardized,euclidean,11,45.0,3.143102,3250,1,1276,0.3926153846153846,1974,0.6073846153846154,1974,0.6073846153846154,1.0,1974,1974.0,1974.0
item_run_0354,item_pca20_standardized_euclidean,20,pca20_standardized,euclidean,11,50.0,3.276633,3250,1,1139,0.35046153846153844,2111,0.6495384615384615,2111,0.6495384615384615,1.0,2111,2111.0,2111.0
item_run_0355,item_pca20_standardized_euclidean,20,pca20_standardized,euclidean,11,60.0,3.564939,3250,1,871,0.268,2379,0.732,2379,0.732,1.0,2379,2379.0,2379.0
item_run_0356,item_pca20_standardized_euclidean,20,pca20_standardized,euclidean,11,70.0,3.967789,3250,1,571,0.1756923076923077,2679,0.8243076923076923,2679,0.8243076923076923,1.0,2679,2679.0,2679.0
item_run_0357,item_pca20_standardized_euclidean,20,pca20_standardized,euclidean,11,80.0,4.404984,3250,1,386,0.11876923076923077,2864,0.8812307692307693,2864,0.8812307692307693,1.0,2864,2864.0,2864.0
item_run_0358,item_pca20_standardized_euclidean,20,pca20_standardized,euclidean,11,85.0,4.752315,3250,1,284,0.08738461538461538,2966,0.9126153846153846,2966,0.9126153846153846,1.0,2966,2966.0,2966.0
item_run_0359,item_pca20_standardized_euclidean,20,pca20_standardized,euclidean,11,90.0,5.253221,3250,1,190,0.05846153846153846,3060,0.9415384615384615,3060,0.9415384615384615,1.0,3060,3060.0,3060.0
item_run_0360,item_pca20_standardized_euclidean,20,pca20_standardized,euclidean,11,95.0,6.186525,3250,1,73,0.02246153846153846,3177,0.9775384615384616,3177,0.9775384615384616,1.0,3177,3177.0,3177.0
item_run_0361,item_pca20_standardized_euclidean,20,pca20_standardized,euclidean,11,99.0,7.954708,3250,1,10,0.003076923076923077,3240,0.9969230769230769,3240,0.9969230769230769,1.0,3240,3240.0,3240.0
item_run_0362,item_pca20_standardized_euclidean,20,pca20_standardized,euclidean,21,1.0,1.745671,3250,1,3069,0.9443076923076923,181,0.055692307692307694,181,0.055692307692307694,1.0,181,181.0,181.0
item_run_0363,item_pca20_standardized_euclidean,20,pca20_standardized,euclidean,21,2.5,1.892925,3250,1,2970,0.9138461538461539,280,0.08615384615384615,280,0.08615384615384615,1.0,280,280.0,280.0
item_run_0364,item_pca20_standardized_euclidean,20,pca20_standardized,euclidean,21,5.0,2.063361,3250,1,2776,0.8541538461538462,474,0.14584615384615385,474,0.14584615384615385,1.0,474,474.0,474.0
item_run_0365,item_pca20_standardized_euclidean,20,pca20_standardized,euclidean,21,10.0,2.297359,3250,1,2438,0.7501538461538462,812,0.24984615384615386,812,0.24984615384615386,1.0,812,812.0,812.0
item_run_0366,item_pca20_standardized_euclidean,20,pca20_standardized,euclidean,21,15.0,2.469404,3250,1,2203,0.6778461538461539,1047,0.3221538461538462,1047,0.3221538461538462,1.0,1047,1047.0,1047.0
item_run_0367,item_pca20_standardized_euclidean,20,pca20_standardized,euclidean,21,20.0,2.615112,3250,1,1976,0.608,1274,0.392,1274,0.392,1.0,1274,1274.0,1274.0
item_run_0368,item_pca20_standardized_euclidean,20,pca20_standardized,euclidean,21,25.0,2.739367,3250,1,1803,0.5547692307692308,1447,0.4452307692307692,1447,0.4452307692307692,1.0,1447,1447.0,1447.0
item_run_0369,item_pca20_standardized_euclidean,20,pca20_standardized,euclidean,21,30.0,2.878511,3250,1,1623,0.49938461538461537,1627,0.5006153846153846,1627,0.5006153846153846,1.0,1627,1627.0,1627.0
item_run_0370,item_pca20_standardized_euclidean,20,pca20_standardized,euclidean,21,35.0,2.99818,3250,1,1467,0.4513846153846154,1783,0.5486153846153846,1783,0.5486153846153846,1.0,1783,1783.0,1783.0
item_run_0371,item_pca20_standardized_euclidean,20,pca20_standardized,euclidean,21,40.0,3.135229,3250,1,1314,0.4043076923076923,1936,0.5956923076923077,1936,0.5956923076923077,1.0,1936,1936.0,1936.0
item_run_0372,item_pca20_standardized_euclidean,20,pca20_standardized,euclidean,21,45.0,3.278793,3250,1,1162,0.3575384615384615,2088,0.6424615384615384,2088,0.6424615384615384,1.0,2088,2088.0,2088.0
item_run_0373,item_pca20_standardized_euclidean,20,pca20_standardized,euclidean,21,50.0,3.410901,3250,1,1038,0.3193846153846154,2212,0.6806153846153846,2212,0.6806153846153846,1.0,2212,2212.0,2212.0
item_run_0374,item_pca20_standardized_euclidean,20,pca20_standardized,euclidean,21,60.0,3.713287,3250,1,760,0.23384615384615384,2490,0.7661538461538462,2490,0.7661538461538462,1.0,2490,2490.0,2490.0
item_run_0375,item_pca20_standardized_euclidean,20,pca20_standardized,euclidean,21,70.0,4.122747,3250,1,520,0.16,2730,0.84,2730,0.84,1.0,2730,2730.0,2730.0
item_run_0376,item_pca20_standardized_euclidean,20,pca20_standardized,euclidean,21,80.0,4.579747,3250,1,338,0.104,2912,0.896,2912,0.896,1.0,2912,2912.0,2912.0
item_run_0377,item_pca20_standardized_euclidean,20,pca20_standardized,euclidean,21,85.0,4.933012,3250,1,248,0.07630769230769231,3002,0.9236923076923077,3002,0.9236923076923077,1.0,3002,3002.0,3002.0
item_run_0378,item_pca20_standardized_euclidean,20,pca20_standardized,euclidean,21,90.0,5.456708,3250,1,160,0.04923076923076923,3090,0.9507692307692308,3090,0.9507692307692308,1.0,3090,3090.0,3090.0
item_run_0379,item_pca20_standardized_euclidean,20,pca20_standardized,euclidean,21,95.0,6.397641,3250,1,61,0.01876923076923077,3189,0.9812307692307692,3189,0.9812307692307692,1.0,3189,3189.0,3189.0
item_run_0380,item_pca20_standardized_euclidean,20,pca20_standardized,euclidean,21,99.0,8.333103,3250,1,8,0.0024615384615384616,3242,0.9975384615384615,3242,0.9975384615384615,1.0,3242,3242.0,3242.0
item_run_0381,item_pca20_standardized_euclidean,20,pca20_standardized,euclidean,40,1.0,1.913541,3250,1,2992,0.9206153846153846,258,0.07938461538461539,258,0.07938461538461539,1.0,258,258.0,258.0
item_run_0382,item_pca20_standardized_euclidean,20,pca20_standardized,euclidean,40,2.5,2.039408,3250,1,2855,0.8784615384615385,395,0.12153846153846154,395,0.12153846153846154,1.0,395,395.0,395.0
item_run_0383,item_pca20_standardized_euclidean,20,pca20_standardized,euclidean,40,5.0,2.207449,3250,1,2627,0.8083076923076923,623,0.1916923076923077,623,0.1916923076923077,1.0,623,623.0,623.0
item_run_0384,item_pca20_standardized_euclidean,20,pca20_standardized,euclidean,40,10.0,2.438266,3250,1,2295,0.7061538461538461,955,0.29384615384615387,955,0.29384615384615387,1.0,955,955.0,955.0
item_run_0385,item_pca20_standardized_euclidean,20,pca20_standardized,euclidean,40,15.0,2.606527,3250,1,2022,0.6221538461538462,1228,0.37784615384615383,1228,0.37784615384615383,1.0,1228,1228.0,1228.0
item_run_0386,item_pca20_standardized_euclidean,20,pca20_standardized,euclidean,40,20.0,2.755448,3250,1,1835,0.5646153846153846,1415,0.43538461538461537,1415,0.43538461538461537,1.0,1415,1415.0,1415.0
item_run_0387,item_pca20_standardized_euclidean,20,pca20_standardized,euclidean,40,25.0,2.884698,3250,1,1660,0.5107692307692308,1590,0.48923076923076925,1590,0.48923076923076925,1.0,1590,1590.0,1590.0
item_run_0388,item_pca20_standardized_euclidean,20,pca20_standardized,euclidean,40,30.0,3.020141,3250,1,1478,0.45476923076923076,1772,0.5452307692307692,1772,0.5452307692307692,1.0,1772,1772.0,1772.0
item_run_0389,item_pca20_standardized_euclidean,20,pca20_standardized,euclidean,40,35.0,3.134685,3250,1,1332,0.40984615384615386,1918,0.5901538461538461,1918,0.5901538461538461,1.0,1918,1918.0,1918.0
item_run_0390,item_pca20_standardized_euclidean,20,pca20_standardized,euclidean,40,40.0,3.275143,3250,1,1187,0.36523076923076925,2063,0.6347692307692308,2063,0.6347692307692308,1.0,2063,2063.0,2063.0
item_run_0391,item_pca20_standardized_euclidean,20,pca20_standardized,euclidean,40,45.0,3.423349,3250,1,1043,0.3209230769230769,2207,0.679076923076923,2207,0.679076923076923,1.0,2207,2207.0,2207.0
item_run_0392,item_pca20_standardized_euclidean,20,pca20_standardized,euclidean,40,50.0,3.56268,3250,1,912,0.2806153846153846,2338,0.7193846153846154,2338,0.7193846153846154,1.0,2338,2338.0,2338.0
item_run_0393,item_pca20_standardized_euclidean,20,pca20_standardized,euclidean,40,60.0,3.873094,3250,1,659,0.20276923076923076,2591,0.7972307692307692,2591,0.7972307692307692,1.0,2591,2591.0,2591.0
item_run_0394,item_pca20_standardized_euclidean,20,pca20_standardized,euclidean,40,70.0,4.277334,3250,1,453,0.13938461538461538,2797,0.8606153846153846,2797,0.8606153846153846,1.0,2797,2797.0,2797.0
item_run_0395,item_pca20_standardized_euclidean,20,pca20_standardized,euclidean,40,80.0,4.75059,3250,1,295,0.09076923076923077,2955,0.9092307692307692,2955,0.9092307692307692,1.0,2955,2955.0,2955.0
item_run_0396,item_pca20_standardized_euclidean,20,pca20_standardized,euclidean,40,85.0,5.14064,3250,1,214,0.06584615384615385,3036,0.9341538461538461,3036,0.9341538461538461,1.0,3036,3036.0,3036.0
item_run_0397,item_pca20_standardized_euclidean,20,pca20_standardized,euclidean,40,90.0,5.66745,3250,1,135,0.04153846153846154,3115,0.9584615384615385,3115,0.9584615384615385,1.0,3115,3115.0,3115.0
item_run_0398,item_pca20_standardized_euclidean,20,pca20_standardized,euclidean,40,95.0,6.623861,3250,1,52,0.016,3198,0.984,3198,0.984,1.0,3198,3198.0,3198.0
item_run_0399,item_pca20_standardized_euclidean,20,pca20_standardized,euclidean,40,99.0,8.620631,3250,1,7,0.0021538461538461538,3243,0.9978461538461538,3243,0.9978461538461538,1.0,3243,3243.0,3243.0
item_run_0400,item_pca20_standardized_l2_cosine,20,pca20_standardized_l2,cosine,5,1.0,0.201633,3250,3,3164,0.9735384615384616,86,0.02646153846153846,76,0.023384615384615386,0.8837209302325582,5,5.0,28.666666666666668
item_run_0401,item_pca20_standardized_l2_cosine,20,pca20_standardized_l2,cosine,5,2.5,0.229497,3250,7,3068,0.944,182,0.056,124,0.038153846153846156,0.6813186813186813,5,11.0,26.0
item_run_0402,item_pca20_standardized_l2_cosine,20,pca20_standardized_l2,cosine,5,5.0,0.262351,3250,15,2884,0.8873846153846154,366,0.11261538461538462,245,0.07538461538461538,0.6693989071038251,4,5.0,24.4
item_run_0403,item_pca20_standardized_l2_cosine,20,pca20_standardized_l2,cosine,5,10.0,0.293411,3250,33,2540,0.7815384615384615,710,0.21846153846153846,392,0.12061538461538461,0.5521126760563381,2,6.0,21.515151515151516
item_run_0404,item_pca20_standardized_l2_cosine,20,pca20_standardized_l2,cosine,5,15.0,0.311232,3250,45,2173,0.6686153846153846,1077,0.3313846153846154,562,0.17292307692307693,0.5218198700092851,4,5.0,23.933333333333334
item_run_0405,item_pca20_standardized_l2_cosine,20,pca20_standardized_l2,cosine,5,20.0,0.321323,3250,67,1775,0.5461538461538461,1475,0.45384615384615384,853,0.26246153846153847,0.5783050847457627,1,5.0,22.01492537313433
item_run_0406,item_pca20_standardized_l2_cosine,20,pca20_standardized_l2,cosine,5,25.0,0.330039,3250,58,1463,0.4501538461538461,1787,0.5498461538461539,1413,0.4347692307692308,0.7907106883044208,2,5.0,30.810344827586206
item_run_0407,item_pca20_standardized_l2_cosine,20,pca20_standardized_l2,cosine,5,30.0,0.336855,3250,46,1171,0.36030769230769233,2079,0.6396923076923077,1802,0.5544615384615385,0.8667628667628667,2,5.0,45.19565217391305
item_run_0408,item_pca20_standardized_l2_cosine,20,pca20_standardized_l2,cosine,5,35.0,0.343029,3250,33,927,0.28523076923076923,2323,0.7147692307692308,2140,0.6584615384615384,0.9212225570383126,2,5.0,70.39393939393939
item_run_0409,item_pca20_standardized_l2_cosine,20,pca20_standardized_l2,cosine,5,40.0,0.347832,3250,21,698,0.21476923076923077,2552,0.7852307692307692,2459,0.7566153846153846,0.9635579937304075,2,5.0,121.52380952380952
item_run_0410,item_pca20_standardized_l2_cosine,20,pca20_standardized_l2,cosine,5,45.0,0.352623,3250,14,533,0.164,2717,0.836,2666,0.8203076923076923,0.9812292970187707,2,3.0,194.07142857142858
item_run_0411,item_pca20_standardized_l2_cosine,20,pca20_standardized_l2,cosine,5,50.0,0.357147,3250,10,404,0.12430769230769231,2846,0.8756923076923077,2816,0.8664615384615385,0.9894588896697118,1,3.5,284.6
item_run_0412,item_pca20_standardized_l2_cosine,20,pca20_standardized_l2,cosine,5,60.0,0.365392,3250,3,216,0.06646153846153846,3034,0.9335384615384615,3030,0.9323076923076923,0.998681608437706,2,2.0,1011.3333333333334
item_run_0413,item_pca20_standardized_l2_cosine,20,pca20_standardized_l2,cosine,5,70.0,0.374025,3250,2,94,0.028923076923076923,3156,0.9710769230769231,3155,0.9707692307692307,0.9996831432192649,1,1578.0,1578.0
item_run_0414,item_pca20_standardized_l2_cosine,20,pca20_standardized_l2,cosine,5,80.0,0.382895,3250,1,39,0.012,3211,0.988,3211,0.988,1.0,3211,3211.0,3211.0
item_run_0415,item_pca20_standardized_l2_cosine,20,pca20_standardized_l2,cosine,5,85.0,0.387675,3250,1,26,0.008,3224,0.992,3224,0.992,1.0,3224,3224.0,3224.0
item_run_0416,item_pca20_standardized_l2_cosine,20,pca20_standardized_l2,cosine,5,90.0,0.394281,3250,1,10,0.003076923076923077,3240,0.9969230769230769,3240,0.9969230769230769,1.0,3240,3240.0,3240.0
item_run_0417,item_pca20_standardized_l2_cosine,20,pca20_standardized_l2,cosine,5,95.0,0.403998,3250,1,2,0.0006153846153846154,3248,0.9993846153846154,3248,0.9993846153846154,1.0,3248,3248.0,3248.0
item_run_0418,item_pca20_standardized_l2_cosine,20,pca20_standardized_l2,cosine,5,99.0,0.420797,3250,1,1,0.0003076923076923077,3249,0.9996923076923077,3249,0.9996923076923077,1.0,3249,3249.0,3249.0
item_run_0419,item_pca20_standardized_l2_cosine,20,pca20_standardized_l2,cosine,11,1.0,0.249048,3250,2,3121,0.9603076923076923,129,0.03969230769230769,119,0.03661538461538461,0.9224806201550387,10,64.5,64.5
item_run_0420,item_pca20_standardized_l2_cosine,20,pca20_standardized_l2,cosine,11,2.5,0.28174,3250,2,3002,0.9236923076923077,248,0.07630769230769231,231,0.07107692307692308,0.9314516129032258,17,124.0,124.0
item_run_0421,item_pca20_standardized_l2_cosine,20,pca20_standardized_l2,cosine,11,5.0,0.316629,3250,3,2796,0.8603076923076923,454,0.1396923076923077,375,0.11538461538461539,0.8259911894273128,25,54.0,151.33333333333334
item_run_0422,item_pca20_standardized_l2_cosine,20,pca20_standardized_l2,cosine,11,10.0,0.352634,3250,10,2283,0.7024615384615385,967,0.29753846153846153,621,0.1910769230769231,0.6421923474663909,8,15.5,96.7
item_run_0423,item_pca20_standardized_l2_cosine,20,pca20_standardized_l2,cosine,11,15.0,0.36987,3250,14,1702,0.5236923076923077,1548,0.4763076923076923,1373,0.42246153846153844,0.8869509043927648,8,10.0,110.57142857142857
item_run_0424,item_pca20_standardized_l2_cosine,20,pca20_standardized_l2,cosine,11,20.0,0.380516,3250,11,1179,0.3627692307692308,2071,0.6372307692307693,1988,0.6116923076923076,0.9599227426364075,5,7.0,188.27272727272728
item_run_0425,item_pca20_standardized_l2_cosine,20,pca20_standardized_l2,cosine,11,25.0,0.387984,3250,14,763,0.23476923076923076,2487,0.7652307692307693,2385,0.7338461538461538,0.9589867310012062,4,6.0,177.64285714285714
item_run_0426,item_pca20_standardized_l2_cosine,20,pca20_standardized_l2,cosine,11,30.0,0.39375,3250,7,482,0.1483076923076923,2768,0.8516923076923076,2742,0.8436923076923077,0.990606936416185,4,4.0,395.42857142857144
item_run_0427,item_pca20_standardized_l2_cosine,20,pca20_standardized_l2,cosine,11,35.0,0.398194,3250,6,285,0.0876923076923077,2965,0.9123076923076923,2947,0.9067692307692308,0.993929173693086,2,4.0,494.1666666666667
item_run_0428,item_pca20_standardized_l2_cosine,20,pca20_standardized_l2,cosine,11,40.0,0.402495,3250,5,170,0.052307692307692305,3080,0.9476923076923077,3070,0.9446153846153846,0.9967532467532467,1,3.0,616.0
item_run_0429,item_pca20_standardized_l2_cosine,20,pca20_standardized_l2,cosine,11,45.0,0.406262,3250,1,95,0.02923076923076923,3155,0.9707692307692307,3155,0.9707692307692307,1.0,3155,3155.0,3155.0
item_run_0430,item_pca20_standardized_l2_cosine,20,pca20_standardized_l2,cosine,11,50.0,0.409641,3250,1,53,0.016307692307692308,3197,0.9836923076923076,3197,0.9836923076923076,1.0,3197,3197.0,3197.0
item_run_0431,item_pca20_standardized_l2_cosine,20,pca20_standardized_l2,cosine,11,60.0,0.416787,3250,1,11,0.003384615384615385,3239,0.9966153846153846,3239,0.9966153846153846,1.0,3239,3239.0,3239.0
item_run_0432,item_pca20_standardized_l2_cosine,20,pca20_standardized_l2,cosine,11,70.0,0.423807,3250,1,2,0.0006153846153846154,3248,0.9993846153846154,3248,0.9993846153846154,1.0,3248,3248.0,3248.0
item_run_0433,item_pca20_standardized_l2_cosine,20,pca20_standardized_l2,cosine,11,80.0,0.430469,3250,1,1,0.0003076923076923077,3249,0.9996923076923077,3249,0.9996923076923077,1.0,3249,3249.0,3249.0
item_run_0434,item_pca20_standardized_l2_cosine,20,pca20_standardized_l2,cosine,11,85.0,0.434298,3250,1,0,0.0,3250,1.0,3250,1.0,1.0,3250,3250.0,3250.0
item_run_0435,item_pca20_standardized_l2_cosine,20,pca20_standardized_l2,cosine,11,90.0,0.439791,3250,1,0,0.0,3250,1.0,3250,1.0,1.0,3250,3250.0,3250.0
item_run_0436,item_pca20_standardized_l2_cosine,20,pca20_standardized_l2,cosine,11,95.0,0.447584,3250,1,0,0.0,3250,1.0,3250,1.0,1.0,3250,3250.0,3250.0
item_run_0437,item_pca20_standardized_l2_cosine,20,pca20_standardized_l2,cosine,11,99.0,0.459767,3250,1,0,0.0,3250,1.0,3250,1.0,1.0,3250,3250.0,3250.0
item_run_0438,item_pca20_standardized_l2_cosine,20,pca20_standardized_l2,cosine,21,1.0,0.284214,3250,1,3080,0.9476923076923077,170,0.052307692307692305,170,0.052307692307692305,1.0,170,170.0,170.0
item_run_0439,item_pca20_standardized_l2_cosine,20,pca20_standardized_l2,cosine,21,2.5,0.323332,3250,1,2945,0.9061538461538462,305,0.09384615384615384,305,0.09384615384615384,1.0,305,305.0,305.0
item_run_0440,item_pca20_standardized_l2_cosine,20,pca20_standardized_l2,cosine,21,5.0,0.361321,3250,3,2686,0.8264615384615385,564,0.17353846153846153,491,0.15107692307692308,0.8705673758865248,24,49.0,188.0
item_run_0441,item_pca20_standardized_l2_cosine,20,pca20_standardized_l2,cosine,21,10.0,0.400303,3250,4,2053,0.6316923076923077,1197,0.3683076923076923,884,0.272,0.7385129490392648,19,147.0,299.25
item_run_0442,item_pca20_standardized_l2_cosine,20,pca20_standardized_l2,cosine,21,15.0,0.418906,3250,8,1384,0.4258461538461538,1866,0.5741538461538461,1360,0.41846153846153844,0.7288317256162915,12,23.0,233.25
item_run_0443,item_pca20_standardized_l2_cosine,20,pca20_standardized_l2,cosine,21,20.0,0.428372,3250,4,707,0.21753846153846154,2543,0.7824615384615384,2493,0.7670769230769231,0.9803381832481322,13,18.5,635.75
item_run_0444,item_pca20_standardized_l2_cosine,20,pca20_standardized_l2,cosine,21,25.0,0.43533,3250,2,350,0.1076923076923077,2900,0.8923076923076924,2895,0.8907692307692308,0.9982758620689656,5,1450.0,1450.0
item_run_0445,item_pca20_standardized_l2_cosine,20,pca20_standardized_l2,cosine,21,30.0,0.440624,3250,2,149,0.04584615384615385,3101,0.9541538461538461,3098,0.9532307692307692,0.999032570138665,3,1550.5,1550.5
item_run_0446,item_pca20_standardized_l2_cosine,20,pca20_standardized_l2,cosine,21,35.0,0.445023,3250,1,59,0.018153846153846152,3191,0.9818461538461538,3191,0.9818461538461538,1.0,3191,3191.0,3191.0
item_run_0447,item_pca20_standardized_l2_cosine,20,pca20_standardized_l2,cosine,21,40.0,0.448591,3250,1,23,0.007076923076923077,3227,0.9929230769230769,3227,0.9929230769230769,1.0,3227,3227.0,3227.0
item_run_0448,item_pca20_standardized_l2_cosine,20,pca20_standardized_l2,cosine,21,45.0,0.45143,3250,1,6,0.0018461538461538461,3244,0.9981538461538462,3244,0.9981538461538462,1.0,3244,3244.0,3244.0
item_run_0449,item_pca20_standardized_l2_cosine,20,pca20_standardized_l2,cosine,21,50.0,0.454648,3250,1,2,0.0006153846153846154,3248,0.9993846153846154,3248,0.9993846153846154,1.0,3248,3248.0,3248.0
item_run_0450,item_pca20_standardized_l2_cosine,20,pca20_standardized_l2,cosine,21,60.0,0.460156,3250,1,1,0.0003076923076923077,3249,0.9996923076923077,3249,0.9996923076923077,1.0,3249,3249.0,3249.0
item_run_0451,item_pca20_standardized_l2_cosine,20,pca20_standardized_l2,cosine,21,70.0,0.466162,3250,1,0,0.0,3250,1.0,3250,1.0,1.0,3250,3250.0,3250.0
item_run_0452,item_pca20_standardized_l2_cosine,20,pca20_standardized_l2,cosine,21,80.0,0.471833,3250,1,0,0.0,3250,1.0,3250,1.0,1.0,3250,3250.0,3250.0
item_run_0453,item_pca20_standardized_l2_cosine,20,pca20_standardized_l2,cosine,21,85.0,0.475032,3250,1,0,0.0,3250,1.0,3250,1.0,1.0,3250,3250.0,3250.0
item_run_0454,item_pca20_standardized_l2_cosine,20,pca20_standardized_l2,cosine,21,90.0,0.479126,3250,1,0,0.0,3250,1.0,3250,1.0,1.0,3250,3250.0,3250.0
item_run_0455,item_pca20_standardized_l2_cosine,20,pca20_standardized_l2,cosine,21,95.0,0.486069,3250,1,0,0.0,3250,1.0,3250,1.0,1.0,3250,3250.0,3250.0
item_run_0456,item_pca20_standardized_l2_cosine,20,pca20_standardized_l2,cosine,21,99.0,0.496651,3250,1,0,0.0,3250,1.0,3250,1.0,1.0,3250,3250.0,3250.0
item_run_0457,item_pca20_standardized_l2_cosine,20,pca20_standardized_l2,cosine,40,1.0,0.32751,3250,1,3016,0.928,234,0.072,234,0.072,1.0,234,234.0,234.0
item_run_0458,item_pca20_standardized_l2_cosine,20,pca20_standardized_l2,cosine,40,2.5,0.368442,3250,1,2851,0.8772307692307693,399,0.12276923076923077,399,0.12276923076923077,1.0,399,399.0,399.0
item_run_0459,item_pca20_standardized_l2_cosine,20,pca20_standardized_l2,cosine,40,5.0,0.407836,3250,2,2542,0.7821538461538462,708,0.21784615384615386,635,0.19538461538461538,0.8968926553672316,73,354.0,354.0
item_run_0460,item_pca20_standardized_l2_cosine,20,pca20_standardized_l2,cosine,40,10.0,0.448963,3250,2,1786,0.5495384615384615,1464,0.45046153846153847,1124,0.34584615384615386,0.76775956284153,340,732.0,732.0
item_run_0461,item_pca20_standardized_l2_cosine,20,pca20_standardized_l2,cosine,40,15.0,0.469607,3250,2,972,0.2990769230769231,2278,0.7009230769230769,2258,0.6947692307692308,0.9912203687445127,20,1139.0,1139.0
item_run_0462,item_pca20_standardized_l2_cosine,20,pca20_standardized_l2,cosine,40,20.0,0.479362,3250,2,381,0.11723076923076924,2869,0.8827692307692308,2857,0.8790769230769231,0.9958173579644476,12,1434.5,1434.5
item_run_0463,item_pca20_standardized_l2_cosine,20,pca20_standardized_l2,cosine,40,25.0,0.486142,3250,1,116,0.03569230769230769,3134,0.9643076923076923,3134,0.9643076923076923,1.0,3134,3134.0,3134.0
item_run_0464,item_pca20_standardized_l2_cosine,20,pca20_standardized_l2,cosine,40,30.0,0.490262,3250,1,35,0.010769230769230769,3215,0.9892307692307692,3215,0.9892307692307692,1.0,3215,3215.0,3215.0
item_run_0465,item_pca20_standardized_l2_cosine,20,pca20_standardized_l2,cosine,40,35.0,0.494035,3250,1,7,0.0021538461538461538,3243,0.9978461538461538,3243,0.9978461538461538,1.0,3243,3243.0,3243.0
item_run_0466,item_pca20_standardized_l2_cosine,20,pca20_standardized_l2,cosine,40,40.0,0.497389,3250,1,2,0.0006153846153846154,3248,0.9993846153846154,3248,0.9993846153846154,1.0,3248,3248.0,3248.0
item_run_0467,item_pca20_standardized_l2_cosine,20,pca20_standardized_l2,cosine,40,45.0,0.499963,3250,1,0,0.0,3250,1.0,3250,1.0,1.0,3250,3250.0,3250.0
item_run_0468,item_pca20_standardized_l2_cosine,20,pca20_standardized_l2,cosine,40,50.0,0.50259,3250,1,0,0.0,3250,1.0,3250,1.0,1.0,3250,3250.0,3250.0
item_run_0469,item_pca20_standardized_l2_cosine,20,pca20_standardized_l2,cosine,40,60.0,0.507083,3250,1,0,0.0,3250,1.0,3250,1.0,1.0,3250,3250.0,3250.0
item_run_0470,item_pca20_standardized_l2_cosine,20,pca20_standardized_l2,cosine,40,70.0,0.511423,3250,1,0,0.0,3250,1.0,3250,1.0,1.0,3250,3250.0,3250.0
item_run_0471,item_pca20_standardized_l2_cosine,20,pca20_standardized_l2,cosine,40,80.0,0.517207,3250,1,0,0.0,3250,1.0,3250,1.0,1.0,3250,3250.0,3250.0
item_run_0472,item_pca20_standardized_l2_cosine,20,pca20_standardized_l2,cosine,40,85.0,0.519896,3250,1,0,0.0,3250,1.0,3250,1.0,1.0,3250,3250.0,3250.0
item_run_0473,item_pca20_standardized_l2_cosine,20,pca20_standardized_l2,cosine,40,90.0,0.52328,3250,1,0,0.0,3250,1.0,3250,1.0,1.0,3250,3250.0,3250.0
item_run_0474,item_pca20_standardized_l2_cosine,20,pca20_standardized_l2,cosine,40,95.0,0.528597,3250,1,0,0.0,3250,1.0,3250,1.0,1.0,3250,3250.0,3250.0
item_run_0475,item_pca20_standardized_l2_cosine,20,pca20_standardized_l2,cosine,40,99.0,0.537611,3250,1,0,0.0,3250,1.0,3250,1.0,1.0,3250,3250.0,3250.0
item_run_0476,item_pca30_l2_cosine,30,pca30_l2,cosine,5,1.0,0.023572,3250,2,3181,0.9787692307692307,69,0.02123076923076923,64,0.019692307692307693,0.927536231884058,5,34.5,34.5
item_run_0477,item_pca30_l2_cosine,30,pca30_l2,cosine,5,2.5,0.030996,3250,1,3112,0.9575384615384616,138,0.04246153846153846,138,0.04246153846153846,1.0,138,138.0,138.0
item_run_0478,item_pca30_l2_cosine,30,pca30_l2,cosine,5,5.0,0.041883,3250,2,3031,0.9326153846153846,219,0.06738461538461539,214,0.06584615384615385,0.9771689497716894,5,109.5,109.5
item_run_0479,item_pca30_l2_cosine,30,pca30_l2,cosine,5,10.0,0.064322,3250,2,2828,0.8701538461538462,422,0.12984615384615383,372,0.11446153846153846,0.8815165876777251,50,211.0,211.0
item_run_0480,item_pca30_l2_cosine,30,pca30_l2,cosine,5,15.0,0.084923,3250,2,2645,0.8138461538461539,605,0.18615384615384614,481,0.148,0.7950413223140496,124,302.5,302.5
item_run_0481,item_pca30_l2_cosine,30,pca30_l2,cosine,5,20.0,0.10951,3250,2,2446,0.7526153846153846,804,0.2473846153846154,588,0.18092307692307694,0.7313432835820896,216,402.0,402.0
item_run_0482,item_pca30_l2_cosine,30,pca30_l2,cosine,5,25.0,0.130584,3250,2,2292,0.7052307692307692,958,0.2947692307692308,655,0.20153846153846153,0.6837160751565762,303,479.0,479.0
item_run_0483,item_pca30_l2_cosine,30,pca30_l2,cosine,5,30.0,0.154298,3250,3,2081,0.6403076923076924,1169,0.3596923076923077,739,0.22738461538461538,0.632164242942686,7,423.0,389.6666666666667
item_run_0484,item_pca30_l2_cosine,30,pca30_l2,cosine,5,35.0,0.176297,3250,3,1863,0.5732307692307692,1387,0.4267692307692308,830,0.2553846153846154,0.5984138428262437,9,548.0,462.3333333333333
item_run_0485,item_pca30_l2_cosine,30,pca30_l2,cosine,5,40.0,0.193686,3250,3,1681,0.5172307692307693,1569,0.4827692307692308,909,0.2796923076923077,0.5793499043977055,12,648.0,523.0
item_run_0486,item_pca30_l2_cosine,30,pca30_l2,cosine,5,45.0,0.214,3250,4,1504,0.46276923076923077,1746,0.5372307692307692,976,0.30030769230769233,0.5589919816723941,5,382.5,436.5
item_run_0487,item_pca30_l2_cosine,30,pca30_l2,cosine,5,50.0,0.23483,3250,4,1325,0.4076923076923077,1925,0.5923076923076923,1913,0.5886153846153847,0.9937662337662337,3,4.5,481.25
item_run_0488,item_pca30_l2_cosine,30,pca30_l2,cosine,5,60.0,0.274499,3250,4,974,0.2996923076923077,2276,0.7003076923076923,2262,0.696,0.9938488576449912,3,5.5,569.0
item_run_0489,item_pca30_l2_cosine,30,pca30_l2,cosine,5,70.0,0.318735,3250,2,632,0.19446153846153846,2618,0.8055384615384615,2612,0.8036923076923077,0.9977081741787625,6,1309.0,1309.0
item_run_0490,item_pca30_l2_cosine,30,pca30_l2,cosine,5,80.0,0.361017,3250,1,366,0.11261538461538462,2884,0.8873846153846154,2884,0.8873846153846154,1.0,2884,2884.0,2884.0
item_run_0491,item_pca30_l2_cosine,30,pca30_l2,cosine,5,85.0,0.386693,3250,1,230,0.07076923076923076,3020,0.9292307692307692,3020,0.9292307692307692,1.0,3020,3020.0,3020.0
item_run_0492,item_pca30_l2_cosine,30,pca30_l2,cosine,5,90.0,0.415852,3250,1,128,0.039384615384615386,3122,0.9606153846153846,3122,0.9606153846153846,1.0,3122,3122.0,3122.0
item_run_0493,item_pca30_l2_cosine,30,pca30_l2,cosine,5,95.0,0.460914,3250,1,38,0.011692307692307693,3212,0.9883076923076923,3212,0.9883076923076923,1.0,3212,3212.0,3212.0
item_run_0494,item_pca30_l2_cosine,30,pca30_l2,cosine,5,99.0,0.518699,3250,1,2,0.0006153846153846154,3248,0.9993846153846154,3248,0.9993846153846154,1.0,3248,3248.0,3248.0
item_run_0495,item_pca30_l2_cosine,30,pca30_l2,cosine,16,1.0,0.031916,3250,1,3126,0.9618461538461538,124,0.038153846153846156,124,0.038153846153846156,1.0,124,124.0,124.0
item_run_0496,item_pca30_l2_cosine,30,pca30_l2,cosine,16,2.5,0.039826,3250,1,3064,0.9427692307692308,186,0.05723076923076923,186,0.05723076923076923,1.0,186,186.0,186.0
item_run_0497,item_pca30_l2_cosine,30,pca30_l2,cosine,16,5.0,0.052342,3250,1,2971,0.9141538461538462,279,0.08584615384615385,279,0.08584615384615385,1.0,279,279.0,279.0
item_run_0498,item_pca30_l2_cosine,30,pca30_l2,cosine,16,10.0,0.079227,3250,2,2738,0.8424615384615385,512,0.15753846153846154,444,0.1366153846153846,0.8671875,68,256.0,256.0
item_run_0499,item_pca30_l2_cosine,30,pca30_l2,cosine,16,15.0,0.103726,3250,2,2528,0.7778461538461539,722,0.22215384615384615,554,0.17046153846153847,0.7673130193905817,168,361.0,361.0
item_run_0500,item_pca30_l2_cosine,30,pca30_l2,cosine,16,20.0,0.129072,3250,2,2338,0.7193846153846154,912,0.2806153846153846,639,0.1966153846153846,0.7006578947368421,273,456.0,456.0
item_run_0501,item_pca30_l2_cosine,30,pca30_l2,cosine,16,25.0,0.152957,3250,2,2137,0.6575384615384615,1113,0.3424615384615385,724,0.22276923076923077,0.6504941599281222,389,556.5,556.5
item_run_0502,item_pca30_l2_cosine,30,pca30_l2,cosine,16,30.0,0.181436,3250,2,1859,0.572,1391,0.428,840,0.25846153846153846,0.603882099209202,551,695.5,695.5
item_run_0503,item_pca30_l2_cosine,30,pca30_l2,cosine,16,35.0,0.207397,3250,2,1672,0.5144615384615384,1578,0.48553846153846153,909,0.2796923076923077,0.5760456273764258,669,789.0,789.0
item_run_0504,item_pca30_l2_cosine,30,pca30_l2,cosine,16,40.0,0.227653,3250,2,1519,0.4673846153846154,1731,0.5326153846153846,974,0.2996923076923077,0.5626805314846909,757,865.5,865.5
item_run_0505,item_pca30_l2_cosine,30,pca30_l2,cosine,16,45.0,0.252073,3250,2,1308,0.4024615384615385,1942,0.5975384615384616,1052,0.32369230769230767,0.5417095777548918,890,971.0,971.0
item_run_0506,item_pca30_l2_cosine,30,pca30_l2,cosine,16,50.0,0.275842,3250,1,1089,0.33507692307692305,2161,0.664923076923077,2161,0.664923076923077,1.0,2161,2161.0,2161.0
item_run_0507,item_pca30_l2_cosine,30,pca30_l2,cosine,16,60.0,0.328024,3250,1,676,0.208,2574,0.792,2574,0.792,1.0,2574,2574.0,2574.0
item_run_0508,item_pca30_l2_cosine,30,pca30_l2,cosine,16,70.0,0.375633,3250,1,370,0.11384615384615385,2880,0.8861538461538462,2880,0.8861538461538462,1.0,2880,2880.0,2880.0
item_run_0509,item_pca30_l2_cosine,30,pca30_l2,cosine,16,80.0,0.422446,3250,1,156,0.048,3094,0.952,3094,0.952,1.0,3094,3094.0,3094.0
item_run_0510,item_pca30_l2_cosine,30,pca30_l2,cosine,16,85.0,0.449444,3250,1,89,0.027384615384615386,3161,0.9726153846153847,3161,0.9726153846153847,1.0,3161,3161.0,3161.0
item_run_0511,item_pca30_l2_cosine,30,pca30_l2,cosine,16,90.0,0.482238,3250,1,32,0.009846153846153846,3218,0.9901538461538462,3218,0.9901538461538462,1.0,3218,3218.0,3218.0
item_run_0512,item_pca30_l2_cosine,30,pca30_l2,cosine,16,95.0,0.526439,3250,1,2,0.0006153846153846154,3248,0.9993846153846154,3248,0.9993846153846154,1.0,3248,3248.0,3248.0
item_run_0513,item_pca30_l2_cosine,30,pca30_l2,cosine,16,99.0,0.59184,3250,1,0,0.0,3250,1.0,3250,1.0,1.0,3250,3250.0,3250.0
item_run_0514,item_pca30_l2_cosine,30,pca30_l2,cosine,31,1.0,0.038299,3250,1,3094,0.952,156,0.048,156,0.048,1.0,156,156.0,156.0
item_run_0515,item_pca30_l2_cosine,30,pca30_l2,cosine,31,2.5,0.046753,3250,1,3024,0.9304615384615385,226,0.06953846153846154,226,0.06953846153846154,1.0,226,226.0,226.0
item_run_0516,item_pca30_l2_cosine,30,pca30_l2,cosine,31,5.0,0.059532,3250,1,2927,0.9006153846153846,323,0.09938461538461539,323,0.09938461538461539,1.0,323,323.0,323.0
item_run_0517,item_pca30_l2_cosine,30,pca30_l2,cosine,31,10.0,0.089616,3250,2,2679,0.8243076923076923,571,0.1756923076923077,491,0.15107692307692308,0.8598949211908932,80,285.5,285.5
item_run_0518,item_pca30_l2_cosine,30,pca30_l2,cosine,31,15.0,0.116601,3250,2,2452,0.7544615384615385,798,0.24553846153846154,598,0.184,0.7493734335839599,200,399.0,399.0
item_run_0519,item_pca30_l2_cosine,30,pca30_l2,cosine,31,20.0,0.144335,3250,2,2233,0.687076923076923,1017,0.3129230769230769,685,0.21076923076923076,0.6735496558505408,332,508.5,508.5
item_run_0520,item_pca30_l2_cosine,30,pca30_l2,cosine,31,25.0,0.171511,3250,2,1997,0.6144615384615385,1253,0.38553846153846155,796,0.2449230769230769,0.6352753391859537,457,626.5,626.5
item_run_0521,item_pca30_l2_cosine,30,pca30_l2,cosine,31,30.0,0.199866,3250,2,1753,0.5393846153846154,1497,0.4606153846153846,887,0.27292307692307693,0.5925183700734803,610,748.5,748.5
item_run_0522,item_pca30_l2_cosine,30,pca30_l2,cosine,31,35.0,0.225656,3250,2,1577,0.48523076923076924,1673,0.5147692307692308,952,0.2929230769230769,0.5690376569037657,721,836.5,836.5
item_run_0523,item_pca30_l2_cosine,30,pca30_l2,cosine,31,40.0,0.249614,3250,2,1390,0.4276923076923077,1860,0.5723076923076923,1017,0.3129230769230769,0.5467741935483871,843,930.0,930.0
item_run_0524,item_pca30_l2_cosine,30,pca30_l2,cosine,31,45.0,0.276159,3250,2,1158,0.3563076923076923,2092,0.6436923076923077,1102,0.33907692307692305,0.5267686424474187,990,1046.0,1046.0
item_run_0525,item_pca30_l2_cosine,30,pca30_l2,cosine,31,50.0,0.301478,3250,2,959,0.29507692307692307,2291,0.7049230769230769,1186,0.3649230769230769,0.5176778699257966,1105,1145.5,1145.5
item_run_0526,item_pca30_l2_cosine,30,pca30_l2,cosine,31,60.0,0.358248,3250,1,534,0.16430769230769232,2716,0.8356923076923077,2716,0.8356923076923077,1.0,2716,2716.0,2716.0
item_run_0527,item_pca30_l2_cosine,30,pca30_l2,cosine,31,70.0,0.410154,3250,1,258,0.07938461538461539,2992,0.9206153846153846,2992,0.9206153846153846,1.0,2992,2992.0,2992.0
item_run_0528,item_pca30_l2_cosine,30,pca30_l2,cosine,31,80.0,0.459018,3250,1,92,0.028307692307692308,3158,0.9716923076923077,3158,0.9716923076923077,1.0,3158,3158.0,3158.0
item_run_0529,item_pca30_l2_cosine,30,pca30_l2,cosine,31,85.0,0.487474,3250,1,35,0.010769230769230769,3215,0.9892307692307692,3215,0.9892307692307692,1.0,3215,3215.0,3215.0
item_run_0530,item_pca30_l2_cosine,30,pca30_l2,cosine,31,90.0,0.522781,3250,1,3,0.0009230769230769231,3247,0.9990769230769231,3247,0.9990769230769231,1.0,3247,3247.0,3247.0
item_run_0531,item_pca30_l2_cosine,30,pca30_l2,cosine,31,95.0,0.567424,3250,1,0,0.0,3250,1.0,3250,1.0,1.0,3250,3250.0,3250.0
item_run_0532,item_pca30_l2_cosine,30,pca30_l2,cosine,31,99.0,0.632811,3250,1,0,0.0,3250,1.0,3250,1.0,1.0,3250,3250.0,3250.0
item_run_0533,item_pca30_l2_cosine,30,pca30_l2,cosine,60,1.0,0.046936,3250,1,3051,0.9387692307692308,199,0.06123076923076923,199,0.06123076923076923,1.0,199,199.0,199.0
item_run_0534,item_pca30_l2_cosine,30,pca30_l2,cosine,60,2.5,0.055398,3250,1,2976,0.9156923076923077,274,0.0843076923076923,274,0.0843076923076923,1.0,274,274.0,274.0
item_run_0535,item_pca30_l2_cosine,30,pca30_l2,cosine,60,5.0,0.068936,3250,1,2881,0.8864615384615384,369,0.11353846153846153,369,0.11353846153846153,1.0,369,369.0,369.0
item_run_0536,item_pca30_l2_cosine,30,pca30_l2,cosine,60,10.0,0.101298,3250,2,2658,0.8178461538461539,592,0.18215384615384617,532,0.1636923076923077,0.8986486486486487,60,296.0,296.0
item_run_0537,item_pca30_l2_cosine,30,pca30_l2,cosine,60,15.0,0.133489,3250,2,2374,0.7304615384615385,876,0.26953846153846156,642,0.19753846153846155,0.7328767123287672,234,438.0,438.0
item_run_0538,item_pca30_l2_cosine,30,pca30_l2,cosine,60,20.0,0.163571,3250,2,2112,0.6498461538461539,1138,0.35015384615384615,754,0.232,0.6625659050966608,384,569.0,569.0
item_run_0539,item_pca30_l2_cosine,30,pca30_l2,cosine,60,25.0,0.194108,3250,2,1836,0.564923076923077,1414,0.4350769230769231,863,0.26553846153846156,0.6103253182461104,551,707.0,707.0
item_run_0540,item_pca30_l2_cosine,30,pca30_l2,cosine,60,30.0,0.221491,3250,2,1645,0.5061538461538462,1605,0.4938461538461538,933,0.28707692307692306,0.5813084112149532,672,802.5,802.5
item_run_0541,item_pca30_l2_cosine,30,pca30_l2,cosine,60,35.0,0.249234,3250,2,1451,0.44646153846153847,1799,0.5535384615384615,1000,0.3076923076923077,0.5558643690939411,799,899.5,899.5
item_run_0542,item_pca30_l2_cosine,30,pca30_l2,cosine,60,40.0,0.275326,3250,2,1233,0.3793846153846154,2017,0.6206153846153846,1069,0.32892307692307693,0.5299950421417947,948,1008.5,1008.5
item_run_0543,item_pca30_l2_cosine,30,pca30_l2,cosine,60,45.0,0.302751,3250,2,1039,0.3196923076923077,2211,0.6803076923076923,1150,0.35384615384615387,0.5201266395296246,1061,1105.5,1105.5
item_run_0544,item_pca30_l2_cosine,30,pca30_l2,cosine,60,50.0,0.330948,3250,2,814,0.25046153846153846,2436,0.7495384615384615,1245,0.3830769230769231,0.5110837438423645,1191,1218.0,1218.0
item_run_0545,item_pca30_l2_cosine,30,pca30_l2,cosine,60,60.0,0.391363,3250,1,394,0.12123076923076923,2856,0.8787692307692307,2856,0.8787692307692307,1.0,2856,2856.0,2856.0
item_run_0546,item_pca30_l2_cosine,30,pca30_l2,cosine,60,70.0,0.44841,3250,1,157,0.04830769230769231,3093,0.9516923076923077,3093,0.9516923076923077,1.0,3093,3093.0,3093.0
item_run_0547,item_pca30_l2_cosine,30,pca30_l2,cosine,60,80.0,0.499819,3250,1,33,0.010153846153846154,3217,0.9898461538461538,3217,0.9898461538461538,1.0,3217,3217.0,3217.0
item_run_0548,item_pca30_l2_cosine,30,pca30_l2,cosine,60,85.0,0.527631,3250,1,7,0.0021538461538461538,3243,0.9978461538461538,3243,0.9978461538461538,1.0,3243,3243.0,3243.0
item_run_0549,item_pca30_l2_cosine,30,pca30_l2,cosine,60,90.0,0.567972,3250,1,0,0.0,3250,1.0,3250,1.0,1.0,3250,3250.0,3250.0
item_run_0550,item_pca30_l2_cosine,30,pca30_l2,cosine,60,95.0,0.610661,3250,1,0,0.0,3250,1.0,3250,1.0,1.0,3250,3250.0,3250.0
item_run_0551,item_pca30_l2_cosine,30,pca30_l2,cosine,60,99.0,0.674372,3250,1,0,0.0,3250,1.0,3250,1.0,1.0,3250,3250.0,3250.0
item_run_0552,item_pca30_standardized_euclidean,30,pca30_standardized,euclidean,5,1.0,1.863644,3250,1,3180,0.9784615384615385,70,0.021538461538461538,70,0.021538461538461538,1.0,70,70.0,70.0
item_run_0553,item_pca30_standardized_euclidean,30,pca30_standardized,euclidean,5,2.5,2.114764,3250,1,3117,0.959076923076923,133,0.04092307692307692,133,0.04092307692307692,1.0,133,133.0,133.0
item_run_0554,item_pca30_standardized_euclidean,30,pca30_standardized,euclidean,5,5.0,2.372476,3250,1,3013,0.9270769230769231,237,0.07292307692307692,237,0.07292307692307692,1.0,237,237.0,237.0
item_run_0555,item_pca30_standardized_euclidean,30,pca30_standardized,euclidean,5,10.0,2.699917,3250,1,2792,0.8590769230769231,458,0.14092307692307693,458,0.14092307692307693,1.0,458,458.0,458.0
item_run_0556,item_pca30_standardized_euclidean,30,pca30_standardized,euclidean,5,15.0,2.947535,3250,1,2562,0.7883076923076923,688,0.21169230769230768,688,0.21169230769230768,1.0,688,688.0,688.0
item_run_0557,item_pca30_standardized_euclidean,30,pca30_standardized,euclidean,5,20.0,3.150451,3250,1,2345,0.7215384615384616,905,0.2784615384615385,905,0.2784615384615385,1.0,905,905.0,905.0
item_run_0558,item_pca30_standardized_euclidean,30,pca30_standardized,euclidean,5,25.0,3.319886,3250,1,2199,0.6766153846153846,1051,0.3233846153846154,1051,0.3233846153846154,1.0,1051,1051.0,1051.0
item_run_0559,item_pca30_standardized_euclidean,30,pca30_standardized,euclidean,5,30.0,3.488166,3250,1,2024,0.6227692307692307,1226,0.37723076923076926,1226,0.37723076923076926,1.0,1226,1226.0,1226.0
item_run_0560,item_pca30_standardized_euclidean,30,pca30_standardized,euclidean,5,35.0,3.640478,3250,1,1853,0.5701538461538461,1397,0.4298461538461538,1397,0.4298461538461538,1.0,1397,1397.0,1397.0
item_run_0561,item_pca30_standardized_euclidean,30,pca30_standardized,euclidean,5,40.0,3.825556,3250,1,1685,0.5184615384615384,1565,0.4815384615384615,1565,0.4815384615384615,1.0,1565,1565.0,1565.0
item_run_0562,item_pca30_standardized_euclidean,30,pca30_standardized,euclidean,5,45.0,3.986353,3250,1,1550,0.47692307692307695,1700,0.5230769230769231,1700,0.5230769230769231,1.0,1700,1700.0,1700.0
item_run_0563,item_pca30_standardized_euclidean,30,pca30_standardized,euclidean,5,50.0,4.180882,3250,1,1375,0.4230769230769231,1875,0.5769230769230769,1875,0.5769230769230769,1.0,1875,1875.0,1875.0
item_run_0564,item_pca30_standardized_euclidean,30,pca30_standardized,euclidean,5,60.0,4.585578,3250,1,1057,0.3252307692307692,2193,0.6747692307692308,2193,0.6747692307692308,1.0,2193,2193.0,2193.0
item_run_0565,item_pca30_standardized_euclidean,30,pca30_standardized,euclidean,5,70.0,5.056169,3250,1,751,0.23107692307692307,2499,0.7689230769230769,2499,0.7689230769230769,1.0,2499,2499.0,2499.0
item_run_0566,item_pca30_standardized_euclidean,30,pca30_standardized,euclidean,5,80.0,5.605936,3250,1,507,0.156,2743,0.844,2743,0.844,1.0,2743,2743.0,2743.0
item_run_0567,item_pca30_standardized_euclidean,30,pca30_standardized,euclidean,5,85.0,6.064861,3250,1,378,0.1163076923076923,2872,0.8836923076923077,2872,0.8836923076923077,1.0,2872,2872.0,2872.0
item_run_0568,item_pca30_standardized_euclidean,30,pca30_standardized,euclidean,5,90.0,6.669095,3250,1,243,0.07476923076923077,3007,0.9252307692307692,3007,0.9252307692307692,1.0,3007,3007.0,3007.0
item_run_0569,item_pca30_standardized_euclidean,30,pca30_standardized,euclidean,5,95.0,7.755322,3250,1,105,0.03230769230769231,3145,0.9676923076923077,3145,0.9676923076923077,1.0,3145,3145.0,3145.0
item_run_0570,item_pca30_standardized_euclidean,30,pca30_standardized,euclidean,5,99.0,9.883631,3250,1,17,0.005230769230769231,3233,0.9947692307692307,3233,0.9947692307692307,1.0,3233,3233.0,3233.0
item_run_0571,item_pca30_standardized_euclidean,30,pca30_standardized,euclidean,16,1.0,2.132169,3250,1,3123,0.9609230769230769,127,0.03907692307692308,127,0.03907692307692308,1.0,127,127.0,127.0
item_run_0572,item_pca30_standardized_euclidean,30,pca30_standardized,euclidean,16,2.5,2.375885,3250,1,3024,0.9304615384615385,226,0.06953846153846154,226,0.06953846153846154,1.0,226,226.0,226.0
item_run_0573,item_pca30_standardized_euclidean,30,pca30_standardized,euclidean,16,5.0,2.606782,3250,1,2881,0.8864615384615384,369,0.11353846153846153,369,0.11353846153846153,1.0,369,369.0,369.0
item_run_0574,item_pca30_standardized_euclidean,30,pca30_standardized,euclidean,16,10.0,2.93682,3250,1,2603,0.800923076923077,647,0.19907692307692307,647,0.19907692307692307,1.0,647,647.0,647.0
item_run_0575,item_pca30_standardized_euclidean,30,pca30_standardized,euclidean,16,15.0,3.174519,3250,1,2345,0.7215384615384616,905,0.2784615384615385,905,0.2784615384615385,1.0,905,905.0,905.0
item_run_0576,item_pca30_standardized_euclidean,30,pca30_standardized,euclidean,16,20.0,3.368046,3250,1,2179,0.6704615384615384,1071,0.32953846153846156,1071,0.32953846153846156,1.0,1071,1071.0,1071.0
item_run_0577,item_pca30_standardized_euclidean,30,pca30_standardized,euclidean,16,25.0,3.550353,3250,1,1974,0.6073846153846154,1276,0.3926153846153846,1276,0.3926153846153846,1.0,1276,1276.0,1276.0
item_run_0578,item_pca30_standardized_euclidean,30,pca30_standardized,euclidean,16,30.0,3.719704,3250,1,1788,0.5501538461538461,1462,0.44984615384615384,1462,0.44984615384615384,1.0,1462,1462.0,1462.0
item_run_0579,item_pca30_standardized_euclidean,30,pca30_standardized,euclidean,16,35.0,3.883917,3250,1,1645,0.5061538461538462,1605,0.4938461538461538,1605,0.4938461538461538,1.0,1605,1605.0,1605.0
item_run_0580,item_pca30_standardized_euclidean,30,pca30_standardized,euclidean,16,40.0,4.073585,3250,1,1477,0.4544615384615385,1773,0.5455384615384615,1773,0.5455384615384615,1.0,1773,1773.0,1773.0
item_run_0581,item_pca30_standardized_euclidean,30,pca30_standardized,euclidean,16,45.0,4.246697,3250,1,1345,0.41384615384615386,1905,0.5861538461538461,1905,0.5861538461538461,1.0,1905,1905.0,1905.0
item_run_0582,item_pca30_standardized_euclidean,30,pca30_standardized,euclidean,16,50.0,4.442924,3250,1,1179,0.3627692307692308,2071,0.6372307692307693,2071,0.6372307692307693,1.0,2071,2071.0,2071.0
item_run_0583,item_pca30_standardized_euclidean,30,pca30_standardized,euclidean,16,60.0,4.863011,3250,1,892,0.2744615384615385,2358,0.7255384615384616,2358,0.7255384615384616,1.0,2358,2358.0,2358.0
item_run_0584,item_pca30_standardized_euclidean,30,pca30_standardized,euclidean,16,70.0,5.329647,3250,1,619,0.19046153846153846,2631,0.8095384615384615,2631,0.8095384615384615,1.0,2631,2631.0,2631.0
item_run_0585,item_pca30_standardized_euclidean,30,pca30_standardized,euclidean,16,80.0,5.939833,3250,1,422,0.12984615384615383,2828,0.8701538461538462,2828,0.8701538461538462,1.0,2828,2828.0,2828.0
item_run_0586,item_pca30_standardized_euclidean,30,pca30_standardized,euclidean,16,85.0,6.383077,3250,1,297,0.09138461538461538,2953,0.9086153846153846,2953,0.9086153846153846,1.0,2953,2953.0,2953.0
item_run_0587,item_pca30_standardized_euclidean,30,pca30_standardized,euclidean,16,90.0,7.031801,3250,1,190,0.05846153846153846,3060,0.9415384615384615,3060,0.9415384615384615,1.0,3060,3060.0,3060.0
item_run_0588,item_pca30_standardized_euclidean,30,pca30_standardized,euclidean,16,95.0,8.155994,3250,1,80,0.024615384615384615,3170,0.9753846153846154,3170,0.9753846153846154,1.0,3170,3170.0,3170.0
item_run_0589,item_pca30_standardized_euclidean,30,pca30_standardized,euclidean,16,99.0,10.292065,3250,1,13,0.004,3237,0.996,3237,0.996,1.0,3237,3237.0,3237.0
item_run_0590,item_pca30_standardized_euclidean,30,pca30_standardized,euclidean,31,1.0,2.326006,3250,1,3063,0.9424615384615385,187,0.05753846153846154,187,0.05753846153846154,1.0,187,187.0,187.0
item_run_0591,item_pca30_standardized_euclidean,30,pca30_standardized,euclidean,31,2.5,2.534765,3250,1,2947,0.9067692307692308,303,0.09323076923076923,303,0.09323076923076923,1.0,303,303.0,303.0
item_run_0592,item_pca30_standardized_euclidean,30,pca30_standardized,euclidean,31,5.0,2.77069,3250,1,2769,0.852,481,0.148,481,0.148,1.0,481,481.0,481.0
item_run_0593,item_pca30_standardized_euclidean,30,pca30_standardized,euclidean,31,10.0,3.084369,3250,1,2471,0.7603076923076924,779,0.2396923076923077,779,0.2396923076923077,1.0,779,779.0,779.0
item_run_0594,item_pca30_standardized_euclidean,30,pca30_standardized,euclidean,31,15.0,3.315266,3250,1,2247,0.6913846153846154,1003,0.3086153846153846,1003,0.3086153846153846,1.0,1003,1003.0,1003.0
item_run_0595,item_pca30_standardized_euclidean,30,pca30_standardized,euclidean,31,20.0,3.498763,3250,1,2051,0.6310769230769231,1199,0.3689230769230769,1199,0.3689230769230769,1.0,1199,1199.0,1199.0
item_run_0596,item_pca30_standardized_euclidean,30,pca30_standardized,euclidean,31,25.0,3.6798,3250,1,1842,0.5667692307692308,1408,0.43323076923076925,1408,0.43323076923076925,1.0,1408,1408.0,1408.0
item_run_0597,item_pca30_standardized_euclidean,30,pca30_standardized,euclidean,31,30.0,3.858534,3250,1,1679,0.5166153846153846,1571,0.48338461538461536,1571,0.48338461538461536,1.0,1571,1571.0,1571.0
item_run_0598,item_pca30_standardized_euclidean,30,pca30_standardized,euclidean,31,35.0,4.027096,3250,1,1531,0.47107692307692306,1719,0.5289230769230769,1719,0.5289230769230769,1.0,1719,1719.0,1719.0
item_run_0599,item_pca30_standardized_euclidean,30,pca30_standardized,euclidean,31,40.0,4.208675,3250,1,1373,0.42246153846153844,1877,0.5775384615384616,1877,0.5775384615384616,1.0,1877,1877.0,1877.0
item_run_0600,item_pca30_standardized_euclidean,30,pca30_standardized,euclidean,31,45.0,4.387828,3250,1,1236,0.3803076923076923,2014,0.6196923076923077,2014,0.6196923076923077,1.0,2014,2014.0,2014.0
item_run_0601,item_pca30_standardized_euclidean,30,pca30_standardized,euclidean,31,50.0,4.581767,3250,1,1087,0.3344615384615385,2163,0.6655384615384615,2163,0.6655384615384615,1.0,2163,2163.0,2163.0
item_run_0602,item_pca30_standardized_euclidean,30,pca30_standardized,euclidean,31,60.0,5.013684,3250,1,794,0.2443076923076923,2456,0.7556923076923077,2456,0.7556923076923077,1.0,2456,2456.0,2456.0
item_run_0603,item_pca30_standardized_euclidean,30,pca30_standardized,euclidean,31,70.0,5.491709,3250,1,567,0.17446153846153847,2683,0.8255384615384616,2683,0.8255384615384616,1.0,2683,2683.0,2683.0
item_run_0604,item_pca30_standardized_euclidean,30,pca30_standardized,euclidean,31,80.0,6.115385,3250,1,375,0.11538461538461539,2875,0.8846153846153846,2875,0.8846153846153846,1.0,2875,2875.0,2875.0
item_run_0605,item_pca30_standardized_euclidean,30,pca30_standardized,euclidean,31,85.0,6.585774,3250,1,252,0.07753846153846154,2998,0.9224615384615384,2998,0.9224615384615384,1.0,2998,2998.0,2998.0
item_run_0606,item_pca30_standardized_euclidean,30,pca30_standardized,euclidean,31,90.0,7.193695,3250,1,165,0.05076923076923077,3085,0.9492307692307692,3085,0.9492307692307692,1.0,3085,3085.0,3085.0
item_run_0607,item_pca30_standardized_euclidean,30,pca30_standardized,euclidean,31,95.0,8.375425,3250,1,74,0.02276923076923077,3176,0.9772307692307692,3176,0.9772307692307692,1.0,3176,3176.0,3176.0
item_run_0608,item_pca30_standardized_euclidean,30,pca30_standardized,euclidean,31,99.0,10.497428,3250,1,12,0.0036923076923076922,3238,0.9963076923076923,3238,0.9963076923076923,1.0,3238,3238.0,3238.0
item_run_0609,item_pca30_standardized_euclidean,30,pca30_standardized,euclidean,60,1.0,2.525818,3250,1,2973,0.9147692307692308,277,0.08523076923076923,277,0.08523076923076923,1.0,277,277.0,277.0
item_run_0610,item_pca30_standardized_euclidean,30,pca30_standardized,euclidean,60,2.5,2.735565,3250,1,2829,0.8704615384615385,421,0.12953846153846155,421,0.12953846153846155,1.0,421,421.0,421.0
item_run_0611,item_pca30_standardized_euclidean,30,pca30_standardized,euclidean,60,5.0,2.941443,3250,1,2638,0.8116923076923077,612,0.18830769230769231,612,0.18830769230769231,1.0,612,612.0,612.0
item_run_0612,item_pca30_standardized_euclidean,30,pca30_standardized,euclidean,60,10.0,3.253596,3250,1,2322,0.7144615384615385,928,0.2855384615384615,928,0.2855384615384615,1.0,928,928.0,928.0
item_run_0613,item_pca30_standardized_euclidean,30,pca30_standardized,euclidean,60,15.0,3.485092,3250,1,2101,0.6464615384615384,1149,0.3535384615384615,1149,0.3535384615384615,1.0,1149,1149.0,1149.0
item_run_0614,item_pca30_standardized_euclidean,30,pca30_standardized,euclidean,60,20.0,3.664478,3250,1,1874,0.5766153846153846,1376,0.42338461538461536,1376,0.42338461538461536,1.0,1376,1376.0,1376.0
item_run_0615,item_pca30_standardized_euclidean,30,pca30_standardized,euclidean,60,25.0,3.840861,3250,1,1718,0.5286153846153846,1532,0.4713846153846154,1532,0.4713846153846154,1.0,1532,1532.0,1532.0
item_run_0616,item_pca30_standardized_euclidean,30,pca30_standardized,euclidean,60,30.0,4.027083,3250,1,1544,0.47507692307692306,1706,0.5249230769230769,1706,0.5249230769230769,1.0,1706,1706.0,1706.0
item_run_0617,item_pca30_standardized_euclidean,30,pca30_standardized,euclidean,60,35.0,4.179688,3250,1,1410,0.4338461538461538,1840,0.5661538461538461,1840,0.5661538461538461,1.0,1840,1840.0,1840.0
item_run_0618,item_pca30_standardized_euclidean,30,pca30_standardized,euclidean,60,40.0,4.356353,3250,1,1264,0.3889230769230769,1986,0.6110769230769231,1986,0.6110769230769231,1.0,1986,1986.0,1986.0
item_run_0619,item_pca30_standardized_euclidean,30,pca30_standardized,euclidean,60,45.0,4.549528,3250,1,1119,0.3443076923076923,2131,0.6556923076923077,2131,0.6556923076923077,1.0,2131,2131.0,2131.0
item_run_0620,item_pca30_standardized_euclidean,30,pca30_standardized,euclidean,60,50.0,4.73617,3250,1,981,0.3018461538461538,2269,0.6981538461538461,2269,0.6981538461538461,1.0,2269,2269.0,2269.0
item_run_0621,item_pca30_standardized_euclidean,30,pca30_standardized,euclidean,60,60.0,5.17059,3250,1,710,0.21846153846153846,2540,0.7815384615384615,2540,0.7815384615384615,1.0,2540,2540.0,2540.0
item_run_0622,item_pca30_standardized_euclidean,30,pca30_standardized,euclidean,60,70.0,5.65862,3250,1,503,0.15476923076923077,2747,0.8452307692307692,2747,0.8452307692307692,1.0,2747,2747.0,2747.0
item_run_0623,item_pca30_standardized_euclidean,30,pca30_standardized,euclidean,60,80.0,6.29282,3250,1,330,0.10153846153846154,2920,0.8984615384615384,2920,0.8984615384615384,1.0,2920,2920.0,2920.0
item_run_0624,item_pca30_standardized_euclidean,30,pca30_standardized,euclidean,60,85.0,6.775042,3250,1,231,0.07107692307692308,3019,0.928923076923077,3019,0.928923076923077,1.0,3019,3019.0,3019.0
item_run_0625,item_pca30_standardized_euclidean,30,pca30_standardized,euclidean,60,90.0,7.370731,3250,1,145,0.04461538461538461,3105,0.9553846153846154,3105,0.9553846153846154,1.0,3105,3105.0,3105.0
item_run_0626,item_pca30_standardized_euclidean,30,pca30_standardized,euclidean,60,95.0,8.558051,3250,1,69,0.02123076923076923,3181,0.9787692307692307,3181,0.9787692307692307,1.0,3181,3181.0,3181.0
item_run_0627,item_pca30_standardized_euclidean,30,pca30_standardized,euclidean,60,99.0,10.710906,3250,1,8,0.0024615384615384616,3242,0.9975384615384615,3242,0.9975384615384615,1.0,3242,3242.0,3242.0
item_run_0628,item_pca30_standardized_l2_cosine,30,pca30_standardized_l2,cosine,5,1.0,0.280417,3250,5,3163,0.9732307692307692,87,0.02676923076923077,59,0.018153846153846152,0.6781609195402298,5,6.0,17.4
item_run_0629,item_pca30_standardized_l2_cosine,30,pca30_standardized_l2,cosine,5,2.5,0.321453,3250,8,3057,0.9406153846153846,193,0.05938461538461538,140,0.043076923076923075,0.7253886010362695,5,7.0,24.125
item_run_0630,item_pca30_standardized_l2_cosine,30,pca30_standardized_l2,cosine,5,5.0,0.356423,3250,9,2914,0.8966153846153846,336,0.10338461538461538,249,0.07661538461538461,0.7410714285714286,5,9.0,37.333333333333336
item_run_0631,item_pca30_standardized_l2_cosine,30,pca30_standardized_l2,cosine,5,10.0,0.392887,3250,31,2504,0.7704615384615384,746,0.22953846153846155,424,0.13046153846153846,0.5683646112600537,4,5.0,24.06451612903226
item_run_0632,item_pca30_standardized_l2_cosine,30,pca30_standardized_l2,cosine,5,15.0,0.407885,3250,50,2119,0.652,1131,0.348,630,0.19384615384615383,0.5570291777188329,3,5.0,22.62
item_run_0633,item_pca30_standardized_l2_cosine,30,pca30_standardized_l2,cosine,5,20.0,0.420501,3250,63,1724,0.5304615384615384,1526,0.4695384615384615,1110,0.3415384615384615,0.727391874180865,2,5.0,24.22222222222222
item_run_0634,item_pca30_standardized_l2_cosine,30,pca30_standardized_l2,cosine,5,25.0,0.429035,3250,45,1450,0.4461538461538462,1800,0.5538461538461539,1572,0.4836923076923077,0.8733333333333333,2,5.0,40.0
item_run_0635,item_pca30_standardized_l2_cosine,30,pca30_standardized_l2,cosine,5,30.0,0.436338,3250,45,1148,0.35323076923076924,2102,0.6467692307692308,1868,0.5747692307692308,0.8886774500475737,2,4.0,46.71111111111111
item_run_0636,item_pca30_standardized_l2_cosine,30,pca30_standardized_l2,cosine,5,35.0,0.442284,3250,47,889,0.27353846153846156,2361,0.7264615384615385,2130,0.6553846153846153,0.9021601016518425,2,4.0,50.234042553191486
item_run_0637,item_pca30_standardized_l2_cosine,30,pca30_standardized_l2,cosine,5,40.0,0.447831,3250,34,664,0.2043076923076923,2586,0.7956923076923077,2456,0.7556923076923077,0.9497293116782676,1,3.5,76.05882352941177
item_run_0638,item_pca30_standardized_l2_cosine,30,pca30_standardized_l2,cosine,5,45.0,0.452517,3250,20,512,0.15753846153846154,2738,0.8424615384615385,2667,0.8206153846153846,0.9740686632578525,1,3.0,136.9
item_run_0639,item_pca30_standardized_l2_cosine,30,pca30_standardized_l2,cosine,5,50.0,0.456309,3250,11,378,0.1163076923076923,2872,0.8836923076923077,2834,0.872,0.9867688022284122,1,4.0,261.09090909090907
item_run_0640,item_pca30_standardized_l2_cosine,30,pca30_standardized_l2,cosine,5,60.0,0.464717,3250,3,197,0.06061538461538461,3053,0.9393846153846154,3048,0.9378461538461539,0.9983622666229938,2,3.0,1017.6666666666666
item_run_0641,item_pca30_standardized_l2_cosine,30,pca30_standardized_l2,cosine,5,70.0,0.472432,3250,2,91,0.028,3159,0.972,3157,0.9713846153846154,0.9993668882557771,2,1579.5,1579.5
item_run_0642,item_pca30_standardized_l2_cosine,30,pca30_standardized_l2,cosine,5,80.0,0.480809,3250,1,38,0.011692307692307693,3212,0.9883076923076923,3212,0.9883076923076923,1.0,3212,3212.0,3212.0
item_run_0643,item_pca30_standardized_l2_cosine,30,pca30_standardized_l2,cosine,5,85.0,0.486265,3250,1,14,0.0043076923076923075,3236,0.9956923076923077,3236,0.9956923076923077,1.0,3236,3236.0,3236.0
item_run_0644,item_pca30_standardized_l2_cosine,30,pca30_standardized_l2,cosine,5,90.0,0.491994,3250,1,2,0.0006153846153846154,3248,0.9993846153846154,3248,0.9993846153846154,1.0,3248,3248.0,3248.0
item_run_0645,item_pca30_standardized_l2_cosine,30,pca30_standardized_l2,cosine,5,95.0,0.500831,3250,1,0,0.0,3250,1.0,3250,1.0,1.0,3250,3250.0,3250.0
item_run_0646,item_pca30_standardized_l2_cosine,30,pca30_standardized_l2,cosine,5,99.0,0.515445,3250,1,0,0.0,3250,1.0,3250,1.0,1.0,3250,3250.0,3250.0
item_run_0647,item_pca30_standardized_l2_cosine,30,pca30_standardized_l2,cosine,16,1.0,0.361809,3250,1,3089,0.9504615384615385,161,0.04953846153846154,161,0.04953846153846154,1.0,161,161.0,161.0
item_run_0648,item_pca30_standardized_l2_cosine,30,pca30_standardized_l2,cosine,16,2.5,0.404652,3250,2,2951,0.908,299,0.092,282,0.08676923076923077,0.9431438127090301,17,149.5,149.5
item_run_0649,item_pca30_standardized_l2_cosine,30,pca30_standardized_l2,cosine,16,5.0,0.447855,3250,3,2677,0.8236923076923077,573,0.1763076923076923,501,0.15415384615384614,0.8743455497382199,24,48.0,191.0
item_run_0650,item_pca30_standardized_l2_cosine,30,pca30_standardized_l2,cosine,16,10.0,0.481097,3250,8,2020,0.6215384615384615,1230,0.37846153846153846,903,0.27784615384615385,0.7341463414634146,14,18.5,153.75
item_run_0651,item_pca30_standardized_l2_cosine,30,pca30_standardized_l2,cosine,16,15.0,0.496366,3250,8,1348,0.4147692307692308,1902,0.5852307692307692,1802,0.5544615384615385,0.9474237644584648,7,12.5,237.75
item_run_0652,item_pca30_standardized_l2_cosine,30,pca30_standardized_l2,cosine,16,20.0,0.505192,3250,10,797,0.24523076923076922,2453,0.7547692307692307,2374,0.7304615384615385,0.9677945373012637,6,9.0,245.3
item_run_0653,item_pca30_standardized_l2_cosine,30,pca30_standardized_l2,cosine,16,25.0,0.511812,3250,6,400,0.12307692307692308,2850,0.8769230769230769,2816,0.8664615384615385,0.9880701754385965,3,7.5,475.0
item_run_0654,item_pca30_standardized_l2_cosine,30,pca30_standardized_l2,cosine,16,30.0,0.51613,3250,3,200,0.06153846153846154,3050,0.9384615384615385,3042,0.936,0.9973770491803279,3,5.0,1016.6666666666666
item_run_0655,item_pca30_standardized_l2_cosine,30,pca30_standardized_l2,cosine,16,35.0,0.519746,3250,3,92,0.028307692307692308,3158,0.9716923076923077,3153,0.9701538461538461,0.9984167194426853,2,3.0,1052.6666666666667
item_run_0656,item_pca30_standardized_l2_cosine,30,pca30_standardized_l2,cosine,16,40.0,0.52311,3250,1,43,0.01323076923076923,3207,0.9867692307692307,3207,0.9867692307692307,1.0,3207,3207.0,3207.0
item_run_0657,item_pca30_standardized_l2_cosine,30,pca30_standardized_l2,cosine,16,45.0,0.525993,3250,1,25,0.007692307692307693,3225,0.9923076923076923,3225,0.9923076923076923,1.0,3225,3225.0,3225.0
item_run_0658,item_pca30_standardized_l2_cosine,30,pca30_standardized_l2,cosine,16,50.0,0.52908,3250,1,12,0.0036923076923076922,3238,0.9963076923076923,3238,0.9963076923076923,1.0,3238,3238.0,3238.0
item_run_0659,item_pca30_standardized_l2_cosine,30,pca30_standardized_l2,cosine,16,60.0,0.534593,3250,1,0,0.0,3250,1.0,3250,1.0,1.0,3250,3250.0,3250.0
item_run_0660,item_pca30_standardized_l2_cosine,30,pca30_standardized_l2,cosine,16,70.0,0.540082,3250,1,0,0.0,3250,1.0,3250,1.0,1.0,3250,3250.0,3250.0
item_run_0661,item_pca30_standardized_l2_cosine,30,pca30_standardized_l2,cosine,16,80.0,0.545811,3250,1,0,0.0,3250,1.0,3250,1.0,1.0,3250,3250.0,3250.0
item_run_0662,item_pca30_standardized_l2_cosine,30,pca30_standardized_l2,cosine,16,85.0,0.548784,3250,1,0,0.0,3250,1.0,3250,1.0,1.0,3250,3250.0,3250.0
item_run_0663,item_pca30_standardized_l2_cosine,30,pca30_standardized_l2,cosine,16,90.0,0.552486,3250,1,0,0.0,3250,1.0,3250,1.0,1.0,3250,3250.0,3250.0
item_run_0664,item_pca30_standardized_l2_cosine,30,pca30_standardized_l2,cosine,16,95.0,0.557589,3250,1,0,0.0,3250,1.0,3250,1.0,1.0,3250,3250.0,3250.0
item_run_0665,item_pca30_standardized_l2_cosine,30,pca30_standardized_l2,cosine,16,99.0,0.567675,3250,1,0,0.0,3250,1.0,3250,1.0,1.0,3250,3250.0,3250.0
item_run_0666,item_pca30_standardized_l2_cosine,30,pca30_standardized_l2,cosine,31,1.0,0.413074,3250,1,3025,0.9307692307692308,225,0.06923076923076923,225,0.06923076923076923,1.0,225,225.0,225.0
item_run_0667,item_pca30_standardized_l2_cosine,30,pca30_standardized_l2,cosine,31,2.5,0.453688,3250,1,2859,0.8796923076923077,391,0.12030769230769231,391,0.12030769230769231,1.0,391,391.0,391.0
item_run_0668,item_pca30_standardized_l2_cosine,30,pca30_standardized_l2,cosine,31,5.0,0.493688,3250,2,2493,0.7670769230769231,757,0.23292307692307693,700,0.2153846153846154,0.9247027741083224,57,378.5,378.5
item_run_0669,item_pca30_standardized_l2_cosine,30,pca30_standardized_l2,cosine,31,10.0,0.530877,3250,3,1658,0.5101538461538462,1592,0.4898461538461538,1283,0.39476923076923076,0.8059045226130653,34,275.0,530.6666666666666
item_run_0670,item_pca30_standardized_l2_cosine,30,pca30_standardized_l2,cosine,31,15.0,0.545373,3250,4,773,0.23784615384615385,2477,0.7621538461538462,2413,0.7424615384615385,0.9741622930964877,14,25.0,619.25
item_run_0671,item_pca30_standardized_l2_cosine,30,pca30_standardized_l2,cosine,31,20.0,0.552423,3250,2,315,0.09692307692307692,2935,0.9030769230769231,2926,0.9003076923076923,0.9969335604770017,9,1467.5,1467.5
item_run_0672,item_pca30_standardized_l2_cosine,30,pca30_standardized_l2,cosine,31,25.0,0.556855,3250,1,113,0.03476923076923077,3137,0.9652307692307692,3137,0.9652307692307692,1.0,3137,3137.0,3137.0
item_run_0673,item_pca30_standardized_l2_cosine,30,pca30_standardized_l2,cosine,31,30.0,0.560851,3250,1,42,0.012923076923076923,3208,0.9870769230769231,3208,0.9870769230769231,1.0,3208,3208.0,3208.0
item_run_0674,item_pca30_standardized_l2_cosine,30,pca30_standardized_l2,cosine,31,35.0,0.564104,3250,1,9,0.002769230769230769,3241,0.9972307692307693,3241,0.9972307692307693,1.0,3241,3241.0,3241.0
item_run_0675,item_pca30_standardized_l2_cosine,30,pca30_standardized_l2,cosine,31,40.0,0.567096,3250,1,3,0.0009230769230769231,3247,0.9990769230769231,3247,0.9990769230769231,1.0,3247,3247.0,3247.0
item_run_0676,item_pca30_standardized_l2_cosine,30,pca30_standardized_l2,cosine,31,45.0,0.56978,3250,1,3,0.0009230769230769231,3247,0.9990769230769231,3247,0.9990769230769231,1.0,3247,3247.0,3247.0
item_run_0677,item_pca30_standardized_l2_cosine,30,pca30_standardized_l2,cosine,31,50.0,0.572205,3250,1,0,0.0,3250,1.0,3250,1.0,1.0,3250,3250.0,3250.0
item_run_0678,item_pca30_standardized_l2_cosine,30,pca30_standardized_l2,cosine,31,60.0,0.576053,3250,1,0,0.0,3250,1.0,3250,1.0,1.0,3250,3250.0,3250.0
item_run_0679,item_pca30_standardized_l2_cosine,30,pca30_standardized_l2,cosine,31,70.0,0.580069,3250,1,0,0.0,3250,1.0,3250,1.0,1.0,3250,3250.0,3250.0
item_run_0680,item_pca30_standardized_l2_cosine,30,pca30_standardized_l2,cosine,31,80.0,0.584281,3250,1,0,0.0,3250,1.0,3250,1.0,1.0,3250,3250.0,3250.0
item_run_0681,item_pca30_standardized_l2_cosine,30,pca30_standardized_l2,cosine,31,85.0,0.586435,3250,1,0,0.0,3250,1.0,3250,1.0,1.0,3250,3250.0,3250.0
item_run_0682,item_pca30_standardized_l2_cosine,30,pca30_standardized_l2,cosine,31,90.0,0.589997,3250,1,0,0.0,3250,1.0,3250,1.0,1.0,3250,3250.0,3250.0
item_run_0683,item_pca30_standardized_l2_cosine,30,pca30_standardized_l2,cosine,31,95.0,0.594219,3250,1,0,0.0,3250,1.0,3250,1.0,1.0,3250,3250.0,3250.0
item_run_0684,item_pca30_standardized_l2_cosine,30,pca30_standardized_l2,cosine,31,99.0,0.602719,3250,1,0,0.0,3250,1.0,3250,1.0,1.0,3250,3250.0,3250.0
item_run_0685,item_pca30_standardized_l2_cosine,30,pca30_standardized_l2,cosine,60,1.0,0.470688,3250,1,2932,0.9021538461538462,318,0.09784615384615385,318,0.09784615384615385,1.0,318,318.0,318.0
item_run_0686,item_pca30_standardized_l2_cosine,30,pca30_standardized_l2,cosine,60,2.5,0.506477,3250,1,2701,0.831076923076923,549,0.16892307692307693,549,0.16892307692307693,1.0,549,549.0,549.0
item_run_0687,item_pca30_standardized_l2_cosine,30,pca30_standardized_l2,cosine,60,5.0,0.547472,3250,2,2179,0.6704615384615384,1071,0.32953846153846156,999,0.30738461538461537,0.9327731092436975,72,535.5,535.5
item_run_0688,item_pca30_standardized_l2_cosine,30,pca30_standardized_l2,cosine,60,10.0,0.581073,3250,2,1237,0.38061538461538463,2013,0.6193846153846154,1743,0.5363076923076923,0.8658718330849479,270,1006.5,1006.5
item_run_0689,item_pca30_standardized_l2_cosine,30,pca30_standardized_l2,cosine,60,15.0,0.593406,3250,1,437,0.13446153846153847,2813,0.8655384615384616,2813,0.8655384615384616,1.0,2813,2813.0,2813.0
item_run_0690,item_pca30_standardized_l2_cosine,30,pca30_standardized_l2,cosine,60,20.0,0.601607,3250,1,96,0.029538461538461538,3154,0.9704615384615385,3154,0.9704615384615385,1.0,3154,3154.0,3154.0
item_run_0691,item_pca30_standardized_l2_cosine,30,pca30_standardized_l2,cosine,60,25.0,0.60672,3250,1,13,0.004,3237,0.996,3237,0.996,1.0,3237,3237.0,3237.0
item_run_0692,item_pca30_standardized_l2_cosine,30,pca30_standardized_l2,cosine,60,30.0,0.610317,3250,1,0,0.0,3250,1.0,3250,1.0,1.0,3250,3250.0,3250.0
item_run_0693,item_pca30_standardized_l2_cosine,30,pca30_standardized_l2,cosine,60,35.0,0.61293,3250,1,0,0.0,3250,1.0,3250,1.0,1.0,3250,3250.0,3250.0
item_run_0694,item_pca30_standardized_l2_cosine,30,pca30_standardized_l2,cosine,60,40.0,0.615135,3250,1,0,0.0,3250,1.0,3250,1.0,1.0,3250,3250.0,3250.0
item_run_0695,item_pca30_standardized_l2_cosine,30,pca30_standardized_l2,cosine,60,45.0,0.617093,3250,1,0,0.0,3250,1.0,3250,1.0,1.0,3250,3250.0,3250.0
item_run_0696,item_pca30_standardized_l2_cosine,30,pca30_standardized_l2,cosine,60,50.0,0.618829,3250,1,0,0.0,3250,1.0,3250,1.0,1.0,3250,3250.0,3250.0
item_run_0697,item_pca30_standardized_l2_cosine,30,pca30_standardized_l2,cosine,60,60.0,0.621842,3250,1,0,0.0,3250,1.0,3250,1.0,1.0,3250,3250.0,3250.0
item_run_0698,item_pca30_standardized_l2_cosine,30,pca30_standardized_l2,cosine,60,70.0,0.624719,3250,1,0,0.0,3250,1.0,3250,1.0,1.0,3250,3250.0,3250.0
item_run_0699,item_pca30_standardized_l2_cosine,30,pca30_standardized_l2,cosine,60,80.0,0.628242,3250,1,0,0.0,3250,1.0,3250,1.0,1.0,3250,3250.0,3250.0
item_run_0700,item_pca30_standardized_l2_cosine,30,pca30_standardized_l2,cosine,60,85.0,0.630339,3250,1,0,0.0,3250,1.0,3250,1.0,1.0,3250,3250.0,3250.0
item_run_0701,item_pca30_standardized_l2_cosine,30,pca30_standardized_l2,cosine,60,90.0,0.633072,3250,1,0,0.0,3250,1.0,3250,1.0,1.0,3250,3250.0,3250.0
item_run_0702,item_pca30_standardized_l2_cosine,30,pca30_standardized_l2,cosine,60,95.0,0.636628,3250,1,0,0.0,3250,1.0,3250,1.0,1.0,3250,3250.0,3250.0
item_run_0703,item_pca30_standardized_l2_cosine,30,pca30_standardized_l2,cosine,60,99.0,0.643261,3250,1,0,0.0,3250,1.0,3250,1.0,1.0,3250,3250.0,3250.0
item_run_0704,item_standardized_euclidean,64,standardized,euclidean,5,1.0,2.559283,3250,2,3160,0.9723076923076923,90,0.027692307692307693,85,0.026153846153846153,0.9444444444444444,5,45.0,45.0
item_run_0705,item_standardized_euclidean,64,standardized,euclidean,5,2.5,2.791439,3250,1,3087,0.9498461538461539,163,0.05015384615384615,163,0.05015384615384615,1.0,163,163.0,163.0
item_run_0706,item_standardized_euclidean,64,standardized,euclidean,5,5.0,3.032966,3250,1,2986,0.9187692307692308,264,0.08123076923076923,264,0.08123076923076923,1.0,264,264.0,264.0
item_run_0707,item_standardized_euclidean,64,standardized,euclidean,5,10.0,3.413547,3250,2,2752,0.8467692307692307,498,0.15323076923076923,492,0.1513846153846154,0.9879518072289156,6,249.0,249.0
item_run_0708,item_standardized_euclidean,64,standardized,euclidean,5,15.0,3.658287,3250,1,2567,0.7898461538461539,683,0.21015384615384616,683,0.21015384615384616,1.0,683,683.0,683.0
item_run_0709,item_standardized_euclidean,64,standardized,euclidean,5,20.0,3.890719,3250,1,2376,0.7310769230769231,874,0.26892307692307693,874,0.26892307692307693,1.0,874,874.0,874.0
item_run_0710,item_standardized_euclidean,64,standardized,euclidean,5,25.0,4.092007,3250,1,2218,0.6824615384615385,1032,0.31753846153846155,1032,0.31753846153846155,1.0,1032,1032.0,1032.0
item_run_0711,item_standardized_euclidean,64,standardized,euclidean,5,30.0,4.28881,3250,1,2044,0.6289230769230769,1206,0.3710769230769231,1206,0.3710769230769231,1.0,1206,1206.0,1206.0
item_run_0712,item_standardized_euclidean,64,standardized,euclidean,5,35.0,4.496669,3250,1,1870,0.5753846153846154,1380,0.4246153846153846,1380,0.4246153846153846,1.0,1380,1380.0,1380.0
item_run_0713,item_standardized_euclidean,64,standardized,euclidean,5,40.0,4.686322,3250,1,1741,0.5356923076923077,1509,0.4643076923076923,1509,0.4643076923076923,1.0,1509,1509.0,1509.0
item_run_0714,item_standardized_euclidean,64,standardized,euclidean,5,45.0,4.901614,3250,1,1564,0.48123076923076924,1686,0.5187692307692308,1686,0.5187692307692308,1.0,1686,1686.0,1686.0
item_run_0715,item_standardized_euclidean,64,standardized,euclidean,5,50.0,5.108471,3250,1,1419,0.4366153846153846,1831,0.5633846153846154,1831,0.5633846153846154,1.0,1831,1831.0,1831.0
item_run_0716,item_standardized_euclidean,64,standardized,euclidean,5,60.0,5.605185,3250,1,1070,0.3292307692307692,2180,0.6707692307692308,2180,0.6707692307692308,1.0,2180,2180.0,2180.0
item_run_0717,item_standardized_euclidean,64,standardized,euclidean,5,70.0,6.116341,3250,1,808,0.24861538461538463,2442,0.7513846153846154,2442,0.7513846153846154,1.0,2442,2442.0,2442.0
item_run_0718,item_standardized_euclidean,64,standardized,euclidean,5,80.0,6.829566,3250,2,518,0.15938461538461537,2732,0.8406153846153847,2727,0.839076923076923,0.9981698389458272,5,1366.0,1366.0
item_run_0719,item_standardized_euclidean,64,standardized,euclidean,5,85.0,7.342644,3250,1,389,0.1196923076923077,2861,0.8803076923076923,2861,0.8803076923076923,1.0,2861,2861.0,2861.0
item_run_0720,item_standardized_euclidean,64,standardized,euclidean,5,90.0,8.049292,3250,1,252,0.07753846153846154,2998,0.9224615384615384,2998,0.9224615384615384,1.0,2998,2998.0,2998.0
item_run_0721,item_standardized_euclidean,64,standardized,euclidean,5,95.0,9.21688,3250,1,121,0.037230769230769234,3129,0.9627692307692308,3129,0.9627692307692308,1.0,3129,3129.0,3129.0
item_run_0722,item_standardized_euclidean,64,standardized,euclidean,5,99.0,11.680368,3250,1,15,0.004615384615384616,3235,0.9953846153846154,3235,0.9953846153846154,1.0,3235,3235.0,3235.0
item_run_0723,item_standardized_euclidean,64,standardized,euclidean,33,1.0,3.24958,3250,1,2965,0.9123076923076923,285,0.0876923076923077,285,0.0876923076923077,1.0,285,285.0,285.0
item_run_0724,item_standardized_euclidean,64,standardized,euclidean,33,2.5,3.466031,3250,1,2822,0.8683076923076923,428,0.1316923076923077,428,0.1316923076923077,1.0,428,428.0,428.0
item_run_0725,item_standardized_euclidean,64,standardized,euclidean,33,5.0,3.702645,3250,1,2609,0.8027692307692308,641,0.19723076923076924,641,0.19723076923076924,1.0,641,641.0,641.0
item_run_0726,item_standardized_euclidean,64,standardized,euclidean,33,10.0,4.043017,3250,1,2298,0.707076923076923,952,0.2929230769230769,952,0.2929230769230769,1.0,952,952.0,952.0
item_run_0727,item_standardized_euclidean,64,standardized,euclidean,33,15.0,4.287552,3250,1,2096,0.6449230769230769,1154,0.35507692307692307,1154,0.35507692307692307,1.0,1154,1154.0,1154.0
item_run_0728,item_standardized_euclidean,64,standardized,euclidean,33,20.0,4.489613,3250,1,1916,0.5895384615384616,1334,0.4104615384615385,1334,0.4104615384615385,1.0,1334,1334.0,1334.0
item_run_0729,item_standardized_euclidean,64,standardized,euclidean,33,25.0,4.667582,3250,1,1790,0.5507692307692308,1460,0.4492307692307692,1460,0.4492307692307692,1.0,1460,1460.0,1460.0
item_run_0730,item_standardized_euclidean,64,standardized,euclidean,33,30.0,4.860141,3250,1,1620,0.49846153846153846,1630,0.5015384615384615,1630,0.5015384615384615,1.0,1630,1630.0,1630.0
item_run_0731,item_standardized_euclidean,64,standardized,euclidean,33,35.0,5.03195,3250,1,1489,0.45815384615384613,1761,0.5418461538461539,1761,0.5418461538461539,1.0,1761,1761.0,1761.0
item_run_0732,item_standardized_euclidean,64,standardized,euclidean,33,40.0,5.256641,3250,1,1334,0.4104615384615385,1916,0.5895384615384616,1916,0.5895384615384616,1.0,1916,1916.0,1916.0
item_run_0733,item_standardized_euclidean,64,standardized,euclidean,33,45.0,5.451061,3250,1,1202,0.3698461538461538,2048,0.6301538461538462,2048,0.6301538461538462,1.0,2048,2048.0,2048.0
item_run_0734,item_standardized_euclidean,64,standardized,euclidean,33,50.0,5.651404,3250,1,1071,0.32953846153846156,2179,0.6704615384615384,2179,0.6704615384615384,1.0,2179,2179.0,2179.0
item_run_0735,item_standardized_euclidean,64,standardized,euclidean,33,60.0,6.155506,3250,1,806,0.248,2444,0.752,2444,0.752,1.0,2444,2444.0,2444.0
item_run_0736,item_standardized_euclidean,64,standardized,euclidean,33,70.0,6.735569,3250,1,569,0.17507692307692307,2681,0.8249230769230769,2681,0.8249230769230769,1.0,2681,2681.0,2681.0
item_run_0737,item_standardized_euclidean,64,standardized,euclidean,33,80.0,7.468165,3250,1,382,0.11753846153846154,2868,0.8824615384615384,2868,0.8824615384615384,1.0,2868,2868.0,2868.0
item_run_0738,item_standardized_euclidean,64,standardized,euclidean,33,85.0,7.997595,3250,1,269,0.08276923076923078,2981,0.9172307692307692,2981,0.9172307692307692,1.0,2981,2981.0,2981.0
item_run_0739,item_standardized_euclidean,64,standardized,euclidean,33,90.0,8.743782,3250,1,180,0.055384615384615386,3070,0.9446153846153846,3070,0.9446153846153846,1.0,3070,3070.0,3070.0
item_run_0740,item_standardized_euclidean,64,standardized,euclidean,33,95.0,9.964078,3250,1,70,0.021538461538461538,3180,0.9784615384615385,3180,0.9784615384615385,1.0,3180,3180.0,3180.0
item_run_0741,item_standardized_euclidean,64,standardized,euclidean,33,99.0,12.474224,3250,1,8,0.0024615384615384616,3242,0.9975384615384615,3242,0.9975384615384615,1.0,3242,3242.0,3242.0
item_run_0742,item_standardized_euclidean,64,standardized,euclidean,65,1.0,3.598275,3250,1,2820,0.8676923076923077,430,0.13230769230769232,430,0.13230769230769232,1.0,430,430.0,430.0
item_run_0743,item_standardized_euclidean,64,standardized,euclidean,65,2.5,3.779052,3250,1,2625,0.8076923076923077,625,0.19230769230769232,625,0.19230769230769232,1.0,625,625.0,625.0
item_run_0744,item_standardized_euclidean,64,standardized,euclidean,65,5.0,4.011602,3250,1,2419,0.7443076923076923,831,0.2556923076923077,831,0.2556923076923077,1.0,831,831.0,831.0
item_run_0745,item_standardized_euclidean,64,standardized,euclidean,65,10.0,4.346553,3250,1,2069,0.6366153846153846,1181,0.36338461538461536,1181,0.36338461538461536,1.0,1181,1181.0,1181.0
item_run_0746,item_standardized_euclidean,64,standardized,euclidean,65,15.0,4.565591,3250,1,1891,0.5818461538461538,1359,0.41815384615384615,1359,0.41815384615384615,1.0,1359,1359.0,1359.0
item_run_0747,item_standardized_euclidean,64,standardized,euclidean,65,20.0,4.770644,3250,1,1724,0.5304615384615384,1526,0.4695384615384615,1526,0.4695384615384615,1.0,1526,1526.0,1526.0
item_run_0748,item_standardized_euclidean,64,standardized,euclidean,65,25.0,4.957792,3250,1,1587,0.48830769230769233,1663,0.5116923076923077,1663,0.5116923076923077,1.0,1663,1663.0,1663.0
item_run_0749,item_standardized_euclidean,64,standardized,euclidean,65,30.0,5.1342,3250,1,1449,0.44584615384615384,1801,0.5541538461538461,1801,0.5541538461538461,1.0,1801,1801.0,1801.0
item_run_0750,item_standardized_euclidean,64,standardized,euclidean,65,35.0,5.30362,3250,1,1318,0.4055384615384615,1932,0.5944615384615385,1932,0.5944615384615385,1.0,1932,1932.0,1932.0
item_run_0751,item_standardized_euclidean,64,standardized,euclidean,65,40.0,5.514419,3250,1,1174,0.36123076923076924,2076,0.6387692307692308,2076,0.6387692307692308,1.0,2076,2076.0,2076.0
item_run_0752,item_standardized_euclidean,64,standardized,euclidean,65,45.0,5.712629,3250,1,1057,0.3252307692307692,2193,0.6747692307692308,2193,0.6747692307692308,1.0,2193,2193.0,2193.0
item_run_0753,item_standardized_euclidean,64,standardized,euclidean,65,50.0,5.945991,3250,1,910,0.28,2340,0.72,2340,0.72,1.0,2340,2340.0,2340.0
item_run_0754,item_standardized_euclidean,64,standardized,euclidean,65,60.0,6.421253,3250,1,702,0.216,2548,0.784,2548,0.784,1.0,2548,2548.0,2548.0
item_run_0755,item_standardized_euclidean,64,standardized,euclidean,65,70.0,6.9994,3250,1,493,0.15169230769230768,2757,0.8483076923076923,2757,0.8483076923076923,1.0,2757,2757.0,2757.0
item_run_0756,item_standardized_euclidean,64,standardized,euclidean,65,80.0,7.747324,3250,1,317,0.09753846153846153,2933,0.9024615384615384,2933,0.9024615384615384,1.0,2933,2933.0,2933.0
item_run_0757,item_standardized_euclidean,64,standardized,euclidean,65,85.0,8.287247,3250,1,224,0.06892307692307692,3026,0.931076923076923,3026,0.931076923076923,1.0,3026,3026.0,3026.0
item_run_0758,item_standardized_euclidean,64,standardized,euclidean,65,90.0,9.070465,3250,1,144,0.044307692307692305,3106,0.9556923076923077,3106,0.9556923076923077,1.0,3106,3106.0,3106.0
item_run_0759,item_standardized_euclidean,64,standardized,euclidean,65,95.0,10.226612,3250,1,67,0.020615384615384615,3183,0.9793846153846154,3183,0.9793846153846154,1.0,3183,3183.0,3183.0
item_run_0760,item_standardized_euclidean,64,standardized,euclidean,65,99.0,12.742222,3250,1,7,0.0021538461538461538,3243,0.9978461538461538,3243,0.9978461538461538,1.0,3243,3243.0,3243.0
item_run_0761,item_standardized_euclidean,64,standardized,euclidean,128,1.0,3.996307,3250,1,2572,0.7913846153846154,678,0.20861538461538462,678,0.20861538461538462,1.0,678,678.0,678.0
item_run_0762,item_standardized_euclidean,64,standardized,euclidean,128,2.5,4.167597,3250,1,2380,0.7323076923076923,870,0.2676923076923077,870,0.2676923076923077,1.0,870,870.0,870.0
item_run_0763,item_standardized_euclidean,64,standardized,euclidean,128,5.0,4.399781,3250,1,2139,0.6581538461538462,1111,0.34184615384615386,1111,0.34184615384615386,1.0,1111,1111.0,1111.0
item_run_0764,item_standardized_euclidean,64,standardized,euclidean,128,10.0,4.708501,3250,1,1834,0.5643076923076923,1416,0.4356923076923077,1416,0.4356923076923077,1.0,1416,1416.0,1416.0
item_run_0765,item_standardized_euclidean,64,standardized,euclidean,128,15.0,4.935352,3250,1,1642,0.5052307692307693,1608,0.4947692307692308,1608,0.4947692307692308,1.0,1608,1608.0,1608.0
item_run_0766,item_standardized_euclidean,64,standardized,euclidean,128,20.0,5.135377,3250,1,1490,0.4584615384615385,1760,0.5415384615384615,1760,0.5415384615384615,1.0,1760,1760.0,1760.0
item_run_0767,item_standardized_euclidean,64,standardized,euclidean,128,25.0,5.311685,3250,1,1355,0.4169230769230769,1895,0.583076923076923,1895,0.583076923076923,1.0,1895,1895.0,1895.0
item_run_0768,item_standardized_euclidean,64,standardized,euclidean,128,30.0,5.492297,3250,1,1223,0.3763076923076923,2027,0.6236923076923077,2027,0.6236923076923077,1.0,2027,2027.0,2027.0
item_run_0769,item_standardized_euclidean,64,standardized,euclidean,128,35.0,5.661754,3250,1,1111,0.34184615384615386,2139,0.6581538461538462,2139,0.6581538461538462,1.0,2139,2139.0,2139.0
item_run_0770,item_standardized_euclidean,64,standardized,euclidean,128,40.0,5.874569,3250,1,975,0.3,2275,0.7,2275,0.7,1.0,2275,2275.0,2275.0
item_run_0771,item_standardized_euclidean,64,standardized,euclidean,128,45.0,6.064546,3250,1,875,0.2692307692307692,2375,0.7307692307692307,2375,0.7307692307692307,1.0,2375,2375.0,2375.0
item_run_0772,item_standardized_euclidean,64,standardized,euclidean,128,50.0,6.272847,3250,1,786,0.24184615384615385,2464,0.7581538461538462,2464,0.7581538461538462,1.0,2464,2464.0,2464.0
item_run_0773,item_standardized_euclidean,64,standardized,euclidean,128,60.0,6.754232,3250,1,576,0.17723076923076922,2674,0.8227692307692308,2674,0.8227692307692308,1.0,2674,2674.0,2674.0
item_run_0774,item_standardized_euclidean,64,standardized,euclidean,128,70.0,7.330771,3250,1,411,0.12646153846153846,2839,0.8735384615384615,2839,0.8735384615384615,1.0,2839,2839.0,2839.0
item_run_0775,item_standardized_euclidean,64,standardized,euclidean,128,80.0,8.106253,3250,1,258,0.07938461538461539,2992,0.9206153846153846,2992,0.9206153846153846,1.0,2992,2992.0,2992.0
item_run_0776,item_standardized_euclidean,64,standardized,euclidean,128,85.0,8.653443,3250,1,191,0.05876923076923077,3059,0.9412307692307692,3059,0.9412307692307692,1.0,3059,3059.0,3059.0
item_run_0777,item_standardized_euclidean,64,standardized,euclidean,128,90.0,9.401792,3250,1,114,0.035076923076923075,3136,0.9649230769230769,3136,0.9649230769230769,1.0,3136,3136.0,3136.0
item_run_0778,item_standardized_euclidean,64,standardized,euclidean,128,95.0,10.566225,3250,1,50,0.015384615384615385,3200,0.9846153846153847,3200,0.9846153846153847,1.0,3200,3200.0,3200.0
item_run_0779,item_standardized_euclidean,64,standardized,euclidean,128,99.0,13.071306,3250,1,6,0.0018461538461538461,3244,0.9981538461538462,3244,0.9981538461538462,1.0,3244,3244.0,3244.0
item_run_0780,item_standardized_l2_cosine,64,standardized_l2,cosine,5,1.0,0.036092,3250,1,3185,0.98,65,0.02,65,0.02,1.0,65,65.0,65.0
item_run_0781,item_standardized_l2_cosine,64,standardized_l2,cosine,5,2.5,0.04918,3250,1,3119,0.9596923076923077,131,0.04030769230769231,131,0.04030769230769231,1.0,131,131.0,131.0
item_run_0782,item_standardized_l2_cosine,64,standardized_l2,cosine,5,5.0,0.063839,3250,3,3039,0.935076923076923,211,0.06492307692307692,199,0.06123076923076923,0.943127962085308,5,7.0,70.33333333333333
item_run_0783,item_standardized_l2_cosine,64,standardized_l2,cosine,5,10.0,0.098206,3250,2,2838,0.8732307692307693,412,0.12676923076923077,361,0.11107692307692307,0.8762135922330098,51,206.0,206.0
item_run_0784,item_standardized_l2_cosine,64,standardized_l2,cosine,5,15.0,0.12776,3250,2,2658,0.8178461538461539,592,0.18215384615384617,476,0.14646153846153845,0.8040540540540541,116,296.0,296.0
item_run_0785,item_standardized_l2_cosine,64,standardized_l2,cosine,5,20.0,0.159906,3250,2,2484,0.7643076923076924,766,0.2356923076923077,566,0.17415384615384616,0.7389033942558747,200,383.0,383.0
item_run_0786,item_standardized_l2_cosine,64,standardized_l2,cosine,5,25.0,0.19249,3250,3,2295,0.7061538461538461,955,0.29384615384615387,649,0.1996923076923077,0.6795811518324607,5,301.0,318.3333333333333
item_run_0787,item_standardized_l2_cosine,64,standardized_l2,cosine,5,30.0,0.221215,3250,3,2113,0.6501538461538462,1137,0.34984615384615386,730,0.2246153846153846,0.6420404573438874,6,401.0,379.0
item_run_0788,item_standardized_l2_cosine,64,standardized_l2,cosine,5,35.0,0.250801,3250,3,1894,0.5827692307692308,1356,0.41723076923076924,818,0.2516923076923077,0.6032448377581121,10,528.0,452.0
item_run_0789,item_standardized_l2_cosine,64,standardized_l2,cosine,5,40.0,0.275869,3250,4,1723,0.5301538461538462,1527,0.46984615384615386,886,0.2726153846153846,0.5802226588081205,5,318.0,381.75
item_run_0790,item_standardized_l2_cosine,64,standardized_l2,cosine,5,45.0,0.302721,3250,4,1544,0.47507692307692306,1706,0.5249230769230769,961,0.2956923076923077,0.563305978898007,5,370.0,426.5
item_run_0791,item_standardized_l2_cosine,64,standardized_l2,cosine,5,50.0,0.325307,3250,4,1374,0.4227692307692308,1876,0.5772307692307692,1021,0.3141538461538462,0.5442430703624733,6,424.5,469.0
item_run_0792,item_standardized_l2_cosine,64,standardized_l2,cosine,5,60.0,0.377581,3250,1,983,0.30246153846153845,2267,0.6975384615384616,2267,0.6975384615384616,1.0,2267,2267.0,2267.0
item_run_0793,item_standardized_l2_cosine,64,standardized_l2,cosine,5,70.0,0.425471,3250,1,651,0.2003076923076923,2599,0.7996923076923077,2599,0.7996923076923077,1.0,2599,2599.0,2599.0
item_run_0794,item_standardized_l2_cosine,64,standardized_l2,cosine,5,80.0,0.474069,3250,1,346,0.10646153846153845,2904,0.8935384615384615,2904,0.8935384615384615,1.0,2904,2904.0,2904.0
item_run_0795,item_standardized_l2_cosine,64,standardized_l2,cosine,5,85.0,0.496938,3250,1,239,0.07353846153846154,3011,0.9264615384615384,3011,0.9264615384615384,1.0,3011,3011.0,3011.0
item_run_0796,item_standardized_l2_cosine,64,standardized_l2,cosine,5,90.0,0.529728,3250,1,112,0.03446153846153846,3138,0.9655384615384616,3138,0.9655384615384616,1.0,3138,3138.0,3138.0
item_run_0797,item_standardized_l2_cosine,64,standardized_l2,cosine,5,95.0,0.567721,3250,1,38,0.011692307692307693,3212,0.9883076923076923,3212,0.9883076923076923,1.0,3212,3212.0,3212.0
item_run_0798,item_standardized_l2_cosine,64,standardized_l2,cosine,5,99.0,0.623634,3250,1,1,0.0003076923076923077,3249,0.9996923076923077,3249,0.9996923076923077,1.0,3249,3249.0,3249.0
item_run_0799,item_standardized_l2_cosine,64,standardized_l2,cosine,33,1.0,0.05545,3250,1,3108,0.9563076923076923,142,0.04369230769230769,142,0.04369230769230769,1.0,142,142.0,142.0
item_run_0800,item_standardized_l2_cosine,64,standardized_l2,cosine,33,2.5,0.06811,3250,1,3049,0.9381538461538461,201,0.06184615384615385,201,0.06184615384615385,1.0,201,201.0,201.0
item_run_0801,item_standardized_l2_cosine,64,standardized_l2,cosine,33,5.0,0.087903,3250,1,2940,0.9046153846153846,310,0.09538461538461539,310,0.09538461538461539,1.0,310,310.0,310.0
item_run_0802,item_standardized_l2_cosine,64,standardized_l2,cosine,33,10.0,0.128703,3250,2,2683,0.8255384615384616,567,0.17446153846153847,474,0.14584615384615385,0.8359788359788359,93,283.5,283.5
item_run_0803,item_standardized_l2_cosine,64,standardized_l2,cosine,33,15.0,0.163774,3250,2,2489,0.7658461538461538,761,0.23415384615384616,576,0.17723076923076922,0.7568988173455979,185,380.5,380.5
item_run_0804,item_standardized_l2_cosine,64,standardized_l2,cosine,33,20.0,0.202923,3250,2,2262,0.696,988,0.304,673,0.20707692307692308,0.6811740890688259,315,494.0,494.0
item_run_0805,item_standardized_l2_cosine,64,standardized_l2,cosine,33,25.0,0.237709,3250,2,2048,0.6301538461538462,1202,0.3698461538461538,759,0.23353846153846153,0.6314475873544093,443,601.0,601.0
item_run_0806,item_standardized_l2_cosine,64,standardized_l2,cosine,33,30.0,0.27078,3250,2,1829,0.5627692307692308,1421,0.43723076923076926,850,0.26153846153846155,0.5981703026038001,571,710.5,710.5
item_run_0807,item_standardized_l2_cosine,64,standardized_l2,cosine,33,35.0,0.304462,3250,2,1621,0.49876923076923074,1629,0.5012307692307693,935,0.2876923076923077,0.5739717618170657,694,814.5,814.5
item_run_0808,item_standardized_l2_cosine,64,standardized_l2,cosine,33,40.0,0.334184,3250,2,1423,0.43784615384615383,1827,0.5621538461538461,1011,0.3110769230769231,0.5533661740558292,816,913.5,913.5
item_run_0809,item_standardized_l2_cosine,64,standardized_l2,cosine,33,45.0,0.366805,3250,2,1207,0.37138461538461537,2043,0.6286153846153846,1094,0.3366153846153846,0.5354870288790994,949,1021.5,1021.5
item_run_0810,item_standardized_l2_cosine,64,standardized_l2,cosine,33,50.0,0.395593,3250,2,994,0.3058461538461538,2256,0.6941538461538461,1178,0.36246153846153845,0.5221631205673759,1078,1128.0,1128.0
item_run_0811,item_standardized_l2_cosine,64,standardized_l2,cosine,33,60.0,0.455599,3250,1,552,0.16984615384615384,2698,0.8301538461538461,2698,0.8301538461538461,1.0,2698,2698.0,2698.0
item_run_0812,item_standardized_l2_cosine,64,standardized_l2,cosine,33,70.0,0.512658,3250,1,256,0.07876923076923077,2994,0.9212307692307692,2994,0.9212307692307692,1.0,2994,2994.0,2994.0
item_run_0813,item_standardized_l2_cosine,64,standardized_l2,cosine,33,80.0,0.561738,3250,1,88,0.02707692307692308,3162,0.9729230769230769,3162,0.9729230769230769,1.0,3162,3162.0,3162.0
item_run_0814,item_standardized_l2_cosine,64,standardized_l2,cosine,33,85.0,0.587744,3250,1,32,0.009846153846153846,3218,0.9901538461538462,3218,0.9901538461538462,1.0,3218,3218.0,3218.0
item_run_0815,item_standardized_l2_cosine,64,standardized_l2,cosine,33,90.0,0.62154,3250,1,3,0.0009230769230769231,3247,0.9990769230769231,3247,0.9990769230769231,1.0,3247,3247.0,3247.0
item_run_0816,item_standardized_l2_cosine,64,standardized_l2,cosine,33,95.0,0.661292,3250,1,0,0.0,3250,1.0,3250,1.0,1.0,3250,3250.0,3250.0
item_run_0817,item_standardized_l2_cosine,64,standardized_l2,cosine,33,99.0,0.712849,3250,1,0,0.0,3250,1.0,3250,1.0,1.0,3250,3250.0,3250.0
item_run_0818,item_standardized_l2_cosine,64,standardized_l2,cosine,65,1.0,0.067163,3250,1,3068,0.944,182,0.056,182,0.056,1.0,182,182.0,182.0
item_run_0819,item_standardized_l2_cosine,64,standardized_l2,cosine,65,2.5,0.080808,3250,1,2991,0.9203076923076923,259,0.07969230769230769,259,0.07969230769230769,1.0,259,259.0,259.0
item_run_0820,item_standardized_l2_cosine,64,standardized_l2,cosine,65,5.0,0.100451,3250,1,2896,0.8910769230769231,354,0.10892307692307693,354,0.10892307692307693,1.0,354,354.0,354.0
item_run_0821,item_standardized_l2_cosine,64,standardized_l2,cosine,65,10.0,0.143437,3250,2,2634,0.8104615384615385,616,0.18953846153846154,511,0.15723076923076923,0.8295454545454546,105,308.0,308.0
item_run_0822,item_standardized_l2_cosine,64,standardized_l2,cosine,65,15.0,0.185139,3250,2,2397,0.7375384615384616,853,0.26246153846153847,619,0.19046153846153846,0.7256740914419695,234,426.5,426.5
item_run_0823,item_standardized_l2_cosine,64,standardized_l2,cosine,65,20.0,0.223992,3250,2,2159,0.6643076923076923,1091,0.3356923076923077,725,0.2230769230769231,0.6645279560036663,366,545.5,545.5
item_run_0824,item_standardized_l2_cosine,64,standardized_l2,cosine,65,25.0,0.261052,3250,2,1917,0.5898461538461538,1333,0.41015384615384615,819,0.252,0.614403600900225,514,666.5,666.5
item_run_0825,item_standardized_l2_cosine,64,standardized_l2,cosine,65,30.0,0.296864,3250,2,1703,0.524,1547,0.476,905,0.2784615384615385,0.5850032320620556,642,773.5,773.5
item_run_0826,item_standardized_l2_cosine,64,standardized_l2,cosine,65,35.0,0.330443,3250,2,1484,0.4566153846153846,1766,0.5433846153846154,987,0.3036923076923077,0.5588901472253681,779,883.0,883.0
item_run_0827,item_standardized_l2_cosine,64,standardized_l2,cosine,65,40.0,0.360078,3250,2,1291,0.3972307692307692,1959,0.6027692307692307,1058,0.32553846153846155,0.5400714650331802,901,979.5,979.5
item_run_0828,item_standardized_l2_cosine,64,standardized_l2,cosine,65,45.0,0.395521,3250,2,1047,0.3221538461538462,2203,0.6778461538461539,1161,0.35723076923076924,0.5270086246028144,1042,1101.5,1101.5
item_run_0829,item_standardized_l2_cosine,64,standardized_l2,cosine,65,50.0,0.422802,3250,2,857,0.26369230769230767,2393,0.7363076923076923,1231,0.37876923076923075,0.5144170497283744,1162,1196.5,1196.5
item_run_0830,item_standardized_l2_cosine,64,standardized_l2,cosine,65,60.0,0.487541,3250,1,426,0.13107692307692306,2824,0.8689230769230769,2824,0.8689230769230769,1.0,2824,2824.0,2824.0
item_run_0831,item_standardized_l2_cosine,64,standardized_l2,cosine,65,70.0,0.545479,3250,1,163,0.05015384615384615,3087,0.9498461538461539,3087,0.9498461538461539,1.0,3087,3087.0,3087.0
item_run_0832,item_standardized_l2_cosine,64,standardized_l2,cosine,65,80.0,0.596945,3250,1,34,0.010461538461538461,3216,0.9895384615384616,3216,0.9895384615384616,1.0,3216,3216.0,3216.0
item_run_0833,item_standardized_l2_cosine,64,standardized_l2,cosine,65,85.0,0.625367,3250,1,7,0.0021538461538461538,3243,0.9978461538461538,3243,0.9978461538461538,1.0,3243,3243.0,3243.0
item_run_0834,item_standardized_l2_cosine,64,standardized_l2,cosine,65,90.0,0.658704,3250,1,0,0.0,3250,1.0,3250,1.0,1.0,3250,3250.0,3250.0
item_run_0835,item_standardized_l2_cosine,64,standardized_l2,cosine,65,95.0,0.698974,3250,1,0,0.0,3250,1.0,3250,1.0,1.0,3250,3250.0,3250.0
item_run_0836,item_standardized_l2_cosine,64,standardized_l2,cosine,65,99.0,0.747028,3250,1,0,0.0,3250,1.0,3250,1.0,1.0,3250,3250.0,3250.0
item_run_0837,item_standardized_l2_cosine,64,standardized_l2,cosine,128,1.0,0.085986,3250,1,2999,0.9227692307692308,251,0.07723076923076923,251,0.07723076923076923,1.0,251,251.0,251.0
item_run_0838,item_standardized_l2_cosine,64,standardized_l2,cosine,128,2.5,0.100595,3250,1,2918,0.8978461538461538,332,0.10215384615384615,332,0.10215384615384615,1.0,332,332.0,332.0
item_run_0839,item_standardized_l2_cosine,64,standardized_l2,cosine,128,5.0,0.119909,3250,1,2830,0.8707692307692307,420,0.12923076923076923,420,0.12923076923076923,1.0,420,420.0,420.0
item_run_0840,item_standardized_l2_cosine,64,standardized_l2,cosine,128,10.0,0.16421,3250,1,2681,0.8249230769230769,569,0.17507692307692307,569,0.17507692307692307,1.0,569,569.0,569.0
item_run_0841,item_standardized_l2_cosine,64,standardized_l2,cosine,128,15.0,0.212067,3250,2,2280,0.7015384615384616,970,0.29846153846153844,683,0.21015384615384616,0.7041237113402062,287,485.0,485.0
item_run_0842,item_standardized_l2_cosine,64,standardized_l2,cosine,128,20.0,0.254979,3250,2,1994,0.6135384615384616,1256,0.38646153846153847,796,0.2449230769230769,0.6337579617834395,460,628.0,628.0
item_run_0843,item_standardized_l2_cosine,64,standardized_l2,cosine,128,25.0,0.29368,3250,2,1757,0.5406153846153846,1493,0.4593846153846154,888,0.2732307692307692,0.594775619557937,605,746.5,746.5
item_run_0844,item_standardized_l2_cosine,64,standardized_l2,cosine,128,30.0,0.329094,3250,2,1542,0.47446153846153843,1708,0.5255384615384615,973,0.29938461538461536,0.569672131147541,735,854.0,854.0
item_run_0845,item_standardized_l2_cosine,64,standardized_l2,cosine,128,35.0,0.363612,3250,2,1328,0.4086153846153846,1922,0.5913846153846154,1044,0.3212307692307692,0.5431841831425598,878,961.0,961.0
item_run_0846,item_standardized_l2_cosine,64,standardized_l2,cosine,128,40.0,0.394195,3250,2,1102,0.33907692307692305,2148,0.660923076923077,1134,0.34892307692307695,0.5279329608938548,1014,1074.0,1074.0
item_run_0847,item_standardized_l2_cosine,64,standardized_l2,cosine,128,45.0,0.428886,3250,2,889,0.27353846153846156,2361,0.7264615384615385,1224,0.37661538461538463,0.5184243964421855,1137,1180.5,1180.5
item_run_0848,item_standardized_l2_cosine,64,standardized_l2,cosine,128,50.0,0.458662,3250,2,686,0.21107692307692308,2564,0.788923076923077,1310,0.40307692307692305,0.5109204368174727,1254,1282.0,1282.0
item_run_0849,item_standardized_l2_cosine,64,standardized_l2,cosine,128,60.0,0.526544,3250,1,286,0.088,2964,0.912,2964,0.912,1.0,2964,2964.0,2964.0
item_run_0850,item_standardized_l2_cosine,64,standardized_l2,cosine,128,70.0,0.586703,3250,1,68,0.020923076923076923,3182,0.9790769230769231,3182,0.9790769230769231,1.0,3182,3182.0,3182.0
item_run_0851,item_standardized_l2_cosine,64,standardized_l2,cosine,128,80.0,0.638303,3250,1,9,0.002769230769230769,3241,0.9972307692307693,3241,0.9972307692307693,1.0,3241,3241.0,3241.0
item_run_0852,item_standardized_l2_cosine,64,standardized_l2,cosine,128,85.0,0.666663,3250,1,0,0.0,3250,1.0,3250,1.0,1.0,3250,3250.0,3250.0
item_run_0853,item_standardized_l2_cosine,64,standardized_l2,cosine,128,90.0,0.701582,3250,1,0,0.0,3250,1.0,3250,1.0,1.0,3250,3250.0,3250.0
item_run_0854,item_standardized_l2_cosine,64,standardized_l2,cosine,128,95.0,0.738636,3250,1,0,0.0,3250,1.0,3250,1.0,1.0,3250,3250.0,3250.0
item_run_0855,item_standardized_l2_cosine,64,standardized_l2,cosine,128,99.0,0.78533,3250,1,0,0.0,3250,1.0,3250,1.0,1.0,3250,3250.0,3250.0
