rank,k_distance
1,0.26874777096057856
2,0.270957854549434
3,0.2713451262034283
4,0.27973786133017453
5,0.2804330970459987
6,0.28109766070078523
7,0.281926036248364
8,0.28267121590530975
9,0.2869261009271433
10,0.2871042186301923
11,0.28740098350020504
12,0.2899454591314976
13,0.2909741460640948
14,0.29387385843163627
15,0.29534247061571595
16,0.2955943494883224
17,0.2969457102718951
18,0.2971643936187137
19,0.2972913394446238
20,0.2988305696300231
21,0.29975522595775306
22,0.3008514992149003
23,0.3012547256724305
24,0.30174247241353025
25,0.3021580993662649
26,0.3043247367954678
27,0.3073607849300427
28,0.309583425506195
29,0.3115745647900835
30,0.3123475348963949
31,0.31244749869282673
32,0.31336961055454227
33,0.3157646577829686
34,0.3158488170934526
35,0.3158610500973953
36,0.31617528326580113
37,0.31643121012996456
38,0.31647537856327157
39,0.3169178758851806
40,0.31697080880340367
41,0.31784618651278684
42,0.31799523817054387
43,0.3183434914603819
44,0.3192781382411749
45,0.3194326004548269
46,0.31972962487489853
47,0.32255635573149766
48,0.3226070140053805
49,0.32542485496735885
50,0.32753206250063016
51,0.3278569794821722
52,0.3284169525762135
53,0.32885975725199035
54,0.32893152243329704
55,0.3292386737730867
56,0.32940404910945353
57,0.3301375905655123
58,0.3309247484927451
59,0.331720987283716
60,0.3323853576791611
61,0.332557293320656
62,0.3330796531627014
63,0.33363609193907984
64,0.3343143932575209
65,0.3343684326708689
66,0.33480965958275366
67,0.3353210346051827
68,0.3355153282694663
69,0.3357720448030296
70,0.3360563427828792
71,0.3363216671801319
72,0.3372754353424423
73,0.3374317987994242
74,0.3389069847709878
75,0.3393530904458376
76,0.3397663274198309
77,0.33994618724914727
78,0.34007631986824316
79,0.34017284443663076
80,0.3402033531629417
81,0.3416737178425806
82,0.34207406858474865
83,0.34209522250528757
84,0.3426189559426164
85,0.3441423069312889
86,0.3444195453906841
87,0.3448646379994307
88,0.34504057177338887
89,0.3450592481399606
90,0.3458370493530064
91,0.3458622859567434
92,0.34644471574084346
93,0.3467159356012339
94,0.34678043606486153
95,0.34690754143539393
96,0.3476917822692305
97,0.34830902217928217
98,0.34837190152007036
99,0.34851395043414923
100,0.3485164296925448
101,0.34905093924540653
102,0.3491206321733843
103,0.34918574205294695
104,0.3492210183439005
105,0.3492253819618818
106,0.349583504933496
107,0.34980719599095766
108,0.35025893379150874
109,0.3512558308243374
110,0.3513656288622973
111,0.35151411054338255
112,0.3517034216999865
113,0.3517112066638042
114,0.35202172577933244
115,0.3522214778799744
116,0.35301849325181833
117,0.35339457153106013
118,0.3537744378997749
119,0.3541556838954252
120,0.3552282345913901
121,0.35551926826576297
122,0.35564250137768616
123,0.3560869975256139
124,0.3561062516303817
125,0.35620705366812244
126,0.35635882251550155
127,0.3565029527825917
128,0.3568805614440751
129,0.3570532138132878
130,0.35719960496110204
131,0.3576359760986516
132,0.3582715569680255
133,0.3583533666970661
134,0.3588743875303563
135,0.3596664623359239
136,0.3601312293519695
137,0.3602186176236637
138,0.36064958473692854
139,0.36081449066411575
140,0.36117966135710367
141,0.3613227685673923
142,0.36153515318320484
143,0.361752913540617
144,0.36188160171058525
145,0.36242575388988973
146,0.36268871994408736
147,0.3629105581413853
148,0.3632298123076141
149,0.36345719910684116
150,0.363481839754928
151,0.3635913271607769
152,0.36368658560746037
153,0.36373788553010256
154,0.3640571247986607
155,0.3640935804026919
156,0.3645286486563024
157,0.36526340493405574
158,0.36603931423562874
159,0.366474573887415
160,0.36696308373407427
161,0.36740102092633253
162,0.36830875514793504
163,0.3683423261302252
164,0.36838380086848455
165,0.3683936888746605
166,0.36941624050081945
167,0.3698842933637865
168,0.3700487496481605
169,0.3700586782065407
170,0.37019998171401636
171,0.3710825040173398
172,0.37113061477927767
173,0.37128447176553814
174,0.37139788680415353
175,0.37143275342909154
176,0.3716263183057358
177,0.37233770891794804
178,0.3728333129598721
179,0.37344430027563513
180,0.3740358126553379
181,0.3751433949704668
182,0.3752673598700914
183,0.37527258749996173
184,0.37543172209273756
185,0.3754727552767616
186,0.376047307311971
187,0.37698255050431906
188,0.3771613421172225
189,0.3773007678298613
190,0.37744039444729083
191,0.37747905817667315
192,0.37755115091857494
193,0.37826566536537687
194,0.3786221114590761
195,0.37868016070733324
196,0.37898513616244645
197,0.37901848762452994
198,0.3793364911252267
199,0.37966281711369576
200,0.3797712269996575
201,0.3804921204760898
202,0.3805816740110419
203,0.3806056749417871
204,0.38074094476329134
205,0.3808322873301905
206,0.3808705864133891
207,0.380938344371584
208,0.38142977985875826
209,0.3818476184323456
210,0.38192677465045854
211,0.38230599884799243
212,0.382322917855214
213,0.3825372706984529
214,0.38272816057444403
215,0.38282995325439895
216,0.382946655680217
217,0.3830296903083492
218,0.3832535340712836
219,0.3832566465731184
220,0.38326607083350084
221,0.3834588453381853
222,0.3836317846086881
223,0.3839658999057278
224,0.3843588011543285
225,0.38460628892089965
226,0.3850557133929622
227,0.38510435864492754
228,0.3851860805151691
229,0.38534684777704165
230,0.38547543025038733
231,0.38590338707916594
232,0.3864169256576113
233,0.38656806893727136
234,0.38659650448919336
235,0.38672920906712316
236,0.3870602560888651
237,0.38720502530623335
238,0.3872056348762599
239,0.3875881614952208
240,0.38764137468582827
241,0.38795023294543274
242,0.3881464946361104
243,0.38824629724562787
244,0.38837675471712274
245,0.3892717275081279
246,0.38949686239341685
247,0.38978402236934395
248,0.3900410087002306
249,0.3901903241302632
250,0.39027009615559627
251,0.3905133040163691
252,0.39076319005685023
253,0.3907858487636118
254,0.39097482750578005
255,0.3910736118786803
256,0.39109101037140626
257,0.3911052995886525
258,0.3911836462057504
259,0.39176770888875767
260,0.3918931534561054
261,0.39194315309940486
262,0.3921488202274508
263,0.3924014565906371
264,0.3926940612723151
265,0.3927405287858231
266,0.39366273768697413
267,0.39371661843246797
268,0.39372933087840445
269,0.393744448296501
270,0.39376613093483526
271,0.3947838194704095
272,0.3950467274150379
273,0.39513139421040555
274,0.3951552945934296
275,0.395185426357644
276,0.39520037380366935
277,0.39538088833552865
278,0.3955819600622872
279,0.3967930540882598
280,0.39684155188369585
281,0.3973423157351609
282,0.3973635403099717
283,0.3977681129894046
284,0.3983554744674602
285,0.39843175213295257
286,0.39844956169110446
287,0.398524815732321
288,0.3985434572520724
289,0.3988969123519044
290,0.39894007889446437
291,0.39924893189080757
292,0.3993598377433334
293,0.39937184290855154
294,0.3994185199553216
295,0.4001164883509347
296,0.40020267996907355
297,0.40101197484623075
298,0.40119430576524795
299,0.40152122011485536
300,0.4021912695330824
301,0.40225108532554454
302,0.40294473526905794
303,0.40322096530612606
304,0.40322546452474683
305,0.40325350146362193
306,0.4034796755872678
307,0.40419042511539804
308,0.40442301093010413
309,0.4045291968789261
310,0.4046879446813909
311,0.4047815266406093
312,0.40502685069557076
313,0.4050578902959864
314,0.40511772182817885
315,0.4052275821869481
316,0.4055780331726603
317,0.40574596332762336
318,0.4057829179788264
319,0.405938433145414
320,0.4064712657352223
321,0.4066340982591754
322,0.40708585043686485
323,0.40721778658208774
324,0.4072234409415889
325,0.4073054426311681
326,0.4075091233886853
327,0.407645404329365
328,0.40789884447945857
329,0.4081306768359372
330,0.40830115205895046
331,0.4086618389412364
332,0.40880568317708443
333,0.40885977847768795
334,0.4088621760938025
335,0.40952900786158464
336,0.40962624797509906
337,0.4096992560862944
338,0.41018797980872923
339,0.41047515488512853
340,0.41062484178358694
341,0.4111935368123949
342,0.4115283663069309
343,0.41164601433190606
344,0.41193951749548674
345,0.411956628403802
346,0.41237785981211883
347,0.41270864067463087
348,0.4127440937918322
349,0.41288469251518345
350,0.41314045484170714
351,0.4133614509364606
352,0.41336243979949316
353,0.41365246206671424
354,0.41382393980708954
355,0.4138306995159249
356,0.4138695040305854
357,0.41403443151168706
358,0.41424906828178076
359,0.4147356549321578
360,0.41528259437844917
361,0.4153688953732989
362,0.4153950639598173
363,0.4155682328584209
364,0.4156677960960311
365,0.41598686055947975
366,0.4161192754873012
367,0.41614935901286865
368,0.41615820670407344
369,0.41653862542560616
370,0.41693102780761027
371,0.41700563920049116
372,0.41710262955688504
373,0.4173758841640518
374,0.4174415624966652
375,0.4177865679992744
376,0.41802138057092775
377,0.41822280875455586
378,0.41827385728922994
379,0.4185939937014598
380,0.4186141110279228
381,0.41867756787408594
382,0.4188802372585191
383,0.41890439418639547
384,0.4190819222515172
385,0.41913593882350453
386,0.4194206981404175
387,0.41967447384630874
388,0.42025316783800093
389,0.42033485387713576
390,0.42037988614931565
391,0.42051053872368804
392,0.420690826438078
393,0.42070632952743636
394,0.4210875562412869
395,0.42141104538302443
396,0.42153092333823283
397,0.4215589181175494
398,0.4215911120398256
399,0.42199379498371703
400,0.4222998585195653
401,0.422318559166752
402,0.4224197475544721
403,0.4226743903993363
404,0.4226745754333189
405,0.4227478863947193
406,0.4227611852764397
407,0.42277250575515246
408,0.4228798533780036
409,0.42329276344035094
410,0.42339137587512676
411,0.4235767359175654
412,0.4236418753546364
413,0.4237557634857225
414,0.42394521227604987
415,0.4239462082570169
416,0.423968930626366
417,0.42444800569446806
418,0.42449516905427553
419,0.42450386187129985
420,0.4247056719126455
421,0.4247505022148085
422,0.42475564860476833
423,0.4251218562746405
424,0.42540776017576176
425,0.42546830419835124
426,0.42565478501550325
427,0.4259682747773357
428,0.42597846235087966
429,0.42599118517031265
430,0.42601116717518106
431,0.4261087947341715
432,0.4262155595839001
433,0.42631091847687996
434,0.42640749508000453
435,0.42649802499406464
436,0.427225964774383
437,0.4273040503344723
438,0.4273591163936876
439,0.42736406188590914
440,0.4276155590941252
441,0.4278396396001538
442,0.4280502403204556
443,0.4281779101847806
444,0.4283262885144218
445,0.4287623094131915
446,0.4288640100772694
447,0.4290900658237373
448,0.4290923385411425
449,0.4291999174667881
450,0.42935723040846097
451,0.4293803696837454
452,0.42947925665837927
453,0.42981220386654884
454,0.42996732872160304
455,0.4299995771110926
456,0.4300252825639309
457,0.4300709037769094
458,0.4300869226091948
459,0.4301025940150489
460,0.430285216541629
461,0.4304522673295279
462,0.43054807374556026
463,0.4305584937846726
464,0.4309947234959607
465,0.4310925084924303
466,0.43118094544707664
467,0.43127870447694683
468,0.43128283411819435
469,0.4314126374002736
470,0.4315255503619624
471,0.43179692765870714
472,0.4321760915971191
473,0.4322315689629166
474,0.432345451290265
475,0.43238914907439163
476,0.43250227036566435
477,0.4325835866118609
478,0.4325980331354239
479,0.43301001026088726
480,0.4331070638354212
481,0.4332097860168824
482,0.4333314363768884
483,0.4333715371263426
484,0.43374700127675203
485,0.4337622396946551
486,0.43381595289552066
487,0.4338950314475124
488,0.4340571514278828
489,0.43415511537529683
490,0.4341872922198736
491,0.43446869271636823
492,0.43459967837269453
493,0.4346578832509852
494,0.43472544519689493
495,0.43483765109436123
496,0.43507786229536827
497,0.4354493628965702
498,0.43558276694428033
499,0.43567299820289307
500,0.4358717644241523
501,0.4359926513857183
502,0.4361814330388848
503,0.4363344154999287
504,0.43641920879818163
505,0.436641874114304
506,0.4367152667326186
507,0.4369007344906102
508,0.43712200111365374
509,0.43739225783906
510,0.43742840471577327
511,0.43768055817946194
512,0.43772888093416484
513,0.43775280369152836
514,0.43815029985455944
515,0.43819560696526827
516,0.4382605313804365
517,0.43830905891992544
518,0.4383543766323895
519,0.43845678951703293
520,0.4385389173978127
521,0.43871357633785735
522,0.4387872876873944
523,0.4391234435528385
524,0.4391276684231371
525,0.439683411630459
526,0.43974578683256127
527,0.4398451516554345
528,0.4398722495536068
529,0.43990323815984744
530,0.44001263272595137
531,0.4400251182012953
532,0.4400596899619472
533,0.4400942165707644
534,0.4404453959930058
535,0.44045661088873045
536,0.4405567115876149
537,0.4406383407731226
538,0.44069948573733075
539,0.44073899637945657
540,0.4407396429735908
541,0.44097612954294285
542,0.44103902996317224
543,0.44106095108106724
544,0.4410640719420649
545,0.4410717159541899
546,0.4411289304097754
547,0.4414163216482757
548,0.4414612496852004
549,0.44154351399582725
550,0.4416076444852558
551,0.44186733012028645
552,0.441875039634425
553,0.44203526452449016
554,0.4421850450712248
555,0.44218562554786256
556,0.44219252285365773
557,0.4422260497414462
558,0.44224999461305703
559,0.44226985688565623
560,0.442349783701671
561,0.44244637909847395
562,0.4427750064058579
563,0.4428845779628171
564,0.4429251140344478
565,0.44302786361385604
566,0.443182500119504
567,0.4433544783075061
568,0.44341764919381765
569,0.4435095200961585
570,0.4435540425004112
571,0.4437239879226791
572,0.44394803742031275
573,0.44410950893679
574,0.4441762658447288
575,0.4442858155380086
576,0.4442957979190141
577,0.4446108990054527
578,0.44505956687628634
579,0.44547416828000497
580,0.4454859156583306
581,0.44562974550743395
582,0.4456350417373015
583,0.4457659017344795
584,0.44616825707162155
585,0.4462842064047926
586,0.44634466459204647
587,0.44637109394559393
588,0.44663501750055223
589,0.4466467269106502
590,0.44672250115282297
591,0.44701448216106354
592,0.4470708497646323
593,0.44720894713537784
594,0.4472783715142409
595,0.44739958781881417
596,0.4477589085293767
597,0.44780832257790915
598,0.4479878934887359
599,0.44803004360402676
600,0.4481969962131427
601,0.4483620936386893
602,0.4483699797450351
603,0.44843042620057516
604,0.4485713949768655
605,0.4487248978483903
606,0.4487980088587801
607,0.4488394712436812
608,0.4488861993874361
609,0.448990056005686
610,0.44922750527650246
611,0.4492722588252226
612,0.44927251527579926
613,0.4495714599326459
614,0.44967330032166897
615,0.44970451185823124
616,0.4498458108595764
617,0.4502588350080041
618,0.45109169361061274
619,0.45146403980633354
620,0.4517559550512844
621,0.4519556229614914
622,0.45200204643152775
623,0.45204989584800237
624,0.4521508702451956
625,0.4524276560210927
626,0.45248655264971005
627,0.4525526575997042
628,0.4526346797584221
629,0.45272119501149155
630,0.4529205399592007
631,0.4533288655065316
632,0.45343840193758966
633,0.45364273508189623
634,0.4536465325510287
635,0.45380418924488897
636,0.45386864482859535
637,0.4540804590970513
638,0.4541353721537531
639,0.45419685697399326
640,0.45444185915772006
641,0.4546094586709981
642,0.4546358761783691
643,0.4548554689763924
644,0.454983918338259
645,0.45514214496357575
646,0.4554048994547347
647,0.45542532526076906
648,0.4555305789896632
649,0.45583929796208444
650,0.4563172454525588
651,0.4567924345537703
652,0.4568070388744566
653,0.45707320116755856
654,0.45726729295403445
655,0.4573295479347592
656,0.4573363556332223
657,0.4574753818791495
658,0.4574906529536392
659,0.45751589167134166
660,0.45755380175166505
661,0.45761607363599277
662,0.45761704475409537
663,0.4576707806661764
664,0.45778416902406605
665,0.4579289406764394
666,0.4579460459539352
667,0.45799652528239543
668,0.45809555632267307
669,0.45810257448319713
670,0.4583791792996821
671,0.4584243468527692
672,0.4587014273664278
673,0.4587988852214675
674,0.4588761637397176
675,0.45895426286447416
676,0.45926222518826376
677,0.45935434045337675
678,0.45938931889977697
679,0.4594399650164882
680,0.45952574757156517
681,0.4596308613759611
682,0.4597624910627406
683,0.45977453690390113
684,0.45978518543776536
685,0.45990895564126655
686,0.4601413765314054
687,0.46033790857233525
688,0.46075905435683584
689,0.4608328209278181
690,0.460868502134019
691,0.46096952442265116
692,0.4609707017226079
693,0.4612034135055465
694,0.4613830312070023
695,0.4614462659323755
696,0.46161791290218057
697,0.461658801784232
698,0.4617533238325513
699,0.4619226369165159
700,0.4619444445244475
701,0.4619489226398461
702,0.4624207496514714
703,0.4624241195921045
704,0.46242672222851755
705,0.46243017919154095
706,0.4625620899510523
707,0.4626235871158152
708,0.46272943465056826
709,0.4627662500667221
710,0.46285356204384887
711,0.46286729674996796
712,0.4628755997042666
713,0.46301991880382054
714,0.4630308292973848
715,0.46303939841247077
716,0.46315937023650966
717,0.46344686010351754
718,0.46365509480579636
719,0.46377249482474714
720,0.46391333427210424
721,0.46408766152436765
722,0.46413034496036165
723,0.4641471754207255
724,0.4647508598541964
725,0.4648704318309378
726,0.46496335203878136
727,0.4650102149591506
728,0.4651443847763568
729,0.46526204718731723
730,0.46540441809074584
731,0.465708440700788
732,0.4659618995154722
733,0.46600526576326007
734,0.46608157941001604
735,0.46615348410821944
736,0.46650853251130364
737,0.466540092008231
738,0.4665704382619589
739,0.4666325830788248
740,0.46668617239272703
741,0.4669521154423859
742,0.4670331109906304
743,0.46721515450689466
744,0.46725473717899413
745,0.46737559705274223
746,0.46749287127305694
747,0.4675881833449085
748,0.4675932600608851
749,0.46785746646382576
750,0.46791325150863017
751,0.46807985617900516
752,0.4680993840558937
753,0.4681235615180712
754,0.46843492317134494
755,0.4685020066487914
756,0.46865926158274707
757,0.4687209261273245
758,0.4688271011069889
759,0.4688930273579921
760,0.468951750988141
761,0.46928712152223917
762,0.4692901593585349
763,0.46933572786219135
764,0.469495534344447
765,0.4696368157297247
766,0.46964814761239526
767,0.4701514216965923
768,0.4703718276126386
769,0.4704646747494592
770,0.4705020758307885
771,0.470503105162818
772,0.47051796383063105
773,0.4705524823665256
774,0.47062925799161004
775,0.4706965709396468
776,0.470829903613304
777,0.4708925315021827
778,0.47102018651417954
779,0.47109283138485347
780,0.4713944720896194
781,0.4714698255326444
782,0.4714888003070373
783,0.4715034969141123
784,0.47168441905901126
785,0.4716858985016229
786,0.4718966475917893
787,0.47206540247599726
788,0.4721240933974302
789,0.47224867775976
790,0.4723148032489869
791,0.472360534853677
792,0.47239852397032456
793,0.472611506921108
794,0.47281788815796444
795,0.4730697242829107
796,0.47307786463759516
797,0.473100523760969
798,0.47335197995283906
799,0.4734325385868703
800,0.47345537642063695
801,0.47349562221466834
802,0.473709934711082
803,0.4737159994710406
804,0.47372670099023106
805,0.47374594641684586
806,0.47388093815566246
807,0.47393604048596416
808,0.47421686556755993
809,0.4742288623859061
810,0.47439570756558413
811,0.47459847871688265
812,0.47471854087466525
813,0.47492247874201166
814,0.4749415438774933
815,0.47501316529275195
816,0.4751272449755336
817,0.4752907063181292
818,0.4753474153360696
819,0.4754002056630532
820,0.47562400692605067
821,0.47564332309778135
822,0.47573381056913666
823,0.4757352231571742
824,0.4757823157624972
825,0.47584778483679124
826,0.4760039949149305
827,0.4760494145758818
828,0.47617866654398044
829,0.4761928519354628
830,0.47624603185021297
831,0.4765989763977758
832,0.4768321031777718
833,0.4768501084792859
834,0.47685899900507533
835,0.4772064683774211
836,0.4774632388888628
837,0.4775168418578699
838,0.4775569660880089
839,0.47771643681172615
840,0.47796382920251446
841,0.4780336814715964
842,0.4780687793124194
843,0.47847797011959614
844,0.4786569867394932
845,0.47869834418626467
846,0.47873877436173473
847,0.4787622827964866
848,0.4787714617720631
849,0.47914817272610577
850,0.47920335954154114
851,0.47924885682572005
852,0.4795047305507839
853,0.4795367331534177
854,0.479642343195229
855,0.47977029609072297
856,0.47992574128838816
857,0.4799579278518733
858,0.4800120402442568
859,0.4800788908691236
860,0.48010201027703003
861,0.48011029817182516
862,0.48017926703208713
863,0.48022687185365154
864,0.4803076954939317
865,0.48040586633896865
866,0.4804575436424585
867,0.4807473932858456
868,0.4810534185108477
869,0.4811213496647283
870,0.4813832607414401
871,0.48139853505044516
872,0.48152829866471936
873,0.48167035533004443
874,0.48177597492276814
875,0.4818315148228095
876,0.48195021993423026
877,0.4819616707852905
878,0.4820266457896364
879,0.482279571136778
880,0.48280539806942524
881,0.48283130900495397
882,0.48329528692298507
883,0.48345222128464305
884,0.4834714104025619
885,0.4837345510448894
886,0.4837967267864427
887,0.4838253474291756
888,0.48391252963313003
889,0.4839187654118946
890,0.4839835453485113
891,0.4839879441928907
892,0.4844126908930244
893,0.48466971746464615
894,0.4846905257838142
895,0.4848233745319751
896,0.48482774278345797
897,0.4849043244034451
898,0.48499265236786837
899,0.48500714742606355
900,0.48501136195116756
901,0.48501754063136904
902,0.48510544734548366
903,0.48520214535484074
904,0.48529613745720934
905,0.48530685461022616
906,0.48534197019354375
907,0.48550121945298774
908,0.4856399737321542
909,0.4860868376029356
910,0.4861811178151555
911,0.48618261482465785
912,0.48629488920490316
913,0.4863661813750453
914,0.486376487383096
915,0.48659849097915364
916,0.48660352127424955
917,0.4867070638548481
918,0.48680730765447977
919,0.4869983312770916
920,0.48710933883544383
921,0.4872153264085958
922,0.4873178550793097
923,0.4873229819808096
924,0.4874819735522463
925,0.487494352046274
926,0.4875203917402786
927,0.4876165392104824
928,0.48764726922797963
929,0.4876633612552136
930,0.4878982699663311
931,0.4880017609616656
932,0.4880195280998545
933,0.48802626826528284
934,0.4880502480699239
935,0.4880868982379829
936,0.4880985540313285
937,0.4881667603541451
938,0.4882114589024612
939,0.4882766943357346
940,0.48829186212281617
941,0.4883551863515253
942,0.48841266530756566
943,0.4885260354889378
944,0.48861587320885913
945,0.4887209773379597
946,0.48913240011728787
947,0.48914115586840456
948,0.4895580337659995
949,0.4898807347074794
950,0.4899214091507643
951,0.49018332949675514
952,0.49035089936435905
953,0.49036500870056465
954,0.49042630233612217
955,0.49062035666139847
956,0.4908390370772383
957,0.49090663029820314
958,0.4912909624540147
959,0.49150383342833315
960,0.4918649304686932
961,0.4920982264504593
962,0.49230115829718046
963,0.4924167974537247
964,0.4924408268934082
965,0.492441181217814
966,0.49257584524756104
967,0.49262385986572843
968,0.49269758273627917
969,0.49292953415520524
970,0.49301780903247727
971,0.4930479861624749
972,0.4931647855869037
973,0.49327151514665335
974,0.49337629318644693
975,0.49339931515046653
976,0.49347268250716236
977,0.49371799401104355
978,0.49382454421062605
979,0.4938550268479919
980,0.493896780218937
981,0.49390973834128815
982,0.4939456512996637
983,0.49403747520517005
984,0.49411807708074484
985,0.494160534818305
986,0.49417969428294817
987,0.49421056214800463
988,0.4942752807051769
989,0.49437138033777905
990,0.4944176266708098
991,0.4945005046185904
992,0.4946245934447786
993,0.49467820233613236
994,0.4948584027138083
995,0.4949177623936909
996,0.49492123032004565
997,0.49503134320055153
998,0.4950390304398108
999,0.4953425360446374
1000,0.4953993202506227
1001,0.4954288942746934
1002,0.495513818254519
1003,0.4955528959036667
1004,0.495670479138831
1005,0.49599367192424515
1006,0.49616642743611783
1007,0.4962686110090948
1008,0.49627359387540293
1009,0.49657783881709194
1010,0.49661433918259534
1011,0.49666874284330775
1012,0.4968054262881533
1013,0.4968146016086651
1014,0.49685148904829324
1015,0.49687714057256427
1016,0.4969003895209638
1017,0.49690975531956605
1018,0.4969807778146995
1019,0.4972654874615403
1020,0.49734486592607974
1021,0.49754950228686323
1022,0.4977438671991924
1023,0.497921219609214
1024,0.49793077493885285
1025,0.4979775669358226
1026,0.4981217820814563
1027,0.49813406559485773
1028,0.4981981252497164
1029,0.49832413006720144
1030,0.49845929681074597
1031,0.49859865120969915
1032,0.49868963572170966
1033,0.4987033847132353
1034,0.4987037475809606
1035,0.49877296820394834
1036,0.49878835390420473
1037,0.4988719989247753
1038,0.49899873317094967
1039,0.4991089513396446
1040,0.49911545982868155
1041,0.49912186207562703
1042,0.49929796997676523
1043,0.49940141610549815
1044,0.499572290558541
1045,0.4996288871091379
1046,0.49971132874880886
1047,0.4998277479424177
1048,0.4998284278759384
1049,0.4998736543283342
1050,0.500264149754861
1051,0.5002656174360627
1052,0.5002721216579471
1053,0.5002765000854503
1054,0.5003431054550094
1055,0.5003530529036165
1056,0.5004415711347121
1057,0.5005511609844875
1058,0.5006686024173692
1059,0.5008248385080938
1060,0.5008880342986901
1061,0.5009081505801661
1062,0.5012566982489095
1063,0.5013737120421672
1064,0.5014945994170061
1065,0.5014982335996154
1066,0.5015240851091303
1067,0.5015316014481332
1068,0.5015317516063247
1069,0.5015653258003897
1070,0.5015939209093478
1071,0.5015981449769813
1072,0.501741322152843
1073,0.5018351653023166
1074,0.5018515042791294
1075,0.5019548814883388
1076,0.5019753244133659
1077,0.5020306276532879
1078,0.5020907409925277
1079,0.5021255625661161
1080,0.5021754370159828
1081,0.5022132508780213
1082,0.5022514182503086
1083,0.5023761056119502
1084,0.5025599808870731
1085,0.5025648376376342
1086,0.5026017792144377
1087,0.5028149626293159
1088,0.5030824926039081
1089,0.5031422653442464
1090,0.5032164349303359
1091,0.5033573092146485
1092,0.5033794326276161
1093,0.5034312306095221
1094,0.5034851833038165
1095,0.5035197816918123
1096,0.5036830466297817
1097,0.5038179679317618
1098,0.5038767450741474
1099,0.5039303382728408
1100,0.5039618366852712
1101,0.5040430363374497
1102,0.5040529124339074
1103,0.504118473964106
1104,0.5041200327343791
1105,0.5041653348269657
1106,0.504359887699163
1107,0.504367533560394
1108,0.5043753971749716
1109,0.5044740176392284
1110,0.504506335429646
1111,0.504670173958639
1112,0.5047435751154556
1113,0.5048479022918059
1114,0.5051806284032695
1115,0.5052819183278665
1116,0.5053008159133133
1117,0.5053077209953262
1118,0.5054250757603793
1119,0.5054792349636887
1120,0.5054912409245181
1121,0.5056684248989353
1122,0.505692671351554
1123,0.5058778176944072
1124,0.5060976537315908
1125,0.5061338822611237
1126,0.5062044556049037
1127,0.5062657273074445
1128,0.50628075273419
1129,0.506364620229987
1130,0.5064461295590481
1131,0.5064867245890945
1132,0.5065848797522268
1133,0.5066368376251188
1134,0.5066562405625464
1135,0.5066728244663571
1136,0.5066982999773222
1137,0.5067599528640646
1138,0.5068586402102944
1139,0.5069730066455329
1140,0.507118175379825
1141,0.5071506168305862
1142,0.5071873935552755
1143,0.5072079375957962
1144,0.5072197727683881
1145,0.5074674565041628
1146,0.5076304371849159
1147,0.5077134982995835
1148,0.5077629246741628
1149,0.5077954780566796
1150,0.5078031440829598
1151,0.5079184542621973
1152,0.5080199583604726
1153,0.5080570088245777
1154,0.5081475620735696
1155,0.5083788455573468
1156,0.5083867265340765
1157,0.5085537383955192
1158,0.5086781158408934
1159,0.508700892500622
1160,0.5087377443952159
1161,0.5087480170398709
1162,0.5088162112317487
1163,0.5089171037874775
1164,0.5089264256458896
1165,0.5090113854939355
1166,0.5091055826272481
1167,0.5091432850093972
1168,0.5093717760061128
1169,0.5093751807350699
1170,0.5093866359685089
1171,0.5094538524642089
1172,0.5095197226017838
1173,0.5095716788337998
1174,0.5095740931840185
1175,0.5095845841319384
1176,0.5095960346977257
1177,0.5097077734825373
1178,0.5097351987310204
1179,0.5098365471354138
1180,0.5099005386291438
1181,0.5099883869245725
1182,0.5101450688008802
1183,0.5102905773742794
1184,0.510383365613782
1185,0.5104565416581033
1186,0.5105177957741538
1187,0.5106801645263109
1188,0.5107024138931687
1189,0.5109945663740096
1190,0.5110114395858998
1191,0.5110208182633691
1192,0.5110439814845722
1193,0.5113239774472133
1194,0.5114060726891068
1195,0.5114307206633606
1196,0.5114488369868304
1197,0.511456430007166
1198,0.5116241020702544
1199,0.5117609082888066
1200,0.5119092197904606
1201,0.5119794037547798
1202,0.5120045292020965
1203,0.5120687460961539
1204,0.5122518244206373
1205,0.5123296023603995
1206,0.5123765205929016
1207,0.5124650805093117
1208,0.5125324023797071
1209,0.5125327661831757
1210,0.5126597800796904
1211,0.5127007930330661
1212,0.5128153850991628
1213,0.513003419479968
1214,0.5130224746096681
1215,0.5131029589285352
1216,0.5131495130243682
1217,0.5132587657616507
1218,0.5134964574607956
1219,0.513668640507746
1220,0.5137306237711721
1221,0.5139136829719089
1222,0.5139329161518917
1223,0.5141541125683216
1224,0.5142736284504722
1225,0.5142916882501971
1226,0.5144390019314081
1227,0.5144744503442016
1228,0.5145047540602268
1229,0.5147971506331337
1230,0.5149250075061221
1231,0.514941546468565
1232,0.5150192921244654
1233,0.5150394226030148
1234,0.5150539343887117
1235,0.515087278469383
1236,0.5151649331922992
1237,0.5151754564144746
1238,0.5152060191196276
1239,0.5152881452471489
1240,0.5153358995209887
1241,0.5154409928019092
1242,0.5154454269892348
1243,0.5158612877448158
1244,0.5158968814426634
1245,0.5160311545340084
1246,0.5161251814370824
1247,0.5161326402622235
1248,0.5162046034550243
1249,0.5164381181071563
1250,0.5164739590067522
1251,0.5164904354553812
1252,0.516507268594806
1253,0.5165179398377981
1254,0.5165841877124966
1255,0.5166241650428618
1256,0.5166289840415681
1257,0.5168939654164277
1258,0.5171621673225434
1259,0.5175085491821791
1260,0.5175418109006771
1261,0.517543622047618
1262,0.5176142326086646
1263,0.5176193106983276
1264,0.5176642384596035
1265,0.5177216301210199
1266,0.5178009228080738
1267,0.5178192771379551
1268,0.517847524168888
1269,0.517892811812414
1270,0.5179037572341414
1271,0.5179478500137498
1272,0.5179636655512405
1273,0.51811075174685
1274,0.5182418138714817
1275,0.5182708137815158
1276,0.5182921063749963
1277,0.5184067159713835
1278,0.5184270996737839
1279,0.518484375149868
1280,0.5185029614926568
1281,0.5185357488513148
1282,0.5186481763999315
1283,0.518655053027294
1284,0.5187119809448377
1285,0.5188382466172201
1286,0.5188568332239711
1287,0.519159873134379
1288,0.5193248600568784
1289,0.5194462865788597
1290,0.5196512473919848
1291,0.5197332040425529
1292,0.5197432230671271
1293,0.5199391118492683
1294,0.5202976649853615
1295,0.5204646862597377
1296,0.5207043951769181
1297,0.5207705608726891
1298,0.5209112859873657
1299,0.5209772897395667
1300,0.5210187383674592
1301,0.5210415883758852
1302,0.5212185863094576
1303,0.521362645413181
1304,0.5213844624815782
1305,0.5214563338291511
1306,0.521638567317479
1307,0.5217398468483518
1308,0.5217505113726997
1309,0.5218907710868563
1310,0.5220458836650067
1311,0.52208289357874
1312,0.5221492693671588
1313,0.5223224198325829
1314,0.5223946042607264
1315,0.5224072913673561
1316,0.5224225860472339
1317,0.5225432187533345
1318,0.5225448218592287
1319,0.5226973167364253
1320,0.522721847621082
1321,0.5229613801154347
1322,0.5231477018580182
1323,0.5231872593253024
1324,0.5232963366291918
1325,0.52344446949877
1326,0.5235667121357599
1327,0.5238604894195814
1328,0.5238781513583113
1329,0.5239094560707973
1330,0.52392766815166
1331,0.5239992303923473
1332,0.5240114671516607
1333,0.5241409871056382
1334,0.5241940689372364
1335,0.5244758454166006
1336,0.5245693707879822
1337,0.5246734648299932
1338,0.524697512641578
1339,0.5247415003723749
1340,0.5248374010529266
1341,0.524855135557759
1342,0.5248615043976577
1343,0.525043644687867
1344,0.5250934734702009
1345,0.5251188266809965
1346,0.5251876823856914
1347,0.5252667377012582
1348,0.525276090091938
1349,0.5252874864529036
1350,0.5255650749739764
1351,0.5255991498993343
1352,0.5256012152756239
1353,0.5256950577216861
1354,0.5257282620448684
1355,0.5259062402645104
1356,0.5260353313700757
1357,0.5261841022211462
1358,0.5262894543504432
1359,0.5264337518717903
1360,0.5265910661786728
1361,0.5266115481191542
1362,0.5266145312529675
1363,0.5266627938328627
1364,0.5267568818006856
1365,0.5267683781140059
1366,0.5268012134522919
1367,0.5268916955163293
1368,0.5268922647319059
1369,0.527007700992475
1370,0.5270251536727832
1371,0.5270655816305536
1372,0.5271814829810924
1373,0.5271865593457037
1374,0.5272011427558682
1375,0.5272013122223289
1376,0.5272385825491376
1377,0.5272924855188914
1378,0.5273039447505427
1379,0.5273204506368352
1380,0.5273637990054145
1381,0.5275545759112703
1382,0.5275591615167479
1383,0.5275774671835194
1384,0.5275909819326481
1385,0.5276095874720524
1386,0.5276324499434166
1387,0.5277972217445173
1388,0.5278915666109782
1389,0.5279870247180156
1390,0.5281049470969612
1391,0.528182646502772
1392,0.5282695011863914
1393,0.5282827020523861
1394,0.5284632988233051
1395,0.5285034620256936
1396,0.5285994243476029
1397,0.5286267285452697
1398,0.5287128160835208
1399,0.528775191669886
1400,0.5288474892820885
1401,0.5288509118357511
1402,0.5289463949224879
1403,0.5290160148116694
1404,0.5292342098399345
1405,0.5293492355232255
1406,0.5295069982820155
1407,0.5295130622901649
1408,0.5295781724655786
1409,0.5297013635843111
1410,0.5297186135910309
1411,0.529767537350758
1412,0.529956288180345
1413,0.5299661114673127
1414,0.530028842299589
1415,0.5300340690647581
1416,0.5301265209291739
1417,0.5301438578240565
1418,0.5301898545127495
1419,0.5301900150229908
1420,0.5302792666299825
1421,0.5303971813056041
1422,0.5304742396279636
1423,0.5305922901333346
1424,0.5305966858017765
1425,0.5307736696638368
1426,0.5308462162424148
1427,0.530916261253775
1428,0.5309685911446815
1429,0.531057646119846
1430,0.5310747044919697
1431,0.5312045727729233
1432,0.5312073569216635
1433,0.5312557847433153
1434,0.5313085941537827
1435,0.5314228308435891
1436,0.5314366600938611
1437,0.5314603343951725
1438,0.5316458286399779
1439,0.5316804236794166
1440,0.5318448730600189
1441,0.5318696832380692
1442,0.5320030230664763
1443,0.5320123663044847
1444,0.532334053203662
1445,0.5323402430630659
1446,0.5324011294222395
1447,0.5324305735402151
1448,0.5325302308900708
1449,0.5326284947300742
1450,0.532721008960104
1451,0.532723964728046
1452,0.5330252981398304
1453,0.5331178701184298
1454,0.5331637740112547
1455,0.5332190132065051
1456,0.5332303113144411
1457,0.5332303275213932
1458,0.5332415137687172
1459,0.533248897090254
1460,0.5333102292708126
1461,0.5333624616200403
1462,0.5334643368738943
1463,0.5336859643712
1464,0.5337786895323553
1465,0.5338317660830805
1466,0.5339323774691359
1467,0.5341432730653979
1468,0.5342083863919476
1469,0.5345497368688095
1470,0.5345588861517343
1471,0.5346457774505043
1472,0.5346747492143691
1473,0.5347538143240776
1474,0.5350020121306225
1475,0.5352246164376909
1476,0.5352355207307735
1477,0.5352783383468731
1478,0.5353367015697046
1479,0.5354234363125234
1480,0.5357625927278834
1481,0.5357716183076484
1482,0.5358461019097954
1483,0.5358665198009738
1484,0.5360537448635734
1485,0.536069681450623
1486,0.5363544456000952
1487,0.536423416533627
1488,0.5365427298646566
1489,0.5365780771467727
1490,0.5365834869536235
1491,0.5366402483507022
1492,0.5366667844765499
1493,0.536703434367416
1494,0.5367424797218108
1495,0.5367873943700481
1496,0.5368847825175879
1497,0.5369545116616817
1498,0.5371275459971822
1499,0.5373050208317214
1500,0.5373727263051116
1501,0.5374295691288058
1502,0.5374853685775175
1503,0.5376135970344751
1504,0.5376895160310048
1505,0.5378786820209205
1506,0.537922760361784
1507,0.5379728953266047
1508,0.5380144947632942
1509,0.5380945535770889
1510,0.5381913745031406
1511,0.5382060918927645
1512,0.53825162654097
1513,0.5383401900167049
1514,0.5383764694597903
1515,0.5383861968723043
1516,0.5384227326828261
1517,0.5384595858731198
1518,0.5384807838161216
1519,0.5384970256555779
1520,0.5385699607523149
1521,0.5386885437466116
1522,0.5388215556023767
1523,0.5390692393990277
1524,0.5390835282374586
1525,0.539165587295201
1526,0.5393171187384741
1527,0.5393195531748722
1528,0.5393262413316875
1529,0.5394187666336206
1530,0.5394590539965187
1531,0.5394952839086891
1532,0.53955580853393
1533,0.5398307766409034
1534,0.5399820228339481
1535,0.540163865342401
1536,0.5403457335441542
1537,0.5404351469564491
1538,0.5406753019465752
1539,0.5407785446650784
1540,0.54087599997159
1541,0.540909885588449
1542,0.54105515531146
1543,0.5410754940261497
1544,0.541117904255989
1545,0.541150626574272
1546,0.5412690568010112
1547,0.5412773186121076
1548,0.5412936911125819
1549,0.541768782250766
1550,0.5417688634139592
1551,0.5418186555294908
1552,0.541852955191775
1553,0.5418954185371392
1554,0.5422319327696082
1555,0.5422723073685669
1556,0.5423657788960551
1557,0.5425101940569899
1558,0.5425270266965692
1559,0.5425390389098348
1560,0.5426254937493742
1561,0.5427146576104919
1562,0.5427482697816056
1563,0.5427610386630524
1564,0.5427774978584508
1565,0.5429135931499153
1566,0.5429267925741281
1567,0.5429968153568467
1568,0.5430748310367379
1569,0.5431349320866393
1570,0.5431703979812856
1571,0.5431901809011663
1572,0.5431968393741168
1573,0.543229970064951
1574,0.5433454714744415
1575,0.5433473226079562
1576,0.5433522118657284
1577,0.5434542039009174
1578,0.5435430721269248
1579,0.5436965358247137
1580,0.5438108653863579
1581,0.5439211021422301
1582,0.5439276302200016
1583,0.5439825131471936
1584,0.544116148926004
1585,0.5441410676858478
1586,0.544145090694385
1587,0.5441558143894424
1588,0.5442977338603905
1589,0.5443909179450694
1590,0.544508137789806
1591,0.5445165544748978
1592,0.5445398940979734
1593,0.5446625054340517
1594,0.544878066706258
1595,0.544895730047923
1596,0.5450439096222292
1597,0.545094274623275
1598,0.5451014262223548
1599,0.5451231484226269
1600,0.5452355576513932
1601,0.5452942116290127
1602,0.5452959993426865
1603,0.5453226231399493
1604,0.545386369540339
1605,0.5454514909163624
1606,0.5454799341711017
1607,0.5455163944006687
1608,0.5456524895281907
1609,0.5458623304099903
1610,0.5459328471562692
1611,0.5459997909682306
1612,0.5460322326366238
1613,0.5461234815100706
1614,0.5461676375655883
1615,0.5462038482335821
1616,0.5462099769195179
1617,0.5462427261134983
1618,0.5464464050516126
1619,0.5464808336695746
1620,0.5464849789864871
1621,0.5464978210034124
1622,0.5465891269752752
1623,0.5466383849369472
1624,0.5466631389928276
1625,0.5466647940459096
1626,0.5466801811919755
1627,0.5467242644297821
1628,0.5467422361095392
1629,0.5467586945059459
1630,0.546774801405242
1631,0.546847176206875
1632,0.5468484919928241
1633,0.546901236076192
1634,0.5470261351463359
1635,0.5470528273173979
1636,0.5470561894277137
1637,0.5470965272975955
1638,0.5471968531610779
1639,0.5472300364758637
1640,0.5473450576681662
1641,0.547514425315293
1642,0.5475305210396217
1643,0.547599111206446
1644,0.5478476555219329
1645,0.5479152191091055
1646,0.548046208619557
1647,0.5480628693840177
1648,0.5481127061707816
1649,0.5481229702222157
1650,0.5481747158416201
1651,0.5483861474713312
1652,0.5484479559638079
1653,0.5484539204885044
1654,0.5485565582679033
1655,0.5486090070409424
1656,0.5487828067648506
1657,0.5489052977374986
1658,0.5489920119517782
1659,0.5490965917645567
1660,0.549121034069221
1661,0.5491628720012678
1662,0.549194984063623
1663,0.5493047431317728
1664,0.5493098009054496
1665,0.5493846078154014
1666,0.5494658225252813
1667,0.5494736301381792
1668,0.5494785121422151
1669,0.5495656222666805
1670,0.5496354069498544
1671,0.5497944375069604
1672,0.5498110963568509
1673,0.5499370728533346
1674,0.549958517025464
1675,0.5500155753924449
1676,0.5501691777555371
1677,0.5501943825512121
1678,0.5502361707288497
1679,0.5504553246109987
1680,0.5504663238098035
1681,0.5505234525070242
1682,0.5506863415035137
1683,0.5508500218303218
1684,0.5508687132540655
1685,0.5509863347665177
1686,0.5509973498812354
1687,0.5510523901601102
1688,0.5510684177956606
1689,0.5511907456552907
1690,0.551243359447708
1691,0.5512776041640738
1692,0.5512835286700775
1693,0.5513125881464702
1694,0.5513286962851153
1695,0.5513722430019548
1696,0.5514888917453161
1697,0.5515064622109307
1698,0.5515759127014574
1699,0.551616096170101
1700,0.5517191002028123
1701,0.5517208754648635
1702,0.5517407200048207
1703,0.5518570935539203
1704,0.5518945626346708
1705,0.5521059151998087
1706,0.5521068925338541
1707,0.5524526921085761
1708,0.5524529183990585
1709,0.5525115593654495
1710,0.5527606746076577
1711,0.5529232823357324
1712,0.5530743948208868
1713,0.5531235961752923
1714,0.5531365096672178
1715,0.5531815973978444
1716,0.5532068531760652
1717,0.5532286863979752
1718,0.5532309631286776
1719,0.5532852454655561
1720,0.5533991279491032
1721,0.5534844698864663
1722,0.553492732083398
1723,0.553518395648593
1724,0.5535672608064197
1725,0.5535835503976922
1726,0.5536479257873812
1727,0.5536690471786349
1728,0.5538015749943701
1729,0.5538381516508932
1730,0.5539596853242958
1731,0.5540440854690265
1732,0.5540748305292262
1733,0.5541033701967186
1734,0.5541186728838305
1735,0.554149029146425
1736,0.5541629929674453
1737,0.5542228601519232
1738,0.5543909611376467
1739,0.5544078935124823
1740,0.5544621055209789
1741,0.5544629780885721
1742,0.5545388291738864
1743,0.5546448784558667
1744,0.5548087380509377
1745,0.554869029614472
1746,0.5548872633503888
1747,0.5549343527486494
1748,0.5550937419104853
1749,0.5551526688337166
1750,0.5551894270151045
1751,0.5552374155519091
1752,0.5552426290646479
1753,0.5552992234370306
1754,0.5555373761721896
1755,0.5555595725126482
1756,0.5555689227920881
1757,0.5556312518591815
1758,0.5556679576893844
1759,0.5557181613241334
1760,0.5557560052803022
1761,0.5557610007909481
1762,0.5558001790498623
1763,0.5558315038335389
1764,0.5559122453664005
1765,0.5559626619121086
1766,0.5559904496450081
1767,0.5559927155372821
1768,0.555999154718486
1769,0.5561905877001313
1770,0.5561931933560957
1771,0.5562054498993841
1772,0.5562827044082348
1773,0.5563407824826598
1774,0.5564739980740661
1775,0.5564878475941284
1776,0.5564989289162254
1777,0.5566725172038487
1778,0.5568337208778661
1779,0.5568709341698934
1780,0.557025251284534
1781,0.5572159160566497
1782,0.5572288195147053
1783,0.5573142125399091
1784,0.5573462039404811
1785,0.557392743593002
1786,0.5574306128741362
1787,0.5575562613140228
1788,0.5576890136440488
1789,0.5578533525574021
1790,0.5578973301493138
1791,0.5580287560416239
1792,0.5580773521029604
1793,0.5584408450409146
1794,0.5584617423642573
1795,0.5584688194464387
1796,0.5585054970939709
1797,0.5585230825613925
1798,0.5585541697536098
1799,0.5587507838599549
1800,0.5587931710737858
1801,0.5588024798961448
1802,0.5588351046299045
1803,0.5588767629193918
1804,0.5589609490257045
1805,0.5589880019494184
1806,0.5589895678453278
1807,0.5590542243092318
1808,0.5590947408534972
1809,0.5591191734985049
1810,0.5591239445089256
1811,0.5591443012875326
1812,0.5591554758325507
1813,0.559347730449691
1814,0.5593963052609721
1815,0.5594290279684653
1816,0.5594329317060183
1817,0.5596153471900671
1818,0.5596557989541515
1819,0.559693612776893
1820,0.5597197864690953
1821,0.5598475971282071
1822,0.5598848616396725
1823,0.5599150770125507
1824,0.5599955223266404
1825,0.5601766155631882
1826,0.5602095880869841
1827,0.5603549762744933
1828,0.5603763656884211
1829,0.5606615975633453
1830,0.5606957718510794
1831,0.5607116915330008
1832,0.5607833592618234
1833,0.5608690008778521
1834,0.560877062119383
1835,0.5609197846799412
1836,0.5609700335118599
1837,0.5609744948705246
1838,0.5609818913282588
1839,0.5611207748322329
1840,0.5615951178833611
1841,0.5616599298506482
1842,0.5617541786543708
1843,0.5617753081775267
1844,0.561963412086302
1845,0.5620348826879612
1846,0.5621795400803438
1847,0.5623057881533708
1848,0.5623079326399636
1849,0.5623358637713227
1850,0.5623466646846584
1851,0.5623791020064767
1852,0.5624139615823444
1853,0.5624532089893302
1854,0.5624572730865118
1855,0.5626210581505587
1856,0.5627733544128921
1857,0.5627858668853448
1858,0.562840125400657
1859,0.5629468413370504
1860,0.5631052981325659
1861,0.5631362140861094
1862,0.5631568800925203
1863,0.5633252036869123
1864,0.563325351165484
1865,0.5633890141096802
1866,0.5634328302714993
1867,0.5635074486087821
1868,0.5635131169470672
1869,0.5635151981422128
1870,0.5637389307064717
1871,0.5639521263280567
1872,0.5640250229730004
1873,0.5640633434932358
1874,0.5640708952450553
1875,0.5640755026891944
1876,0.5640968218740923
1877,0.5641343982661597
1878,0.5642187853659031
1879,0.5643290303167403
1880,0.5645465479775678
1881,0.5647369953607373
1882,0.5651718452041561
1883,0.5653172184100799
1884,0.5653185543049438
1885,0.5653761009456104
1886,0.5654201495998403
1887,0.5654663139530879
1888,0.5655208942590885
1889,0.565564448068592
1890,0.5656064176089113
1891,0.5657068672734398
1892,0.5657832739499101
1893,0.5658190521816917
1894,0.565866961025254
1895,0.5658710383186112
1896,0.5659141436557149
1897,0.5659328314991356
1898,0.565948483709757
1899,0.5659759255586279
1900,0.5661174549982577
1901,0.5661498171943689
1902,0.5661740163572334
1903,0.5661853657959482
1904,0.5662480673191914
1905,0.5663417059873086
1906,0.566342737357147
1907,0.5663660717864321
1908,0.5664821136754133
1909,0.5665250985927313
1910,0.5665381847749933
1911,0.5665878867867105
1912,0.5666649206583362
1913,0.5666737634589881
1914,0.5667795522651476
1915,0.5667887317528886
1916,0.566797044328893
1917,0.5668132232329357
1918,0.5669093052396124
1919,0.5670709127433317
1920,0.5670711101757435
1921,0.5671066138649676
1922,0.5672661415151394
1923,0.5672971281717909
1924,0.5673403892001554
1925,0.5676442836253222
1926,0.567648693432375
1927,0.5676625269911393
1928,0.5677369914288407
1929,0.5677752839511105
1930,0.568010595888661
1931,0.5680111594447702
1932,0.5680660808345961
1933,0.5681768688484096
1934,0.5684277443444004
1935,0.5684999519413155
1936,0.568524079827032
1937,0.5685352977808029
1938,0.5688519190484987
1939,0.5690022550947788
1940,0.5690101905046572
1941,0.5690365099609891
1942,0.5690378070478677
1943,0.569095428337717
1944,0.5691373638735495
1945,0.5691648737530568
1946,0.5691654469987963
1947,0.5691985278929781
1948,0.5692374065080145
1949,0.5693244013722137
1950,0.5693359736311656
1951,0.5695208231770315
1952,0.5695789087798089
1953,0.5696101403422709
1954,0.5696658770997036
1955,0.5696889201779701
1956,0.5696914930547494
1957,0.5697980203670945
1958,0.5698916611836251
1959,0.5699361543193984
1960,0.5699664596912454
1961,0.5699839628418324
1962,0.5701875812853685
1963,0.5704863451051625
1964,0.5705575702368997
1965,0.5707883288437787
1966,0.5707930579990872
1967,0.5708890693536754
1968,0.5708926958866556
1969,0.5708944575483387
1970,0.5709180768855555
1971,0.5710181013119735
1972,0.5710290463227183
1973,0.5712279847029658
1974,0.5712556662624686
1975,0.5713685565814948
1976,0.5714282227509788
1977,0.5714781064189413
1978,0.5714832772249747
1979,0.5714917854138817
1980,0.5715854838326782
1981,0.5716272281291792
1982,0.5716874155488532
1983,0.5717231127886109
1984,0.5717856921593409
1985,0.5718101902477626
1986,0.5718336145084695
1987,0.5719353840339537
1988,0.5720300891766363
1989,0.5723244126698281
1990,0.5724567148701311
1991,0.5725153783224335
1992,0.5725368023418015
1993,0.5725427252875674
1994,0.5725482385980636
1995,0.5725533325408345
1996,0.5725535939979585
1997,0.5725662575064097
1998,0.5725916807687963
1999,0.5726605068320703
2000,0.572809782156021
2001,0.5729421447643299
2002,0.5729549656893611
2003,0.5733217205825447
2004,0.5733488304431027
2005,0.5733930890882148
2006,0.573396051273779
2007,0.5733990680752163
2008,0.5734560308429271
2009,0.5734987647590044
2010,0.5735707524903999
2011,0.5735889182465232
2012,0.5736845364897298
2013,0.5737285989092223
2014,0.573788788951144
2015,0.5738303411187264
2016,0.5738893109401227
2017,0.5739395680997097
2018,0.5739827459335554
2019,0.5741479320844005
2020,0.5742231420813301
2021,0.5742504822168981
2022,0.5742743344504786
2023,0.5743596763688368
2024,0.5743930933859362
2025,0.5744441986668088
2026,0.5746695373365196
2027,0.5747357264865274
2028,0.5748648069770917
2029,0.5749047531361082
2030,0.5749906958809792
2031,0.5750573822895833
2032,0.575173760363621
2033,0.575245831528008
2034,0.5752473146613222
2035,0.5752476226047696
2036,0.5752526016453705
2037,0.5754569705942686
2038,0.575499692840526
2039,0.5756137121614835
2040,0.575640040060088
2041,0.5757251547362858
2042,0.5758401246640581
2043,0.5759027426426762
2044,0.576048296159781
2045,0.576096641876505
2046,0.576192155133592
2047,0.5761936793381097
2048,0.5764003758804528
2049,0.5764179263484996
2050,0.5764467307829633
2051,0.5764622012630608
2052,0.5764650526767146
2053,0.5765134767720996
2054,0.5765210713340252
2055,0.5765393385663019
2056,0.5765709840993634
2057,0.5765876820154097
2058,0.5766081075758187
2059,0.5766128215739657
2060,0.5766806678132828
2061,0.576701918802675
2062,0.5767057105276956
2063,0.5767071097860744
2064,0.5767181724426725
2065,0.5767781072045643
2066,0.5768820576362048
2067,0.5769109803758601
2068,0.5770061751061553
2069,0.5770571611584105
2070,0.5770668799430956
2071,0.5770878997118878
2072,0.5771062494890967
2073,0.5771548315270045
2074,0.5772013920816051
2075,0.5773714801037664
2076,0.5773912526432925
2077,0.5774784061854927
2078,0.5775564521471435
2079,0.5776517961869397
2080,0.5776640626864993
2081,0.5777386273966492
2082,0.5777741487852681
2083,0.5777924545520012
2084,0.5778846440777718
2085,0.5781997797775662
2086,0.5782066294016937
2087,0.5782255409396807
2088,0.5783313710978267
2089,0.5783566106541228
2090,0.5784891889079937
2091,0.5784951898296504
2092,0.5785060191716502
2093,0.5785440155841524
2094,0.5785485348826196
2095,0.5785608392144173
2096,0.5786057839618508
2097,0.5786443330146319
2098,0.5786750088968422
2099,0.5787014171346585
2100,0.5787074350605377
2101,0.578811507060583
2102,0.5788336332018248
2103,0.5790138387886016
2104,0.5790147575195553
2105,0.5790658516631977
2106,0.5791380226967927
2107,0.5792651873776138
2108,0.5793793213449523
2109,0.5793962071163631
2110,0.5794232654175033
2111,0.5794733121614402
2112,0.5796668491854795
2113,0.5796833925795933
2114,0.5798125722068186
2115,0.5799089564745419
2116,0.5799695074675708
2117,0.5799732105844311
2118,0.5799817990089142
2119,0.5799855413123376
2120,0.5800122898662596
2121,0.5800218227084679
2122,0.580075527258195
2123,0.5804010365348005
2124,0.5804021550255469
2125,0.5804522075150419
2126,0.5805092875053981
2127,0.580517376373769
2128,0.5805280522962768
2129,0.5806515654536175
2130,0.5807047128366221
2131,0.580713871078324
2132,0.5807855884134485
2133,0.5808449967148677
2134,0.5810494757995696
2135,0.5810653642707937
2136,0.5811013661269075
2137,0.5812209906505108
2138,0.5812569070070519
2139,0.5812721709455041
2140,0.5812873821109674
2141,0.5814175149631071
2142,0.5814590827444748
2143,0.5814860527217418
2144,0.5816458665533306
2145,0.5817804956665672
2146,0.5817846194664931
2147,0.5818310738916952
2148,0.5818518268917583
2149,0.5818565265343005
2150,0.5818678871119234
2151,0.5818783242591766
2152,0.5819072042400448
2153,0.5820099860328766
2154,0.5820599340897965
2155,0.5820850638106907
2156,0.5822856328455055
2157,0.5823407293951295
2158,0.5823977606071826
2159,0.58240646881159
2160,0.5824327951814359
2161,0.5824735439294572
2162,0.5825577992364035
2163,0.5826615849794292
2164,0.5827504815795659
2165,0.5827711485813334
2166,0.5827846568436068
2167,0.5827909532685568
2168,0.5828233972490164
2169,0.5828569683187499
2170,0.5828816707468009
2171,0.5830473921420226
2172,0.5831463892832138
2173,0.5833742876442869
2174,0.5834113091462673
2175,0.583412173354079
2176,0.5835791843336889
2177,0.5837086117881238
2178,0.5837228803547534
2179,0.583725468525089
2180,0.5838173711664192
2181,0.5838447087874481
2182,0.5838883163329607
2183,0.5840227749088669
2184,0.5841368770440865
2185,0.5841453367855055
2186,0.5841555750517573
2187,0.5841727710363056
2188,0.5841932492964472
2189,0.5842335711430706
2190,0.5842680896568206
2191,0.5842688148499574
2192,0.5845375954460201
2193,0.584689739588169
2194,0.5846993044418931
2195,0.5847059868022018
2196,0.5847216956994805
2197,0.5847618535440191
2198,0.5847692801085881
2199,0.5848113011358359
2200,0.5848545157012388
2201,0.5848571088242867
2202,0.5848598067073976
2203,0.5850108967065448
2204,0.5850636307043567
2205,0.5850744772357921
2206,0.5851521882099187
2207,0.585153428813249
2208,0.5852339877665356
2209,0.5853495031258608
2210,0.5853809976734976
2211,0.5854841063128728
2212,0.5855286882406245
2213,0.5855646354637228
2214,0.5856252443822081
2215,0.5856551993738206
2216,0.5858571050358251
2217,0.5858698452201498
2218,0.5859278774571851
2219,0.5859561269817021
2220,0.5859737277192649
2221,0.5860211997035507
2222,0.5860272128864594
2223,0.5860327071931767
2224,0.5860465042059126
2225,0.5860877573315908
2226,0.5860987899353667
2227,0.5861011981261888
2228,0.5862058917936553
2229,0.5862217015736373
2230,0.5863317149524945
2231,0.5864912952985804
2232,0.5865392620945026
2233,0.5865744008955621
2234,0.5865811774272254
2235,0.5866218532882945
2236,0.586673284355437
2237,0.5868021060910104
2238,0.5868638443309591
2239,0.5868699104688576
2240,0.5868713157126401
2241,0.5869984350917696
2242,0.5870430322077468
2243,0.5871710514110964
2244,0.58720326282995
2245,0.58720326282995
2246,0.5875366872059734
2247,0.5875962335729341
2248,0.5876201055759822
2249,0.587667224534407
2250,0.5877476962044266
2251,0.5878181357731627
2252,0.5878193414113495
2253,0.5879135282482204
2254,0.5879416852234283
2255,0.5879538081162757
2256,0.5879597488077357
2257,0.5879634569452771
2258,0.5881171044715546
2259,0.5881721835052279
2260,0.5882278937652483
2261,0.588302412619732
2262,0.5883788289624787
2263,0.5883869320211532
2264,0.588489542036579
2265,0.5885203433092928
2266,0.5885454792218644
2267,0.5886615196865741
2268,0.5886800151425102
2269,0.5887044330662698
2270,0.5888539695375758
2271,0.5888686254171036
2272,0.588876204858197
2273,0.5888976573032345
2274,0.5889034587376519
2275,0.588913401658811
2276,0.5889181462370034
2277,0.5889713570583764
2278,0.5890448502242482
2279,0.589053606588071
2280,0.5890707190590546
2281,0.5890824443207339
2282,0.5891296428522907
2283,0.5891315056380655
2284,0.5891379162326437
2285,0.5892527581566802
2286,0.5894026413622222
2287,0.5894636877749577
2288,0.589534384533946
2289,0.5895368155817877
2290,0.589592450392588
2291,0.5896898072066582
2292,0.5897673755197244
2293,0.5898162468131762
2294,0.5899169880456275
2295,0.5899684887647804
2296,0.590022981151679
2297,0.5900535009453574
2298,0.5900864712817531
2299,0.5903206416919466
2300,0.5903673958018473
2301,0.5904617738952804
2302,0.5904956161115997
2303,0.5905213688442856
2304,0.5905990576824218
2305,0.5907703561082789
2306,0.5908983760144528
2307,0.5909954964344437
2308,0.5910176698770453
2309,0.5913235822103381
2310,0.5914577259401927
2311,0.5916086959493951
2312,0.591621405059872
2313,0.5916352864265615
2314,0.591672341731612
2315,0.5917091078759646
2316,0.5918696495534155
2317,0.5920708389549955
2318,0.5922078566048067
2319,0.5924505348284739
2320,0.5925222090522295
2321,0.5925819093927513
2322,0.5925824810176261
2323,0.5926159049545627
2324,0.592697762874838
2325,0.5928161578641149
2326,0.593119978427033
2327,0.5933496716219719
2328,0.5934470870990789
2329,0.5934828090982713
2330,0.5936120402378147
2331,0.5936408638255818
2332,0.5936546239362765
2333,0.5936867843643823
2334,0.5937189526243154
2335,0.5937692479228888
2336,0.5937815492786991
2337,0.5938453974314772
2338,0.5939735542717607
2339,0.5939755260714569
2340,0.5940010980597603
2341,0.5940549563579409
2342,0.5940579783729176
2343,0.5940834699825678
2344,0.5941338828880581
2345,0.5941512934489639
2346,0.5941994764192811
2347,0.5942112594417764
2348,0.594233100517791
2349,0.5942336430709984
2350,0.5942905863885083
2351,0.5943334657390728
2352,0.5943479390207977
2353,0.5943936370418759
2354,0.5944425559679628
2355,0.5945762598818667
2356,0.5946401944938713
2357,0.5946614228449949
2358,0.5947397571953397
2359,0.5947966173253596
2360,0.5948917382047971
2361,0.594904106335705
2362,0.5949260544886518
2363,0.5949308959886241
2364,0.5949708776639324
2365,0.5950282423794042
2366,0.5951290729383625
2367,0.595143354968109
2368,0.5952207509144037
2369,0.595226286163508
2370,0.5952300409582898
2371,0.595318255072481
2372,0.5954550468760571
2373,0.5954574150355654
2374,0.5955307017192695
2375,0.5955682830257822
2376,0.595629929575564
2377,0.5957143766197117
2378,0.5958393262488321
2379,0.5958652049692166
2380,0.5959037721313001
2381,0.596063724895723
2382,0.5961967792108911
2383,0.5963592941349704
2384,0.596502171481387
2385,0.5965748586048596
2386,0.5965910165408396
2387,0.5966721266794621
2388,0.5966946885862365
2389,0.5966997744816647
2390,0.5967382359044322
2391,0.5969219286039726
2392,0.597017270776748
2393,0.5970198032497744
2394,0.5971203438180103
2395,0.5971698417615995
2396,0.5971730387909814
2397,0.5973223599996902
2398,0.5973305190705499
2399,0.597392010685942
2400,0.5974085444899242
2401,0.5975450580154277
2402,0.5975897810189943
2403,0.5976899318237188
2404,0.5977132884986556
2405,0.597769891049936
2406,0.5978793144133412
2407,0.5979842527133534
2408,0.5980015969337173
2409,0.5980299769079799
2410,0.5981777023513856
2411,0.5981849152081526
2412,0.5982003559235036
2413,0.598207044481633
2414,0.5982374699823588
2415,0.5982455398061777
2416,0.5982732195904524
2417,0.5983522933955003
2418,0.5984484395463363
2419,0.5984654094894304
2420,0.5984975203507684
2421,0.5985015064706698
2422,0.5985743075035113
2423,0.5985743736296789
2424,0.5985766601197913
2425,0.5986495126856073
2426,0.5988651635121269
2427,0.598909955681701
2428,0.5990974313988504
2429,0.5991245579951376
2430,0.599139240118927
2431,0.5991942426061033
2432,0.5992066920100506
2433,0.5992151448830623
2434,0.5992250882243091
2435,0.5995206509827413
2436,0.5995923779564686
2437,0.5996466797853655
2438,0.5996514256713005
2439,0.599662777872149
2440,0.5997787659146525
2441,0.6001373243615508
2442,0.6001527418395425
2443,0.6001856181856308
2444,0.6001970055707948
2445,0.6002491187124157
2446,0.600315016493769
2447,0.6003684096882057
2448,0.600401409378212
2449,0.600417307213938
2450,0.600439959247248
2451,0.6005263639193431
2452,0.6009141085297696
2453,0.600957539335748
2454,0.6009724497497273
2455,0.6010379898386189
2456,0.6010446465366085
2457,0.6010752761138038
2458,0.601085866867175
2459,0.6011006422628679
2460,0.6011015870120271
2461,0.6011268148721414
2462,0.6011292509942608
2463,0.6012439588341658
2464,0.6013185636808517
2465,0.6013380832234753
2466,0.6013562430488395
2467,0.6014578500536298
2468,0.6015342754489887
2469,0.6015968649501489
2470,0.601709043591071
2471,0.6017704497792076
2472,0.6017988886705798
2473,0.6019460449593157
2474,0.6020515798353766
2475,0.6021210814037508
2476,0.6022180290330372
2477,0.6024343904667118
2478,0.6025792372845296
2479,0.6027145639657386
2480,0.6027518601359017
2481,0.6027614077569046
2482,0.6027702178087588
2483,0.6027837213190703
2484,0.6028046402392473
2485,0.6028552550726307
2486,0.6028753779366332
2487,0.6029250642947346
2488,0.6030394214358501
2489,0.6030815484116794
2490,0.6030955646074394
2491,0.6031217673932732
2492,0.6032573386673692
2493,0.6032757728917444
2494,0.6033059190232619
2495,0.6034902367834114
2496,0.6035624165576878
2497,0.603659260626086
2498,0.6036625863250897
2499,0.6037413044997898
2500,0.6038404192355293
2501,0.6038623937606353
2502,0.6038936646406265
2503,0.6039186522435143
2504,0.6039835795534287
2505,0.604020323319739
2506,0.6041169036156953
2507,0.6041528170171999
2508,0.6041532851621736
2509,0.6041580049048784
2510,0.6041917123910432
2511,0.6042121253962398
2512,0.6042160456811979
2513,0.604265455683579
2514,0.6042853173583892
2515,0.6043324294488404
2516,0.6044067248816365
2517,0.6044964663401572
2518,0.6045358304795823
2519,0.6045669675035082
2520,0.6046382613126777
2521,0.6047039145501472
2522,0.6047610377455908
2523,0.6047956471847278
2524,0.604824804226136
2525,0.6048767475825063
2526,0.6049187958660589
2527,0.6049309481159358
2528,0.60498635248975
2529,0.6050154954566169
2530,0.6050499540330605
2531,0.6051237855316757
2532,0.6051617116472043
2533,0.6052169046570692
2534,0.6052218077182403
2535,0.6053792852419605
2536,0.6054299682530673
2537,0.6054828560561047
2538,0.6056354043747321
2539,0.6056445194539386
2540,0.6056975463505214
2541,0.6060419347648878
2542,0.6060856966504324
2543,0.6061390164790643
2544,0.6062198755124741
2545,0.6062375550248896
2546,0.6062820881442814
2547,0.606373166652378
2548,0.6064916756003541
2549,0.6065475461111063
2550,0.6065589578084922
2551,0.6065840231151328
2552,0.6066488938190713
2553,0.6067451697169176
2554,0.6069750758266798
2555,0.6070223441433662
2556,0.6070576108569181
2557,0.6070719896181982
2558,0.6070842715208445
2559,0.6071385339182864
2560,0.6073040943932262
2561,0.6074208593281829
2562,0.607429389502909
2563,0.6075424871431849
2564,0.6075887936608086
2565,0.6075890651942626
2566,0.6076373776567572
2567,0.6076951145896867
2568,0.6077453617706527
2569,0.6077494132710101
2570,0.6077937006450715
2571,0.6078467322375241
2572,0.6079078059868956
2573,0.6079155722615648
2574,0.6079818609716119
2575,0.607996627464804
2576,0.6080271764505122
2577,0.6082571125097492
2578,0.6082765826468495
2579,0.6083177399299583
2580,0.6083673499672775
2581,0.6084315757602077
2582,0.6085465587933401
2583,0.6085470485429856
2584,0.608669446158324
2585,0.6087992970910262
2586,0.6088152376653986
2587,0.6088204670152044
2588,0.608832685267751
2589,0.6088935868223786
2590,0.6089287696387536
2591,0.6089487333366299
2592,0.6089563766126407
2593,0.6089778810804262
2594,0.6090456943139244
2595,0.6092802436634372
2596,0.6092870022236894
2597,0.609330481387936
2598,0.6093384715200216
2599,0.60938068444813
2600,0.6093822426239832
2601,0.6095020788023331
2602,0.6095203356691643
2603,0.6095449522726399
2604,0.6095690102642389
2605,0.6097757814573641
2606,0.609795864214119
2607,0.6098875744740644
2608,0.6100074558085261
2609,0.6100556953951091
2610,0.6101701222712762
2611,0.6102634167789536
2612,0.6102699298007808
2613,0.6102710916017502
2614,0.6102974840057425
2615,0.6103252124333076
2616,0.6103507134169123
2617,0.6103792329021058
2618,0.6104330459124605
2619,0.610510996833759
2620,0.6105963485767916
2621,0.610673715206453
2622,0.6106817702920198
2623,0.610733545249034
2624,0.6107620187768789
2625,0.6107672955301924
2626,0.6108269425004123
2627,0.6108597396529135
2628,0.6109452117417131
2629,0.6110814938448923
2630,0.6110907172242963
2631,0.611100814125035
2632,0.6111814188101324
2633,0.6111856086888456
2634,0.6112171481517745
2635,0.611249320457507
2636,0.611291476057936
2637,0.6113012641356144
2638,0.6113575637628803
2639,0.6114255051442024
2640,0.6114671088950667
2641,0.6115031989033415
2642,0.6115046359188905
2643,0.6115370502430031
2644,0.6115689324745563
2645,0.6115849208646456
2646,0.6116193149803728
2647,0.6119108268590671
2648,0.6120128764141415
2649,0.6120616665363047
2650,0.6121198833241797
2651,0.6121572148793883
2652,0.6121623863266936
2653,0.6121901024803329
2654,0.6122263833949234
2655,0.612249016734973
2656,0.6122907106247318
2657,0.6123583388899905
2658,0.6124273784915435
2659,0.6124486322727034
2660,0.6124605821658949
2661,0.6124612944539214
2662,0.6124711651943804
2663,0.6125808130913917
2664,0.6126678058145563
2665,0.6126823149211372
2666,0.6127061314245479
2667,0.6127229083483337
2668,0.6127602599168708
2669,0.612806924035131
2670,0.6128361780930185
2671,0.6129218932671371
2672,0.6129266706641865
2673,0.6129511420820015
2674,0.6129767938322938
2675,0.6130097276967785
2676,0.6131088981804307
2677,0.613184926644135
2678,0.613191151456723
2679,0.6133111904731197
2680,0.6133274168650846
2681,0.613480416384256
2682,0.6134975358580355
2683,0.6135401134927932
2684,0.6136843219898152
2685,0.6137001724689113
2686,0.613746566944668
2687,0.6137927186500488
2688,0.6139266460764883
2689,0.6139690069133372
2690,0.6139751880518032
2691,0.6140665469038198
2692,0.6141227351140166
2693,0.6141376366832895
2694,0.6141540668282768
2695,0.6141681938368726
2696,0.6141716332525637
2697,0.6141924624644409
2698,0.6142191611058003
2699,0.6142434719150252
2700,0.6142764617397323
2701,0.6142966053752433
2702,0.6143147703268554
2703,0.6143219593117036
2704,0.6144361215210874
2705,0.6144384385744336
2706,0.6146799307326263
2707,0.6147017649061155
2708,0.6147174733155238
2709,0.614720380163627
2710,0.614746455398283
2711,0.6147787453278915
2712,0.6149181761809182
2713,0.6149490624043734
2714,0.6149951436342689
2715,0.6150560269689568
2716,0.6153270340443284
2717,0.615388218028395
2718,0.615491575848131
2719,0.6154930166964173
2720,0.6156510883777347
2721,0.615698757308791
2722,0.6157306671853207
2723,0.6157633521731538
2724,0.6157770523913009
2725,0.6157933531509693
2726,0.615799868973394
2727,0.6158553726693659
2728,0.6159114920571216
2729,0.6159687026289384
2730,0.6159790238458052
2731,0.6160481764744389
2732,0.6161095993757195
2733,0.6161252983751212
2734,0.6161500522692382
2735,0.6163040361979123
2736,0.6166283979676999
2737,0.6166628283334816
2738,0.6166959026503434
2739,0.6167119059835675
2740,0.6168095271992899
2741,0.6168290649945918
2742,0.6168350977927715
2743,0.6169043613631753
2744,0.6169151848455121
2745,0.6169909825561184
2746,0.6169971994137387
2747,0.6169975122555168
2748,0.6170501400517912
2749,0.6171022579124721
2750,0.6173282570551579
2751,0.6173315249083828
2752,0.617458306331937
2753,0.6174625911760584
2754,0.6174861381128238
2755,0.6175187119633092
2756,0.6175866752969015
2757,0.617618551117856
2758,0.6176359939064268
2759,0.6176378006525439
2760,0.6177564696302913
2761,0.6179070550479422
2762,0.6179132021410152
2763,0.6179537305565781
2764,0.617954926585676
2765,0.6179863381650725
2766,0.6180508311331625
2767,0.6180886143985315
2768,0.6181463267749359
2769,0.6182337493269815
2770,0.6184037469421655
2771,0.618416472808555
2772,0.6184474637795249
2773,0.6184612011194719
2774,0.6185235836487557
2775,0.618588710447321
2776,0.6185893535959618
2777,0.6186544275937768
2778,0.6187386455352861
2779,0.6187422119139872
2780,0.6187426297143486
2781,0.6190041124002251
2782,0.6190425812995235
2783,0.6190676554363069
2784,0.6190765182069063
2785,0.6191286761226451
2786,0.6191377576136923
2787,0.6191848141377403
2788,0.6191868591198284
2789,0.6192199549909445
2790,0.6193409089265345
2791,0.619385130651004
2792,0.619532716694522
2793,0.6198124875099058
2794,0.6198181215952604
2795,0.6198338775410375
2796,0.6198684636570092
2797,0.6198776726469599
2798,0.619895062341635
2799,0.6200859306038407
2800,0.6200996866547115
2801,0.620101594528214
2802,0.6201736534657433
2803,0.6202264793251728
2804,0.6202721709328124
2805,0.6203122509249697
2806,0.6203804202624639
2807,0.6203907147804826
2808,0.6204114448566849
2809,0.62044552450882
2810,0.6204745857760352
2811,0.6205601722422462
2812,0.6206849676350256
2813,0.6207295772554378
2814,0.6207377259578428
2815,0.6207512842946128
2816,0.6208680657389417
2817,0.6208726788123589
2818,0.6209275935436855
2819,0.6209532573588633
2820,0.6209587407311594
2821,0.6209769385042769
2822,0.6210172827559597
2823,0.6210634623128627
2824,0.6211291354385476
2825,0.6211388079347444
2826,0.621151819132223
2827,0.6212714510530575
2828,0.6212840485976814
2829,0.6213527097478942
2830,0.6214647488444698
2831,0.6216461075754854
2832,0.6217122504717015
2833,0.6217820161553056
2834,0.6218219849229786
2835,0.6219144987047744
2836,0.622021119367352
2837,0.6220951547854683
2838,0.6221400446914611
2839,0.6221547623499029
2840,0.6222962572380193
2841,0.6225144619164377
2842,0.6225712729980392
2843,0.6225760089942951
2844,0.6225765482629169
2845,0.6226147582133921
2846,0.6226934925669225
2847,0.6227625304894986
2848,0.6228586550589945
2849,0.622908898637811
2850,0.6229187721750433
2851,0.6229370940548731
2852,0.6229687596686089
2853,0.6230089140778073
2854,0.6230983871254201
2855,0.6233689100465604
2856,0.6234436512418933
2857,0.6236101363202127
2858,0.6236194319545032
2859,0.6236219923978502
2860,0.6237301558169037
2861,0.6239181755376109
2862,0.623953787655744
2863,0.6240183989872625
2864,0.6240222424948887
2865,0.6240672172456755
2866,0.6240795501326784
2867,0.6244780909654957
2868,0.624485535615428
2869,0.6244978026740855
2870,0.6245091997633752
2871,0.6245607076509736
2872,0.6246308026592884
2873,0.6246873574546299
2874,0.6247164173788657
2875,0.62475876822727
2876,0.6247952367459295
2877,0.6248057703009229
2878,0.6248786182831594
2879,0.6249154439973921
2880,0.6249342092137871
2881,0.6249410522307777
2882,0.6249435886776163
2883,0.6251089443004567
2884,0.6251519422118557
2885,0.625183229129558
2886,0.6251882736171654
2887,0.6252942221988005
2888,0.6253106819348936
2889,0.6253827854886529
2890,0.6254144298677984
2891,0.6255731359024919
2892,0.6255987103190512
2893,0.6256404258292927
2894,0.6257226569677989
2895,0.6257239103882317
2896,0.6257769189072828
2897,0.6258859953995926
2898,0.6259223080937278
2899,0.6259872925478881
2900,0.6260999668895916
2901,0.6261123148101004
2902,0.6262050685681526
2903,0.6262347131615341
2904,0.6264638269143639
2905,0.6265722382079089
2906,0.6265842118472067
2907,0.6266028953629432
2908,0.6266093510624378
2909,0.6266938333371361
2910,0.6267498439784345
2911,0.6268854543866158
2912,0.6269012034278387
2913,0.6269737673690778
2914,0.6270020451696001
2915,0.6270536902842999
2916,0.6271216417405583
2917,0.6271261906853522
2918,0.6271355815443085
2919,0.627241928163229
2920,0.6272437837746447
2921,0.627252329249401
2922,0.6272533735580066
2923,0.6272632715847162
2924,0.6272895304662012
2925,0.6273051391419251
2926,0.627317833074102
2927,0.6273473248947201
2928,0.6274289000182753
2929,0.6274545954033752
2930,0.6274910076318346
2931,0.6275964243306404
2932,0.6277237031095491
2933,0.6277509362031597
2934,0.6277569191248971
2935,0.6278541894359753
2936,0.6278812814109225
2937,0.6278944903586603
2938,0.62791186813573
2939,0.6279333467699177
2940,0.6279601744695364
2941,0.6280422787065928
2942,0.6281083217908627
2943,0.6281518115644276
2944,0.6282692285747021
2945,0.6283576527276782
2946,0.6284414169608846
2947,0.6284606412740549
2948,0.6285001563022949
2949,0.628572325940591
2950,0.6288279080140872
2951,0.6288707066647139
2952,0.6289351638435364
2953,0.628942271038764
2954,0.6290617307251909
2955,0.6290675388003047
2956,0.6290771299797144
2957,0.6290941208958267
2958,0.6291064611769466
2959,0.6291997520503193
2960,0.6292071259809351
2961,0.629232843520757
2962,0.6292388253350518
2963,0.6292835139204774
2964,0.629421741252553
2965,0.6294640743703437
2966,0.6295140000624557
2967,0.6295196772877518
2968,0.6295460891606177
2969,0.6297740277829148
2970,0.6297841740988792
2971,0.6298277885376256
2972,0.6298622122116734
2973,0.6299047893581562
2974,0.6299671052369181
2975,0.6299952452297011
2976,0.6301096056493061
2977,0.6301577156233299
2978,0.6302206303927176
2979,0.6302425519488515
2980,0.6303261971541924
2981,0.6303736060376144
2982,0.6304458133883155
2983,0.6304655130930166
2984,0.6304887240293201
2985,0.6305667241588007
2986,0.6306066637594623
2987,0.6306251888985348
2988,0.6306666130622163
2989,0.6307081486656795
2990,0.6307498995548051
2991,0.6309484231592473
2992,0.6311277528690389
2993,0.631128300950821
2994,0.6311454089120481
2995,0.6311556094210371
2996,0.6314177562497416
2997,0.631440386593993
2998,0.6314832365614781
2999,0.6315020666190859
3000,0.6315098035211153
3001,0.6315126582830382
3002,0.631549434769946
3003,0.6315907215324172
3004,0.6316436519186749
3005,0.6316830386752863
3006,0.6317697752520403
3007,0.6318449190636491
3008,0.6318993173049299
3009,0.6321562276690962
3010,0.6321880805238587
3011,0.6322275830926947
3012,0.6322278343345746
3013,0.632326826188691
3014,0.6323299843144066
3015,0.6323441917316548
3016,0.6323477322486133
3017,0.6324323512434147
3018,0.6324461366113489
3019,0.6324792140888027
3020,0.6328019760789217
3021,0.6328232093563888
3022,0.6329227812006126
3023,0.6330174757227678
3024,0.633113657265564
3025,0.6331162201032607
3026,0.6331691128698087
3027,0.6331812486435306
3028,0.6332009345274057
3029,0.6332936172913904
3030,0.6333887383823116
3031,0.6334460799272692
3032,0.6334672817386386
3033,0.6335660393097011
3034,0.6337434033754342
3035,0.6338075226285178
3036,0.6338101663932165
3037,0.633883632887621
3038,0.6338880782408061
3039,0.6339926812672751
3040,0.6340111756499507
3041,0.6340577295392125
3042,0.6341006672714574
3043,0.6341379296410972
3044,0.6343955231287335
3045,0.6344703247855698
3046,0.6345712797790207
3047,0.6346280731639756
3048,0.6346740708033807
3049,0.6347221840956242
3050,0.6347393660408582
3051,0.6347992032560871
3052,0.6348093328936746
3053,0.6349390436983222
3054,0.6349687040792883
3055,0.6354431501067822
3056,0.6354699731512972
3057,0.6354706354869568
3058,0.6354889857435211
3059,0.6355009272735221
3060,0.6355732229518365
3061,0.6356008878180158
3062,0.6356111978994412
3063,0.6356183234704855
3064,0.6356716169644931
3065,0.6356967476482022
3066,0.6357942647525571
3067,0.6358260785686556
3068,0.6358398547247086
3069,0.6358791923908602
3070,0.6359106056631484
3071,0.6359137165260303
3072,0.6359878259508633
3073,0.6361539149179547
3074,0.6362010362826975
3075,0.6363448348886567
3076,0.6363769835694435
3077,0.6364702867407369
3078,0.6365100564204562
3079,0.6365294595909827
3080,0.636540843694547
3081,0.6367206099353881
3082,0.6367914186097701
3083,0.6368177871609402
3084,0.6368275564751937
3085,0.6368471482988944
3086,0.6369006335325404
3087,0.6369249946423683
3088,0.6370103318815238
3089,0.6371888383900284
3090,0.6372407739038852
3091,0.637333021402414
3092,0.6373560386662117
3093,0.6373753449073086
3094,0.6375005837576305
3095,0.6375007157661083
3096,0.6375625714981314
3097,0.6375685981145267
3098,0.6375812028515773
3099,0.6376608331082809
3100,0.6377975576007153
3101,0.6378458324070766
3102,0.637848863340377
3103,0.6378819510707551
3104,0.6379041762089231
3105,0.6379490592789753
3106,0.6380813454061063
3107,0.6382239004868258
3108,0.6382267915037392
3109,0.6382365738618703
3110,0.6383098108294185
3111,0.6383130567852684
3112,0.6383369488570617
3113,0.6383401582207746
3114,0.6383989969427053
3115,0.638406999901157
3116,0.638490411879707
3117,0.6385483335194778
3118,0.6385580950784907
3119,0.6387571152490124
3120,0.6387691488026558
3121,0.638817193606058
3122,0.6389051060829554
3123,0.6389685529596685
3124,0.639004428557518
3125,0.6391043665720207
3126,0.6391104376149369
3127,0.6391195034122013
3128,0.6392186542598377
3129,0.6392303691814247
3130,0.639271900493773
3131,0.6393476075790026
3132,0.6393603040087531
3133,0.6394113608968807
3134,0.6394280487889469
3135,0.6394490954199357
3136,0.6394710349305724
3137,0.6394838458077716
3138,0.6395203007112235
3139,0.6396118353433822
3140,0.6396771428876515
3141,0.6398026960446291
3142,0.6398303770490884
3143,0.6398564845008525
3144,0.6398675570027478
3145,0.6399943386773234
3146,0.6400515032906947
3147,0.6400517907311762
3148,0.640071788879998
3149,0.6400960456769852
3150,0.6401513089304057
3151,0.6402187842435763
3152,0.6402263288720729
3153,0.6402595476862382
3154,0.6403665707714867
3155,0.6403722902386896
3156,0.640377435142286
3157,0.6406153523515505
3158,0.6406703762634771
3159,0.6406966846621789
3160,0.6407072266547176
3161,0.640761744344305
3162,0.640781239622222
3163,0.6408755014561243
3164,0.6409795147469628
3165,0.6410169504276864
3166,0.6410879997392332
3167,0.6411472497956594
3168,0.6411635001248057
3169,0.6411836333262204
3170,0.6413700530126478
3171,0.6414381595743394
3172,0.6414966465812433
3173,0.6415067004947763
3174,0.6415538984582388
3175,0.6415655819372914
3176,0.6416974302892751
3177,0.6417140797771688
3178,0.6419039632165733
3179,0.6420086959953775
3180,0.6420615474732954
3181,0.6421444029568462
3182,0.6422153792404083
3183,0.6422179178395591
3184,0.6423470243175455
3185,0.642368713853452
3186,0.6424809592636549
3187,0.6426558519010732
3188,0.6426729373605804
3189,0.6427284907397175
3190,0.6427523543741743
3191,0.6427663090260542
3192,0.6428504814422376
3193,0.642878388248062
3194,0.642905074622443
3195,0.6429176439184622
3196,0.6430116686379957
3197,0.6430182134346822
3198,0.6430439774625536
3199,0.6430574592648222
3200,0.6431470262623409
3201,0.6432036075228018
3202,0.6432177664128675
3203,0.6433180478613334
3204,0.64332723317825
3205,0.6433717655560456
3206,0.6434072340718199
3207,0.6434213725352977
3208,0.6434289591336673
3209,0.6434460562496076
3210,0.6434952753212375
3211,0.6436322689981456
3212,0.6438330297770295
3213,0.6438449608849108
3214,0.6438691545668471
3215,0.643914833264861
3216,0.6439564132667626
3217,0.6440610525094645
3218,0.6440610559027002
3219,0.6441909590642918
3220,0.6442388140004278
3221,0.6442441666777864
3222,0.6442653667533176
3223,0.6442785477270271
3224,0.6443196423701878
3225,0.6445396672877852
3226,0.6445807731428815
3227,0.6446005464227702
3228,0.6447606787081381
3229,0.6448834033707083
3230,0.6448907986253587
3231,0.6449144157529707
3232,0.6450289204944327
3233,0.6450390533456348
3234,0.6451638202352923
3235,0.6452297705503174
3236,0.6454273143391893
3237,0.6454508001118545
3238,0.6454655652706323
3239,0.6454670676773451
3240,0.6457033997122225
3241,0.6457709782064651
3242,0.6457884380423278
3243,0.6458218018796322
3244,0.6459031616802525
3245,0.645915662930729
3246,0.6459225866826805
3247,0.6461112133809799
3248,0.6461349471713986
3249,0.646145423629032
3250,0.6462104178513064
3251,0.6462182776870896
3252,0.6462224511877563
3253,0.6462434498952705
3254,0.64624499268305
3255,0.6462594120299966
3256,0.6463223225477037
3257,0.6464025481059212
3258,0.6464082141905441
3259,0.646413518558712
3260,0.6464328918562203
3261,0.6464626031460323
3262,0.6464781377578439
3263,0.646523493961574
3264,0.6465346501485345
3265,0.6465373683647413
3266,0.646585777743377
3267,0.6466066490176959
3268,0.6469049359358884
3269,0.6469088392489065
3270,0.646944932060117
3271,0.6470070418276148
3272,0.6470201457156324
3273,0.6470544225483366
3274,0.6470974270625901
3275,0.6471035375284451
3276,0.6471615229595757
3277,0.6471769113232705
3278,0.6472703152499601
3279,0.6473795384697385
3280,0.6474231297956954
3281,0.6475918191899067
3282,0.6476386862468198
3283,0.6476686780612788
3284,0.6477127770244338
3285,0.6477707668339009
3286,0.6477831954783626
3287,0.6478059151932185
3288,0.6478192448694752
3289,0.6479043586487636
3290,0.6479350500314813
3291,0.6479500305144754
3292,0.6480090212105273
3293,0.6480655385791485
3294,0.6481334441521303
3295,0.6481598542480642
3296,0.648199364846475
3297,0.648213620672544
3298,0.648218924221643
3299,0.6482869598139532
3300,0.6483030657608514
3301,0.6484598437668464
3302,0.6484869603893951
3303,0.6485908260467701
3304,0.6486175815530231
3305,0.648635562498971
3306,0.6488017854252317
3307,0.648987820267531
3308,0.6490915231298844
3309,0.649144222615359
3310,0.6491887378792212
3311,0.6492343978623663
3312,0.6492638347176547
3313,0.6492837128965434
3314,0.6493857788404495
3315,0.6494073557367186
3316,0.6494102540666291
3317,0.6494450241385852
3318,0.6495197629256155
3319,0.6495306817127517
3320,0.6497296832812002
3321,0.6497413535836245
3322,0.649831194101626
3323,0.6498558834493531
3324,0.6498613643816824
3325,0.6500179065832452
3326,0.6500198767041723
3327,0.6500394182557326
3328,0.6501398099686735
3329,0.6502037995317123
3330,0.6502129075578817
3331,0.6502376531493468
3332,0.650329992562727
3333,0.6504573712583028
3334,0.6505463969409494
3335,0.6507921177011282
3336,0.6507962602861297
3337,0.6508185701096822
3338,0.6508815300397612
3339,0.6508880171884267
3340,0.6508928098154125
3341,0.6509226088967075
3342,0.65102373977788
3343,0.6511447605983727
3344,0.6512637573518019
3345,0.6513252581225124
3346,0.6513614797433311
3347,0.6514387229772564
3348,0.6514857664897573
3349,0.6516034377481774
3350,0.6516808263824998
3351,0.6516823976595643
3352,0.6519071751101175
3353,0.6519398769476836
3354,0.6520800154729078
3355,0.6520997968294168
3356,0.6522325238301192
3357,0.6522837660123844
3358,0.6522902518427917
3359,0.6523517545927435
3360,0.6523633015758592
3361,0.6524101603980195
3362,0.6524635613554544
3363,0.6525148215691695
3364,0.6525376749604179
3365,0.6529472419069821
3366,0.6529897489265202
3367,0.6530103816072623
3368,0.6530254938563427
3369,0.6531229648298764
3370,0.6531948701121258
3371,0.6532245540522921
3372,0.6533844973445897
3373,0.6533981543651113
3374,0.6534454998602004
3375,0.6534612689037019
3376,0.6534675836340802
3377,0.6534961162279596
3378,0.653606542955935
3379,0.6536274778439125
3380,0.653716009437946
3381,0.6537331835453428
3382,0.6537527037957018
3383,0.653789817259175
3384,0.6538289644402995
3385,0.6538704416910852
3386,0.6538737436609676
3387,0.653941263421951
3388,0.6539474572381399
3389,0.6539596157440941
3390,0.6541487561988553
3391,0.6541791794110454
3392,0.6542082136855458
3393,0.6543102376754472
3394,0.6543159246059843
3395,0.6543258452723826
3396,0.6543651238810901
3397,0.6544005619728641
3398,0.6544338874004562
3399,0.6544976043827444
3400,0.6545136667661612
3401,0.6545297904066767
3402,0.6545407901449853
3403,0.6546786441946211
3404,0.6547110758226153
3405,0.6547366258681795
3406,0.6548113262432753
3407,0.6549433041026417
3408,0.654970561341614
3409,0.6551655398159651
3410,0.6552440800116368
3411,0.6552454607312668
3412,0.6553266090369753
3413,0.6555418225986316
3414,0.6555426613177251
3415,0.6556218685082076
3416,0.6556742423346299
3417,0.6557105077068681
3418,0.6557685230806796
3419,0.6558056471706222
3420,0.6558202153139132
3421,0.6558436002318724
3422,0.6560383719031145
3423,0.6561085384233395
3424,0.6561345646258472
3425,0.6561938605138512
3426,0.6563223983524853
3427,0.6563759941770826
3428,0.6563895848622424
3429,0.656512790596218
3430,0.6566573037022785
3431,0.6566722447970204
3432,0.6566902224904226
3433,0.6568427732917735
3434,0.6568796496734395
3435,0.656922608044997
3436,0.6572259564463665
3437,0.6572353157022583
3438,0.6572444255257929
3439,0.6572876127344597
3440,0.6573001005289464
3441,0.6574196247012192
3442,0.6575849263410891
3443,0.6575957296345344
3444,0.6576827286980257
3445,0.6577102444657266
3446,0.6579408241971686
3447,0.6579702304959416
3448,0.6579783295813961
3449,0.6580038358743266
3450,0.6582016529965276
3451,0.6582442103137784
3452,0.6582907668535423
3453,0.6584355044833835
3454,0.6584924342711789
3455,0.6584950440923041
3456,0.6586235728905789
3457,0.6589867018849136
3458,0.6590502353003611
3459,0.6592398097081243
3460,0.6593065582770955
3461,0.6593420812075403
3462,0.6593702184064963
3463,0.6593707476801858
3464,0.659441586506841
3465,0.6594479899721855
3466,0.6594851331047931
3467,0.6594948411150984
3468,0.6595717561217603
3469,0.6596379334021217
3470,0.6598238333889259
3471,0.6599974281495674
3472,0.6600395993202471
3473,0.6600682288804547
3474,0.6601553024433087
3475,0.6601812183539044
3476,0.6602460142577393
3477,0.6602890165583278
3478,0.6603529144806061
3479,0.6603708499576756
3480,0.6603898221437459
3481,0.6604641877980106
3482,0.6605028647471501
3483,0.6605085669000825
3484,0.6605225709628864
3485,0.6605312457634707
3486,0.6605662366654012
3487,0.6606536194638404
3488,0.660667552062893
3489,0.660789301694896
3490,0.6608297994590585
3491,0.6608500880826238
3492,0.6608529237657296
3493,0.6608687113896142
3494,0.6609106071326102
3495,0.6610975952986697
3496,0.661161877166891
3497,0.6612067026411672
3498,0.6612984124287307
3499,0.6613581637669135
3500,0.6614351597369994
3501,0.6614418277897423
3502,0.6615330009880813
3503,0.6615408688579352
3504,0.6616459479630846
3505,0.6617336424157609
3506,0.6617479144951568
3507,0.6617486286446415
3508,0.6617785132621816
3509,0.6617960880153769
3510,0.661900913709389
3511,0.6619065708232262
3512,0.661923120438445
3513,0.6619572295578529
3514,0.6619633947576115
3515,0.6620566819489633
3516,0.6621048756831889
3517,0.6621100131325659
3518,0.6621201290276061
3519,0.6621567180327617
3520,0.6622026489209267
3521,0.6622195961604945
3522,0.6622410277948425
3523,0.6624258613079419
3524,0.6624569187674858
3525,0.6625300189258443
3526,0.6626276265403057
3527,0.6627965763352939
3528,0.6628362730804822
3529,0.6628407453032992
3530,0.6628432134705076
3531,0.663103051972797
3532,0.6631036138701286
3533,0.6631393545170283
3534,0.6631429270283288
3535,0.6631962444987816
3536,0.6633592025927716
3537,0.6634555701264561
3538,0.6635063780008192
3539,0.6635909300581557
3540,0.6636149719621376
3541,0.6636187640818334
3542,0.6636229347466687
3543,0.6636515990769698
3544,0.6637545571389825
3545,0.6637911233254634
3546,0.6638611323352794
3547,0.6639041340320974
3548,0.6639483842569871
3549,0.6644152708623969
3550,0.664486954841214
3551,0.6645739619931131
3552,0.664621217796653
3553,0.6646514467566635
3554,0.6647572345603033
3555,0.6648154396638734
3556,0.6648516265358306
3557,0.6648830583611467
3558,0.6648945259999485
3559,0.6649046791304121
3560,0.6649052308210182
3561,0.6649321140509838
3562,0.6650973966447784
3563,0.6651346161514602
3564,0.6651766908819361
3565,0.6651946462343024
3566,0.6655074047794957
3567,0.6655528803613919
3568,0.665558463764256
3569,0.6656009923611879
3570,0.6656729287924732
3571,0.6656855146955718
3572,0.6657410221705932
3573,0.6657520303598916
3574,0.6658307315768112
3575,0.6658465090924738
3576,0.665925893707566
3577,0.6659525768354149
3578,0.666069126491541
3579,0.6660926163417706
3580,0.6661128664602588
3581,0.6661678076419701
3582,0.6662187404910127
3583,0.6662361838774067
3584,0.6662458034794341
3585,0.6662774484454501
3586,0.6663161851774612
3587,0.6663184488802154
3588,0.6665447455917215
3589,0.6666025684666751
3590,0.6667016996650768
3591,0.6667100797160025
3592,0.6668110475208888
3593,0.6668167760350021
3594,0.6668265463895316
3595,0.6668351645260318
3596,0.6668460285803212
3597,0.6668823303916724
3598,0.6670093553948829
3599,0.6670363904095863
3600,0.6670595328725877
3601,0.6670698398497559
3602,0.6670927258057903
3603,0.6670945223793645
3604,0.667209220417052
3605,0.6672350299428912
3606,0.6672634416770029
3607,0.6674472529972582
3608,0.6675307608355774
3609,0.6675585748312713
3610,0.6676430083434415
3611,0.6677318082180527
3612,0.6677465125844102
3613,0.667749931044773
3614,0.6678253629046561
3615,0.6678259821785469
3616,0.6678718587315238
3617,0.6679497595992651
3618,0.6682290860537011
3619,0.6682883565198808
3620,0.6683623587936265
3621,0.6683695691876089
3622,0.6685102955236857
3623,0.6685220969135912
3624,0.6685344926086051
3625,0.6686406167699923
3626,0.6686983572638516
3627,0.6688305505205504
3628,0.66886732965603
3629,0.6688739681307867
3630,0.668900803752633
3631,0.6689051968849505
3632,0.6690128518152133
3633,0.6690320810022388
3634,0.6690545079734189
3635,0.6691330220664089
3636,0.6691365310717743
3637,0.6692098371529681
3638,0.6692351323921168
3639,0.6692589368850818
3640,0.6692803254208912
3641,0.6693806188095844
3642,0.6693892482120811
3643,0.6694247741372621
3644,0.6694525105940543
3645,0.6694711601096512
3646,0.6694720991418386
3647,0.6695183190427697
3648,0.669544193913338
3649,0.6695782774708043
3650,0.6696215897874538
3651,0.6696722991948684
3652,0.669721513667697
3653,0.6697814530422561
3654,0.6699593069381533
3655,0.6699605288119793
3656,0.6699832729407693
3657,0.6700046547660847
3658,0.6700276678021648
3659,0.6700357166731519
3660,0.6700686446562927
3661,0.6705183580486704
3662,0.6706104832231078
3663,0.670687590885172
3664,0.6707434811604314
3665,0.6708046592392168
3666,0.6708528988297342
3667,0.6709214988696827
3668,0.6709996968159702
3669,0.6710273522652184
3670,0.671049919251634
3671,0.6710665839722902
3672,0.6710778553808733
3673,0.6711378629032264
3674,0.6711507754601844
3675,0.6711710970763511
3676,0.6712017629778552
3677,0.6712400366008582
3678,0.6713928001502784
3679,0.6714379190276535
3680,0.6715239521054446
3681,0.6715292485034863
3682,0.6715298436997609
3683,0.6715969822052694
3684,0.6716586527198323
3685,0.6717439482237337
3686,0.6718757507715576
3687,0.6719838989163726
3688,0.6720423039312005
3689,0.672050578719797
3690,0.6721227523035027
3691,0.6723779072262732
3692,0.6723787011027702
3693,0.6723860597731973
3694,0.6724635604408346
3695,0.6725932453864436
3696,0.6726249989595703
3697,0.67266085969759
3698,0.6726718895949232
3699,0.6727280511322934
3700,0.6728115037216787
3701,0.672886140330714
3702,0.6729190749476204
3703,0.6729979375746226
3704,0.6731075302249941
3705,0.6731254225897518
3706,0.6731754542996375
3707,0.6732616524738092
3708,0.6732661893170018
3709,0.6732911855858695
3710,0.6734335402450993
3711,0.6734430979582553
3712,0.6734757748871718
3713,0.673500233220691
3714,0.6736136837739108
3715,0.6737613929944759
3716,0.6737629003318217
3717,0.6738184586664938
3718,0.6739036357191207
3719,0.6739482005701278
3720,0.6739773850542251
3721,0.6741095435136192
3722,0.6741112381726966
3723,0.6741636715682944
3724,0.6742066671018143
3725,0.6743020821692314
3726,0.674429681880151
3727,0.6744428941402185
3728,0.6744669866256852
3729,0.6745098845931414
3730,0.6745155998219725
3731,0.6746749115463927
3732,0.6747603103559838
3733,0.6747766743845114
3734,0.6748644704608429
3735,0.6749302405551811
3736,0.6749421618700058
3737,0.6749901245110916
3738,0.6749963859370567
3739,0.6750375976008471
3740,0.6750646013523718
3741,0.6750902690778195
3742,0.6752037716244722
3743,0.6752653876323457
3744,0.6753267956827458
3745,0.6753786918281288
3746,0.6753787593315519
3747,0.6754791795813615
3748,0.6754850956234572
3749,0.6754914576401121
3750,0.6754948588146821
3751,0.6755657295063022
3752,0.6756036197793239
3753,0.6756073399453643
3754,0.6756093992446491
3755,0.6758905617756901
3756,0.6759506703128014
3757,0.6760801561458779
3758,0.6761400167029106
3759,0.676211122013709
3760,0.6763074444779589
3761,0.676335880922796
3762,0.6763918077993091
3763,0.6765976612669112
3764,0.6766083741387235
3765,0.6766138813637635
3766,0.6766437620679644
3767,0.6768155705084133
3768,0.6768164632049158
3769,0.6769023790021019
3770,0.6769742978155767
3771,0.6769982317620471
3772,0.6770446163100718
3773,0.6770677797038395
3774,0.6771059403909744
3775,0.6771530965127607
3776,0.6772302295515319
3777,0.6772769075236493
3778,0.6772850350697779
3779,0.6772879676123946
3780,0.6773464024053408
3781,0.6773633977338369
3782,0.677388115669838
3783,0.6774198343870435
3784,0.6774725739067959
3785,0.6774919271716495
3786,0.6775786836531656
3787,0.6775847382036764
3788,0.6776236796688865
3789,0.6777042504737121
3790,0.6777483510245853
3791,0.6777901207812316
3792,0.6778604168872404
3793,0.6778619531105057
3794,0.6778993844966734
3795,0.6779473972588188
3796,0.678074079441003
3797,0.6782047691493474
3798,0.6782826016253289
3799,0.6783552980878966
3800,0.6783589120894771
3801,0.6785039137104831
3802,0.678505366813072
3803,0.6785500572709229
3804,0.6785902662419823
3805,0.6786246788122734
3806,0.6787054766878635
3807,0.6787447314962205
3808,0.6787819897559508
3809,0.6787852982770275
3810,0.6788800077460985
3811,0.6789294038012723
3812,0.6789452487155069
3813,0.678981769336828
3814,0.6789920236729124
3815,0.6791314569776898
3816,0.6791327289778508
3817,0.6791799235596203
3818,0.6792304771374285
3819,0.6792473882458792
3820,0.6793268856660605
3821,0.6793644168025244
3822,0.6793764410411858
3823,0.6794014737856179
3824,0.6794167555788779
3825,0.6794244657753932
3826,0.679596993816039
3827,0.6795997883376628
3828,0.6796809410886949
3829,0.6796918037740276
3830,0.6798535723309862
3831,0.6798585359344816
3832,0.6799041808381168
3833,0.6799993892027326
3834,0.6800006531346316
3835,0.6802069342439344
3836,0.6802323738506253
3837,0.6803214050697577
3838,0.6803271889925329
3839,0.6803351619131699
3840,0.6803365624278143
3841,0.6803588204262448
3842,0.6804215856367597
3843,0.680531074527791
3844,0.6805318172069659
3845,0.6805378410666956
3846,0.6805860735699404
3847,0.6806045843433037
3848,0.6807286074393606
3849,0.6807512385570957
3850,0.680770943105127
3851,0.6808014581329398
3852,0.6808220528509119
3853,0.6808374965985875
3854,0.6808507026452557
3855,0.6808576434930697
3856,0.6808681346689751
3857,0.680976267295823
3858,0.6810540487101276
3859,0.681093812474652
3860,0.681192593249456
3861,0.6812014628940644
3862,0.6813057864567661
3863,0.6814497712106624
3864,0.6814537316893343
3865,0.6815216110103022
3866,0.6815536040859433
3867,0.6815695114067157
3868,0.6816238197864175
3869,0.6816937447518311
3870,0.6817198272459555
3871,0.681721818609093
3872,0.681741568516536
3873,0.6817535750385777
3874,0.6819318675865547
3875,0.6821006847813469
3876,0.6823842365561319
3877,0.682423590574128
3878,0.6825259157352812
3879,0.6825301924034548
3880,0.6825499683752019
3881,0.6825745878791905
3882,0.6825792156193267
3883,0.6826220352575911
3884,0.6827238732364258
3885,0.6827567039908508
3886,0.6828052227707807
3887,0.6829881855466791
3888,0.6830911476999386
3889,0.6830917810181277
3890,0.6832122084574279
3891,0.6833305601893264
3892,0.6836136868356676
3893,0.6836302534869146
3894,0.6837495389330108
3895,0.683805809854447
3896,0.6838323326075582
3897,0.6838890432831384
3898,0.6839099394992872
3899,0.6839372732012188
3900,0.6839712824684112
3901,0.6839867768050738
3902,0.6839935936295654
3903,0.6840016570608196
3904,0.6842013412489124
3905,0.6842027091068883
3906,0.6842185075525569
3907,0.6842217651084823
3908,0.6842956075932625
3909,0.684358699719567
3910,0.6843661960996468
3911,0.6843912277345254
3912,0.6844534129894162
3913,0.6845479160644757
3914,0.6845970492947075
3915,0.6846244693836514
3916,0.6846788508739472
3917,0.6848900802584902
3918,0.6851970321435388
3919,0.6852253222294655
3920,0.6853031553850502
3921,0.6854129815555772
3922,0.6854637118239012
3923,0.6855361921922168
3924,0.6856127883948919
3925,0.6856374579173825
3926,0.6856968715074294
3927,0.6857649465852402
3928,0.6858458017102051
3929,0.6859761448245805
3930,0.6860074692798137
3931,0.6862349405043171
3932,0.6862636553944681
3933,0.6864271010272769
3934,0.686568953539189
3935,0.6865859055281955
3936,0.6865981900008177
3937,0.6866132027383989
3938,0.6866166168451929
3939,0.686704223111295
3940,0.6867666401959935
3941,0.6868572825477883
3942,0.6869230253027441
3943,0.6869644013007961
3944,0.6870504119612184
3945,0.6871833485873002
3946,0.6872419949765882
3947,0.687301550605526
3948,0.6873360903636312
3949,0.6873546152410328
3950,0.6873947398721625
3951,0.687399183626508
3952,0.6875143527887184
3953,0.6875173740844243
3954,0.6875734499623283
3955,0.687605829196338
3956,0.6876589974307405
3957,0.6876605391761601
3958,0.6877130849756937
3959,0.6877132264943087
3960,0.6877473719815247
3961,0.6878563802968771
3962,0.6878635135393877
3963,0.6879457789173598
3964,0.6879490985810555
3965,0.6879746036857385
3966,0.688151059344737
3967,0.6881632414572773
3968,0.6882053816214022
3969,0.6882778251877727
3970,0.6883281011856661
3971,0.6883745285557936
3972,0.6884008920665377
3973,0.6885001306994516
3974,0.6889572318311217
3975,0.6891653159399054
3976,0.6892887907761311
3977,0.6893498557868669
3978,0.6894055458683113
3979,0.6894803869964597
3980,0.6894831676175606
3981,0.6895277423298467
3982,0.6896436754062487
3983,0.6898188233222886
3984,0.6898246226912416
3985,0.6901268076650715
3986,0.6901512437230464
3987,0.6902504629955614
3988,0.6903398549704691
3989,0.6905071514476226
3990,0.6905345890775734
3991,0.6905406297120722
3992,0.6905414812124397
3993,0.6905415504038429
3994,0.6908461599144333
3995,0.690875301771749
3996,0.6909075712502877
3997,0.6910030038646884
3998,0.6910502996851416
3999,0.6911486395144464
4000,0.691149180447091
4001,0.6911638471295467
4002,0.6911845153007403
4003,0.6912298220680633
4004,0.691250910652895
4005,0.6913364320420097
4006,0.6913866316387262
4007,0.6914578455166018
4008,0.691507015191515
4009,0.6915143536398989
4010,0.6915507004989888
4011,0.6917083551519417
4012,0.6918030379883147
4013,0.6919315558461674
4014,0.692002315443778
4015,0.6920166424085351
4016,0.6920561568998833
4017,0.6920900476651028
4018,0.6921030707805675
4019,0.6921626670257501
4020,0.6921823461923914
4021,0.6921958725162998
4022,0.6922739633522812
4023,0.6923549667359943
4024,0.692376051904191
4025,0.692411554160743
4026,0.6924169285745947
4027,0.6925331087491285
4028,0.6925967511579578
4029,0.6926493462567591
4030,0.6926958232130797
4031,0.6927475637118643
4032,0.6928040159555977
4033,0.6928735077153503
4034,0.6928821282168666
4035,0.6928894272256629
4036,0.6930011103487227
4037,0.6930723871100355
4038,0.6930785695896173
4039,0.6930870913299061
4040,0.6931442509723342
4041,0.6932585835458883
4042,0.6934260615463079
4043,0.6934421177399597
4044,0.6934762526461258
4045,0.693648560928326
4046,0.6937473363823449
4047,0.6937711098343085
4048,0.6938497600830462
4049,0.6939124041820137
4050,0.6939207664355869
4051,0.6939250147810486
4052,0.6940390240880907
4053,0.6940935434243359
4054,0.694184334127703
4055,0.6942002488588501
4056,0.6942049248628044
4057,0.694293301375992
4058,0.6943182175396969
4059,0.6943907620840954
4060,0.694400064101454
4061,0.694400989289879
4062,0.6946067259487201
4063,0.6946828253518245
4064,0.6947456659742601
4065,0.6947467532246214
4066,0.69476727723939
4067,0.6948056401325658
4068,0.694902255509678
4069,0.69494951893615
4070,0.6949575374780959
4071,0.6953170892684848
4072,0.6953304211521092
4073,0.6953614606695572
4074,0.695395725048982
4075,0.6954350806779368
4076,0.6954644248906627
4077,0.6955392683480568
4078,0.6955750566209529
4079,0.6956177463525198
4080,0.695646328534486
4081,0.6956836024203981
4082,0.6958752282584086
4083,0.6959159906623058
4084,0.6959463041559817
4085,0.6959738972024919
4086,0.6960763463874079
4087,0.6961538458784102
4088,0.696260509743016
4089,0.6962791589248634
4090,0.696331716881931
4091,0.6963715250610838
4092,0.696433732647793
4093,0.6964961563445016
4094,0.6965120782723984
4095,0.6965927474929674
4096,0.6966481663161437
4097,0.6966694163835365
4098,0.6966803788410388
4099,0.6968265291028505
4100,0.6968472514832358
4101,0.6970716741198826
4102,0.6970885502623645
4103,0.6972152437023831
4104,0.6972348065454076
4105,0.6972632232718206
4106,0.6973333186677497
4107,0.697334418123194
4108,0.6974704418284788
4109,0.6974730596787206
4110,0.6974811551091435
4111,0.6975076183147008
4112,0.6975126328024757
4113,0.6975852874422559
4114,0.6977118058272775
4115,0.6978109481731304
4116,0.6978545261039272
4117,0.6979177283727007
4118,0.6979512738829403
4119,0.6981013538527838
4120,0.6982009733001973
4121,0.6983227795736424
4122,0.6983295665322892
4123,0.6983800865628508
4124,0.6984532441019713
4125,0.6985122077077
4126,0.698596199938734
4127,0.698612884920164
4128,0.6986345549622073
4129,0.698635614253436
4130,0.6988544612842311
4131,0.6989323675575952
4132,0.6989593019772224
4133,0.6990583635010972
4134,0.699180790361198
4135,0.6992802504852298
4136,0.6993021098544119
4137,0.699307455004051
4138,0.6993367801221693
4139,0.699340901061241
4140,0.6993822067751366
4141,0.6995268103009453
4142,0.6996087529344974
4143,0.6996150243480108
4144,0.6996677560331699
4145,0.699672114602246
4146,0.6997566798964127
4147,0.6998765634324104
4148,0.6999013350926362
4149,0.6999244468575592
4150,0.699952509312776
4151,0.7000140380508795
4152,0.7001470992376455
4153,0.7002487053165746
4154,0.7002775864749775
4155,0.7004333641158867
4156,0.7005204749720007
4157,0.7006384501687178
4158,0.700716787895895
4159,0.7007477719039502
4160,0.7007681622997508
4161,0.7007864946655331
4162,0.7008653184970819
4163,0.7008804075105842
4164,0.7009141820855184
4165,0.7009284938233232
4166,0.7009345887820284
4167,0.7009793979004594
4168,0.7010016088801612
4169,0.7010038158484726
4170,0.7010097206791368
4171,0.7010579381747091
4172,0.7010817478154108
4173,0.7011215046664876
4174,0.7011228483686647
4175,0.7011648480540447
4176,0.7012279003158309
4177,0.7012599649278558
4178,0.7013658243887486
4179,0.701366477821733
4180,0.7014252508655148
4181,0.7015626272923465
4182,0.7016170844202331
4183,0.701823225023969
4184,0.701931810416972
4185,0.7020008207107986
4186,0.7020072391061571
4187,0.7020076847331346
4188,0.7020360301855059
4189,0.7021331268856226
4190,0.7023977168521087
4191,0.7024365446640031
4192,0.7025372896656521
4193,0.702548890004965
4194,0.7025881865802945
4195,0.7026414992712393
4196,0.702730278893319
4197,0.7027371608910182
4198,0.7027934613341789
4199,0.7030344809102954
4200,0.7030655933239284
4201,0.7033845155472476
4202,0.7034820386990399
4203,0.7034973438947962
4204,0.7035853978882591
4205,0.7036653352562018
4206,0.7036754302734245
4207,0.7037339776896214
4208,0.7037738420094257
4209,0.7038885272938471
4210,0.7039247109347367
4211,0.704059940768538
4212,0.7040775121476037
4213,0.7040867393767611
4214,0.7041246465795706
4215,0.7041748329433279
4216,0.7042971620808087
4217,0.704367851118804
4218,0.7045483403271173
4219,0.7046713070830721
4220,0.7047857519360549
4221,0.7048217479025027
4222,0.7049182764353846
4223,0.7050248065148506
4224,0.7050557803797795
4225,0.7051078111627062
4226,0.7052292636187225
4227,0.7053372552311459
4228,0.7057027305951641
4229,0.7057285882962088
4230,0.7057512800194206
4231,0.705806955892671
4232,0.7059452334875098
4233,0.706158740765452
4234,0.7062401447555208
4235,0.7062971341379265
4236,0.7063309442428378
4237,0.70639407625514
4238,0.7064935896206982
4239,0.7065739308308638
4240,0.7066858158638618
4241,0.7068836175468647
4242,0.7070596274563776
4243,0.7071045355940679
4244,0.7071256107511914
4245,0.7071297506184446
4246,0.7071566284694113
4247,0.7073438520933324
4248,0.7073630154427546
4249,0.7074286835844401
4250,0.7074566632897894
4251,0.7074801323049518
4252,0.7076491711197643
4253,0.7076654107690554
4254,0.7076687823007868
4255,0.7076803157490783
4256,0.7076921881323424
4257,0.7077666384373845
4258,0.7078504922593791
4259,0.7079427776258598
4260,0.7079696202233978
4261,0.7080013996977708
4262,0.7080359665831579
4263,0.7080652607197295
4264,0.708067363663515
4265,0.7081030637537729
4266,0.7082014157012239
4267,0.7082419261165238
4268,0.7082671670695464
4269,0.7082710715966244
4270,0.7082892489782737
4271,0.7083528016181739
4272,0.7084111444746333
4273,0.708564110624227
4274,0.7085654069828783
4275,0.7086139330831449
4276,0.7086167139535726
4277,0.7086407337057
4278,0.7086596264991467
4279,0.7087828440205216
4280,0.7088077585733559
4281,0.7089002204552558
4282,0.7089106448572162
4283,0.7089156624834576
4284,0.7089193108391922
4285,0.7090352806247289
4286,0.7091431029689086
4287,0.7091528475916835
4288,0.709183954887751
4289,0.7092109500818182
4290,0.709277095955344
4291,0.7093486402724534
4292,0.7093625162681199
4293,0.7094318158040445
4294,0.7094988887158153
4295,0.7095188335741996
4296,0.7097924755778338
4297,0.7098213430117646
4298,0.7098346755619491
4299,0.7098349457492623
4300,0.7098489499439063
4301,0.7099809970338005
4302,0.7100388773770331
4303,0.7101439591456098
4304,0.7101803401327833
4305,0.7103037575356816
4306,0.7103069156889972
4307,0.7104208056082328
4308,0.7104233753143068
4309,0.7105702090814128
4310,0.7105707632982962
4311,0.7106097006782046
4312,0.7107508415235764
4313,0.7108577869617276
4314,0.7108634198260149
4315,0.7109058088363625
4316,0.7109560430965708
4317,0.7110271185555475
4318,0.7110767757049001
4319,0.7111495942383238
4320,0.7112569801725045
4321,0.7113187000460353
4322,0.7113299434656144
4323,0.7113399813797333
4324,0.7113454394591392
4325,0.7113922419827032
4326,0.7114203174149386
4327,0.7114309674756155
4328,0.7114840205728901
4329,0.711814981303635
4330,0.711930672320708
4331,0.7119753534510515
4332,0.7120365458805239
4333,0.7120369076234336
4334,0.7120416509692966
4335,0.712048125885439
4336,0.7122944532330746
4337,0.7123113863365209
4338,0.7124769967330923
4339,0.7125718713341207
4340,0.712581922180983
4341,0.7126165013862831
4342,0.712636642176281
4343,0.7126965966689909
4344,0.71270036727451
4345,0.7127704058473021
4346,0.7128341343567131
4347,0.7128873482143827
4348,0.7129760953996988
4349,0.7129857446177584
4350,0.7130307158109669
4351,0.713070082553033
4352,0.7132531806420455
4353,0.7133864967171191
4354,0.7134180974938845
4355,0.7134589259071968
4356,0.7135480003776395
4357,0.7136128941119172
4358,0.7136356864923632
4359,0.7136758765283375
4360,0.7137499293657321
4361,0.7138535148825251
4362,0.713940453852723
4363,0.7141426467164573
4364,0.714155610011348
4365,0.7142341325359081
4366,0.7142360698905208
4367,0.7142449492066005
4368,0.7142759577669995
4369,0.714385861142893
4370,0.714475274451696
4371,0.7145679844855244
4372,0.7146384357566753
4373,0.7146893956025083
4374,0.7147365179267504
4375,0.7150096704417064
4376,0.7151544392052476
4377,0.7152019139117287
4378,0.7152093498577086
4379,0.7152233681253725
4380,0.7152487816766233
4381,0.7152628178675915
4382,0.7155976883231332
4383,0.7157615042095701
4384,0.7158486934254913
4385,0.7160021096292716
4386,0.7162454270471816
4387,0.7162660773025524
4388,0.716447704566066
4389,0.7166548312380584
4390,0.7166585134313033
4391,0.7167596588492138
4392,0.7168975782353553
4393,0.7170134378516669
4394,0.7170224974800343
4395,0.7170707635143349
4396,0.7171998487711908
4397,0.7172327008003672
4398,0.7172409349609685
4399,0.7172416846599077
4400,0.7172668282168015
4401,0.7174217988515563
4402,0.7175960595774363
4403,0.7176025272029857
4404,0.7176560965994343
4405,0.7176717833426935
4406,0.7178402890320948
4407,0.7178507533793672
4408,0.717893274761872
4409,0.7179346825082955
4410,0.7180116447724718
4411,0.7180687606204021
4412,0.7180837581355464
4413,0.7181407947734453
4414,0.7181839054346765
4415,0.7185087850879104
4416,0.7186460267403256
4417,0.7187459440148494
4418,0.7187918060697056
4419,0.7188674050706028
4420,0.718939344271513
4421,0.7190794633559263
4422,0.719249978221604
4423,0.7193169956383474
4424,0.7193797014543618
4425,0.7194963954493803
4426,0.7195603843983744
4427,0.7196780220308805
4428,0.7197157162924623
4429,0.7197333564164141
4430,0.7198372958842318
4431,0.7200088351637426
4432,0.7202262559301646
4433,0.7206931530222465
4434,0.7208166407051717
4435,0.7208491652683298
4436,0.7210235607039018
4437,0.7210241663117112
4438,0.7210781461515796
4439,0.7212305357356401
4440,0.7212640751074493
4441,0.7214794445943561
4442,0.7214926741592835
4443,0.7215978378924937
4444,0.721636802426463
4445,0.7217506629574602
4446,0.7218006259567364
4447,0.7218217001446927
4448,0.7219310294568737
4449,0.7219708805837008
4450,0.7220405969087991
4451,0.7221921232391535
4452,0.7222593499193113
4453,0.7223068251087796
4454,0.7223976335610032
4455,0.7224791298794535
4456,0.7226411894577964
4457,0.7227490461028994
4458,0.722757455386506
4459,0.7227970728830799
4460,0.7228832590004124
4461,0.7230225275484945
4462,0.723060215255539
4463,0.7230968982515151
4464,0.7231754332872546
4465,0.7231916113692297
4466,0.7232297556592563
4467,0.7234427511119178
4468,0.7235906584488592
4469,0.7236624567262044
4470,0.7238077545635262
4471,0.7238468039672676
4472,0.7238941473284176
4473,0.7239710832464012
4474,0.7241267023156592
4475,0.7241887274389665
4476,0.724366101183084
4477,0.7244061638237742
4478,0.7244090891408146
4479,0.7245815574360681
4480,0.7246527070082163
4481,0.7246618987957149
4482,0.7247970140311407
4483,0.7248734249804769
4484,0.7250051687661179
4485,0.7251347370613999
4486,0.7251793107747212
4487,0.7252493356602212
4488,0.7253764550578394
4489,0.7254966282702908
4490,0.7255531207457753
4491,0.725705656563203
4492,0.7257533017919092
4493,0.7257745641525549
4494,0.7259127946815805
4495,0.7259724219431164
4496,0.7260633599435637
4497,0.726166207199828
4498,0.7262451255944682
4499,0.7264318305428317
4500,0.7264474861979042
4501,0.7265676280533823
4502,0.7271532811064387
4503,0.7271788044065268
4504,0.7273513470039401
4505,0.7273825720995367
4506,0.7275741623701761
4507,0.7279980305975812
4508,0.7284077998496988
4509,0.728418132482626
4510,0.728597110259632
4511,0.7287180710650821
4512,0.728773833244639
4513,0.72882435067487
4514,0.7288759664084354
4515,0.7290503714331249
4516,0.729340268022983
4517,0.7294752341718143
4518,0.7295028177683267
4519,0.7296750609012044
4520,0.7298137115833854
4521,0.729876621328985
4522,0.729882281748322
4523,0.729951214419774
4524,0.7299840880235923
4525,0.7299957421440235
4526,0.7300758103658647
4527,0.7301341585809761
4528,0.730257055040171
4529,0.7302791199585157
4530,0.730411205079528
4531,0.7305978938631469
4532,0.7308530655437492
4533,0.7310122797207452
4534,0.7310946903931388
4535,0.7311818607741738
4536,0.7311979178140493
4537,0.7312134814806057
4538,0.7313154755383758
4539,0.731347389435386
4540,0.7313603350362623
4541,0.7313988447214419
4542,0.7317426624288288
4543,0.7318405468189801
4544,0.7318433067787624
4545,0.7319246883368424
4546,0.7320324831575757
4547,0.7322161714545786
4548,0.7322425819895205
4549,0.7323504493799345
4550,0.7325084811542658
4551,0.7329884681869299
4552,0.7330479537176539
4553,0.7330584418101624
4554,0.7331909985552099
4555,0.7334003310589707
4556,0.7336873500964834
4557,0.7337198938616105
4558,0.7337284651290215
4559,0.7339327508247786
4560,0.7340259743414602
4561,0.734205765434484
4562,0.7342385425668224
4563,0.7342439730388851
4564,0.7342871773824791
4565,0.7343261663234575
4566,0.7343644301766876
4567,0.7343921007871785
4568,0.7345154948308643
4569,0.7346290461632528
4570,0.7346339652152829
4571,0.7346902859068551
4572,0.7348925323126099
4573,0.7349798147533405
4574,0.7351199290817775
4575,0.7351360238549058
4576,0.7356796476618892
4577,0.7358734773276407
4578,0.7360018862185144
4579,0.7360589853637438
4580,0.7361604462776319
4581,0.7361872112228998
4582,0.7363001863236407
4583,0.736340826795485
4584,0.7364407772808192
4585,0.7365923496232611
4586,0.7366300368990195
4587,0.7366318778938814
4588,0.7367772758985413
4589,0.7368170331679743
4590,0.7371221020611565
4591,0.7372871384966696
4592,0.7373220115848158
4593,0.7374836530991358
4594,0.73753509145612
4595,0.7375376088186616
4596,0.7376610467589464
4597,0.7378034022111204
4598,0.737964960137679
4599,0.7379752892980976
4600,0.7379784606146135
4601,0.7381069257026973
4602,0.7381423586730653
4603,0.7381587290436724
4604,0.7383024219665977
4605,0.7383270007611602
4606,0.7384089841174448
4607,0.7385025579671891
4608,0.7387490525273391
4609,0.7387944352288229
4610,0.7392070997189176
4611,0.7392167120668518
4612,0.7393857412794845
4613,0.7393895207453837
4614,0.7398706398341404
4615,0.7398734657256729
4616,0.7399275211535654
4617,0.7400805580130143
4618,0.7404508153292418
4619,0.7404910099752018
4620,0.7405857156740754
4621,0.7407565451870923
4622,0.7412969237129603
4623,0.7413078239302344
4624,0.7413759362718113
4625,0.741858249503515
4626,0.7419039542270252
4627,0.7421949239073875
4628,0.7422261737703162
4629,0.7426288877836723
4630,0.7430767168474621
4631,0.743598642830543
4632,0.7438116283817215
4633,0.7438531870040354
4634,0.7441055717555105
4635,0.7442445629527291
4636,0.7447853927676966
4637,0.7452666905287872
4638,0.7452746156421353
4639,0.7455039688802652
4640,0.7456424395434281
4641,0.7461508039572554
4642,0.7463836495628793
4643,0.7465088254864374
4644,0.7465477262491614
4645,0.746647160714804
4646,0.7470499159944368
4647,0.7470832118375927
4648,0.7472418008100042
4649,0.747266178919237
4650,0.7474778944593904
4651,0.747607291715402
4652,0.7480017493440876
4653,0.7484692169114717
4654,0.7484692754465554
4655,0.7485785228983215
4656,0.7488243850656859
4657,0.7488680096622826
4658,0.7489024912827968
4659,0.7491766316451578
4660,0.749238579437344
4661,0.7503575132520012
4662,0.750417033311061
4663,0.7504757832220214
4664,0.7506811738229437
4665,0.7506953528022495
4666,0.7507485113491852
4667,0.750811077707492
4668,0.7510624925423771
4669,0.751422629159306
4670,0.7517267484483884
4671,0.7518221528779462
4672,0.7523846726803153
4673,0.7524509682628504
4674,0.7525384830413013
4675,0.7528546099031674
4676,0.7531434943365389
4677,0.7531717814864898
4678,0.753190125695439
4679,0.753460134918025
4680,0.7537521286576307
4681,0.7539732785926162
4682,0.7541709990366112
4683,0.754546159602341
4684,0.7550329931628752
4685,0.7552063978629442
4686,0.7552458277235718
4687,0.755504873719788
4688,0.7561218092636988
4689,0.7561289954418876
4690,0.7564509723163588
4691,0.7580072185763923
4692,0.7591245451978565
4693,0.7594464605632796
4694,0.7602109232026242
4695,0.7602716175295718
4696,0.7614937114574645
4697,0.7623820547090536
4698,0.7624556420306485
4699,0.7628687793107803
4700,0.7629215467164939
4701,0.7632601115450945
4702,0.7664157054630633
4703,0.7682135054626067
4704,0.7686743440523724
4705,0.7699833579815591
4706,0.7701781076146805
4707,0.7708421686748159
4708,0.7710112995543621
4709,0.7720304920683185
4710,0.7723677359976125
4711,0.7734639985686137
4712,0.7743418872559561
4713,0.7744723989446758
4714,0.7745683371897781
4715,0.7752861725172693
4716,0.7757780355389177
4717,0.7776281411352068
4718,0.7792769659688294
4719,0.7799450714043661
4720,0.7832528132580727
4721,0.7843462307054807
4722,0.7893502454593191
