run_key,space_name,dimensions,preprocessing,metric,min_samples,eps_percentile,eps,n_points,n_clusters,noise_count,noise_share,clustered_count,clustered_share,largest_cluster_size,largest_cluster_share_all,largest_cluster_share_clustered,smallest_cluster_size,median_cluster_size,mean_cluster_size
user_run_0001,user_l2_cosine,64,l2,cosine,5,1.0,0.067723,4722,2,4623,0.9790343074968234,99,0.02096569250317662,94,0.019906819144430325,0.9494949494949495,5,49.5,49.5
user_run_0002,user_l2_cosine,64,l2,cosine,5,2.5,0.083288,4722,1,4494,0.951715374841169,228,0.048284625158831,228,0.048284625158831,1.0,228,228.0,228.0
user_run_0003,user_l2_cosine,64,l2,cosine,5,5.0,0.098182,4722,1,4321,0.9150783566285472,401,0.08492164337145278,401,0.08492164337145278,1.0,401,401.0,401.0
user_run_0004,user_l2_cosine,64,l2,cosine,5,10.0,0.121192,4722,1,4057,0.859169843286743,665,0.1408301567132571,665,0.1408301567132571,1.0,665,665.0,665.0
user_run_0005,user_l2_cosine,64,l2,cosine,5,15.0,0.143412,4722,1,3771,0.7986022871664549,951,0.2013977128335451,951,0.2013977128335451,1.0,951,951.0,951.0
user_run_0006,user_l2_cosine,64,l2,cosine,5,20.0,0.163469,4722,2,3500,0.7412113511224058,1222,0.25878864887759423,1219,0.2581533248623465,0.997545008183306,3,611.0,611.0
user_run_0007,user_l2_cosine,64,l2,cosine,5,25.0,0.180723,4722,1,3222,0.6823379923761118,1500,0.3176620076238882,1500,0.3176620076238882,1.0,1500,1500.0,1500.0
user_run_0008,user_l2_cosine,64,l2,cosine,5,30.0,0.197269,4722,1,2954,0.6255823803473105,1768,0.37441761965268955,1768,0.37441761965268955,1.0,1768,1768.0,1768.0
user_run_0009,user_l2_cosine,64,l2,cosine,5,35.0,0.213987,4722,1,2712,0.5743329097839899,2010,0.4256670902160102,2010,0.4256670902160102,1.0,2010,2010.0,2010.0
user_run_0010,user_l2_cosine,64,l2,cosine,5,40.0,0.230401,4722,1,2411,0.5105887335874629,2311,0.48941126641253707,2311,0.48941126641253707,1.0,2311,2311.0,2311.0
user_run_0011,user_l2_cosine,64,l2,cosine,5,45.0,0.246738,4722,1,2175,0.4606099110546379,2547,0.5393900889453621,2547,0.5393900889453621,1.0,2547,2547.0,2547.0
user_run_0012,user_l2_cosine,64,l2,cosine,5,50.0,0.264159,4722,1,1926,0.4078780177890724,2796,0.5921219822109276,2796,0.5921219822109276,1.0,2796,2796.0,2796.0
user_run_0013,user_l2_cosine,64,l2,cosine,5,60.0,0.300184,4722,1,1471,0.31152054214315966,3251,0.6884794578568403,3251,0.6884794578568403,1.0,3251,3251.0,3251.0
user_run_0014,user_l2_cosine,64,l2,cosine,5,70.0,0.339801,4722,1,1021,0.21622193985599322,3701,0.7837780601440067,3701,0.7837780601440067,1.0,3701,3701.0,3701.0
user_run_0015,user_l2_cosine,64,l2,cosine,5,80.0,0.385467,4722,1,614,0.13002964845404488,4108,0.8699703515459551,4108,0.8699703515459551,1.0,4108,4108.0,4108.0
user_run_0016,user_l2_cosine,64,l2,cosine,5,85.0,0.415464,4722,1,424,0.08979246082168572,4298,0.9102075391783143,4298,0.9102075391783143,1.0,4298,4298.0,4298.0
user_run_0017,user_l2_cosine,64,l2,cosine,5,90.0,0.447024,4722,2,260,0.05506141465480729,4462,0.9449385853451927,4456,0.9436679373146971,0.9986553115194979,6,2231.0,2231.0
user_run_0018,user_l2_cosine,64,l2,cosine,5,95.0,0.496852,4722,1,111,0.023506988564167726,4611,0.9764930114358322,4611,0.9764930114358322,1.0,4611,4611.0,4611.0
user_run_0019,user_l2_cosine,64,l2,cosine,5,99.0,0.579142,4722,1,11,0.002329521389241847,4711,0.9976704786107582,4711,0.9976704786107582,1.0,4711,4711.0,4711.0
user_run_0020,user_l2_cosine,64,l2,cosine,33,1.0,0.096564,4722,1,4426,0.9373146971622194,296,0.06268530283778061,296,0.06268530283778061,1.0,296,296.0,296.0
user_run_0021,user_l2_cosine,64,l2,cosine,33,2.5,0.112847,4722,1,4234,0.8966539601863617,488,0.10334603981363828,488,0.10334603981363828,1.0,488,488.0,488.0
user_run_0022,user_l2_cosine,64,l2,cosine,33,5.0,0.129496,4722,1,4006,0.8483693350275308,716,0.1516306649724693,716,0.1516306649724693,1.0,716,716.0,716.0
user_run_0023,user_l2_cosine,64,l2,cosine,33,10.0,0.154477,4722,1,3667,0.776577721304532,1055,0.22342227869546802,1055,0.22342227869546802,1.0,1055,1055.0,1055.0
user_run_0024,user_l2_cosine,64,l2,cosine,33,15.0,0.178661,4722,1,3325,0.7041507835662855,1397,0.29584921643371453,1397,0.29584921643371453,1.0,1397,1397.0,1397.0
user_run_0025,user_l2_cosine,64,l2,cosine,33,20.0,0.20175,4722,1,2970,0.6289707750952986,1752,0.3710292249047014,1752,0.3710292249047014,1.0,1752,1752.0,1752.0
user_run_0026,user_l2_cosine,64,l2,cosine,33,25.0,0.219003,4722,1,2711,0.5741211351122406,2011,0.42587886488775945,2011,0.42587886488775945,1.0,2011,2011.0,2011.0
user_run_0027,user_l2_cosine,64,l2,cosine,33,30.0,0.240684,4722,1,2359,0.49957645065650147,2363,0.5004235493434985,2363,0.5004235493434985,1.0,2363,2363.0,2363.0
user_run_0028,user_l2_cosine,64,l2,cosine,33,35.0,0.257565,4722,1,2116,0.4481152054214316,2606,0.5518847945785684,2606,0.5518847945785684,1.0,2606,2606.0,2606.0
user_run_0029,user_l2_cosine,64,l2,cosine,33,40.0,0.276813,4722,1,1848,0.39135959339263027,2874,0.6086404066073697,2874,0.6086404066073697,1.0,2874,2874.0,2874.0
user_run_0030,user_l2_cosine,64,l2,cosine,33,45.0,0.297557,4722,1,1586,0.33587462939432444,3136,0.6641253706056756,3136,0.6641253706056756,1.0,3136,3136.0,3136.0
user_run_0031,user_l2_cosine,64,l2,cosine,33,50.0,0.315414,4722,1,1360,0.28801355357899194,3362,0.7119864464210081,3362,0.7119864464210081,1.0,3362,3362.0,3362.0
user_run_0032,user_l2_cosine,64,l2,cosine,33,60.0,0.35477,4722,1,947,0.20055061414654807,3775,0.7994493858534519,3775,0.7994493858534519,1.0,3775,3775.0,3775.0
user_run_0033,user_l2_cosine,64,l2,cosine,33,70.0,0.400768,4722,1,562,0.11901736552308344,4160,0.8809826344769166,4160,0.8809826344769166,1.0,4160,4160.0,4160.0
user_run_0034,user_l2_cosine,64,l2,cosine,33,80.0,0.453165,4722,1,279,0.0590851334180432,4443,0.9409148665819568,4443,0.9409148665819568,1.0,4443,4443.0,4443.0
user_run_0035,user_l2_cosine,64,l2,cosine,33,85.0,0.48386,4722,1,155,0.03282507412113511,4567,0.9671749258788649,4567,0.9671749258788649,1.0,4567,4567.0,4567.0
user_run_0036,user_l2_cosine,64,l2,cosine,33,90.0,0.520997,4722,1,84,0.017789072426937738,4638,0.9822109275730623,4638,0.9822109275730623,1.0,4638,4638.0,4638.0
user_run_0037,user_l2_cosine,64,l2,cosine,33,95.0,0.577899,4722,1,22,0.004659042778483694,4700,0.9953409572215163,4700,0.9953409572215163,1.0,4700,4700.0,4700.0
user_run_0038,user_l2_cosine,64,l2,cosine,33,99.0,0.672274,4722,1,1,0.00021177467174925878,4721,0.9997882253282507,4721,0.9997882253282507,1.0,4721,4721.0,4721.0
user_run_0039,user_l2_cosine,64,l2,cosine,65,1.0,0.110828,4722,1,4303,0.9112664125370605,419,0.08873358746293943,419,0.08873358746293943,1.0,419,419.0,419.0
user_run_0040,user_l2_cosine,64,l2,cosine,65,2.5,0.127801,4722,1,4094,0.8670055061414654,628,0.1329944938585345,628,0.1329944938585345,1.0,628,628.0,628.0
user_run_0041,user_l2_cosine,64,l2,cosine,65,5.0,0.145264,4722,1,3856,0.8166031342651419,866,0.1833968657348581,866,0.1833968657348581,1.0,866,866.0,866.0
user_run_0042,user_l2_cosine,64,l2,cosine,65,10.0,0.17155,4722,1,3459,0.7325285895806861,1263,0.2674714104193138,1263,0.2674714104193138,1.0,1263,1263.0,1263.0
user_run_0043,user_l2_cosine,64,l2,cosine,65,15.0,0.195594,4722,1,3089,0.6541719610334604,1633,0.3458280389665396,1633,0.3458280389665396,1.0,1633,1633.0,1633.0
user_run_0044,user_l2_cosine,64,l2,cosine,65,20.0,0.218897,4722,1,2753,0.5830156713257094,1969,0.4169843286742905,1969,0.4169843286742905,1.0,1969,1969.0,1969.0
user_run_0045,user_l2_cosine,64,l2,cosine,65,25.0,0.237166,4722,1,2491,0.5275307073274036,2231,0.47246929267259635,2231,0.47246929267259635,1.0,2231,2231.0,2231.0
user_run_0046,user_l2_cosine,64,l2,cosine,65,30.0,0.25899,4722,1,2171,0.4597628123676408,2551,0.5402371876323592,2551,0.5402371876323592,1.0,2551,2551.0,2551.0
user_run_0047,user_l2_cosine,64,l2,cosine,65,35.0,0.277229,4722,1,1882,0.39855993223210506,2840,0.6014400677678949,2840,0.6014400677678949,1.0,2840,2840.0,2840.0
user_run_0048,user_l2_cosine,64,l2,cosine,65,40.0,0.297386,4722,1,1634,0.34603981363828884,3088,0.6539601863617112,3088,0.6539601863617112,1.0,3088,3088.0,3088.0
user_run_0049,user_l2_cosine,64,l2,cosine,65,45.0,0.318485,4722,1,1379,0.29203727234222787,3343,0.7079627276577721,3343,0.7079627276577721,1.0,3343,3343.0,3343.0
user_run_0050,user_l2_cosine,64,l2,cosine,65,50.0,0.337731,4722,1,1147,0.24290554849639984,3575,0.7570944515036002,3575,0.7570944515036002,1.0,3575,3575.0,3575.0
user_run_0051,user_l2_cosine,64,l2,cosine,65,60.0,0.377377,4722,1,785,0.16624311732316815,3937,0.8337568826768319,3937,0.8337568826768319,1.0,3937,3937.0,3937.0
user_run_0052,user_l2_cosine,64,l2,cosine,65,70.0,0.426197,4722,1,450,0.09529860228716645,4272,0.9047013977128335,4272,0.9047013977128335,1.0,4272,4272.0,4272.0
user_run_0053,user_l2_cosine,64,l2,cosine,65,80.0,0.480332,4722,1,180,0.03811944091486658,4542,0.9618805590851334,4542,0.9618805590851334,1.0,4542,4542.0,4542.0
user_run_0054,user_l2_cosine,64,l2,cosine,65,85.0,0.512585,4722,1,109,0.02308343922066921,4613,0.9769165607793308,4613,0.9769165607793308,1.0,4613,4613.0,4613.0
user_run_0055,user_l2_cosine,64,l2,cosine,65,90.0,0.551637,4722,1,43,0.009106310885218127,4679,0.9908936891147818,4679,0.9908936891147818,1.0,4679,4679.0,4679.0
user_run_0056,user_l2_cosine,64,l2,cosine,65,95.0,0.60978,4722,1,9,0.0019059720457433292,4713,0.9980940279542567,4713,0.9980940279542567,1.0,4713,4713.0,4713.0
user_run_0057,user_l2_cosine,64,l2,cosine,65,99.0,0.705394,4722,1,0,0.0,4722,1.0,4722,1.0,1.0,4722,4722.0,4722.0
user_run_0058,user_l2_cosine,64,l2,cosine,128,1.0,0.130943,4722,1,4144,0.8775942397289285,578,0.12240576027107158,578,0.12240576027107158,1.0,578,578.0,578.0
user_run_0059,user_l2_cosine,64,l2,cosine,128,2.5,0.148577,4722,1,3890,0.8238034731046167,832,0.17619652689538332,832,0.17619652689538332,1.0,832,832.0,832.0
user_run_0060,user_l2_cosine,64,l2,cosine,128,5.0,0.166837,4722,1,3627,0.7681067344345617,1095,0.23189326556543838,1095,0.23189326556543838,1.0,1095,1095.0,1095.0
user_run_0061,user_l2_cosine,64,l2,cosine,128,10.0,0.192408,4722,1,3216,0.6810673443456162,1506,0.3189326556543837,1506,0.3189326556543837,1.0,1506,1506.0,1506.0
user_run_0062,user_l2_cosine,64,l2,cosine,128,15.0,0.217627,4722,1,2833,0.5999576450656502,1889,0.40004235493434986,1889,0.40004235493434986,1.0,1889,1889.0,1889.0
user_run_0063,user_l2_cosine,64,l2,cosine,128,20.0,0.240268,4722,1,2499,0.5292249047013977,2223,0.4707750952986023,2223,0.4707750952986023,1.0,2223,2223.0,2223.0
user_run_0064,user_l2_cosine,64,l2,cosine,128,25.0,0.260905,4722,1,2213,0.4686573485811097,2509,0.5313426514188903,2509,0.5313426514188903,1.0,2509,2509.0,2509.0
user_run_0065,user_l2_cosine,64,l2,cosine,128,30.0,0.281996,4722,1,1903,0.40300720033883947,2819,0.5969927996611605,2819,0.5969927996611605,1.0,2819,2819.0,2819.0
user_run_0066,user_l2_cosine,64,l2,cosine,128,35.0,0.302648,4722,1,1632,0.34561626429479037,3090,0.6543837357052097,3090,0.6543837357052097,1.0,3090,3090.0,3090.0
user_run_0067,user_l2_cosine,64,l2,cosine,128,40.0,0.32223,4722,1,1400,0.29648454044896233,3322,0.7035154595510377,3322,0.7035154595510377,1.0,3322,3322.0,3322.0
user_run_0068,user_l2_cosine,64,l2,cosine,128,45.0,0.343476,4722,1,1155,0.2445997458703939,3567,0.7554002541296061,3567,0.7554002541296061,1.0,3567,3567.0,3567.0
user_run_0069,user_l2_cosine,64,l2,cosine,128,50.0,0.364707,4722,1,946,0.2003388394747988,3776,0.7996611605252012,3776,0.7996611605252012,1.0,3776,3776.0,3776.0
user_run_0070,user_l2_cosine,64,l2,cosine,128,60.0,0.404386,4722,1,604,0.1279119017365523,4118,0.8720880982634477,4118,0.8720880982634477,1.0,4118,4118.0,4118.0
user_run_0071,user_l2_cosine,64,l2,cosine,128,70.0,0.454186,4722,1,321,0.06797966963151207,4401,0.932020330368488,4401,0.932020330368488,1.0,4401,4401.0,4401.0
user_run_0072,user_l2_cosine,64,l2,cosine,128,80.0,0.511438,4722,1,123,0.026048284625158832,4599,0.9739517153748412,4599,0.9739517153748412,1.0,4599,4599.0,4599.0
user_run_0073,user_l2_cosine,64,l2,cosine,128,85.0,0.54321,4722,1,68,0.014400677678949597,4654,0.9855993223210504,4654,0.9855993223210504,1.0,4654,4654.0,4654.0
user_run_0074,user_l2_cosine,64,l2,cosine,128,90.0,0.583862,4722,1,26,0.005506141465480729,4696,0.9944938585345193,4696,0.9944938585345193,1.0,4696,4696.0,4696.0
user_run_0075,user_l2_cosine,64,l2,cosine,128,95.0,0.645773,4722,1,8,0.0016941973739940702,4714,0.9983058026260059,4714,0.9983058026260059,1.0,4714,4714.0,4714.0
user_run_0076,user_l2_cosine,64,l2,cosine,128,99.0,0.751813,4722,1,0,0.0,4722,1.0,4722,1.0,1.0,4722,4722.0,4722.0
user_run_0077,user_pca10_l2_cosine,10,pca10_l2,cosine,5,1.0,0.037667,4722,8,4594,0.9728928420160948,128,0.027107157983905124,94,0.019906819144430325,0.734375,4,5.0,16.0
user_run_0078,user_pca10_l2_cosine,10,pca10_l2,cosine,5,2.5,0.046195,4722,9,4449,0.9421855146124524,273,0.05781448538754765,213,0.04510800508259212,0.7802197802197802,2,5.0,30.333333333333332
user_run_0079,user_pca10_l2_cosine,10,pca10_l2,cosine,5,5.0,0.054516,4722,11,4247,0.8994070309191021,475,0.10059296908089793,324,0.06861499364675985,0.6821052631578948,4,5.0,43.18181818181818
user_run_0080,user_pca10_l2_cosine,10,pca10_l2,cosine,5,10.0,0.065887,4722,10,3845,0.8142736128759,877,0.18572638712409995,542,0.11478187208809826,0.6180159635119726,3,5.0,87.7
user_run_0081,user_pca10_l2_cosine,10,pca10_l2,cosine,5,15.0,0.074919,4722,9,3486,0.7382465057179162,1236,0.2617534942820839,727,0.15396018636171113,0.5881877022653722,4,9.0,137.33333333333334
user_run_0082,user_pca10_l2_cosine,10,pca10_l2,cosine,5,20.0,0.082534,4722,7,3200,0.6776789495976281,1522,0.32232105040237186,1492,0.3159678102498941,0.9802890932982917,4,5.0,217.42857142857142
user_run_0083,user_pca10_l2_cosine,10,pca10_l2,cosine,5,25.0,0.089712,4722,8,2897,0.6135112240576027,1825,0.3864887759423973,1794,0.3799237611181703,0.983013698630137,2,5.0,228.125
user_run_0084,user_pca10_l2_cosine,10,pca10_l2,cosine,5,30.0,0.097306,4722,8,2578,0.5459551037695891,2144,0.45404489623041083,2111,0.4470563320626853,0.9846082089552238,3,4.5,268.0
user_run_0085,user_pca10_l2_cosine,10,pca10_l2,cosine,5,35.0,0.104126,4722,9,2263,0.4792460821685726,2459,0.5207539178314273,2424,0.5133418043202033,0.9857665717771452,3,5.0,273.22222222222223
user_run_0086,user_pca10_l2_cosine,10,pca10_l2,cosine,5,40.0,0.111638,4722,9,2016,0.4269377382465057,2706,0.5730622617534943,2668,0.5650148242270224,0.9859571322985957,2,4.0,300.6666666666667
user_run_0087,user_pca10_l2_cosine,10,pca10_l2,cosine,5,45.0,0.118166,4722,9,1777,0.3763235916984329,2945,0.6236764083015671,2907,0.6156289707750953,0.9870967741935484,2,4.0,327.22222222222223
user_run_0088,user_pca10_l2_cosine,10,pca10_l2,cosine,5,50.0,0.125976,4722,8,1500,0.3176620076238882,3222,0.6823379923761118,3196,0.6768318509106311,0.9919304779639975,2,4.0,402.75
user_run_0089,user_pca10_l2_cosine,10,pca10_l2,cosine,5,60.0,0.139369,4722,4,1043,0.22088098263447692,3679,0.7791190173655231,3666,0.7763659466327827,0.9964664310954063,3,5.0,919.75
user_run_0090,user_pca10_l2_cosine,10,pca10_l2,cosine,5,70.0,0.155057,4722,4,637,0.13490046590427784,4085,0.8650995340957222,4073,0.8625582380347311,0.997062423500612,2,5.0,1021.25
user_run_0091,user_pca10_l2_cosine,10,pca10_l2,cosine,5,80.0,0.173471,4722,3,315,0.06670902160101652,4407,0.9332909783989835,4402,0.9322321050402372,0.9988654413433175,2,3.0,1469.0
user_run_0092,user_pca10_l2_cosine,10,pca10_l2,cosine,5,85.0,0.184067,4722,1,207,0.04383735705209657,4515,0.9561626429479034,4515,0.9561626429479034,1.0,4515,4515.0,4515.0
user_run_0093,user_pca10_l2_cosine,10,pca10_l2,cosine,5,90.0,0.197701,4722,1,104,0.022024565861922914,4618,0.9779754341380771,4618,0.9779754341380771,1.0,4618,4618.0,4618.0
user_run_0094,user_pca10_l2_cosine,10,pca10_l2,cosine,5,95.0,0.218806,4722,1,26,0.005506141465480729,4696,0.9944938585345193,4696,0.9944938585345193,1.0,4696,4696.0,4696.0
user_run_0095,user_pca10_l2_cosine,10,pca10_l2,cosine,5,99.0,0.252083,4722,1,0,0.0,4722,1.0,4722,1.0,1.0,4722,4722.0,4722.0
user_run_0096,user_pca10_l2_cosine,10,pca10_l2,cosine,11,1.0,0.051852,4722,2,4548,0.963151207115629,174,0.036848792884371026,163,0.034519271495129185,0.9367816091954023,11,87.0,87.0
user_run_0097,user_pca10_l2_cosine,10,pca10_l2,cosine,11,2.5,0.06155,4722,2,4351,0.921431596781025,371,0.07856840321897501,304,0.06437950021177467,0.8194070080862533,67,185.5,185.5
user_run_0098,user_pca10_l2_cosine,10,pca10_l2,cosine,11,5.0,0.072553,4722,6,4046,0.856840321897501,676,0.14315967810249894,457,0.09678102498941127,0.6760355029585798,4,9.5,112.66666666666667
user_run_0099,user_pca10_l2_cosine,10,pca10_l2,cosine,11,10.0,0.086658,4722,2,3613,0.765141889030072,1109,0.234858110969928,682,0.1444303261329945,0.6149684400360685,427,554.5,554.5
user_run_0100,user_pca10_l2_cosine,10,pca10_l2,cosine,11,15.0,0.096844,4722,2,3223,0.6825497670478611,1499,0.3174502329521389,886,0.18763235916984328,0.5910607071380921,613,749.5,749.5
user_run_0101,user_pca10_l2_cosine,10,pca10_l2,cosine,11,20.0,0.106638,4722,1,2856,0.6048284625158831,1866,0.3951715374841169,1866,0.3951715374841169,1.0,1866,1866.0,1866.0
user_run_0102,user_pca10_l2_cosine,10,pca10_l2,cosine,11,25.0,0.115913,4722,2,2493,0.5279542566709021,2229,0.4720457433290978,2222,0.470563320626853,0.996859578286227,7,1114.5,1114.5
user_run_0103,user_pca10_l2_cosine,10,pca10_l2,cosine,11,30.0,0.124632,4722,1,2178,0.46124523506988563,2544,0.5387547649301143,2544,0.5387547649301143,1.0,2544,2544.0,2544.0
user_run_0104,user_pca10_l2_cosine,10,pca10_l2,cosine,11,35.0,0.133221,4722,1,1905,0.403430749682338,2817,0.5965692503176621,2817,0.5965692503176621,1.0,2817,2817.0,2817.0
user_run_0105,user_pca10_l2_cosine,10,pca10_l2,cosine,11,40.0,0.142204,4722,1,1587,0.3360864040660737,3135,0.6639135959339263,3135,0.6639135959339263,1.0,3135,3135.0,3135.0
user_run_0106,user_pca10_l2_cosine,10,pca10_l2,cosine,11,45.0,0.150879,4722,1,1366,0.2892842016094875,3356,0.7107157983905125,3356,0.7107157983905125,1.0,3356,3356.0,3356.0
user_run_0107,user_pca10_l2_cosine,10,pca10_l2,cosine,11,50.0,0.158503,4722,2,1113,0.23570520965692504,3609,0.764294790343075,3603,0.7630241423125794,0.99833748960931,6,1804.5,1804.5
user_run_0108,user_pca10_l2_cosine,10,pca10_l2,cosine,11,60.0,0.174896,4722,1,656,0.13892418466751377,4066,0.8610758153324862,4066,0.8610758153324862,1.0,4066,4066.0,4066.0
user_run_0109,user_pca10_l2_cosine,10,pca10_l2,cosine,11,70.0,0.193628,4722,1,363,0.07687420584498093,4359,0.923125794155019,4359,0.923125794155019,1.0,4359,4359.0,4359.0
user_run_0110,user_pca10_l2_cosine,10,pca10_l2,cosine,11,80.0,0.213452,4722,1,142,0.030072003388394747,4580,0.9699279966116052,4580,0.9699279966116052,1.0,4580,4580.0,4580.0
user_run_0111,user_pca10_l2_cosine,10,pca10_l2,cosine,11,85.0,0.227142,4722,1,72,0.015247776365946633,4650,0.9847522236340533,4650,0.9847522236340533,1.0,4650,4650.0,4650.0
user_run_0112,user_pca10_l2_cosine,10,pca10_l2,cosine,11,90.0,0.242477,4722,1,14,0.002964845404489623,4708,0.9970351545955104,4708,0.9970351545955104,1.0,4708,4708.0,4708.0
user_run_0113,user_pca10_l2_cosine,10,pca10_l2,cosine,11,95.0,0.264642,4722,1,3,0.0006353240152477764,4719,0.9993646759847522,4719,0.9993646759847522,1.0,4719,4719.0,4719.0
user_run_0114,user_pca10_l2_cosine,10,pca10_l2,cosine,11,99.0,0.297955,4722,1,0,0.0,4722,1.0,4722,1.0,1.0,4722,4722.0,4722.0
user_run_0115,user_pca10_l2_cosine,10,pca10_l2,cosine,20,1.0,0.06423,4722,1,4487,0.9502329521389242,235,0.04976704786107582,235,0.04976704786107582,1.0,235,235.0,235.0
user_run_0116,user_pca10_l2_cosine,10,pca10_l2,cosine,20,2.5,0.077212,4722,2,4232,0.8962304108428631,490,0.10376958915713681,395,0.08365099534095723,0.8061224489795918,95,245.0,245.0
user_run_0117,user_pca10_l2_cosine,10,pca10_l2,cosine,20,5.0,0.087669,4722,2,3922,0.8305802626005929,800,0.16941973739940702,570,0.1207115628970775,0.7125,230,400.0,400.0
user_run_0118,user_pca10_l2_cosine,10,pca10_l2,cosine,20,10.0,0.105327,4722,2,3408,0.7217280813214739,1314,0.2782719186785261,797,0.16878441338415925,0.606544901065449,517,657.0,657.0
user_run_0119,user_pca10_l2_cosine,10,pca10_l2,cosine,20,15.0,0.117045,4722,1,2956,0.6260059296908089,1766,0.373994070309191,1766,0.373994070309191,1.0,1766,1766.0,1766.0
user_run_0120,user_pca10_l2_cosine,10,pca10_l2,cosine,20,20.0,0.128437,4722,1,2574,0.5451080050825922,2148,0.4548919949174079,2148,0.4548919949174079,1.0,2148,2148.0,2148.0
user_run_0121,user_pca10_l2_cosine,10,pca10_l2,cosine,20,25.0,0.13849,4722,1,2197,0.46526895383312156,2525,0.5347310461668784,2525,0.5347310461668784,1.0,2525,2525.0,2525.0
user_run_0122,user_pca10_l2_cosine,10,pca10_l2,cosine,20,30.0,0.148394,4722,1,1878,0.397712833545108,2844,0.602287166454892,2844,0.602287166454892,1.0,2844,2844.0,2844.0
user_run_0123,user_pca10_l2_cosine,10,pca10_l2,cosine,20,35.0,0.158462,4722,1,1576,0.33375688267683185,3146,0.6662431173231681,3146,0.6662431173231681,1.0,3146,3146.0,3146.0
user_run_0124,user_pca10_l2_cosine,10,pca10_l2,cosine,20,40.0,0.167787,4722,1,1311,0.2776365946632783,3411,0.7223634053367217,3411,0.7223634053367217,1.0,3411,3411.0,3411.0
user_run_0125,user_pca10_l2_cosine,10,pca10_l2,cosine,20,45.0,0.177156,4722,1,1055,0.22342227869546802,3667,0.776577721304532,3667,0.776577721304532,1.0,3667,3667.0,3667.0
user_run_0126,user_pca10_l2_cosine,10,pca10_l2,cosine,20,50.0,0.186642,4722,1,805,0.17047861075815332,3917,0.8295213892418467,3917,0.8295213892418467,1.0,3917,3917.0,3917.0
user_run_0127,user_pca10_l2_cosine,10,pca10_l2,cosine,20,60.0,0.206402,4722,1,446,0.09445150360016942,4276,0.9055484963998306,4276,0.9055484963998306,1.0,4276,4276.0,4276.0
user_run_0128,user_pca10_l2_cosine,10,pca10_l2,cosine,20,70.0,0.22623,4722,1,198,0.04193138500635324,4524,0.9580686149936467,4524,0.9580686149936467,1.0,4524,4524.0,4524.0
user_run_0129,user_pca10_l2_cosine,10,pca10_l2,cosine,20,80.0,0.248333,4722,1,53,0.011224057602710715,4669,0.9887759423972893,4669,0.9887759423972893,1.0,4669,4669.0,4669.0
user_run_0130,user_pca10_l2_cosine,10,pca10_l2,cosine,20,85.0,0.262588,4722,1,21,0.0044472681067344345,4701,0.9955527318932655,4701,0.9955527318932655,1.0,4701,4701.0,4701.0
user_run_0131,user_pca10_l2_cosine,10,pca10_l2,cosine,20,90.0,0.279567,4722,1,4,0.0008470986869970351,4718,0.9991529013130029,4718,0.9991529013130029,1.0,4718,4718.0,4718.0
user_run_0132,user_pca10_l2_cosine,10,pca10_l2,cosine,20,95.0,0.302951,4722,1,0,0.0,4722,1.0,4722,1.0,1.0,4722,4722.0,4722.0
user_run_0133,user_pca10_l2_cosine,10,pca10_l2,cosine,20,99.0,0.339181,4722,1,0,0.0,4722,1.0,4722,1.0,1.0,4722,4722.0,4722.0
user_run_0134,user_pca10_standardized_euclidean,10,pca10_standardized,euclidean,5,1.0,0.990109,4722,6,4607,0.9756459127488353,115,0.02435408725116476,94,0.019906819144430325,0.8173913043478261,3,4.5,19.166666666666668
user_run_0135,user_pca10_standardized_euclidean,10,pca10_standardized,euclidean,5,2.5,1.089148,4722,7,4445,0.9413384159254553,277,0.058661584074544686,252,0.053367217280813214,0.9097472924187726,2,4.0,39.57142857142857
user_run_0136,user_pca10_standardized_euclidean,10,pca10_standardized,euclidean,5,5.0,1.17751,4722,7,4220,0.8936891147818721,502,0.10631088521812791,462,0.09783989834815757,0.9203187250996016,4,5.0,71.71428571428571
user_run_0137,user_pca10_standardized_euclidean,10,pca10_standardized,euclidean,5,10.0,1.273047,4722,4,3828,0.8106734434561627,894,0.18932655654383734,882,0.18678526048284624,0.9865771812080537,2,5.0,223.5
user_run_0138,user_pca10_standardized_euclidean,10,pca10_standardized,euclidean,5,15.0,1.347333,4722,4,3471,0.7350698856416773,1251,0.26493011435832275,1237,0.2619652689538331,0.9888089528377298,3,5.5,312.75
user_run_0139,user_pca10_standardized_euclidean,10,pca10_standardized,euclidean,5,20.0,1.416278,4722,5,3123,0.6613722998729352,1599,0.3386277001270648,1584,0.3354510800508259,0.9906191369606003,2,4.0,319.8
user_run_0140,user_pca10_standardized_euclidean,10,pca10_standardized,euclidean,5,25.0,1.467231,4722,3,2841,0.6016518424396442,1881,0.3983481575603558,1874,0.396865734858111,0.9962785752259437,3,4.0,627.0
user_run_0141,user_pca10_standardized_euclidean,10,pca10_standardized,euclidean,5,30.0,1.518135,4722,3,2562,0.542566709021601,2160,0.45743329097839897,2154,0.45616264294790343,0.9972222222222222,3,3.0,720.0
user_run_0142,user_pca10_standardized_euclidean,10,pca10_standardized,euclidean,5,35.0,1.574731,4722,2,2309,0.48898771706903854,2413,0.5110122829309615,2409,0.5101651842439644,0.9983423124740987,4,1206.5,1206.5
user_run_0143,user_pca10_standardized_euclidean,10,pca10_standardized,euclidean,5,40.0,1.62975,4722,1,2069,0.43816179584921644,2653,0.5618382041507836,2653,0.5618382041507836,1.0,2653,2653.0,2653.0
user_run_0144,user_pca10_standardized_euclidean,10,pca10_standardized,euclidean,5,45.0,1.687658,4722,2,1838,0.38924184667513767,2884,0.6107581533248624,2881,0.6101228293096146,0.9989597780859917,3,1442.0,1442.0
user_run_0145,user_pca10_standardized_euclidean,10,pca10_standardized,euclidean,5,50.0,1.741623,4722,1,1634,0.34603981363828884,3088,0.6539601863617112,3088,0.6539601863617112,1.0,3088,3088.0,3088.0
user_run_0146,user_pca10_standardized_euclidean,10,pca10_standardized,euclidean,5,60.0,1.871906,4722,1,1197,0.25349428208386277,3525,0.7465057179161372,3525,0.7465057179161372,1.0,3525,3525.0,3525.0
user_run_0147,user_pca10_standardized_euclidean,10,pca10_standardized,euclidean,5,70.0,2.032742,4722,2,843,0.17852604828462515,3879,0.8214739517153749,3876,0.820838627700127,0.9992266047950503,3,1939.5,1939.5
user_run_0148,user_pca10_standardized_euclidean,10,pca10_standardized,euclidean,5,80.0,2.215021,4722,1,506,0.10715798390512495,4216,0.892842016094875,4216,0.892842016094875,1.0,4216,4216.0,4216.0
user_run_0149,user_pca10_standardized_euclidean,10,pca10_standardized,euclidean,5,85.0,2.334616,4722,1,364,0.0770859805167302,4358,0.9229140194832698,4358,0.9229140194832698,1.0,4358,4358.0,4358.0
user_run_0150,user_pca10_standardized_euclidean,10,pca10_standardized,euclidean,5,90.0,2.522548,4722,1,208,0.04404913172384583,4514,0.9559508682761542,4514,0.9559508682761542,1.0,4514,4514.0,4514.0
user_run_0151,user_pca10_standardized_euclidean,10,pca10_standardized,euclidean,5,95.0,2.795193,4722,1,91,0.01927149512918255,4631,0.9807285048708174,4631,0.9807285048708174,1.0,4631,4631.0,4631.0
user_run_0152,user_pca10_standardized_euclidean,10,pca10_standardized,euclidean,5,99.0,3.388467,4722,1,13,0.0027530707327403643,4709,0.9972469292672597,4709,0.9972469292672597,1.0,4709,4709.0,4709.0
user_run_0153,user_pca10_standardized_euclidean,10,pca10_standardized,euclidean,11,1.0,1.157633,4722,1,4532,0.9597628123676408,190,0.04023718763235917,190,0.04023718763235917,1.0,190,190.0,190.0
user_run_0154,user_pca10_standardized_euclidean,10,pca10_standardized,euclidean,11,2.5,1.242724,4722,1,4321,0.9150783566285472,401,0.08492164337145278,401,0.08492164337145278,1.0,401,401.0,401.0
user_run_0155,user_pca10_standardized_euclidean,10,pca10_standardized,euclidean,11,5.0,1.332112,4722,2,4001,0.8473104616687844,721,0.1526895383312156,711,0.150571791613723,0.986130374479889,10,360.5,360.5
user_run_0156,user_pca10_standardized_euclidean,10,pca10_standardized,euclidean,11,10.0,1.435398,4722,1,3454,0.7314697162219399,1268,0.26853028377806015,1268,0.26853028377806015,1.0,1268,1268.0,1268.0
user_run_0157,user_pca10_standardized_euclidean,10,pca10_standardized,euclidean,11,15.0,1.510669,4722,1,3044,0.6446421008047437,1678,0.35535789919525623,1678,0.35535789919525623,1.0,1678,1678.0,1678.0
user_run_0158,user_pca10_standardized_euclidean,10,pca10_standardized,euclidean,11,20.0,1.579061,4722,1,2686,0.5688267683185091,2036,0.4311732316814909,2036,0.4311732316814909,1.0,2036,2036.0,2036.0
user_run_0159,user_pca10_standardized_euclidean,10,pca10_standardized,euclidean,11,25.0,1.640214,4722,1,2382,0.5044472681067345,2340,0.49555273189326554,2340,0.49555273189326554,1.0,2340,2340.0,2340.0
user_run_0160,user_pca10_standardized_euclidean,10,pca10_standardized,euclidean,11,30.0,1.692241,4722,1,2116,0.4481152054214316,2606,0.5518847945785684,2606,0.5518847945785684,1.0,2606,2606.0,2606.0
user_run_0161,user_pca10_standardized_euclidean,10,pca10_standardized,euclidean,11,35.0,1.749874,4722,1,1868,0.3955950868276154,2854,0.6044049131723845,2854,0.6044049131723845,1.0,2854,2854.0,2854.0
user_run_0162,user_pca10_standardized_euclidean,10,pca10_standardized,euclidean,11,40.0,1.811895,4722,1,1634,0.34603981363828884,3088,0.6539601863617112,3088,0.6539601863617112,1.0,3088,3088.0,3088.0
user_run_0163,user_pca10_standardized_euclidean,10,pca10_standardized,euclidean,11,45.0,1.87096,4722,1,1416,0.29987293519695046,3306,0.7001270648030495,3306,0.7001270648030495,1.0,3306,3306.0,3306.0
user_run_0164,user_pca10_standardized_euclidean,10,pca10_standardized,euclidean,11,50.0,1.929327,4722,1,1230,0.2604828462515883,3492,0.7395171537484116,3492,0.7395171537484116,1.0,3492,3492.0,3492.0
user_run_0165,user_pca10_standardized_euclidean,10,pca10_standardized,euclidean,11,60.0,2.073218,4722,1,894,0.18932655654383734,3828,0.8106734434561627,3828,0.8106734434561627,1.0,3828,3828.0,3828.0
user_run_0166,user_pca10_standardized_euclidean,10,pca10_standardized,euclidean,11,70.0,2.231184,4722,1,578,0.12240576027107158,4144,0.8775942397289285,4144,0.8775942397289285,1.0,4144,4144.0,4144.0
user_run_0167,user_pca10_standardized_euclidean,10,pca10_standardized,euclidean,11,80.0,2.428478,4722,1,333,0.07052096569250317,4389,0.9294790343074968,4389,0.9294790343074968,1.0,4389,4389.0,4389.0
user_run_0168,user_pca10_standardized_euclidean,10,pca10_standardized,euclidean,11,85.0,2.570129,4722,1,208,0.04404913172384583,4514,0.9559508682761542,4514,0.9559508682761542,1.0,4514,4514.0,4514.0
user_run_0169,user_pca10_standardized_euclidean,10,pca10_standardized,euclidean,11,90.0,2.757186,4722,1,113,0.023930537907666243,4609,0.9760694620923338,4609,0.9760694620923338,1.0,4609,4609.0,4609.0
user_run_0170,user_pca10_standardized_euclidean,10,pca10_standardized,euclidean,11,95.0,3.050084,4722,1,52,0.011012282930961457,4670,0.9889877170690385,4670,0.9889877170690385,1.0,4670,4670.0,4670.0
user_run_0171,user_pca10_standardized_euclidean,10,pca10_standardized,euclidean,11,99.0,3.620394,4722,1,8,0.0016941973739940702,4714,0.9983058026260059,4714,0.9983058026260059,1.0,4714,4714.0,4714.0
user_run_0172,user_pca10_standardized_euclidean,10,pca10_standardized,euclidean,20,1.0,1.259139,4722,1,4442,0.9407030919102075,280,0.05929690808979246,280,0.05929690808979246,1.0,280,280.0,280.0
user_run_0173,user_pca10_standardized_euclidean,10,pca10_standardized,euclidean,20,2.5,1.360778,4722,1,4154,0.879711986446421,568,0.12028801355357899,568,0.12028801355357899,1.0,568,568.0,568.0
user_run_0174,user_pca10_standardized_euclidean,10,pca10_standardized,euclidean,20,5.0,1.447009,4722,1,3768,0.7979669631512071,954,0.2020330368487929,954,0.2020330368487929,1.0,954,954.0,954.0
user_run_0175,user_pca10_standardized_euclidean,10,pca10_standardized,euclidean,20,10.0,1.548814,4722,1,3170,0.6713257094451504,1552,0.32867429055484965,1552,0.32867429055484965,1.0,1552,1552.0,1552.0
user_run_0176,user_pca10_standardized_euclidean,10,pca10_standardized,euclidean,20,15.0,1.630634,4722,1,2754,0.5832274459974587,1968,0.4167725540025413,1968,0.4167725540025413,1.0,1968,1968.0,1968.0
user_run_0177,user_pca10_standardized_euclidean,10,pca10_standardized,euclidean,20,20.0,1.707682,4722,1,2364,0.5006353240152478,2358,0.4993646759847522,2358,0.4993646759847522,1.0,2358,2358.0,2358.0
user_run_0178,user_pca10_standardized_euclidean,10,pca10_standardized,euclidean,20,25.0,1.767121,4722,1,2062,0.43667937314697164,2660,0.5633206268530284,2660,0.5633206268530284,1.0,2660,2660.0,2660.0
user_run_0179,user_pca10_standardized_euclidean,10,pca10_standardized,euclidean,20,30.0,1.82604,4722,1,1809,0.38310038119440915,2913,0.6168996188055909,2913,0.6168996188055909,1.0,2913,2913.0,2913.0
user_run_0180,user_pca10_standardized_euclidean,10,pca10_standardized,euclidean,20,35.0,1.888262,4722,1,1567,0.3318509106310885,3155,0.6681490893689115,3155,0.6681490893689115,1.0,3155,3155.0,3155.0
user_run_0181,user_pca10_standardized_euclidean,10,pca10_standardized,euclidean,20,40.0,1.942836,4722,1,1372,0.29055484963998307,3350,0.709445150360017,3350,0.709445150360017,1.0,3350,3350.0,3350.0
user_run_0182,user_pca10_standardized_euclidean,10,pca10_standardized,euclidean,20,45.0,2.009236,4722,1,1186,0.2511647606946209,3536,0.7488352393053791,3536,0.7488352393053791,1.0,3536,3536.0,3536.0
user_run_0183,user_pca10_standardized_euclidean,10,pca10_standardized,euclidean,20,50.0,2.070651,4722,1,1016,0.21516306649724692,3706,0.7848369335027531,3706,0.7848369335027531,1.0,3706,3706.0,3706.0
user_run_0184,user_pca10_standardized_euclidean,10,pca10_standardized,euclidean,20,60.0,2.218458,4722,1,679,0.1437950021177467,4043,0.8562049978822532,4043,0.8562049978822532,1.0,4043,4043.0,4043.0
user_run_0185,user_pca10_standardized_euclidean,10,pca10_standardized,euclidean,20,70.0,2.383402,4722,1,431,0.09127488352393054,4291,0.9087251164760695,4291,0.9087251164760695,1.0,4291,4291.0,4291.0
user_run_0186,user_pca10_standardized_euclidean,10,pca10_standardized,euclidean,20,80.0,2.598768,4722,1,223,0.04722575180008471,4499,0.9527742481999153,4499,0.9527742481999153,1.0,4499,4499.0,4499.0
user_run_0187,user_pca10_standardized_euclidean,10,pca10_standardized,euclidean,20,85.0,2.742154,4722,1,135,0.028589580686149935,4587,0.9714104193138501,4587,0.9714104193138501,1.0,4587,4587.0,4587.0
user_run_0188,user_pca10_standardized_euclidean,10,pca10_standardized,euclidean,20,90.0,2.929705,4722,1,79,0.016730199068191443,4643,0.9832698009318086,4643,0.9832698009318086,1.0,4643,4643.0,4643.0
user_run_0189,user_pca10_standardized_euclidean,10,pca10_standardized,euclidean,20,95.0,3.248081,4722,1,32,0.006776789495976281,4690,0.9932232105040237,4690,0.9932232105040237,1.0,4690,4690.0,4690.0
user_run_0190,user_pca10_standardized_euclidean,10,pca10_standardized,euclidean,20,99.0,3.884779,4722,1,3,0.0006353240152477764,4719,0.9993646759847522,4719,0.9993646759847522,1.0,4719,4719.0,4719.0
user_run_0191,user_pca10_standardized_l2_cosine,10,pca10_standardized_l2,cosine,5,1.0,0.108502,4722,18,4555,0.9646336298178738,167,0.03536637018212622,45,0.009529860228716646,0.2694610778443114,4,5.0,9.277777777777779
user_run_0192,user_pca10_standardized_l2_cosine,10,pca10_standardized_l2,cosine,5,2.5,0.119676,4722,51,4305,0.9116899618805591,417,0.08831003811944091,122,0.02583650995340957,0.29256594724220625,3,5.0,8.176470588235293
user_run_0193,user_pca10_standardized_l2_cosine,10,pca10_standardized_l2,cosine,5,5.0,0.127883,4722,91,3921,0.8303684879288437,801,0.1696315120711563,179,0.037907666243117324,0.22347066167290885,3,5.0,8.802197802197803
user_run_0194,user_pca10_standardized_l2_cosine,10,pca10_standardized_l2,cosine,5,10.0,0.13683,4722,127,3281,0.6948326980093181,1441,0.3051673019906819,366,0.07750952986022872,0.2539902845246357,3,5.0,11.346456692913385
user_run_0195,user_pca10_standardized_l2_cosine,10,pca10_standardized_l2,cosine,5,15.0,0.142201,4722,142,2726,0.5772977551884795,1996,0.4227022448115205,766,0.16221939855993223,0.3837675350701403,3,5.0,14.056338028169014
user_run_0196,user_pca10_standardized_l2_cosine,10,pca10_standardized_l2,cosine,5,20.0,0.147152,4722,136,2234,0.47310461668784415,2488,0.5268953833121559,1592,0.33714527742482,0.639871382636656,2,5.0,18.294117647058822
user_run_0197,user_pca10_standardized_l2_cosine,10,pca10_standardized_l2,cosine,5,25.0,0.151401,4722,113,1829,0.38733587462939434,2893,0.6126641253706057,2177,0.46103346039813636,0.7525060490839959,1,5.0,25.601769911504423
user_run_0198,user_pca10_standardized_l2_cosine,10,pca10_standardized_l2,cosine,5,30.0,0.154759,4722,81,1514,0.3206268530283778,3208,0.6793731469716222,2695,0.5707327403642525,0.8400872817955112,2,5.0,39.60493827160494
user_run_0199,user_pca10_standardized_l2_cosine,10,pca10_standardized_l2,cosine,5,35.0,0.15813,4722,68,1194,0.25285895806861497,3528,0.747141041931385,3210,0.6797966963151207,0.9098639455782312,1,4.0,51.88235294117647
user_run_0200,user_pca10_standardized_l2_cosine,10,pca10_standardized_l2,cosine,5,40.0,0.161661,4722,49,938,0.19864464210080474,3784,0.8013553578991952,3575,0.7570944515036002,0.9447674418604651,1,4.0,77.22448979591837
user_run_0201,user_pca10_standardized_l2_cosine,10,pca10_standardized_l2,cosine,5,45.0,0.164761,4722,30,764,0.16179584921643372,3958,0.8382041507835662,3826,0.8102498941126641,0.9666498231430015,2,4.0,131.93333333333334
user_run_0202,user_pca10_standardized_l2_cosine,10,pca10_standardized_l2,cosine,5,50.0,0.167249,4722,25,601,0.12727657772130455,4121,0.8727234222786955,4020,0.8513341804320204,0.9754913855860228,2,4.0,164.84
user_run_0203,user_pca10_standardized_l2_cosine,10,pca10_standardized_l2,cosine,5,60.0,0.172847,4722,11,331,0.07009741634900465,4391,0.9299025836509953,4360,0.9233375688267683,0.9929401047597358,1,3.0,399.1818181818182
user_run_0204,user_pca10_standardized_l2_cosine,10,pca10_standardized_l2,cosine,5,70.0,0.178983,4722,5,152,0.03218975010588734,4570,0.9678102498941127,4559,0.9654807285048708,0.9975929978118162,2,2.0,914.0
user_run_0205,user_pca10_standardized_l2_cosine,10,pca10_standardized_l2,cosine,5,80.0,0.186042,4722,1,51,0.010800508259212199,4671,0.9891994917407878,4671,0.9891994917407878,1.0,4671,4671.0,4671.0
user_run_0206,user_pca10_standardized_l2_cosine,10,pca10_standardized_l2,cosine,5,85.0,0.19031,4722,1,26,0.005506141465480729,4696,0.9944938585345193,4696,0.9944938585345193,1.0,4696,4696.0,4696.0
user_run_0207,user_pca10_standardized_l2_cosine,10,pca10_standardized_l2,cosine,5,90.0,0.196029,4722,1,12,0.0025412960609911056,4710,0.9974587039390089,4710,0.9974587039390089,1.0,4710,4710.0,4710.0
user_run_0208,user_pca10_standardized_l2_cosine,10,pca10_standardized_l2,cosine,5,95.0,0.203189,4722,1,2,0.00042354934349851756,4720,0.9995764506565015,4720,0.9995764506565015,1.0,4720,4720.0,4720.0
user_run_0209,user_pca10_standardized_l2_cosine,10,pca10_standardized_l2,cosine,5,99.0,0.216932,4722,1,1,0.00021177467174925878,4721,0.9997882253282507,4721,0.9997882253282507,1.0,4721,4721.0,4721.0
user_run_0210,user_pca10_standardized_l2_cosine,10,pca10_standardized_l2,cosine,11,1.0,0.155231,4722,8,4444,0.941126641253706,278,0.058873358746293944,175,0.03706056755612029,0.6294964028776978,8,17.5,34.75
user_run_0211,user_pca10_standardized_l2_cosine,10,pca10_standardized_l2,cosine,11,2.5,0.165699,4722,22,4058,0.8593816179584922,664,0.14061838204150784,321,0.06797966963151207,0.48343373493975905,7,11.0,30.181818181818183
user_run_0212,user_pca10_standardized_l2_cosine,10,pca10_standardized_l2,cosine,11,5.0,0.17521,4722,30,3488,0.7386700550614147,1234,0.26132994493858536,571,0.12092333756882677,0.4627228525121556,6,10.5,41.13333333333333
user_run_0213,user_pca10_standardized_l2_cosine,10,pca10_standardized_l2,cosine,11,10.0,0.183871,4722,33,2538,0.5374841168996188,2184,0.4625158831003812,1762,0.373146971622194,0.8067765567765568,5,11.0,66.18181818181819
user_run_0214,user_pca10_standardized_l2_cosine,10,pca10_standardized_l2,cosine,11,15.0,0.190132,4722,29,1773,0.3754764930114358,2949,0.6245235069885642,2587,0.5478610758153325,0.877246524245507,4,10.0,101.6896551724138
user_run_0215,user_pca10_standardized_l2_cosine,10,pca10_standardized_l2,cosine,11,20.0,0.194167,4722,17,1209,0.2560355781448539,3513,0.7439644218551461,3378,0.7153748411689962,0.9615713065755764,3,7.0,206.64705882352942
user_run_0216,user_pca10_standardized_l2_cosine,10,pca10_standardized_l2,cosine,11,25.0,0.197452,4722,8,834,0.17662007623888182,3888,0.8233799237611181,3851,0.8155442609063956,0.9904835390946503,3,5.5,486.0
user_run_0217,user_pca10_standardized_l2_cosine,10,pca10_standardized_l2,cosine,11,30.0,0.20042,4722,10,581,0.12304108428631935,4141,0.8769589157136807,4099,0.8680643795002118,0.9898575223375996,2,5.0,414.1
user_run_0218,user_pca10_standardized_l2_cosine,10,pca10_standardized_l2,cosine,11,35.0,0.203399,4722,5,392,0.08301567132570944,4330,0.9169843286742906,4316,0.914019483269801,0.9967667436489608,2,4.0,866.0
user_run_0219,user_pca10_standardized_l2_cosine,10,pca10_standardized_l2,cosine,11,40.0,0.206217,4722,4,231,0.04891994917407878,4491,0.9510800508259212,4477,0.9481152054214316,0.9968826541972835,4,5.0,1122.75
user_run_0220,user_pca10_standardized_l2_cosine,10,pca10_standardized_l2,cosine,11,45.0,0.208692,4722,5,140,0.02964845404489623,4582,0.9703515459551038,4574,0.9686573485811097,0.998254037538193,1,2.0,916.4
user_run_0221,user_pca10_standardized_l2_cosine,10,pca10_standardized_l2,cosine,11,50.0,0.211397,4722,5,90,0.01905972045743329,4632,0.9809402795425667,4626,0.9796696315120712,0.9987046632124352,1,2.0,926.4
user_run_0222,user_pca10_standardized_l2_cosine,10,pca10_standardized_l2,cosine,11,60.0,0.216337,4722,1,32,0.006776789495976281,4690,0.9932232105040237,4690,0.9932232105040237,1.0,4690,4690.0,4690.0
user_run_0223,user_pca10_standardized_l2_cosine,10,pca10_standardized_l2,cosine,11,70.0,0.221405,4722,1,10,0.0021177467174925877,4712,0.9978822532825075,4712,0.9978822532825075,1.0,4712,4712.0,4712.0
user_run_0224,user_pca10_standardized_l2_cosine,10,pca10_standardized_l2,cosine,11,80.0,0.227319,4722,1,1,0.00021177467174925878,4721,0.9997882253282507,4721,0.9997882253282507,1.0,4721,4721.0,4721.0
user_run_0225,user_pca10_standardized_l2_cosine,10,pca10_standardized_l2,cosine,11,85.0,0.230904,4722,1,1,0.00021177467174925878,4721,0.9997882253282507,4721,0.9997882253282507,1.0,4721,4721.0,4721.0
user_run_0226,user_pca10_standardized_l2_cosine,10,pca10_standardized_l2,cosine,11,90.0,0.235167,4722,1,0,0.0,4722,1.0,4722,1.0,1.0,4722,4722.0,4722.0
user_run_0227,user_pca10_standardized_l2_cosine,10,pca10_standardized_l2,cosine,11,95.0,0.241897,4722,1,0,0.0,4722,1.0,4722,1.0,1.0,4722,4722.0,4722.0
user_run_0228,user_pca10_standardized_l2_cosine,10,pca10_standardized_l2,cosine,11,99.0,0.253585,4722,1,0,0.0,4722,1.0,4722,1.0,1.0,4722,4722.0,4722.0
user_run_0229,user_pca10_standardized_l2_cosine,10,pca10_standardized_l2,cosine,20,1.0,0.18791,4722,2,4415,0.9349851757729776,307,0.06501482422702244,287,0.060779330792037276,0.9348534201954397,20,153.5,153.5
user_run_0230,user_pca10_standardized_l2_cosine,10,pca10_standardized_l2,cosine,20,2.5,0.204061,4722,9,3917,0.8295213892418467,805,0.17047861075815332,599,0.12685302837780602,0.7440993788819876,12,28.0,89.44444444444444
user_run_0231,user_pca10_standardized_l2_cosine,10,pca10_standardized_l2,cosine,20,5.0,0.213541,4722,13,3126,0.662007623888183,1596,0.33799237611181704,1305,0.27636594663278274,0.8176691729323309,15,20.0,122.76923076923077
user_run_0232,user_pca10_standardized_l2_cosine,10,pca10_standardized_l2,cosine,20,10.0,0.222797,4722,17,1904,0.40321897501058873,2818,0.5967810249894112,2517,0.5330368487928844,0.8931866572036906,10,16.0,165.76470588235293
user_run_0233,user_pca10_standardized_l2_cosine,10,pca10_standardized_l2,cosine,20,15.0,0.227831,4722,8,1157,0.2450232952138924,3565,0.7549767047861076,3454,0.7314697162219399,0.9688639551192146,8,11.5,445.625
user_run_0234,user_pca10_standardized_l2_cosine,10,pca10_standardized_l2,cosine,20,20.0,0.232062,4722,4,675,0.14294790343074967,4047,0.8570520965692503,4023,0.8519695044472682,0.994069681245367,5,9.5,1011.75
user_run_0235,user_pca10_standardized_l2_cosine,10,pca10_standardized_l2,cosine,20,25.0,0.235356,4722,1,394,0.08343922066920796,4328,0.916560779330792,4328,0.916560779330792,1.0,4328,4328.0,4328.0
user_run_0236,user_pca10_standardized_l2_cosine,10,pca10_standardized_l2,cosine,20,30.0,0.23848,4722,1,230,0.04870817450232952,4492,0.9512918254976704,4492,0.9512918254976704,1.0,4492,4492.0,4492.0
user_run_0237,user_pca10_standardized_l2_cosine,10,pca10_standardized_l2,cosine,20,35.0,0.241182,4722,1,136,0.028801355357899194,4586,0.9711986446421008,4586,0.9711986446421008,1.0,4586,4586.0,4586.0
user_run_0238,user_pca10_standardized_l2_cosine,10,pca10_standardized_l2,cosine,20,40.0,0.243607,4722,1,78,0.016518424396442185,4644,0.9834815756035579,4644,0.9834815756035579,1.0,4644,4644.0,4644.0
user_run_0239,user_pca10_standardized_l2_cosine,10,pca10_standardized_l2,cosine,20,45.0,0.246245,4722,1,40,0.00847098686997035,4682,0.9915290131300296,4682,0.9915290131300296,1.0,4682,4682.0,4682.0
user_run_0240,user_pca10_standardized_l2_cosine,10,pca10_standardized_l2,cosine,20,50.0,0.248457,4722,1,17,0.003600169419737399,4705,0.9963998305802626,4705,0.9963998305802626,1.0,4705,4705.0,4705.0
user_run_0241,user_pca10_standardized_l2_cosine,10,pca10_standardized_l2,cosine,20,60.0,0.252633,4722,1,2,0.00042354934349851756,4720,0.9995764506565015,4720,0.9995764506565015,1.0,4720,4720.0,4720.0
user_run_0242,user_pca10_standardized_l2_cosine,10,pca10_standardized_l2,cosine,20,70.0,0.257072,4722,1,0,0.0,4722,1.0,4722,1.0,1.0,4722,4722.0,4722.0
user_run_0243,user_pca10_standardized_l2_cosine,10,pca10_standardized_l2,cosine,20,80.0,0.262621,4722,1,0,0.0,4722,1.0,4722,1.0,1.0,4722,4722.0,4722.0
user_run_0244,user_pca10_standardized_l2_cosine,10,pca10_standardized_l2,cosine,20,85.0,0.265716,4722,1,0,0.0,4722,1.0,4722,1.0,1.0,4722,4722.0,4722.0
user_run_0245,user_pca10_standardized_l2_cosine,10,pca10_standardized_l2,cosine,20,90.0,0.269508,4722,1,0,0.0,4722,1.0,4722,1.0,1.0,4722,4722.0,4722.0
user_run_0246,user_pca10_standardized_l2_cosine,10,pca10_standardized_l2,cosine,20,95.0,0.275734,4722,1,0,0.0,4722,1.0,4722,1.0,1.0,4722,4722.0,4722.0
user_run_0247,user_pca10_standardized_l2_cosine,10,pca10_standardized_l2,cosine,20,99.0,0.286417,4722,1,0,0.0,4722,1.0,4722,1.0,1.0,4722,4722.0,4722.0
user_run_0248,user_pca20_l2_cosine,20,pca20_l2,cosine,5,1.0,0.082684,4722,4,4608,0.9758576874205845,114,0.0241423125794155,91,0.01927149512918255,0.7982456140350878,4,9.5,28.5
user_run_0249,user_pca20_l2_cosine,20,pca20_l2,cosine,5,2.5,0.10101,4722,4,4459,0.9443032613299449,263,0.05569673867005506,198,0.04193138500635324,0.752851711026616,5,30.0,65.75
user_run_0250,user_pca20_l2_cosine,20,pca20_l2,cosine,5,5.0,0.116584,4722,5,4270,0.904277848369335,452,0.09572215163066497,298,0.06310885218127912,0.6592920353982301,2,5.0,90.4
user_run_0251,user_pca20_l2_cosine,20,pca20_l2,cosine,5,10.0,0.141525,4722,6,3886,0.8229563744176197,836,0.17704362558238035,500,0.1058873358746294,0.5980861244019139,5,5.5,139.33333333333334
user_run_0252,user_pca20_l2_cosine,20,pca20_l2,cosine,5,15.0,0.158825,4722,3,3557,0.7532825074121136,1165,0.2467174925878865,687,0.1454891994917408,0.5896995708154507,5,473.0,388.3333333333333
user_run_0253,user_pca20_l2_cosine,20,pca20_l2,cosine,5,20.0,0.174551,4722,3,3223,0.6825497670478611,1499,0.3174502329521389,1488,0.31512071156289706,0.9926617745163442,5,6.0,499.6666666666667
user_run_0254,user_pca20_l2_cosine,20,pca20_l2,cosine,5,25.0,0.190469,4722,1,2918,0.6179584921643372,1804,0.3820415078356629,1804,0.3820415078356629,1.0,1804,1804.0,1804.0
user_run_0255,user_pca20_l2_cosine,20,pca20_l2,cosine,5,30.0,0.203592,4722,2,2623,0.5554849639983058,2099,0.4445150360016942,2088,0.44218551461245237,0.9947594092424964,11,1049.5,1049.5
user_run_0256,user_pca20_l2_cosine,20,pca20_l2,cosine,5,35.0,0.216194,4722,3,2320,0.4913172384582804,2402,0.5086827615417197,2394,0.5069885641677255,0.9966694421315571,3,5.0,800.6666666666666
user_run_0257,user_pca20_l2_cosine,20,pca20_l2,cosine,5,40.0,0.229398,4722,2,2048,0.433714527742482,2674,0.566285472257518,2670,0.565438373570521,0.9985041136873598,4,1337.0,1337.0
user_run_0258,user_pca20_l2_cosine,20,pca20_l2,cosine,5,45.0,0.240962,4722,2,1790,0.3790766624311732,2932,0.6209233375688268,2928,0.6200762388818297,0.9986357435197817,4,1466.0,1466.0
user_run_0259,user_pca20_l2_cosine,20,pca20_l2,cosine,5,50.0,0.251472,4722,1,1554,0.3290978398983482,3168,0.6709021601016518,3168,0.6709021601016518,1.0,3168,3168.0,3168.0
user_run_0260,user_pca20_l2_cosine,20,pca20_l2,cosine,5,60.0,0.275246,4722,4,1082,0.229140194832698,3640,0.770859805167302,3630,0.7687420584498094,0.9972527472527473,2,4.0,910.0
user_run_0261,user_pca20_l2_cosine,20,pca20_l2,cosine,5,70.0,0.300293,4722,4,660,0.1397712833545108,4062,0.8602287166454892,4050,0.8576874205844981,0.9970457902511078,3,4.5,1015.5
user_run_0262,user_pca20_l2_cosine,20,pca20_l2,cosine,5,80.0,0.327199,4722,1,309,0.06543837357052097,4413,0.934561626429479,4413,0.934561626429479,1.0,4413,4413.0,4413.0
user_run_0263,user_pca20_l2_cosine,20,pca20_l2,cosine,5,85.0,0.341137,4722,1,183,0.03875476493011436,4539,0.9612452350698857,4539,0.9612452350698857,1.0,4539,4539.0,4539.0
user_run_0264,user_pca20_l2_cosine,20,pca20_l2,cosine,5,90.0,0.358209,4722,1,93,0.019695044472681066,4629,0.9803049555273189,4629,0.9803049555273189,1.0,4629,4629.0,4629.0
user_run_0265,user_pca20_l2_cosine,20,pca20_l2,cosine,5,95.0,0.379604,4722,1,36,0.007623888182973317,4686,0.9923761118170267,4686,0.9923761118170267,1.0,4686,4686.0,4686.0
user_run_0266,user_pca20_l2_cosine,20,pca20_l2,cosine,5,99.0,0.420463,4722,1,5,0.0010588733587462938,4717,0.9989411266412537,4717,0.9989411266412537,1.0,4717,4717.0,4717.0
user_run_0267,user_pca20_l2_cosine,20,pca20_l2,cosine,11,1.0,0.102959,4722,3,4537,0.9608216857263872,185,0.039178314273612874,155,0.03282507412113511,0.8378378378378378,11,19.0,61.666666666666664
user_run_0268,user_pca20_l2_cosine,20,pca20_l2,cosine,11,2.5,0.121518,4722,2,4387,0.9290554849639983,335,0.07094451503600169,262,0.055484963998305804,0.7820895522388059,73,167.5,167.5
user_run_0269,user_pca20_l2_cosine,20,pca20_l2,cosine,11,5.0,0.141417,4722,3,4080,0.8640406607369758,642,0.13595933926302414,401,0.08492164337145278,0.6246105919003115,11,230.0,214.0
user_run_0270,user_pca20_l2_cosine,20,pca20_l2,cosine,11,10.0,0.166016,4722,2,3629,0.7685302837780601,1093,0.23146971622193985,657,0.13913595933926304,0.6010978956999085,436,546.5,546.5
user_run_0271,user_pca20_l2_cosine,20,pca20_l2,cosine,11,15.0,0.187332,4722,1,3226,0.6831850910631089,1496,0.3168149089368911,1496,0.3168149089368911,1.0,1496,1496.0,1496.0
user_run_0272,user_pca20_l2_cosine,20,pca20_l2,cosine,11,20.0,0.204525,4722,1,2864,0.6065226598898772,1858,0.3934773401101228,1858,0.3934773401101228,1.0,1858,1858.0,1858.0
user_run_0273,user_pca20_l2_cosine,20,pca20_l2,cosine,11,25.0,0.221815,4722,1,2517,0.5330368487928844,2205,0.4669631512071156,2205,0.4669631512071156,1.0,2205,2205.0,2205.0
user_run_0274,user_pca20_l2_cosine,20,pca20_l2,cosine,11,30.0,0.236769,4722,1,2185,0.46272765777213043,2537,0.5372723422278696,2537,0.5372723422278696,1.0,2537,2537.0,2537.0
user_run_0275,user_pca20_l2_cosine,20,pca20_l2,cosine,11,35.0,0.250801,4722,1,1888,0.3998305802626006,2834,0.6001694197373995,2834,0.6001694197373995,1.0,2834,2834.0,2834.0
user_run_0276,user_pca20_l2_cosine,20,pca20_l2,cosine,11,40.0,0.263964,4722,1,1629,0.34498094027954257,3093,0.6550190597204575,3093,0.6550190597204575,1.0,3093,3093.0,3093.0
user_run_0277,user_pca20_l2_cosine,20,pca20_l2,cosine,11,45.0,0.277636,4722,1,1324,0.2803896653960186,3398,0.7196103346039814,3398,0.7196103346039814,1.0,3398,3398.0,3398.0
user_run_0278,user_pca20_l2_cosine,20,pca20_l2,cosine,11,50.0,0.289033,4722,1,1112,0.23549343498517578,3610,0.7645065650148243,3610,0.7645065650148243,1.0,3610,3610.0,3610.0
user_run_0279,user_pca20_l2_cosine,20,pca20_l2,cosine,11,60.0,0.315242,4722,1,655,0.1387124099957645,4067,0.8612875900042355,4067,0.8612875900042355,1.0,4067,4067.0,4067.0
user_run_0280,user_pca20_l2_cosine,20,pca20_l2,cosine,11,70.0,0.342336,4722,1,309,0.06543837357052097,4413,0.934561626429479,4413,0.934561626429479,1.0,4413,4413.0,4413.0
user_run_0281,user_pca20_l2_cosine,20,pca20_l2,cosine,11,80.0,0.368694,4722,1,107,0.02265988987717069,4615,0.9773401101228293,4615,0.9773401101228293,1.0,4615,4615.0,4615.0
user_run_0282,user_pca20_l2_cosine,20,pca20_l2,cosine,11,85.0,0.383997,4722,1,57,0.01207115628970775,4665,0.9879288437102922,4665,0.9879288437102922,1.0,4665,4665.0,4665.0
user_run_0283,user_pca20_l2_cosine,20,pca20_l2,cosine,11,90.0,0.401289,4722,1,18,0.0038119440914866584,4704,0.9961880559085133,4704,0.9961880559085133,1.0,4704,4704.0,4704.0
user_run_0284,user_pca20_l2_cosine,20,pca20_l2,cosine,11,95.0,0.42541,4722,1,4,0.0008470986869970351,4718,0.9991529013130029,4718,0.9991529013130029,1.0,4718,4718.0,4718.0
user_run_0285,user_pca20_l2_cosine,20,pca20_l2,cosine,11,99.0,0.462808,4722,1,0,0.0,4722,1.0,4722,1.0,1.0,4722,4722.0,4722.0
user_run_0286,user_pca20_l2_cosine,20,pca20_l2,cosine,21,1.0,0.121408,4722,2,4475,0.947691656077933,247,0.05230834392206692,206,0.04362558238034731,0.8340080971659919,41,123.5,123.5
user_run_0287,user_pca20_l2_cosine,20,pca20_l2,cosine,21,2.5,0.141859,4722,2,4256,0.9013130029648454,466,0.0986869970351546,356,0.07539178314273613,0.7639484978540773,110,233.0,233.0
user_run_0288,user_pca20_l2_cosine,20,pca20_l2,cosine,21,5.0,0.162204,4722,2,3910,0.8280389665396019,812,0.17196103346039815,517,0.1094875052943668,0.6366995073891626,295,406.0,406.0
user_run_0289,user_pca20_l2_cosine,20,pca20_l2,cosine,21,10.0,0.190027,4722,2,3424,0.7251164760694621,1298,0.2748835239305379,779,0.1649724692926726,0.6001540832049307,519,649.0,649.0
user_run_0290,user_pca20_l2_cosine,20,pca20_l2,cosine,21,15.0,0.213312,4722,3,2955,0.6257941550190598,1767,0.3742058449809403,1044,0.22109275730622618,0.5908319185059423,15,708.0,589.0
user_run_0291,user_pca20_l2_cosine,20,pca20_l2,cosine,21,20.0,0.232202,4722,1,2553,0.5406607369758577,2169,0.4593392630241423,2169,0.4593392630241423,1.0,2169,2169.0,2169.0
user_run_0292,user_pca20_l2_cosine,20,pca20_l2,cosine,21,25.0,0.249087,4722,1,2181,0.4618805590851334,2541,0.5381194409148666,2541,0.5381194409148666,1.0,2541,2541.0,2541.0
user_run_0293,user_pca20_l2_cosine,20,pca20_l2,cosine,21,30.0,0.265472,4722,1,1850,0.39178314273612874,2872,0.6082168572638712,2872,0.6082168572638712,1.0,2872,2872.0,2872.0
user_run_0294,user_pca20_l2_cosine,20,pca20_l2,cosine,21,35.0,0.279845,4722,1,1572,0.33290978398983484,3150,0.6670902160101652,3150,0.6670902160101652,1.0,3150,3150.0,3150.0
user_run_0295,user_pca20_l2_cosine,20,pca20_l2,cosine,21,40.0,0.293931,4722,1,1284,0.2719186785260483,3438,0.7280813214739518,3438,0.7280813214739518,1.0,3438,3438.0,3438.0
user_run_0296,user_pca20_l2_cosine,20,pca20_l2,cosine,21,45.0,0.308373,4722,1,1009,0.21368064379500212,3713,0.7863193562049979,3713,0.7863193562049979,1.0,3713,3713.0,3713.0
user_run_0297,user_pca20_l2_cosine,20,pca20_l2,cosine,21,50.0,0.321871,4722,1,783,0.16581956797966962,3939,0.8341804320203303,3939,0.8341804320203303,1.0,3939,3939.0,3939.0
user_run_0298,user_pca20_l2_cosine,20,pca20_l2,cosine,21,60.0,0.348463,4722,1,389,0.08238034731046166,4333,0.9176196526895384,4333,0.9176196526895384,1.0,4333,4333.0,4333.0
user_run_0299,user_pca20_l2_cosine,20,pca20_l2,cosine,21,70.0,0.376469,4722,1,136,0.028801355357899194,4586,0.9711986446421008,4586,0.9711986446421008,1.0,4586,4586.0,4586.0
user_run_0300,user_pca20_l2_cosine,20,pca20_l2,cosine,21,80.0,0.405074,4722,1,30,0.0063532401524777635,4692,0.9936467598475223,4692,0.9936467598475223,1.0,4692,4692.0,4692.0
user_run_0301,user_pca20_l2_cosine,20,pca20_l2,cosine,21,85.0,0.421631,4722,1,10,0.0021177467174925877,4712,0.9978822532825075,4712,0.9978822532825075,1.0,4712,4712.0,4712.0
user_run_0302,user_pca20_l2_cosine,20,pca20_l2,cosine,21,90.0,0.438398,4722,1,4,0.0008470986869970351,4718,0.9991529013130029,4718,0.9991529013130029,1.0,4718,4718.0,4718.0
user_run_0303,user_pca20_l2_cosine,20,pca20_l2,cosine,21,95.0,0.462343,4722,1,2,0.00042354934349851756,4720,0.9995764506565015,4720,0.9995764506565015,1.0,4720,4720.0,4720.0
user_run_0304,user_pca20_l2_cosine,20,pca20_l2,cosine,21,99.0,0.501957,4722,1,0,0.0,4722,1.0,4722,1.0,1.0,4722,4722.0,4722.0
user_run_0305,user_pca20_l2_cosine,20,pca20_l2,cosine,40,1.0,0.144812,4722,2,4353,0.9218551461245235,369,0.0781448538754765,304,0.06437950021177467,0.8238482384823849,65,184.5,184.5
user_run_0306,user_pca20_l2_cosine,20,pca20_l2,cosine,40,2.5,0.167468,4722,2,4118,0.8720880982634477,604,0.1279119017365523,464,0.09826344769165608,0.7682119205298014,140,302.0,302.0
user_run_0307,user_pca20_l2_cosine,20,pca20_l2,cosine,40,5.0,0.189422,4722,2,3704,0.7844133841592545,1018,0.21558661584074545,644,0.13638288860652267,0.6326129666011788,374,509.0,509.0
user_run_0308,user_pca20_l2_cosine,20,pca20_l2,cosine,40,10.0,0.219006,4722,2,3145,0.666031342651419,1577,0.3339686573485811,928,0.19652689538331217,0.5884590995561192,649,788.5,788.5
user_run_0309,user_pca20_l2_cosine,20,pca20_l2,cosine,40,15.0,0.242369,4722,3,2632,0.5573909360440491,2090,0.44260906395595084,1194,0.25285895806861497,0.5712918660287082,18,878.0,696.6666666666666
user_run_0310,user_pca20_l2_cosine,20,pca20_l2,cosine,40,20.0,0.263734,4722,1,2199,0.4656925031766201,2523,0.53430749682338,2523,0.53430749682338,1.0,2523,2523.0,2523.0
user_run_0311,user_pca20_l2_cosine,20,pca20_l2,cosine,40,25.0,0.281661,4722,1,1812,0.38373570520965694,2910,0.6162642947903431,2910,0.6162642947903431,1.0,2910,2910.0,2910.0
user_run_0312,user_pca20_l2_cosine,20,pca20_l2,cosine,40,30.0,0.29881,4722,1,1487,0.3149089368911478,3235,0.6850910631088521,3235,0.6850910631088521,1.0,3235,3235.0,3235.0
user_run_0313,user_pca20_l2_cosine,20,pca20_l2,cosine,40,35.0,0.313814,4722,1,1208,0.2558238034731046,3514,0.7441761965268954,3514,0.7441761965268954,1.0,3514,3514.0,3514.0
user_run_0314,user_pca20_l2_cosine,20,pca20_l2,cosine,40,40.0,0.328791,4722,1,945,0.20012706480304956,3777,0.7998729351969505,3777,0.7998729351969505,1.0,3777,3777.0,3777.0
user_run_0315,user_pca20_l2_cosine,20,pca20_l2,cosine,40,45.0,0.343171,4722,1,697,0.14760694620923337,4025,0.8523930537907666,4025,0.8523930537907666,1.0,4025,4025.0,4025.0
user_run_0316,user_pca20_l2_cosine,20,pca20_l2,cosine,40,50.0,0.358392,4722,1,478,0.1012282930961457,4244,0.8987717069038543,4244,0.8987717069038543,1.0,4244,4244.0,4244.0
user_run_0317,user_pca20_l2_cosine,20,pca20_l2,cosine,40,60.0,0.385711,4722,1,181,0.03833121558661584,4541,0.9616687844133842,4541,0.9616687844133842,1.0,4541,4541.0,4541.0
user_run_0318,user_pca20_l2_cosine,20,pca20_l2,cosine,40,70.0,0.415669,4722,1,50,0.010588733587462939,4672,0.9894112664125371,4672,0.9894112664125371,1.0,4672,4672.0,4672.0
user_run_0319,user_pca20_l2_cosine,20,pca20_l2,cosine,40,80.0,0.444623,4722,1,7,0.0014824227022448115,4715,0.9985175772977551,4715,0.9985175772977551,1.0,4715,4715.0,4715.0
user_run_0320,user_pca20_l2_cosine,20,pca20_l2,cosine,40,85.0,0.461895,4722,1,3,0.0006353240152477764,4719,0.9993646759847522,4719,0.9993646759847522,1.0,4719,4719.0,4719.0
user_run_0321,user_pca20_l2_cosine,20,pca20_l2,cosine,40,90.0,0.480001,4722,1,1,0.00021177467174925878,4721,0.9997882253282507,4721,0.9997882253282507,1.0,4721,4721.0,4721.0
user_run_0322,user_pca20_l2_cosine,20,pca20_l2,cosine,40,95.0,0.502795,4722,1,0,0.0,4722,1.0,4722,1.0,1.0,4722,4722.0,4722.0
user_run_0323,user_pca20_l2_cosine,20,pca20_l2,cosine,40,99.0,0.541594,4722,1,0,0.0,4722,1.0,4722,1.0,1.0,4722,4722.0,4722.0
user_run_0324,user_pca20_standardized_euclidean,20,pca20_standardized,euclidean,5,1.0,1.844409,4722,1,4605,0.9752223634053367,117,0.02477763659466328,117,0.02477763659466328,1.0,117,117.0,117.0
user_run_0325,user_pca20_standardized_euclidean,20,pca20_standardized,euclidean,5,2.5,2.036066,4722,1,4468,0.9462092333756883,254,0.05379076662431173,254,0.05379076662431173,1.0,254,254.0,254.0
user_run_0326,user_pca20_standardized_euclidean,20,pca20_standardized,euclidean,5,5.0,2.19497,4722,1,4254,0.9008894536213469,468,0.09911054637865312,468,0.09911054637865312,1.0,468,468.0,468.0
user_run_0327,user_pca20_standardized_euclidean,20,pca20_standardized,euclidean,5,10.0,2.380029,4722,2,3886,0.8229563744176197,836,0.17704362558238035,833,0.17640830156713258,0.9964114832535885,3,418.0,418.0
user_run_0328,user_pca20_standardized_euclidean,20,pca20_standardized,euclidean,5,15.0,2.516178,4722,2,3562,0.7543413807708598,1160,0.2456586192291402,1157,0.2450232952138924,0.9974137931034482,3,580.0,580.0
user_run_0329,user_pca20_standardized_euclidean,20,pca20_standardized,euclidean,5,20.0,2.651959,4722,1,3241,0.6863617111393477,1481,0.31363828886065226,1481,0.31363828886065226,1.0,1481,1481.0,1481.0
user_run_0330,user_pca20_standardized_euclidean,20,pca20_standardized,euclidean,5,25.0,2.766145,4722,1,2973,0.6296060991105463,1749,0.3703939008894536,1749,0.3703939008894536,1.0,1749,1749.0,1749.0
user_run_0331,user_pca20_standardized_euclidean,20,pca20_standardized,euclidean,5,30.0,2.872079,4722,1,2709,0.5736975857687421,2013,0.4263024142312579,2013,0.4263024142312579,1.0,2013,2013.0,2013.0
user_run_0332,user_pca20_standardized_euclidean,20,pca20_standardized,euclidean,5,35.0,2.96269,4722,1,2475,0.5241423125794155,2247,0.4758576874205845,2247,0.4758576874205845,1.0,2247,2247.0,2247.0
user_run_0333,user_pca20_standardized_euclidean,20,pca20_standardized,euclidean,5,40.0,3.068168,4722,1,2265,0.47966963151207115,2457,0.5203303684879288,2457,0.5203303684879288,1.0,2457,2457.0,2457.0
user_run_0334,user_pca20_standardized_euclidean,20,pca20_standardized,euclidean,5,45.0,3.180733,4722,1,2017,0.427149512918255,2705,0.572850487081745,2705,0.572850487081745,1.0,2705,2705.0,2705.0
user_run_0335,user_pca20_standardized_euclidean,20,pca20_standardized,euclidean,5,50.0,3.292208,4722,1,1820,0.385429902583651,2902,0.614570097416349,2902,0.614570097416349,1.0,2902,2902.0,2902.0
user_run_0336,user_pca20_standardized_euclidean,20,pca20_standardized,euclidean,5,60.0,3.550685,4722,1,1361,0.2882253282507412,3361,0.7117746717492588,3361,0.7117746717492588,1.0,3361,3361.0,3361.0
user_run_0337,user_pca20_standardized_euclidean,20,pca20_standardized,euclidean,5,70.0,3.822068,4722,1,968,0.2049978822532825,3754,0.7950021177467175,3754,0.7950021177467175,1.0,3754,3754.0,3754.0
user_run_0338,user_pca20_standardized_euclidean,20,pca20_standardized,euclidean,5,80.0,4.165582,4722,1,622,0.13172384582803898,4100,0.868276154171961,4100,0.868276154171961,1.0,4100,4100.0,4100.0
user_run_0339,user_pca20_standardized_euclidean,20,pca20_standardized,euclidean,5,85.0,4.40613,4722,1,442,0.09360440491317239,4280,0.9063955950868277,4280,0.9063955950868277,1.0,4280,4280.0,4280.0
user_run_0340,user_pca20_standardized_euclidean,20,pca20_standardized,euclidean,5,90.0,4.745903,4722,1,277,0.058661584074544686,4445,0.9413384159254553,4445,0.9413384159254553,1.0,4445,4445.0,4445.0
user_run_0341,user_pca20_standardized_euclidean,20,pca20_standardized,euclidean,5,95.0,5.231427,4722,1,122,0.02583650995340957,4600,0.9741634900465904,4600,0.9741634900465904,1.0,4600,4600.0,4600.0
user_run_0342,user_pca20_standardized_euclidean,20,pca20_standardized,euclidean,5,99.0,6.193622,4722,1,18,0.0038119440914866584,4704,0.9961880559085133,4704,0.9961880559085133,1.0,4704,4704.0,4704.0
user_run_0343,user_pca20_standardized_euclidean,20,pca20_standardized,euclidean,11,1.0,2.001437,4722,1,4542,0.9618805590851334,180,0.03811944091486658,180,0.03811944091486658,1.0,180,180.0,180.0
user_run_0344,user_pca20_standardized_euclidean,20,pca20_standardized,euclidean,11,2.5,2.195539,4722,1,4337,0.9184667513765353,385,0.08153324862346463,385,0.08153324862346463,1.0,385,385.0,385.0
user_run_0345,user_pca20_standardized_euclidean,20,pca20_standardized,euclidean,11,5.0,2.366977,4722,1,4038,0.855146124523507,684,0.144853875476493,684,0.144853875476493,1.0,684,684.0,684.0
user_run_0346,user_pca20_standardized_euclidean,20,pca20_standardized,euclidean,11,10.0,2.55174,4722,1,3587,0.7596357475645913,1135,0.24036425243540874,1135,0.24036425243540874,1.0,1135,1135.0,1135.0
user_run_0347,user_pca20_standardized_euclidean,20,pca20_standardized,euclidean,11,15.0,2.686152,4722,1,3257,0.6897501058873359,1465,0.3102498941126641,1465,0.3102498941126641,1.0,1465,1465.0,1465.0
user_run_0348,user_pca20_standardized_euclidean,20,pca20_standardized,euclidean,11,20.0,2.821048,4722,1,2904,0.6149936467598475,1818,0.3850063532401525,1818,0.3850063532401525,1.0,1818,1818.0,1818.0
user_run_0349,user_pca20_standardized_euclidean,20,pca20_standardized,euclidean,11,25.0,2.935377,4722,1,2633,0.5576027107157984,2089,0.44239728928420163,2089,0.44239728928420163,1.0,2089,2089.0,2089.0
user_run_0350,user_pca20_standardized_euclidean,20,pca20_standardized,euclidean,11,30.0,3.047251,4722,1,2373,0.5025412960609911,2349,0.4974587039390089,2349,0.4974587039390089,1.0,2349,2349.0,2349.0
user_run_0351,user_pca20_standardized_euclidean,20,pca20_standardized,euclidean,11,35.0,3.142555,4722,1,2143,0.45383312155866157,2579,0.5461668784413384,2579,0.5461668784413384,1.0,2579,2579.0,2579.0
user_run_0352,user_pca20_standardized_euclidean,20,pca20_standardized,euclidean,11,40.0,3.254179,4722,1,1938,0.4104193138500635,2784,0.5895806861499364,2784,0.5895806861499364,1.0,2784,2784.0,2784.0
user_run_0353,user_pca20_standardized_euclidean,20,pca20_standardized,euclidean,11,45.0,3.364027,4722,1,1733,0.3670055061414655,2989,0.6329944938585346,2989,0.6329944938585346,1.0,2989,2989.0,2989.0
user_run_0354,user_pca20_standardized_euclidean,20,pca20_standardized,euclidean,11,50.0,3.488122,4722,1,1506,0.3189326556543837,3216,0.6810673443456162,3216,0.6810673443456162,1.0,3216,3216.0,3216.0
user_run_0355,user_pca20_standardized_euclidean,20,pca20_standardized,euclidean,11,60.0,3.742543,4722,1,1097,0.23231681490893688,3625,0.7676831850910631,3625,0.7676831850910631,1.0,3625,3625.0,3625.0
user_run_0356,user_pca20_standardized_euclidean,20,pca20_standardized,euclidean,11,70.0,4.021345,4722,1,759,0.16073697585768743,3963,0.8392630241423126,3963,0.8392630241423126,1.0,3963,3963.0,3963.0
user_run_0357,user_pca20_standardized_euclidean,20,pca20_standardized,euclidean,11,80.0,4.388367,4722,1,464,0.09826344769165608,4258,0.9017365523083439,4258,0.9017365523083439,1.0,4258,4258.0,4258.0
user_run_0358,user_pca20_standardized_euclidean,20,pca20_standardized,euclidean,11,85.0,4.624063,4722,1,335,0.07094451503600169,4387,0.9290554849639983,4387,0.9290554849639983,1.0,4387,4387.0,4387.0
user_run_0359,user_pca20_standardized_euclidean,20,pca20_standardized,euclidean,11,90.0,4.96867,4722,1,192,0.04066073697585769,4530,0.9593392630241423,4530,0.9593392630241423,1.0,4530,4530.0,4530.0
user_run_0360,user_pca20_standardized_euclidean,20,pca20_standardized,euclidean,11,95.0,5.48838,4722,1,84,0.017789072426937738,4638,0.9822109275730623,4638,0.9822109275730623,1.0,4638,4638.0,4638.0
user_run_0361,user_pca20_standardized_euclidean,20,pca20_standardized,euclidean,11,99.0,6.492207,4722,1,8,0.0016941973739940702,4714,0.9983058026260059,4714,0.9983058026260059,1.0,4714,4714.0,4714.0
user_run_0362,user_pca20_standardized_euclidean,20,pca20_standardized,euclidean,21,1.0,2.150794,4722,1,4441,0.9404913172384582,281,0.05950868276154172,281,0.05950868276154172,1.0,281,281.0,281.0
user_run_0363,user_pca20_standardized_euclidean,20,pca20_standardized,euclidean,21,2.5,2.334963,4722,1,4158,0.8805590851334181,564,0.11944091486658195,564,0.11944091486658195,1.0,564,564.0,564.0
user_run_0364,user_pca20_standardized_euclidean,20,pca20_standardized,euclidean,21,5.0,2.498222,4722,1,3835,0.8121558661584074,887,0.18784413384159254,887,0.18784413384159254,1.0,887,887.0,887.0
user_run_0365,user_pca20_standardized_euclidean,20,pca20_standardized,euclidean,21,10.0,2.68685,4722,1,3362,0.7119864464210081,1360,0.28801355357899194,1360,0.28801355357899194,1.0,1360,1360.0,1360.0
user_run_0366,user_pca20_standardized_euclidean,20,pca20_standardized,euclidean,21,15.0,2.820113,4722,1,2983,0.631723845828039,1739,0.368276154171961,1739,0.368276154171961,1.0,1739,1739.0,1739.0
user_run_0367,user_pca20_standardized_euclidean,20,pca20_standardized,euclidean,21,20.0,2.954813,4722,1,2644,0.5599322321050403,2078,0.44006776789495977,2078,0.44006776789495977,1.0,2078,2078.0,2078.0
user_run_0368,user_pca20_standardized_euclidean,20,pca20_standardized,euclidean,21,25.0,3.079773,4722,1,2363,0.5004235493434985,2359,0.49957645065650147,2359,0.49957645065650147,1.0,2359,2359.0,2359.0
user_run_0369,user_pca20_standardized_euclidean,20,pca20_standardized,euclidean,21,30.0,3.186378,4722,1,2117,0.44832698009318084,2605,0.5516730199068192,2605,0.5516730199068192,1.0,2605,2605.0,2605.0
user_run_0370,user_pca20_standardized_euclidean,20,pca20_standardized,euclidean,21,35.0,3.291687,4722,1,1911,0.40470139771283353,2811,0.5952986022871665,2811,0.5952986022871665,1.0,2811,2811.0,2811.0
user_run_0371,user_pca20_standardized_euclidean,20,pca20_standardized,euclidean,21,40.0,3.402088,4722,1,1707,0.36149936467598476,3015,0.6385006353240152,3015,0.6385006353240152,1.0,3015,3015.0,3015.0
user_run_0372,user_pca20_standardized_euclidean,20,pca20_standardized,euclidean,21,45.0,3.521353,4722,1,1491,0.31575603557814486,3231,0.6842439644218552,3231,0.6842439644218552,1.0,3231,3231.0,3231.0
user_run_0373,user_pca20_standardized_euclidean,20,pca20_standardized,euclidean,21,50.0,3.648059,4722,1,1277,0.2704362558238035,3445,0.7295637441761965,3445,0.7295637441761965,1.0,3445,3445.0,3445.0
user_run_0374,user_pca20_standardized_euclidean,20,pca20_standardized,euclidean,21,60.0,3.895163,4722,1,905,0.1916560779330792,3817,0.8083439220669209,3817,0.8083439220669209,1.0,3817,3817.0,3817.0
user_run_0375,user_pca20_standardized_euclidean,20,pca20_standardized,euclidean,21,70.0,4.187855,4722,1,624,0.13214739517153748,4098,0.8678526048284625,4098,0.8678526048284625,1.0,4098,4098.0,4098.0
user_run_0376,user_pca20_standardized_euclidean,20,pca20_standardized,euclidean,21,80.0,4.560817,4722,1,381,0.0806861499364676,4341,0.9193138500635324,4341,0.9193138500635324,1.0,4341,4341.0,4341.0
user_run_0377,user_pca20_standardized_euclidean,20,pca20_standardized,euclidean,21,85.0,4.804832,4722,1,258,0.054637865311308764,4464,0.9453621346886912,4464,0.9453621346886912,1.0,4464,4464.0,4464.0
user_run_0378,user_pca20_standardized_euclidean,20,pca20_standardized,euclidean,21,90.0,5.156951,4722,1,140,0.02964845404489623,4582,0.9703515459551038,4582,0.9703515459551038,1.0,4582,4582.0,4582.0
user_run_0379,user_pca20_standardized_euclidean,20,pca20_standardized,euclidean,21,95.0,5.675734,4722,1,58,0.01228293096145701,4664,0.987717069038543,4664,0.987717069038543,1.0,4664,4664.0,4664.0
user_run_0380,user_pca20_standardized_euclidean,20,pca20_standardized,euclidean,21,99.0,6.711329,4722,1,5,0.0010588733587462938,4717,0.9989411266412537,4717,0.9989411266412537,1.0,4717,4717.0,4717.0
user_run_0381,user_pca20_standardized_euclidean,20,pca20_standardized,euclidean,40,1.0,2.315456,4722,1,4296,0.9097839898348158,426,0.09021601016518424,426,0.09021601016518424,1.0,426,426.0,426.0
user_run_0382,user_pca20_standardized_euclidean,20,pca20_standardized,euclidean,40,2.5,2.483524,4722,1,3967,0.8401101228293096,755,0.1598898771706904,755,0.1598898771706904,1.0,755,755.0,755.0
user_run_0383,user_pca20_standardized_euclidean,20,pca20_standardized,euclidean,40,5.0,2.637503,4722,1,3596,0.7615417196103346,1126,0.2384582803896654,1126,0.2384582803896654,1.0,1126,1126.0,1126.0
user_run_0384,user_pca20_standardized_euclidean,20,pca20_standardized,euclidean,40,10.0,2.8349,4722,1,3072,0.650571791613723,1650,0.34942820838627703,1650,0.34942820838627703,1.0,1650,1650.0,1650.0
user_run_0385,user_pca20_standardized_euclidean,20,pca20_standardized,euclidean,40,15.0,2.964989,4722,1,2700,0.5717916137229987,2022,0.42820838627700125,2022,0.42820838627700125,1.0,2022,2022.0,2022.0
user_run_0386,user_pca20_standardized_euclidean,20,pca20_standardized,euclidean,40,20.0,3.100853,4722,1,2398,0.5078356628547226,2324,0.4921643371452774,2324,0.4921643371452774,1.0,2324,2324.0,2324.0
user_run_0387,user_pca20_standardized_euclidean,20,pca20_standardized,euclidean,40,25.0,3.22382,4722,1,2119,0.44875052943667937,2603,0.5512494705633206,2603,0.5512494705633206,1.0,2603,2603.0,2603.0
user_run_0388,user_pca20_standardized_euclidean,20,pca20_standardized,euclidean,40,30.0,3.334101,4722,1,1885,0.3991952562473528,2837,0.6008047437526471,2837,0.6008047437526471,1.0,2837,2837.0,2837.0
user_run_0389,user_pca20_standardized_euclidean,20,pca20_standardized,euclidean,40,35.0,3.450127,4722,1,1674,0.3545108005082592,3048,0.6454891994917408,3048,0.6454891994917408,1.0,3048,3048.0,3048.0
user_run_0390,user_pca20_standardized_euclidean,20,pca20_standardized,euclidean,40,40.0,3.559075,4722,1,1463,0.3098263447691656,3259,0.6901736552308344,3259,0.6901736552308344,1.0,3259,3259.0,3259.0
user_run_0391,user_pca20_standardized_euclidean,20,pca20_standardized,euclidean,40,45.0,3.672182,4722,1,1271,0.2691656077933079,3451,0.7308343922066921,3451,0.7308343922066921,1.0,3451,3451.0,3451.0
user_run_0392,user_pca20_standardized_euclidean,20,pca20_standardized,euclidean,40,50.0,3.801148,4722,1,1089,0.23062261753494281,3633,0.7693773824650572,3633,0.7693773824650572,1.0,3633,3633.0,3633.0
user_run_0393,user_pca20_standardized_euclidean,20,pca20_standardized,euclidean,40,60.0,4.058228,4722,1,760,0.1609487505294367,3962,0.8390512494705633,3962,0.8390512494705633,1.0,3962,3962.0,3962.0
user_run_0394,user_pca20_standardized_euclidean,20,pca20_standardized,euclidean,40,70.0,4.358582,4722,1,503,0.10652265988987718,4219,0.8934773401101228,4219,0.8934773401101228,1.0,4219,4219.0,4219.0
user_run_0395,user_pca20_standardized_euclidean,20,pca20_standardized,euclidean,40,80.0,4.736431,4722,1,295,0.06247352816603134,4427,0.9375264718339686,4427,0.9375264718339686,1.0,4427,4427.0,4427.0
user_run_0396,user_pca20_standardized_euclidean,20,pca20_standardized,euclidean,40,85.0,4.985667,4722,1,187,0.03960186361711139,4535,0.9603981363828886,4535,0.9603981363828886,1.0,4535,4535.0,4535.0
user_run_0397,user_pca20_standardized_euclidean,20,pca20_standardized,euclidean,40,90.0,5.340417,4722,1,105,0.022236340533672173,4617,0.9777636594663278,4617,0.9777636594663278,1.0,4617,4617.0,4617.0
user_run_0398,user_pca20_standardized_euclidean,20,pca20_standardized,euclidean,40,95.0,5.87317,4722,1,43,0.009106310885218127,4679,0.9908936891147818,4679,0.9908936891147818,1.0,4679,4679.0,4679.0
user_run_0399,user_pca20_standardized_euclidean,20,pca20_standardized,euclidean,40,99.0,6.890012,4722,1,4,0.0008470986869970351,4718,0.9991529013130029,4718,0.9991529013130029,1.0,4718,4718.0,4718.0
user_run_0400,user_pca20_standardized_l2_cosine,20,pca20_standardized_l2,cosine,5,1.0,0.266775,4722,23,4530,0.9593392630241423,192,0.04066073697585769,58,0.01228293096145701,0.3020833333333333,4,5.0,8.347826086956522
user_run_0401,user_pca20_standardized_l2_cosine,20,pca20_standardized_l2,cosine,5,2.5,0.284437,4722,44,4279,0.9061838204150784,443,0.09381617958492164,135,0.028589580686149935,0.3047404063205418,3,5.0,10.068181818181818
user_run_0402,user_pca20_standardized_l2_cosine,20,pca20_standardized_l2,cosine,5,5.0,0.296032,4722,85,3854,0.8161795849216433,868,0.18382041507835664,263,0.05569673867005506,0.3029953917050691,2,5.0,10.211764705882352
user_run_0403,user_pca20_standardized_l2_cosine,20,pca20_standardized_l2,cosine,5,10.0,0.308537,4722,109,3225,0.6829733163913596,1497,0.3170266836086404,505,0.1069462092333757,0.33734134936539745,2,5.0,13.73394495412844
user_run_0404,user_pca20_standardized_l2_cosine,20,pca20_standardized_l2,cosine,5,15.0,0.316926,4722,101,2645,0.5601440067767895,2077,0.4398559932232105,1339,0.28356628547225754,0.6446798266730862,2,5.0,20.564356435643564
user_run_0405,user_pca20_standardized_l2_cosine,20,pca20_standardized_l2,cosine,5,20.0,0.323035,4722,85,2176,0.4608216857263871,2546,0.5391783142736128,2119,0.44875052943667937,0.8322859387274155,1,4.0,29.95294117647059
user_run_0406,user_pca20_standardized_l2_cosine,20,pca20_standardized_l2,cosine,5,25.0,0.328872,4722,73,1744,0.36933502753070735,2978,0.6306649724692927,2638,0.5586615840745447,0.8858294157152451,1,4.0,40.794520547945204
user_run_0407,user_pca20_standardized_l2_cosine,20,pca20_standardized_l2,cosine,5,30.0,0.333345,4722,61,1388,0.2939432443879712,3334,0.7060567556120289,3056,0.6471833968657349,0.9166166766646671,1,4.0,54.65573770491803
user_run_0408,user_pca20_standardized_l2_cosine,20,pca20_standardized_l2,cosine,5,35.0,0.337275,4722,41,1101,0.2331639135959339,3621,0.7668360864040661,3476,0.7361287590004235,0.95995581331124,1,3.0,88.3170731707317
user_run_0409,user_pca20_standardized_l2_cosine,20,pca20_standardized_l2,cosine,5,40.0,0.341021,4722,34,850,0.18000847098686998,3872,0.81999152901313,3776,0.7996611605252012,0.9752066115702479,1,3.0,113.88235294117646
user_run_0410,user_pca20_standardized_l2_cosine,20,pca20_standardized_l2,cosine,5,45.0,0.34436,4722,25,664,0.14061838204150784,4058,0.8593816179584922,3991,0.8451927149512918,0.9834894036471168,1,3.0,162.32
user_run_0411,user_pca20_standardized_l2_cosine,20,pca20_standardized_l2,cosine,5,50.0,0.347695,4722,18,522,0.11054637865311309,4200,0.8894536213468869,4164,0.8818297331639136,0.9914285714285714,1,2.0,233.33333333333334
user_run_0412,user_pca20_standardized_l2_cosine,20,pca20_standardized_l2,cosine,5,60.0,0.354068,4722,5,277,0.058661584074544686,4445,0.9413384159254553,4434,0.9390088945362135,0.997525309336333,2,3.0,889.0
user_run_0413,user_pca20_standardized_l2_cosine,20,pca20_standardized_l2,cosine,5,70.0,0.361,4722,1,121,0.025624735281660312,4601,0.9743752647183397,4601,0.9743752647183397,1.0,4601,4601.0,4601.0
user_run_0414,user_pca20_standardized_l2_cosine,20,pca20_standardized_l2,cosine,5,80.0,0.368279,4722,1,42,0.008894536213468869,4680,0.9911054637865311,4680,0.9911054637865311,1.0,4680,4680.0,4680.0
user_run_0415,user_pca20_standardized_l2_cosine,20,pca20_standardized_l2,cosine,5,85.0,0.373355,4722,1,24,0.005082592121982211,4698,0.9949174078780177,4698,0.9949174078780177,1.0,4698,4698.0,4698.0
user_run_0416,user_pca20_standardized_l2_cosine,20,pca20_standardized_l2,cosine,5,90.0,0.379207,4722,1,15,0.0031766200762388818,4707,0.9968233799237611,4707,0.9968233799237611,1.0,4707,4707.0,4707.0
user_run_0417,user_pca20_standardized_l2_cosine,20,pca20_standardized_l2,cosine,5,95.0,0.388227,4722,1,4,0.0008470986869970351,4718,0.9991529013130029,4718,0.9991529013130029,1.0,4718,4718.0,4718.0
user_run_0418,user_pca20_standardized_l2_cosine,20,pca20_standardized_l2,cosine,5,99.0,0.402066,4722,1,0,0.0,4722,1.0,4722,1.0,1.0,4722,4722.0,4722.0
user_run_0419,user_pca20_standardized_l2_cosine,20,pca20_standardized_l2,cosine,11,1.0,0.324677,4722,7,4423,0.9366793731469716,299,0.06332062685302838,206,0.04362558238034731,0.6889632107023411,8,12.0,42.714285714285715
user_run_0420,user_pca20_standardized_l2_cosine,20,pca20_standardized_l2,cosine,11,2.5,0.339766,4722,19,3966,0.8398983481575604,756,0.16010165184243966,454,0.09614570097416349,0.6005291005291006,8,10.0,39.78947368421053
user_run_0421,user_pca20_standardized_l2_cosine,20,pca20_standardized_l2,cosine,11,5.0,0.351484,4722,20,3389,0.717704362558238,1333,0.28229563744176195,1132,0.23972892842016094,0.8492123030757689,7,10.0,66.65
user_run_0422,user_pca20_standardized_l2_cosine,20,pca20_standardized_l2,cosine,11,10.0,0.364713,4722,29,2264,0.4794578568403219,2458,0.5205421431596781,2152,0.4557390936044049,0.8755085435313262,5,10.0,84.75862068965517
user_run_0423,user_pca20_standardized_l2_cosine,20,pca20_standardized_l2,cosine,11,15.0,0.371695,4722,25,1519,0.3216857263871241,3203,0.6783142736128759,3011,0.6376535366370182,0.9400561973150172,4,7.0,128.12
user_run_0424,user_pca20_standardized_l2_cosine,20,pca20_standardized_l2,cosine,11,20.0,0.376562,4722,20,988,0.2092333756882677,3734,0.7907666243117323,3619,0.7664125370605676,0.9692019282271023,2,6.5,186.7
user_run_0425,user_pca20_standardized_l2_cosine,20,pca20_standardized_l2,cosine,11,25.0,0.380783,4722,13,625,0.13235916984328674,4097,0.8676408301567132,4047,0.8570520965692503,0.9877959482548206,2,4.0,315.15384615384613
user_run_0426,user_pca20_standardized_l2_cosine,20,pca20_standardized_l2,cosine,11,30.0,0.384572,4722,4,401,0.08492164337145278,4321,0.9150783566285472,4313,0.9133841592545532,0.9981485767183522,2,3.0,1080.25
user_run_0427,user_pca20_standardized_l2_cosine,20,pca20_standardized_l2,cosine,11,35.0,0.387488,4722,5,242,0.051249470563320625,4480,0.9487505294366794,4472,0.9470563320626854,0.9982142857142857,1,2.0,896.0
user_run_0428,user_pca20_standardized_l2_cosine,20,pca20_standardized_l2,cosine,11,40.0,0.390309,4722,3,155,0.03282507412113511,4567,0.9671749258788649,4564,0.9665396018636171,0.9993431136413401,1,2.0,1522.3333333333333
user_run_0429,user_pca20_standardized_l2_cosine,20,pca20_standardized_l2,cosine,11,45.0,0.393242,4722,1,90,0.01905972045743329,4632,0.9809402795425667,4632,0.9809402795425667,1.0,4632,4632.0,4632.0
user_run_0430,user_pca20_standardized_l2_cosine,20,pca20_standardized_l2,cosine,11,50.0,0.395877,4722,1,49,0.01037695891571368,4673,0.9896230410842863,4673,0.9896230410842863,1.0,4673,4673.0,4673.0
user_run_0431,user_pca20_standardized_l2_cosine,20,pca20_standardized_l2,cosine,11,60.0,0.400965,4722,1,17,0.003600169419737399,4705,0.9963998305802626,4705,0.9963998305802626,1.0,4705,4705.0,4705.0
user_run_0432,user_pca20_standardized_l2_cosine,20,pca20_standardized_l2,cosine,11,70.0,0.406521,4722,1,2,0.00042354934349851756,4720,0.9995764506565015,4720,0.9995764506565015,1.0,4720,4720.0,4720.0
user_run_0433,user_pca20_standardized_l2_cosine,20,pca20_standardized_l2,cosine,11,80.0,0.412544,4722,1,0,0.0,4722,1.0,4722,1.0,1.0,4722,4722.0,4722.0
user_run_0434,user_pca20_standardized_l2_cosine,20,pca20_standardized_l2,cosine,11,85.0,0.416174,4722,1,0,0.0,4722,1.0,4722,1.0,1.0,4722,4722.0,4722.0
user_run_0435,user_pca20_standardized_l2_cosine,20,pca20_standardized_l2,cosine,11,90.0,0.420485,4722,1,0,0.0,4722,1.0,4722,1.0,1.0,4722,4722.0,4722.0
user_run_0436,user_pca20_standardized_l2_cosine,20,pca20_standardized_l2,cosine,11,95.0,0.426656,4722,1,0,0.0,4722,1.0,4722,1.0,1.0,4722,4722.0,4722.0
user_run_0437,user_pca20_standardized_l2_cosine,20,pca20_standardized_l2,cosine,11,99.0,0.437991,4722,1,0,0.0,4722,1.0,4722,1.0,1.0,4722,4722.0,4722.0
user_run_0438,user_pca20_standardized_l2_cosine,20,pca20_standardized_l2,cosine,21,1.0,0.37075,4722,3,4291,0.9087251164760695,431,0.09127488352393054,388,0.08216857263871241,0.9002320185614849,21,22.0,143.66666666666666
user_run_0439,user_pca20_standardized_l2_cosine,20,pca20_standardized_l2,cosine,21,2.5,0.386861,4722,9,3659,0.7748835239305379,1063,0.22511647606946208,735,0.1556543837357052,0.691439322671684,18,31.0,118.11111111111111
user_run_0440,user_pca20_standardized_l2_cosine,20,pca20_standardized_l2,cosine,21,5.0,0.397541,4722,5,2834,0.6001694197373995,1888,0.3998305802626006,1816,0.38458280389665395,0.961864406779661,14,16.0,377.6
user_run_0441,user_pca20_standardized_l2_cosine,20,pca20_standardized_l2,cosine,21,10.0,0.408507,4722,6,1622,0.34349851757729777,3100,0.6565014824227022,3033,0.6423125794155019,0.9783870967741936,7,14.0,516.6666666666666
user_run_0442,user_pca20_standardized_l2_cosine,20,pca20_standardized_l2,cosine,21,15.0,0.415306,4722,8,786,0.16645489199491742,3936,0.8335451080050826,3880,0.8216857263871241,0.9857723577235772,5,9.0,492.0
user_run_0443,user_pca20_standardized_l2_cosine,20,pca20_standardized_l2,cosine,21,20.0,0.41972,4722,4,353,0.07475645912748835,4369,0.9252435408725116,4353,0.9218551461245235,0.9963378347447929,3,6.5,1092.25
user_run_0444,user_pca20_standardized_l2_cosine,20,pca20_standardized_l2,cosine,21,25.0,0.423507,4722,1,165,0.0349428208386277,4557,0.9650571791613723,4557,0.9650571791613723,1.0,4557,4557.0,4557.0
user_run_0445,user_pca20_standardized_l2_cosine,20,pca20_standardized_l2,cosine,21,30.0,0.4264,4722,1,69,0.014612452350698857,4653,0.9853875476493011,4653,0.9853875476493011,1.0,4653,4653.0,4653.0
user_run_0446,user_pca20_standardized_l2_cosine,20,pca20_standardized_l2,cosine,21,35.0,0.429151,4722,1,34,0.007200338839474798,4688,0.9927996611605252,4688,0.9927996611605252,1.0,4688,4688.0,4688.0
user_run_0447,user_pca20_standardized_l2_cosine,20,pca20_standardized_l2,cosine,21,40.0,0.431678,4722,1,17,0.003600169419737399,4705,0.9963998305802626,4705,0.9963998305802626,1.0,4705,4705.0,4705.0
user_run_0448,user_pca20_standardized_l2_cosine,20,pca20_standardized_l2,cosine,21,45.0,0.433984,4722,1,8,0.0016941973739940702,4714,0.9983058026260059,4714,0.9983058026260059,1.0,4714,4714.0,4714.0
user_run_0449,user_pca20_standardized_l2_cosine,20,pca20_standardized_l2,cosine,21,50.0,0.436018,4722,1,4,0.0008470986869970351,4718,0.9991529013130029,4718,0.9991529013130029,1.0,4718,4718.0,4718.0
user_run_0450,user_pca20_standardized_l2_cosine,20,pca20_standardized_l2,cosine,21,60.0,0.440187,4722,1,1,0.00021177467174925878,4721,0.9997882253282507,4721,0.9997882253282507,1.0,4721,4721.0,4721.0
user_run_0451,user_pca20_standardized_l2_cosine,20,pca20_standardized_l2,cosine,21,70.0,0.444745,4722,1,0,0.0,4722,1.0,4722,1.0,1.0,4722,4722.0,4722.0
user_run_0452,user_pca20_standardized_l2_cosine,20,pca20_standardized_l2,cosine,21,80.0,0.450256,4722,1,0,0.0,4722,1.0,4722,1.0,1.0,4722,4722.0,4722.0
user_run_0453,user_pca20_standardized_l2_cosine,20,pca20_standardized_l2,cosine,21,85.0,0.453034,4722,1,0,0.0,4722,1.0,4722,1.0,1.0,4722,4722.0,4722.0
user_run_0454,user_pca20_standardized_l2_cosine,20,pca20_standardized_l2,cosine,21,90.0,0.456984,4722,1,0,0.0,4722,1.0,4722,1.0,1.0,4722,4722.0,4722.0
user_run_0455,user_pca20_standardized_l2_cosine,20,pca20_standardized_l2,cosine,21,95.0,0.461978,4722,1,0,0.0,4722,1.0,4722,1.0,1.0,4722,4722.0,4722.0
user_run_0456,user_pca20_standardized_l2_cosine,20,pca20_standardized_l2,cosine,21,99.0,0.471799,4722,1,0,0.0,4722,1.0,4722,1.0,1.0,4722,4722.0,4722.0
user_run_0457,user_pca20_standardized_l2_cosine,20,pca20_standardized_l2,cosine,40,1.0,0.415811,4722,2,4063,0.8604404913172384,659,0.13955950868276154,595,0.12600592969080898,0.9028831562974203,64,329.5,329.5
user_run_0458,user_pca20_standardized_l2_cosine,20,pca20_standardized_l2,cosine,40,2.5,0.435006,4722,3,3294,0.6975857687420585,1428,0.30241423125794153,1203,0.2547649301143583,0.842436974789916,84,141.0,476.0
user_run_0459,user_pca20_standardized_l2_cosine,20,pca20_standardized_l2,cosine,40,5.0,0.445354,4722,3,2203,0.4665396018636171,2519,0.5334603981363829,2467,0.5224481152054214,0.9793568876538309,25,27.0,839.6666666666666
user_run_0460,user_pca20_standardized_l2_cosine,20,pca20_standardized_l2,cosine,40,10.0,0.455916,4722,2,924,0.19567979669631513,3798,0.8043202033036849,3783,0.8011435832274459,0.9960505529225908,15,1899.0,1899.0
user_run_0461,user_pca20_standardized_l2_cosine,20,pca20_standardized_l2,cosine,40,15.0,0.46147,4722,1,300,0.06353240152477764,4422,0.9364675984752223,4422,0.9364675984752223,1.0,4422,4422.0,4422.0
user_run_0462,user_pca20_standardized_l2_cosine,20,pca20_standardized_l2,cosine,40,20.0,0.465766,4722,1,92,0.019483269800931808,4630,0.9805167301990682,4630,0.9805167301990682,1.0,4630,4630.0,4630.0
user_run_0463,user_pca20_standardized_l2_cosine,20,pca20_standardized_l2,cosine,40,25.0,0.468835,4722,1,19,0.004023718763235917,4703,0.9959762812367641,4703,0.9959762812367641,1.0,4703,4703.0,4703.0
user_run_0464,user_pca20_standardized_l2_cosine,20,pca20_standardized_l2,cosine,40,30.0,0.471501,4722,1,8,0.0016941973739940702,4714,0.9983058026260059,4714,0.9983058026260059,1.0,4714,4714.0,4714.0
user_run_0465,user_pca20_standardized_l2_cosine,20,pca20_standardized_l2,cosine,40,35.0,0.473667,4722,1,1,0.00021177467174925878,4721,0.9997882253282507,4721,0.9997882253282507,1.0,4721,4721.0,4721.0
user_run_0466,user_pca20_standardized_l2_cosine,20,pca20_standardized_l2,cosine,40,40.0,0.475822,4722,1,0,0.0,4722,1.0,4722,1.0,1.0,4722,4722.0,4722.0
user_run_0467,user_pca20_standardized_l2_cosine,20,pca20_standardized_l2,cosine,40,45.0,0.477573,4722,1,0,0.0,4722,1.0,4722,1.0,1.0,4722,4722.0,4722.0
user_run_0468,user_pca20_standardized_l2_cosine,20,pca20_standardized_l2,cosine,40,50.0,0.479503,4722,1,0,0.0,4722,1.0,4722,1.0,1.0,4722,4722.0,4722.0
user_run_0469,user_pca20_standardized_l2_cosine,20,pca20_standardized_l2,cosine,40,60.0,0.483024,4722,1,0,0.0,4722,1.0,4722,1.0,1.0,4722,4722.0,4722.0
user_run_0470,user_pca20_standardized_l2_cosine,20,pca20_standardized_l2,cosine,40,70.0,0.486834,4722,1,0,0.0,4722,1.0,4722,1.0,1.0,4722,4722.0,4722.0
user_run_0471,user_pca20_standardized_l2_cosine,20,pca20_standardized_l2,cosine,40,80.0,0.491072,4722,1,0,0.0,4722,1.0,4722,1.0,1.0,4722,4722.0,4722.0
user_run_0472,user_pca20_standardized_l2_cosine,20,pca20_standardized_l2,cosine,40,85.0,0.493483,4722,1,0,0.0,4722,1.0,4722,1.0,1.0,4722,4722.0,4722.0
user_run_0473,user_pca20_standardized_l2_cosine,20,pca20_standardized_l2,cosine,40,90.0,0.496624,4722,1,0,0.0,4722,1.0,4722,1.0,1.0,4722,4722.0,4722.0
user_run_0474,user_pca20_standardized_l2_cosine,20,pca20_standardized_l2,cosine,40,95.0,0.501,4722,1,0,0.0,4722,1.0,4722,1.0,1.0,4722,4722.0,4722.0
user_run_0475,user_pca20_standardized_l2_cosine,20,pca20_standardized_l2,cosine,40,99.0,0.509242,4722,1,0,0.0,4722,1.0,4722,1.0,1.0,4722,4722.0,4722.0
user_run_0476,user_pca30_l2_cosine,30,pca30_l2,cosine,5,1.0,0.11523,4722,3,4597,0.9735281660313426,125,0.02647183396865735,100,0.021177467174925878,0.8,8,17.0,41.666666666666664
user_run_0477,user_pca30_l2_cosine,30,pca30_l2,cosine,5,2.5,0.132783,4722,2,4498,0.952562473528166,224,0.04743752647183397,170,0.03600169419737399,0.7589285714285714,54,112.0,112.0
user_run_0478,user_pca30_l2_cosine,30,pca30_l2,cosine,5,5.0,0.159693,4722,5,4284,0.9072426937738246,438,0.09275730622617535,306,0.06480304955527319,0.6986301369863014,4,7.0,87.6
user_run_0479,user_pca30_l2_cosine,30,pca30_l2,cosine,5,10.0,0.187084,4722,4,3937,0.8337568826768319,785,0.16624311732316815,484,0.10249894112664125,0.6165605095541401,5,148.0,196.25
user_run_0480,user_pca30_l2_cosine,30,pca30_l2,cosine,5,15.0,0.212457,4722,2,3609,0.764294790343075,1113,0.23570520965692504,658,0.13934773401101228,0.5911949685534591,455,556.5,556.5
user_run_0481,user_pca30_l2_cosine,30,pca30_l2,cosine,5,20.0,0.232545,4722,2,3286,0.6958915713680643,1436,0.3041084286319356,1432,0.3032613299449386,0.9972144846796658,4,718.0,718.0
user_run_0482,user_pca30_l2_cosine,30,pca30_l2,cosine,5,25.0,0.252664,4722,2,2976,0.6302414231257941,1746,0.3697585768742058,1741,0.36869970351545955,0.9971363115693013,5,873.0,873.0
user_run_0483,user_pca30_l2_cosine,30,pca30_l2,cosine,5,30.0,0.268602,4722,1,2676,0.5667090216010165,2046,0.4332909783989835,2046,0.4332909783989835,1.0,2046,2046.0,2046.0
user_run_0484,user_pca30_l2_cosine,30,pca30_l2,cosine,5,35.0,0.28404,4722,3,2378,0.5036001694197374,2344,0.4963998305802626,2336,0.49470563320626854,0.9965870307167235,4,4.0,781.3333333333334
user_run_0485,user_pca30_l2_cosine,30,pca30_l2,cosine,5,40.0,0.297839,4722,1,2096,0.44387971198644643,2626,0.5561202880135536,2626,0.5561202880135536,1.0,2626,2626.0,2626.0
user_run_0486,user_pca30_l2_cosine,30,pca30_l2,cosine,5,45.0,0.310589,4722,1,1856,0.39305379076662433,2866,0.6069462092333757,2866,0.6069462092333757,1.0,2866,2866.0,2866.0
user_run_0487,user_pca30_l2_cosine,30,pca30_l2,cosine,5,50.0,0.323402,4722,1,1621,0.3432867429055485,3101,0.6567132570944515,3101,0.6567132570944515,1.0,3101,3101.0,3101.0
user_run_0488,user_pca30_l2_cosine,30,pca30_l2,cosine,5,60.0,0.351091,4722,3,1115,0.23612875900042354,3607,0.7638712409995765,3599,0.7621770436255824,0.997782090379817,3,5.0,1202.3333333333333
user_run_0489,user_pca30_l2_cosine,30,pca30_l2,cosine,5,70.0,0.378456,4722,2,672,0.1423125794155019,4050,0.8576874205844981,4045,0.8566285472257518,0.9987654320987654,5,2025.0,2025.0
user_run_0490,user_pca30_l2_cosine,30,pca30_l2,cosine,5,80.0,0.40784,4722,2,322,0.06819144430326134,4400,0.9318085556967387,4397,0.9311732316814909,0.9993181818181818,3,2200.0,2200.0
user_run_0491,user_pca30_l2_cosine,30,pca30_l2,cosine,5,85.0,0.423251,4722,1,197,0.04171961033460398,4525,0.958280389665396,4525,0.958280389665396,1.0,4525,4525.0,4525.0
user_run_0492,user_pca30_l2_cosine,30,pca30_l2,cosine,5,90.0,0.441449,4722,1,93,0.019695044472681066,4629,0.9803049555273189,4629,0.9803049555273189,1.0,4629,4629.0,4629.0
user_run_0493,user_pca30_l2_cosine,30,pca30_l2,cosine,5,95.0,0.464669,4722,1,35,0.0074121135112240576,4687,0.9925878864887759,4687,0.9925878864887759,1.0,4687,4687.0,4687.0
user_run_0494,user_pca30_l2_cosine,30,pca30_l2,cosine,5,99.0,0.498917,4722,1,4,0.0008470986869970351,4718,0.9991529013130029,4718,0.9991529013130029,1.0,4718,4718.0,4718.0
user_run_0495,user_pca30_l2_cosine,30,pca30_l2,cosine,16,1.0,0.147082,4722,2,4504,0.9538331215586616,218,0.04616687844133842,181,0.03833121558661584,0.8302752293577982,37,109.0,109.0
user_run_0496,user_pca30_l2_cosine,30,pca30_l2,cosine,16,2.5,0.169348,4722,2,4332,0.9174078780177891,390,0.08259212198221093,300,0.06353240152477764,0.7692307692307693,90,195.0,195.0
user_run_0497,user_pca30_l2_cosine,30,pca30_l2,cosine,16,5.0,0.197498,4722,2,4047,0.8570520965692503,675,0.14294790343074967,467,0.09889877170690385,0.6918518518518518,208,337.5,337.5
user_run_0498,user_pca30_l2_cosine,30,pca30_l2,cosine,16,10.0,0.231301,4722,2,3529,0.7473528166031342,1193,0.25264718339686576,713,0.15099534095722153,0.597652975691534,480,596.5,596.5
user_run_0499,user_pca30_l2_cosine,30,pca30_l2,cosine,16,15.0,0.257436,4722,1,3131,0.6630664972469292,1591,0.3369335027530707,1591,0.3369335027530707,1.0,1591,1591.0,1591.0
user_run_0500,user_pca30_l2_cosine,30,pca30_l2,cosine,16,20.0,0.280081,4722,1,2732,0.578568403218975,1990,0.421431596781025,1990,0.421431596781025,1.0,1990,1990.0,1990.0
user_run_0501,user_pca30_l2_cosine,30,pca30_l2,cosine,16,25.0,0.300213,4722,1,2353,0.49830580262600593,2369,0.5016941973739941,2369,0.5016941973739941,1.0,2369,2369.0,2369.0
user_run_0502,user_pca30_l2_cosine,30,pca30_l2,cosine,16,30.0,0.31839,4722,1,2027,0.4292672596357476,2695,0.5707327403642525,2695,0.5707327403642525,1.0,2695,2695.0,2695.0
user_run_0503,user_pca30_l2_cosine,30,pca30_l2,cosine,16,35.0,0.33445,4722,1,1740,0.3684879288437103,2982,0.6315120711562897,2982,0.6315120711562897,1.0,2982,2982.0,2982.0
user_run_0504,user_pca30_l2_cosine,30,pca30_l2,cosine,16,40.0,0.3505,4722,1,1463,0.3098263447691656,3259,0.6901736552308344,3259,0.6901736552308344,1.0,3259,3259.0,3259.0
user_run_0505,user_pca30_l2_cosine,30,pca30_l2,cosine,16,45.0,0.364287,4722,1,1211,0.25645912748835237,3511,0.7435408725116476,3511,0.7435408725116476,1.0,3511,3511.0,3511.0
user_run_0506,user_pca30_l2_cosine,30,pca30_l2,cosine,16,50.0,0.377712,4722,1,984,0.20838627700127066,3738,0.7916137229987293,3738,0.7916137229987293,1.0,3738,3738.0,3738.0
user_run_0507,user_pca30_l2_cosine,30,pca30_l2,cosine,16,60.0,0.407654,4722,1,541,0.114570097416349,4181,0.885429902583651,4181,0.885429902583651,1.0,4181,4181.0,4181.0
user_run_0508,user_pca30_l2_cosine,30,pca30_l2,cosine,16,70.0,0.436547,4722,1,220,0.046590427784836935,4502,0.9534095722151631,4502,0.9534095722151631,1.0,4502,4502.0,4502.0
user_run_0509,user_pca30_l2_cosine,30,pca30_l2,cosine,16,80.0,0.466865,4722,1,60,0.012706480304955527,4662,0.9872935196950444,4662,0.9872935196950444,1.0,4662,4662.0,4662.0
user_run_0510,user_pca30_l2_cosine,30,pca30_l2,cosine,16,85.0,0.483577,4722,1,22,0.004659042778483694,4700,0.9953409572215163,4700,0.9953409572215163,1.0,4700,4700.0,4700.0
user_run_0511,user_pca30_l2_cosine,30,pca30_l2,cosine,16,90.0,0.500928,4722,1,7,0.0014824227022448115,4715,0.9985175772977551,4715,0.9985175772977551,1.0,4715,4715.0,4715.0
user_run_0512,user_pca30_l2_cosine,30,pca30_l2,cosine,16,95.0,0.522733,4722,1,3,0.0006353240152477764,4719,0.9993646759847522,4719,0.9993646759847522,1.0,4719,4719.0,4719.0
user_run_0513,user_pca30_l2_cosine,30,pca30_l2,cosine,16,99.0,0.560644,4722,1,0,0.0,4722,1.0,4722,1.0,1.0,4722,4722.0,4722.0
user_run_0514,user_pca30_l2_cosine,30,pca30_l2,cosine,31,1.0,0.171548,4722,2,4414,0.9347734011012283,308,0.0652265988987717,251,0.053155442609063956,0.814935064935065,57,154.0,154.0
user_run_0515,user_pca30_l2_cosine,30,pca30_l2,cosine,31,2.5,0.19752,4722,2,4174,0.8839474798814062,548,0.11605252011859382,401,0.08492164337145278,0.7317518248175182,147,274.0,274.0
user_run_0516,user_pca30_l2_cosine,30,pca30_l2,cosine,31,5.0,0.223356,4722,2,3849,0.8151207115628971,873,0.1848792884371029,584,0.12367640830156713,0.6689576174112256,289,436.5,436.5
user_run_0517,user_pca30_l2_cosine,30,pca30_l2,cosine,31,10.0,0.260259,4722,2,3271,0.6927149512918255,1451,0.3072850487081745,879,0.18614993646759848,0.6057891109579601,572,725.5,725.5
user_run_0518,user_pca30_l2_cosine,30,pca30_l2,cosine,31,15.0,0.286858,4722,1,2796,0.5921219822109276,1926,0.4078780177890724,1926,0.4078780177890724,1.0,1926,1926.0,1926.0
user_run_0519,user_pca30_l2_cosine,30,pca30_l2,cosine,31,20.0,0.310145,4722,1,2347,0.4970351545955104,2375,0.5029648454044896,2375,0.5029648454044896,1.0,2375,2375.0,2375.0
user_run_0520,user_pca30_l2_cosine,30,pca30_l2,cosine,31,25.0,0.332489,4722,1,1979,0.4191020753917831,2743,0.5808979246082169,2743,0.5808979246082169,1.0,2743,2743.0,2743.0
user_run_0521,user_pca30_l2_cosine,30,pca30_l2,cosine,31,30.0,0.349657,4722,1,1670,0.35366370182126217,3052,0.6463362981787378,3052,0.6463362981787378,1.0,3052,3052.0,3052.0
user_run_0522,user_pca30_l2_cosine,30,pca30_l2,cosine,31,35.0,0.366905,4722,1,1385,0.2933079203727234,3337,0.7066920796272765,3337,0.7066920796272765,1.0,3337,3337.0,3337.0
user_run_0523,user_pca30_l2_cosine,30,pca30_l2,cosine,31,40.0,0.382627,4722,1,1100,0.23295213892418468,3622,0.7670478610758154,3622,0.7670478610758154,1.0,3622,3622.0,3622.0
user_run_0524,user_pca30_l2_cosine,30,pca30_l2,cosine,31,45.0,0.396972,4722,1,859,0.1819144430326133,3863,0.8180855569673867,3863,0.8180855569673867,1.0,3863,3863.0,3863.0
user_run_0525,user_pca30_l2_cosine,30,pca30_l2,cosine,31,50.0,0.411723,4722,1,641,0.13574756459127488,4081,0.8642524354087251,4081,0.8642524354087251,1.0,4081,4081.0,4081.0
user_run_0526,user_pca30_l2_cosine,30,pca30_l2,cosine,31,60.0,0.441816,4722,1,275,0.05823803473104617,4447,0.9417619652689538,4447,0.9417619652689538,1.0,4447,4447.0,4447.0
user_run_0527,user_pca30_l2_cosine,30,pca30_l2,cosine,31,70.0,0.472752,4722,1,88,0.018636171113934775,4634,0.9813638288860652,4634,0.9813638288860652,1.0,4634,4634.0,4634.0
user_run_0528,user_pca30_l2_cosine,30,pca30_l2,cosine,31,80.0,0.502905,4722,1,10,0.0021177467174925877,4712,0.9978822532825075,4712,0.9978822532825075,1.0,4712,4712.0,4712.0
user_run_0529,user_pca30_l2_cosine,30,pca30_l2,cosine,31,85.0,0.519818,4722,1,4,0.0008470986869970351,4718,0.9991529013130029,4718,0.9991529013130029,1.0,4718,4718.0,4718.0
user_run_0530,user_pca30_l2_cosine,30,pca30_l2,cosine,31,90.0,0.537889,4722,1,1,0.00021177467174925878,4721,0.9997882253282507,4721,0.9997882253282507,1.0,4721,4721.0,4721.0
user_run_0531,user_pca30_l2_cosine,30,pca30_l2,cosine,31,95.0,0.559225,4722,1,0,0.0,4722,1.0,4722,1.0,1.0,4722,4722.0,4722.0
user_run_0532,user_pca30_l2_cosine,30,pca30_l2,cosine,31,99.0,0.595323,4722,1,0,0.0,4722,1.0,4722,1.0,1.0,4722,4722.0,4722.0
user_run_0533,user_pca30_l2_cosine,30,pca30_l2,cosine,60,1.0,0.203254,4722,2,4301,0.910842863193562,421,0.08915713680643796,357,0.07560355781448538,0.8479809976247031,64,210.5,210.5
user_run_0534,user_pca30_l2_cosine,30,pca30_l2,cosine,60,2.5,0.230551,4722,2,3998,0.8466751376535366,724,0.15332486234646336,528,0.11181702668360864,0.7292817679558011,196,362.0,362.0
user_run_0535,user_pca30_l2_cosine,30,pca30_l2,cosine,60,5.0,0.257774,4722,2,3618,0.7662007623888183,1104,0.2337992376111817,710,0.15036001694197373,0.6431159420289855,394,552.0,552.0
user_run_0536,user_pca30_l2_cosine,30,pca30_l2,cosine,60,10.0,0.294698,4722,2,2941,0.6228293096145701,1781,0.3771706903854299,1050,0.22236340533672172,0.5895564289724874,731,890.5,890.5
user_run_0537,user_pca30_l2_cosine,30,pca30_l2,cosine,60,15.0,0.322503,4722,2,2421,0.5127064803049556,2301,0.4872935196950445,1302,0.27573062261753495,0.5658409387222947,999,1150.5,1150.5
user_run_0538,user_pca30_l2_cosine,30,pca30_l2,cosine,60,20.0,0.34684,4722,1,1980,0.4193138500635324,2742,0.5806861499364676,2742,0.5806861499364676,1.0,2742,2742.0,2742.0
user_run_0539,user_pca30_l2_cosine,30,pca30_l2,cosine,60,25.0,0.368584,4722,1,1584,0.3354510800508259,3138,0.6645489199491741,3138,0.6645489199491741,1.0,3138,3138.0,3138.0
user_run_0540,user_pca30_l2_cosine,30,pca30_l2,cosine,60,30.0,0.387116,4722,1,1287,0.2725540025412961,3435,0.727445997458704,3435,0.727445997458704,1.0,3435,3435.0,3435.0
user_run_0541,user_pca30_l2_cosine,30,pca30_l2,cosine,60,35.0,0.404043,4722,1,1005,0.2128335451080051,3717,0.7871664548919949,3717,0.7871664548919949,1.0,3717,3717.0,3717.0
user_run_0542,user_pca30_l2_cosine,30,pca30_l2,cosine,60,40.0,0.420149,4722,1,747,0.15819567979669633,3975,0.8418043202033036,3975,0.8418043202033036,1.0,3975,3975.0,3975.0
user_run_0543,user_pca30_l2_cosine,30,pca30_l2,cosine,60,45.0,0.435836,4722,1,520,0.11012282930961458,4202,0.8898771706903854,4202,0.8898771706903854,1.0,4202,4202.0,4202.0
user_run_0544,user_pca30_l2_cosine,30,pca30_l2,cosine,60,50.0,0.450539,4722,1,327,0.06925031766200762,4395,0.9307496823379924,4395,0.9307496823379924,1.0,4395,4395.0,4395.0
user_run_0545,user_pca30_l2_cosine,30,pca30_l2,cosine,60,60.0,0.481156,4722,1,107,0.02265988987717069,4615,0.9773401101228293,4615,0.9773401101228293,1.0,4615,4615.0,4615.0
user_run_0546,user_pca30_l2_cosine,30,pca30_l2,cosine,60,70.0,0.511442,4722,1,15,0.0031766200762388818,4707,0.9968233799237611,4707,0.9968233799237611,1.0,4707,4707.0,4707.0
user_run_0547,user_pca30_l2_cosine,30,pca30_l2,cosine,60,80.0,0.543287,4722,1,2,0.00042354934349851756,4720,0.9995764506565015,4720,0.9995764506565015,1.0,4720,4720.0,4720.0
user_run_0548,user_pca30_l2_cosine,30,pca30_l2,cosine,60,85.0,0.5585,4722,1,1,0.00021177467174925878,4721,0.9997882253282507,4721,0.9997882253282507,1.0,4721,4721.0,4721.0
user_run_0549,user_pca30_l2_cosine,30,pca30_l2,cosine,60,90.0,0.576906,4722,1,0,0.0,4722,1.0,4722,1.0,1.0,4722,4722.0,4722.0
user_run_0550,user_pca30_l2_cosine,30,pca30_l2,cosine,60,95.0,0.599281,4722,1,0,0.0,4722,1.0,4722,1.0,1.0,4722,4722.0,4722.0
user_run_0551,user_pca30_l2_cosine,30,pca30_l2,cosine,60,99.0,0.633302,4722,1,0,0.0,4722,1.0,4722,1.0,1.0,4722,4722.0,4722.0
user_run_0552,user_pca30_standardized_euclidean,30,pca30_standardized,euclidean,5,1.0,2.387526,4722,1,4620,0.9783989834815756,102,0.021601016518424398,102,0.021601016518424398,1.0,102,102.0,102.0
user_run_0553,user_pca30_standardized_euclidean,30,pca30_standardized,euclidean,5,2.5,2.675469,4722,1,4496,0.9521389241846675,226,0.047861075815332485,226,0.047861075815332485,1.0,226,226.0,226.0
user_run_0554,user_pca30_standardized_euclidean,30,pca30_standardized,euclidean,5,5.0,2.887943,4722,1,4290,0.9085133418043202,432,0.09148665819567979,432,0.09148665819567979,1.0,432,432.0,432.0
user_run_0555,user_pca30_standardized_euclidean,30,pca30_standardized,euclidean,5,10.0,3.154255,4722,1,3971,0.8409572215163067,751,0.15904277848369336,751,0.15904277848369336,1.0,751,751.0,751.0
user_run_0556,user_pca30_standardized_euclidean,30,pca30_standardized,euclidean,5,15.0,3.354136,4722,1,3679,0.7791190173655231,1043,0.22088098263447692,1043,0.22088098263447692,1.0,1043,1043.0,1043.0
user_run_0557,user_pca30_standardized_euclidean,30,pca30_standardized,euclidean,5,20.0,3.541232,4722,1,3355,0.7105040237187632,1367,0.28949597628123674,1367,0.28949597628123674,1.0,1367,1367.0,1367.0
user_run_0558,user_pca30_standardized_euclidean,30,pca30_standardized,euclidean,5,25.0,3.689585,4722,1,3082,0.6526895383312156,1640,0.34731046166878443,1640,0.34731046166878443,1.0,1640,1640.0,1640.0
user_run_0559,user_pca30_standardized_euclidean,30,pca30_standardized,euclidean,5,30.0,3.829704,4722,1,2815,0.5961457009741635,1907,0.4038542990258365,1907,0.4038542990258365,1.0,1907,1907.0,1907.0
user_run_0560,user_pca30_standardized_euclidean,30,pca30_standardized,euclidean,5,35.0,3.956073,4722,1,2593,0.5491317238458281,2129,0.45086827615417197,2129,0.45086827615417197,1.0,2129,2129.0,2129.0
user_run_0561,user_pca30_standardized_euclidean,30,pca30_standardized,euclidean,5,40.0,4.087964,4722,1,2404,0.5091063108852182,2318,0.4908936891147819,2318,0.4908936891147819,1.0,2318,2318.0,2318.0
user_run_0562,user_pca30_standardized_euclidean,30,pca30_standardized,euclidean,5,45.0,4.252605,4722,1,2158,0.4570097416349005,2564,0.5429902583650995,2564,0.5429902583650995,1.0,2564,2564.0,2564.0
user_run_0563,user_pca30_standardized_euclidean,30,pca30_standardized,euclidean,5,50.0,4.417221,4722,1,1910,0.40448962304108427,2812,0.5955103769589157,2812,0.5955103769589157,1.0,2812,2812.0,2812.0
user_run_0564,user_pca30_standardized_euclidean,30,pca30_standardized,euclidean,5,60.0,4.740909,4722,1,1503,0.318297331639136,3219,0.681702668360864,3219,0.681702668360864,1.0,3219,3219.0,3219.0
user_run_0565,user_pca30_standardized_euclidean,30,pca30_standardized,euclidean,5,70.0,5.111825,4722,1,1101,0.2331639135959339,3621,0.7668360864040661,3621,0.7668360864040661,1.0,3621,3621.0,3621.0
user_run_0566,user_pca30_standardized_euclidean,30,pca30_standardized,euclidean,5,80.0,5.625922,4722,1,695,0.14718339686573487,4027,0.8528166031342651,4027,0.8528166031342651,1.0,4027,4027.0,4027.0
user_run_0567,user_pca30_standardized_euclidean,30,pca30_standardized,euclidean,5,85.0,5.977327,4722,1,495,0.1048284625158831,4227,0.8951715374841169,4227,0.8951715374841169,1.0,4227,4227.0,4227.0
user_run_0568,user_pca30_standardized_euclidean,30,pca30_standardized,euclidean,5,90.0,6.397736,4722,1,318,0.06734434561626429,4404,0.9326556543837357,4404,0.9326556543837357,1.0,4404,4404.0,4404.0
user_run_0569,user_pca30_standardized_euclidean,30,pca30_standardized,euclidean,5,95.0,7.110137,4722,1,149,0.03155442609063956,4573,0.9684455739093605,4573,0.9684455739093605,1.0,4573,4573.0,4573.0
user_run_0570,user_pca30_standardized_euclidean,30,pca30_standardized,euclidean,5,99.0,8.33568,4722,1,25,0.0052943667937314694,4697,0.9947056332062685,4697,0.9947056332062685,1.0,4697,4697.0,4697.0
user_run_0571,user_pca30_standardized_euclidean,30,pca30_standardized,euclidean,16,1.0,2.683561,4722,1,4513,0.9557390936044049,209,0.04426090639559509,209,0.04426090639559509,1.0,209,209.0,209.0
user_run_0572,user_pca30_standardized_euclidean,30,pca30_standardized,euclidean,16,2.5,2.923315,4722,1,4296,0.9097839898348158,426,0.09021601016518424,426,0.09021601016518424,1.0,426,426.0,426.0
user_run_0573,user_pca30_standardized_euclidean,30,pca30_standardized,euclidean,16,5.0,3.153382,4722,1,4029,0.8532401524777636,693,0.14675984752223634,693,0.14675984752223634,1.0,693,693.0,693.0
user_run_0574,user_pca30_standardized_euclidean,30,pca30_standardized,euclidean,16,10.0,3.398453,4722,1,3651,0.7731893265565438,1071,0.22681067344345615,1071,0.22681067344345615,1.0,1071,1071.0,1071.0
user_run_0575,user_pca30_standardized_euclidean,30,pca30_standardized,euclidean,16,15.0,3.602636,4722,1,3299,0.6986446421008048,1423,0.30135535789919526,1423,0.30135535789919526,1.0,1423,1423.0,1423.0
user_run_0576,user_pca30_standardized_euclidean,30,pca30_standardized,euclidean,16,20.0,3.782513,4722,1,2959,0.6266412537060567,1763,0.3733587462939432,1763,0.3733587462939432,1.0,1763,1763.0,1763.0
user_run_0577,user_pca30_standardized_euclidean,30,pca30_standardized,euclidean,16,25.0,3.939825,4722,1,2654,0.5620499788225328,2068,0.4379500211774672,2068,0.4379500211774672,1.0,2068,2068.0,2068.0
user_run_0578,user_pca30_standardized_euclidean,30,pca30_standardized,euclidean,16,30.0,4.091475,4722,1,2430,0.5146124523506989,2292,0.48538754764930114,2292,0.48538754764930114,1.0,2292,2292.0,2292.0
user_run_0579,user_pca30_standardized_euclidean,30,pca30_standardized,euclidean,16,35.0,4.223214,4722,1,2215,0.4690808979246082,2507,0.5309191020753918,2507,0.5309191020753918,1.0,2507,2507.0,2507.0
user_run_0580,user_pca30_standardized_euclidean,30,pca30_standardized,euclidean,16,40.0,4.36546,4722,1,2003,0.4241846675137654,2719,0.5758153324862346,2719,0.5758153324862346,1.0,2719,2719.0,2719.0
user_run_0581,user_pca30_standardized_euclidean,30,pca30_standardized,euclidean,16,45.0,4.520979,4722,1,1779,0.3767471410419314,2943,0.6232528589580686,2943,0.6232528589580686,1.0,2943,2943.0,2943.0
user_run_0582,user_pca30_standardized_euclidean,30,pca30_standardized,euclidean,16,50.0,4.676562,4722,1,1588,0.336298178737823,3134,0.663701821262177,3134,0.663701821262177,1.0,3134,3134.0,3134.0
user_run_0583,user_pca30_standardized_euclidean,30,pca30_standardized,euclidean,16,60.0,5.040256,4722,1,1183,0.25052943667937316,3539,0.7494705633206269,3539,0.7494705633206269,1.0,3539,3539.0,3539.0
user_run_0584,user_pca30_standardized_euclidean,30,pca30_standardized,euclidean,16,70.0,5.405725,4722,1,847,0.17937314697162218,3875,0.8206268530283778,3875,0.8206268530283778,1.0,3875,3875.0,3875.0
user_run_0585,user_pca30_standardized_euclidean,30,pca30_standardized,euclidean,16,80.0,5.947371,4722,1,520,0.11012282930961458,4202,0.8898771706903854,4202,0.8898771706903854,1.0,4202,4202.0,4202.0
user_run_0586,user_pca30_standardized_euclidean,30,pca30_standardized,euclidean,16,85.0,6.30723,4722,1,351,0.07433290978398983,4371,0.9256670902160101,4371,0.9256670902160101,1.0,4371,4371.0,4371.0
user_run_0587,user_pca30_standardized_euclidean,30,pca30_standardized,euclidean,16,90.0,6.697484,4722,1,240,0.05082592121982211,4482,0.9491740787801779,4482,0.9491740787801779,1.0,4482,4482.0,4482.0
user_run_0588,user_pca30_standardized_euclidean,30,pca30_standardized,euclidean,16,95.0,7.463062,4722,1,93,0.019695044472681066,4629,0.9803049555273189,4629,0.9803049555273189,1.0,4629,4629.0,4629.0
user_run_0589,user_pca30_standardized_euclidean,30,pca30_standardized,euclidean,16,99.0,8.709887,4722,1,16,0.0033883947479881405,4706,0.9966116052520119,4706,0.9966116052520119,1.0,4706,4706.0,4706.0
user_run_0590,user_pca30_standardized_euclidean,30,pca30_standardized,euclidean,31,1.0,2.868977,4722,1,4399,0.9315967810249894,323,0.06840321897501059,323,0.06840321897501059,1.0,323,323.0,323.0
user_run_0591,user_pca30_standardized_euclidean,30,pca30_standardized,euclidean,31,2.5,3.096566,4722,1,4126,0.8737822956374418,596,0.12621770436255825,596,0.12621770436255825,1.0,596,596.0,596.0
user_run_0592,user_pca30_standardized_euclidean,30,pca30_standardized,euclidean,31,5.0,3.312643,4722,1,3843,0.8138500635324015,879,0.18614993646759848,879,0.18614993646759848,1.0,879,879.0,879.0
user_run_0593,user_pca30_standardized_euclidean,30,pca30_standardized,euclidean,31,10.0,3.555022,4722,1,3424,0.7251164760694621,1298,0.2748835239305379,1298,0.2748835239305379,1.0,1298,1298.0,1298.0
user_run_0594,user_pca30_standardized_euclidean,30,pca30_standardized,euclidean,31,15.0,3.741032,4722,1,3063,0.6486658195679796,1659,0.3513341804320203,1659,0.3513341804320203,1.0,1659,1659.0,1659.0
user_run_0595,user_pca30_standardized_euclidean,30,pca30_standardized,euclidean,31,20.0,3.930507,4722,1,2696,0.5709445150360017,2026,0.4290554849639983,2026,0.4290554849639983,1.0,2026,2026.0,2026.0
user_run_0596,user_pca30_standardized_euclidean,30,pca30_standardized,euclidean,31,25.0,4.08673,4722,1,2453,0.5194832698009318,2269,0.4805167301990682,2269,0.4805167301990682,1.0,2269,2269.0,2269.0
user_run_0597,user_pca30_standardized_euclidean,30,pca30_standardized,euclidean,31,30.0,4.244381,4722,1,2209,0.4678102498941127,2513,0.5321897501058873,2513,0.5321897501058873,1.0,2513,2513.0,2513.0
user_run_0598,user_pca30_standardized_euclidean,30,pca30_standardized,euclidean,31,35.0,4.378703,4722,1,2003,0.4241846675137654,2719,0.5758153324862346,2719,0.5758153324862346,1.0,2719,2719.0,2719.0
user_run_0599,user_pca30_standardized_euclidean,30,pca30_standardized,euclidean,31,40.0,4.51676,4722,1,1795,0.38013553578991954,2927,0.6198644642100805,2927,0.6198644642100805,1.0,2927,2927.0,2927.0
user_run_0600,user_pca30_standardized_euclidean,30,pca30_standardized,euclidean,31,45.0,4.666116,4722,1,1616,0.3422278695468022,3106,0.6577721304531978,3106,0.6577721304531978,1.0,3106,3106.0,3106.0
user_run_0601,user_pca30_standardized_euclidean,30,pca30_standardized,euclidean,31,50.0,4.833428,4722,1,1405,0.2975434138077086,3317,0.7024565861922915,3317,0.7024565861922915,1.0,3317,3317.0,3317.0
user_run_0602,user_pca30_standardized_euclidean,30,pca30_standardized,euclidean,31,60.0,5.19152,4722,1,1036,0.21939855993223212,3686,0.7806014400677679,3686,0.7806014400677679,1.0,3686,3686.0,3686.0
user_run_0603,user_pca30_standardized_euclidean,30,pca30_standardized,euclidean,31,70.0,5.570608,4722,1,741,0.15692503176620076,3981,0.8430749682337992,3981,0.8430749682337992,1.0,3981,3981.0,3981.0
user_run_0604,user_pca30_standardized_euclidean,30,pca30_standardized,euclidean,31,80.0,6.119168,4722,1,434,0.09191020753917832,4288,0.9080897924608217,4288,0.9080897924608217,1.0,4288,4288.0,4288.0
user_run_0605,user_pca30_standardized_euclidean,30,pca30_standardized,euclidean,31,85.0,6.484357,4722,1,300,0.06353240152477764,4422,0.9364675984752223,4422,0.9364675984752223,1.0,4422,4422.0,4422.0
user_run_0606,user_pca30_standardized_euclidean,30,pca30_standardized,euclidean,31,90.0,6.90262,4722,1,190,0.04023718763235917,4532,0.9597628123676408,4532,0.9597628123676408,1.0,4532,4532.0,4532.0
user_run_0607,user_pca30_standardized_euclidean,30,pca30_standardized,euclidean,31,95.0,7.631687,4722,1,74,0.015671325709445152,4648,0.9843286742905548,4648,0.9843286742905548,1.0,4648,4648.0,4648.0
user_run_0608,user_pca30_standardized_euclidean,30,pca30_standardized,euclidean,31,99.0,8.930398,4722,1,9,0.0019059720457433292,4713,0.9980940279542567,4713,0.9980940279542567,1.0,4713,4713.0,4713.0
user_run_0609,user_pca30_standardized_euclidean,30,pca30_standardized,euclidean,60,1.0,3.08227,4722,1,4203,0.8900889453621347,519,0.10991105463786531,519,0.10991105463786531,1.0,519,519.0,519.0
user_run_0610,user_pca30_standardized_euclidean,30,pca30_standardized,euclidean,60,2.5,3.304666,4722,1,3920,0.8301567132570945,802,0.16984328674290555,802,0.16984328674290555,1.0,802,802.0,802.0
user_run_0611,user_pca30_standardized_euclidean,30,pca30_standardized,euclidean,60,5.0,3.497375,4722,1,3593,0.7609063955950869,1129,0.23909360440491317,1129,0.23909360440491317,1.0,1129,1129.0,1129.0
user_run_0612,user_pca30_standardized_euclidean,30,pca30_standardized,euclidean,60,10.0,3.734152,4722,1,3136,0.6641253706056756,1586,0.33587462939432444,1586,0.33587462939432444,1.0,1586,1586.0,1586.0
user_run_0613,user_pca30_standardized_euclidean,30,pca30_standardized,euclidean,60,15.0,3.928793,4722,1,2739,0.5800508259212198,1983,0.4199491740787802,1983,0.4199491740787802,1.0,1983,1983.0,1983.0
user_run_0614,user_pca30_standardized_euclidean,30,pca30_standardized,euclidean,60,20.0,4.094565,4722,1,2472,0.5235069885641678,2250,0.4764930114358323,2250,0.4764930114358323,1.0,2250,2250.0,2250.0
user_run_0615,user_pca30_standardized_euclidean,30,pca30_standardized,euclidean,60,25.0,4.248044,4722,1,2231,0.47246929267259635,2491,0.5275307073274036,2491,0.5275307073274036,1.0,2491,2491.0,2491.0
user_run_0616,user_pca30_standardized_euclidean,30,pca30_standardized,euclidean,60,30.0,4.404911,4722,1,1980,0.4193138500635324,2742,0.5806861499364676,2742,0.5806861499364676,1.0,2742,2742.0,2742.0
user_run_0617,user_pca30_standardized_euclidean,30,pca30_standardized,euclidean,60,35.0,4.539237,4722,1,1792,0.37950021177467175,2930,0.6204997882253283,2930,0.6204997882253283,1.0,2930,2930.0,2930.0
user_run_0618,user_pca30_standardized_euclidean,30,pca30_standardized,euclidean,60,40.0,4.677207,4722,1,1607,0.3403218975010589,3115,0.6596781024989411,3115,0.6596781024989411,1.0,3115,3115.0,3115.0
user_run_0619,user_pca30_standardized_euclidean,30,pca30_standardized,euclidean,60,45.0,4.825638,4722,1,1423,0.30135535789919526,3299,0.6986446421008048,3299,0.6986446421008048,1.0,3299,3299.0,3299.0
user_run_0620,user_pca30_standardized_euclidean,30,pca30_standardized,euclidean,60,50.0,4.989314,4722,1,1250,0.2647183396865735,3472,0.7352816603134266,3472,0.7352816603134266,1.0,3472,3472.0,3472.0
user_run_0621,user_pca30_standardized_euclidean,30,pca30_standardized,euclidean,60,60.0,5.370143,4722,1,887,0.18784413384159254,3835,0.8121558661584074,3835,0.8121558661584074,1.0,3835,3835.0,3835.0
user_run_0622,user_pca30_standardized_euclidean,30,pca30_standardized,euclidean,60,70.0,5.750491,4722,1,632,0.13384159254553155,4090,0.8661584074544685,4090,0.8661584074544685,1.0,4090,4090.0,4090.0
user_run_0623,user_pca30_standardized_euclidean,30,pca30_standardized,euclidean,60,80.0,6.291588,4722,1,358,0.07581533248623465,4364,0.9241846675137654,4364,0.9241846675137654,1.0,4364,4364.0,4364.0
user_run_0624,user_pca30_standardized_euclidean,30,pca30_standardized,euclidean,60,85.0,6.676019,4722,1,247,0.05230834392206692,4475,0.947691656077933,4475,0.947691656077933,1.0,4475,4475.0,4475.0
user_run_0625,user_pca30_standardized_euclidean,30,pca30_standardized,euclidean,60,90.0,7.09781,4722,1,153,0.032401524777636595,4569,0.9675984752223634,4569,0.9675984752223634,1.0,4569,4569.0,4569.0
user_run_0626,user_pca30_standardized_euclidean,30,pca30_standardized,euclidean,60,95.0,7.806512,4722,1,56,0.011859381617958492,4666,0.9881406183820415,4666,0.9881406183820415,1.0,4666,4666.0,4666.0
user_run_0627,user_pca30_standardized_euclidean,30,pca30_standardized,euclidean,60,99.0,9.143592,4722,1,6,0.0012706480304955528,4716,0.9987293519695044,4716,0.9987293519695044,1.0,4716,4716.0,4716.0
user_run_0628,user_pca30_standardized_l2_cosine,30,pca30_standardized_l2,cosine,5,1.0,0.364474,4722,17,4539,0.9612452350698857,183,0.03875476493011436,74,0.015671325709445152,0.40437158469945356,3,7.0,10.764705882352942
user_run_0629,user_pca30_standardized_l2_cosine,30,pca30_standardized_l2,cosine,5,2.5,0.382366,4722,34,4302,0.9110546378653113,420,0.08894536213468869,158,0.033460398136382886,0.3761904761904762,4,5.0,12.352941176470589
user_run_0630,user_pca30_standardized_l2_cosine,30,pca30_standardized_l2,cosine,5,5.0,0.396119,4722,61,3916,0.8293096145700974,806,0.17069038542990259,342,0.0724269377382465,0.42431761786600497,3,5.0,13.21311475409836
user_run_0631,user_pca30_standardized_l2_cosine,30,pca30_standardized_l2,cosine,5,10.0,0.409845,4722,99,3187,0.6749258788648878,1535,0.32507412113511225,987,0.20902160101651843,0.6429967426710098,2,5.0,15.505050505050505
user_run_0632,user_pca30_standardized_l2_cosine,30,pca30_standardized_l2,cosine,5,15.0,0.417986,4722,95,2620,0.554849639983058,2102,0.44515036001694197,1578,0.3341804320203304,0.7507136060894386,1,5.0,22.126315789473683
user_run_0633,user_pca30_standardized_l2_cosine,30,pca30_standardized_l2,cosine,5,20.0,0.424141,4722,76,2122,0.44938585345192716,2600,0.5506141465480728,2230,0.4722575180008471,0.8576923076923076,1,4.0,34.21052631578947
user_run_0634,user_pca30_standardized_l2_cosine,30,pca30_standardized_l2,cosine,5,25.0,0.429558,4722,68,1693,0.35853451927149516,3029,0.6414654807285048,2739,0.5800508259212198,0.9042588312974579,2,4.0,44.544117647058826
user_run_0635,user_pca30_standardized_l2_cosine,30,pca30_standardized_l2,cosine,5,30.0,0.433679,4722,47,1362,0.2884371029224905,3360,0.7115628970775095,3184,0.67429055484964,0.9476190476190476,2,4.0,71.48936170212765
user_run_0636,user_pca30_standardized_l2_cosine,30,pca30_standardized_l2,cosine,5,35.0,0.438037,4722,36,1065,0.22554002541296062,3657,0.7744599745870394,3540,0.7496823379923762,0.9680065627563577,2,3.5,101.58333333333333
user_run_0637,user_pca30_standardized_l2_cosine,30,pca30_standardized_l2,cosine,5,40.0,0.441517,4722,29,793,0.16793731469716222,3929,0.8320626853028378,3842,0.8136382888606523,0.9778569610587936,1,3.0,135.48275862068965
user_run_0638,user_pca30_standardized_l2_cosine,30,pca30_standardized_l2,cosine,5,45.0,0.444867,4722,14,610,0.12918254976704785,4112,0.8708174502329521,4074,0.8627700127064803,0.9907587548638133,1,3.0,293.7142857142857
user_run_0639,user_pca30_standardized_l2_cosine,30,pca30_standardized_l2,cosine,5,50.0,0.448016,4722,14,452,0.09572215163066497,4270,0.904277848369335,4244,0.8987717069038543,0.9939110070257611,1,2.0,305.0
user_run_0640,user_pca30_standardized_l2_cosine,30,pca30_standardized_l2,cosine,5,60.0,0.454167,4722,7,238,0.05040237187632359,4484,0.9495976281236764,4471,0.9468445573909361,0.9971008028545941,1,2.0,640.5714285714286
user_run_0641,user_pca30_standardized_l2_cosine,30,pca30_standardized_l2,cosine,5,70.0,0.460812,4722,1,114,0.0241423125794155,4608,0.9758576874205845,4608,0.9758576874205845,1.0,4608,4608.0,4608.0
user_run_0642,user_pca30_standardized_l2_cosine,30,pca30_standardized_l2,cosine,5,80.0,0.468401,4722,1,30,0.0063532401524777635,4692,0.9936467598475223,4692,0.9936467598475223,1.0,4692,4692.0,4692.0
user_run_0643,user_pca30_standardized_l2_cosine,30,pca30_standardized_l2,cosine,5,85.0,0.47322,4722,1,19,0.004023718763235917,4703,0.9959762812367641,4703,0.9959762812367641,1.0,4703,4703.0,4703.0
user_run_0644,user_pca30_standardized_l2_cosine,30,pca30_standardized_l2,cosine,5,90.0,0.478181,4722,1,10,0.0021177467174925877,4712,0.9978822532825075,4712,0.9978822532825075,1.0,4712,4712.0,4712.0
user_run_0645,user_pca30_standardized_l2_cosine,30,pca30_standardized_l2,cosine,5,95.0,0.485563,4722,1,2,0.00042354934349851756,4720,0.9995764506565015,4720,0.9995764506565015,1.0,4720,4720.0,4720.0
user_run_0646,user_pca30_standardized_l2_cosine,30,pca30_standardized_l2,cosine,5,99.0,0.498301,4722,1,1,0.00021177467174925878,4721,0.9997882253282507,4721,0.9997882253282507,1.0,4721,4721.0,4721.0
user_run_0647,user_pca30_standardized_l2_cosine,30,pca30_standardized_l2,cosine,16,1.0,0.450904,4722,6,4264,0.9030072003388395,458,0.09699279966116052,341,0.07221516306649725,0.7445414847161572,15,23.0,76.33333333333333
user_run_0648,user_pca30_standardized_l2_cosine,30,pca30_standardized_l2,cosine,16,2.5,0.465423,4722,13,3732,0.7903430749682337,990,0.2096569250317662,643,0.1361711139347734,0.6494949494949495,11,15.0,76.15384615384616
user_run_0649,user_pca30_standardized_l2_cosine,30,pca30_standardized_l2,cosine,16,5.0,0.47614,4722,10,2932,0.6209233375688268,1790,0.3790766624311732,1663,0.35218127911901737,0.9290502793296089,10,15.0,179.0
user_run_0650,user_pca30_standardized_l2_cosine,30,pca30_standardized_l2,cosine,16,10.0,0.487596,4722,9,1701,0.3602287166454892,3021,0.6397712833545108,2918,0.6179584921643372,0.9659053293611387,4,11.0,335.6666666666667
user_run_0651,user_pca30_standardized_l2_cosine,30,pca30_standardized_l2,cosine,16,15.0,0.49373,4722,5,986,0.20880982634476916,3736,0.7911901736552308,3709,0.7854722575180009,0.9927730192719486,6,6.0,747.2
user_run_0652,user_pca30_standardized_l2_cosine,30,pca30_standardized_l2,cosine,16,20.0,0.498142,4722,4,536,0.11351122405760271,4186,0.8864887759423973,4176,0.8843710292249047,0.9976110845676063,2,4.0,1046.5
user_run_0653,user_pca30_standardized_l2_cosine,30,pca30_standardized_l2,cosine,16,25.0,0.501369,4722,3,277,0.058661584074544686,4445,0.9413384159254553,4437,0.9396442185514613,0.9982002249718785,1,7.0,1481.6666666666667
user_run_0654,user_pca30_standardized_l2_cosine,30,pca30_standardized_l2,cosine,16,30.0,0.504184,4722,2,147,0.031130876747141042,4575,0.968869123252859,4570,0.9678102498941127,0.9989071038251366,5,2287.5,2287.5
user_run_0655,user_pca30_standardized_l2_cosine,30,pca30_standardized_l2,cosine,16,35.0,0.506973,4722,1,71,0.015036001694197373,4651,0.9849639983058026,4651,0.9849639983058026,1.0,4651,4651.0,4651.0
user_run_0656,user_pca30_standardized_l2_cosine,30,pca30_standardized_l2,cosine,16,40.0,0.509329,4722,2,36,0.007623888182973317,4686,0.9923761118170267,4684,0.9919525624735281,0.9995731967562953,2,2343.0,2343.0
user_run_0657,user_pca30_standardized_l2_cosine,30,pca30_standardized_l2,cosine,16,45.0,0.511612,4722,2,16,0.0033883947479881405,4706,0.9966116052520119,4704,0.9961880559085133,0.9995750106247344,2,2353.0,2353.0
user_run_0658,user_pca30_standardized_l2_cosine,30,pca30_standardized_l2,cosine,16,50.0,0.513806,4722,1,8,0.0016941973739940702,4714,0.9983058026260059,4714,0.9983058026260059,1.0,4714,4714.0,4714.0
user_run_0659,user_pca30_standardized_l2_cosine,30,pca30_standardized_l2,cosine,16,60.0,0.517757,4722,1,1,0.00021177467174925878,4721,0.9997882253282507,4721,0.9997882253282507,1.0,4721,4721.0,4721.0
user_run_0660,user_pca30_standardized_l2_cosine,30,pca30_standardized_l2,cosine,16,70.0,0.522124,4722,1,0,0.0,4722,1.0,4722,1.0,1.0,4722,4722.0,4722.0
user_run_0661,user_pca30_standardized_l2_cosine,30,pca30_standardized_l2,cosine,16,80.0,0.526996,4722,1,0,0.0,4722,1.0,4722,1.0,1.0,4722,4722.0,4722.0
user_run_0662,user_pca30_standardized_l2_cosine,30,pca30_standardized_l2,cosine,16,85.0,0.529924,4722,1,0,0.0,4722,1.0,4722,1.0,1.0,4722,4722.0,4722.0
user_run_0663,user_pca30_standardized_l2_cosine,30,pca30_standardized_l2,cosine,16,90.0,0.533563,4722,1,0,0.0,4722,1.0,4722,1.0,1.0,4722,4722.0,4722.0
user_run_0664,user_pca30_standardized_l2_cosine,30,pca30_standardized_l2,cosine,16,95.0,0.538626,4722,1,0,0.0,4722,1.0,4722,1.0,1.0,4722,4722.0,4722.0
user_run_0665,user_pca30_standardized_l2_cosine,30,pca30_standardized_l2,cosine,16,99.0,0.547301,4722,1,0,0.0,4722,1.0,4722,1.0,1.0,4722,4722.0,4722.0
user_run_0666,user_pca30_standardized_l2_cosine,30,pca30_standardized_l2,cosine,31,1.0,0.496778,4722,3,4074,0.8627700127064803,648,0.1372299872935197,563,0.1192291401948327,0.8688271604938271,32,53.0,216.0
user_run_0667,user_pca30_standardized_l2_cosine,30,pca30_standardized_l2,cosine,31,2.5,0.511419,4722,8,3310,0.7009741634900466,1412,0.2990258365099534,1131,0.23951715374841168,0.8009915014164306,20,27.0,176.5
user_run_0668,user_pca30_standardized_l2_cosine,30,pca30_standardized_l2,cosine,31,5.0,0.522795,4722,4,2197,0.46526895383312156,2525,0.5347310461668784,2472,0.5235069885641678,0.979009900990099,16,18.5,631.25
user_run_0669,user_pca30_standardized_l2_cosine,30,pca30_standardized_l2,cosine,31,10.0,0.531013,4722,3,887,0.18784413384159254,3835,0.8121558661584074,3814,0.807708598051673,0.9945241199478487,9,12.0,1278.3333333333333
user_run_0670,user_pca30_standardized_l2_cosine,30,pca30_standardized_l2,cosine,31,15.0,0.535921,4722,2,335,0.07094451503600169,4387,0.9290554849639983,4380,0.9275730622617535,0.9984043765671301,7,2193.5,2193.5
user_run_0671,user_pca30_standardized_l2_cosine,30,pca30_standardized_l2,cosine,31,20.0,0.539603,4722,1,117,0.02477763659466328,4605,0.9752223634053367,4605,0.9752223634053367,1.0,4605,4605.0,4605.0
user_run_0672,user_pca30_standardized_l2_cosine,30,pca30_standardized_l2,cosine,31,25.0,0.542409,4722,1,30,0.0063532401524777635,4692,0.9936467598475223,4692,0.9936467598475223,1.0,4692,4692.0,4692.0
user_run_0673,user_pca30_standardized_l2_cosine,30,pca30_standardized_l2,cosine,31,30.0,0.544685,4722,1,8,0.0016941973739940702,4714,0.9983058026260059,4714,0.9983058026260059,1.0,4714,4714.0,4714.0
user_run_0674,user_pca30_standardized_l2_cosine,30,pca30_standardized_l2,cosine,31,35.0,0.546773,4722,1,2,0.00042354934349851756,4720,0.9995764506565015,4720,0.9995764506565015,1.0,4720,4720.0,4720.0
user_run_0675,user_pca30_standardized_l2_cosine,30,pca30_standardized_l2,cosine,31,40.0,0.548737,4722,1,1,0.00021177467174925878,4721,0.9997882253282507,4721,0.9997882253282507,1.0,4721,4721.0,4721.0
user_run_0676,user_pca30_standardized_l2_cosine,30,pca30_standardized_l2,cosine,31,45.0,0.550717,4722,1,1,0.00021177467174925878,4721,0.9997882253282507,4721,0.9997882253282507,1.0,4721,4721.0,4721.0
user_run_0677,user_pca30_standardized_l2_cosine,30,pca30_standardized_l2,cosine,31,50.0,0.552589,4722,1,1,0.00021177467174925878,4721,0.9997882253282507,4721,0.9997882253282507,1.0,4721,4721.0,4721.0
user_run_0678,user_pca30_standardized_l2_cosine,30,pca30_standardized_l2,cosine,31,60.0,0.556072,4722,1,0,0.0,4722,1.0,4722,1.0,1.0,4722,4722.0,4722.0
user_run_0679,user_pca30_standardized_l2_cosine,30,pca30_standardized_l2,cosine,31,70.0,0.559471,4722,1,0,0.0,4722,1.0,4722,1.0,1.0,4722,4722.0,4722.0
user_run_0680,user_pca30_standardized_l2_cosine,30,pca30_standardized_l2,cosine,31,80.0,0.563446,4722,1,0,0.0,4722,1.0,4722,1.0,1.0,4722,4722.0,4722.0
user_run_0681,user_pca30_standardized_l2_cosine,30,pca30_standardized_l2,cosine,31,85.0,0.565805,4722,1,0,0.0,4722,1.0,4722,1.0,1.0,4722,4722.0,4722.0
user_run_0682,user_pca30_standardized_l2_cosine,30,pca30_standardized_l2,cosine,31,90.0,0.568656,4722,1,0,0.0,4722,1.0,4722,1.0,1.0,4722,4722.0,4722.0
user_run_0683,user_pca30_standardized_l2_cosine,30,pca30_standardized_l2,cosine,31,95.0,0.572247,4722,1,0,0.0,4722,1.0,4722,1.0,1.0,4722,4722.0,4722.0
user_run_0684,user_pca30_standardized_l2_cosine,30,pca30_standardized_l2,cosine,31,99.0,0.580582,4722,1,0,0.0,4722,1.0,4722,1.0,1.0,4722,4722.0,4722.0
user_run_0685,user_pca30_standardized_l2_cosine,30,pca30_standardized_l2,cosine,60,1.0,0.544773,4722,3,3723,0.7884371029224905,999,0.21156289707750953,891,0.18869123252858958,0.8918918918918919,41,67.0,333.0
user_run_0686,user_pca30_standardized_l2_cosine,30,pca30_standardized_l2,cosine,60,2.5,0.559033,4722,3,2832,0.5997458703939009,1890,0.40025412960609913,1688,0.35747564591274883,0.8931216931216931,45,157.0,630.0
user_run_0687,user_pca30_standardized_l2_cosine,30,pca30_standardized_l2,cosine,60,5.0,0.568507,4722,3,1451,0.3072850487081745,3271,0.6927149512918255,3236,0.6853028377806014,0.9892999082849282,17,18.0,1090.3333333333333
user_run_0688,user_pca30_standardized_l2_cosine,30,pca30_standardized_l2,cosine,60,10.0,0.576759,4722,1,314,0.06649724692926726,4408,0.9335027530707327,4408,0.9335027530707327,1.0,4408,4408.0,4408.0
user_run_0689,user_pca30_standardized_l2_cosine,30,pca30_standardized_l2,cosine,60,15.0,0.581013,4722,1,65,0.013765353663701822,4657,0.9862346463362982,4657,0.9862346463362982,1.0,4657,4657.0,4657.0
user_run_0690,user_pca30_standardized_l2_cosine,30,pca30_standardized_l2,cosine,60,20.0,0.583885,4722,1,11,0.002329521389241847,4711,0.9976704786107582,4711,0.9976704786107582,1.0,4711,4711.0,4711.0
user_run_0691,user_pca30_standardized_l2_cosine,30,pca30_standardized_l2,cosine,60,25.0,0.586401,4722,1,1,0.00021177467174925878,4721,0.9997882253282507,4721,0.9997882253282507,1.0,4721,4721.0,4721.0
user_run_0692,user_pca30_standardized_l2_cosine,30,pca30_standardized_l2,cosine,60,30.0,0.588346,4722,1,0,0.0,4722,1.0,4722,1.0,1.0,4722,4722.0,4722.0
user_run_0693,user_pca30_standardized_l2_cosine,30,pca30_standardized_l2,cosine,60,35.0,0.590024,4722,1,0,0.0,4722,1.0,4722,1.0,1.0,4722,4722.0,4722.0
user_run_0694,user_pca30_standardized_l2_cosine,30,pca30_standardized_l2,cosine,60,40.0,0.591681,4722,1,0,0.0,4722,1.0,4722,1.0,1.0,4722,4722.0,4722.0
user_run_0695,user_pca30_standardized_l2_cosine,30,pca30_standardized_l2,cosine,60,45.0,0.593068,4722,1,0,0.0,4722,1.0,4722,1.0,1.0,4722,4722.0,4722.0
user_run_0696,user_pca30_standardized_l2_cosine,30,pca30_standardized_l2,cosine,60,50.0,0.594422,4722,1,0,0.0,4722,1.0,4722,1.0,1.0,4722,4722.0,4722.0
user_run_0697,user_pca30_standardized_l2_cosine,30,pca30_standardized_l2,cosine,60,60.0,0.597115,4722,1,0,0.0,4722,1.0,4722,1.0,1.0,4722,4722.0,4722.0
user_run_0698,user_pca30_standardized_l2_cosine,30,pca30_standardized_l2,cosine,60,70.0,0.600014,4722,1,0,0.0,4722,1.0,4722,1.0,1.0,4722,4722.0,4722.0
user_run_0699,user_pca30_standardized_l2_cosine,30,pca30_standardized_l2,cosine,60,80.0,0.603071,4722,1,0,0.0,4722,1.0,4722,1.0,1.0,4722,4722.0,4722.0
user_run_0700,user_pca30_standardized_l2_cosine,30,pca30_standardized_l2,cosine,60,85.0,0.604909,4722,1,0,0.0,4722,1.0,4722,1.0,1.0,4722,4722.0,4722.0
user_run_0701,user_pca30_standardized_l2_cosine,30,pca30_standardized_l2,cosine,60,90.0,0.60727,4722,1,0,0.0,4722,1.0,4722,1.0,1.0,4722,4722.0,4722.0
user_run_0702,user_pca30_standardized_l2_cosine,30,pca30_standardized_l2,cosine,60,95.0,0.610605,4722,1,0,0.0,4722,1.0,4722,1.0,1.0,4722,4722.0,4722.0
user_run_0703,user_pca30_standardized_l2_cosine,30,pca30_standardized_l2,cosine,60,99.0,0.61663,4722,1,0,0.0,4722,1.0,4722,1.0,1.0,4722,4722.0,4722.0
user_run_0704,user_standardized_euclidean,64,standardized,euclidean,5,1.0,3.677044,4722,1,4615,0.9773401101228293,107,0.02265988987717069,107,0.02265988987717069,1.0,107,107.0,107.0
user_run_0705,user_standardized_euclidean,64,standardized,euclidean,5,2.5,4.070284,4722,2,4477,0.9481152054214316,245,0.051884794578568406,240,0.05082592121982211,0.9795918367346939,5,122.5,122.5
user_run_0706,user_standardized_euclidean,64,standardized,euclidean,5,5.0,4.348485,4722,1,4270,0.904277848369335,452,0.09572215163066497,452,0.09572215163066497,1.0,452,452.0,452.0
user_run_0707,user_standardized_euclidean,64,standardized,euclidean,5,10.0,4.694151,4722,1,3951,0.8367217280813215,771,0.16327827191867852,771,0.16327827191867852,1.0,771,771.0,771.0
user_run_0708,user_standardized_euclidean,64,standardized,euclidean,5,15.0,4.967637,4722,1,3645,0.7719186785260482,1077,0.22808132147395171,1077,0.22808132147395171,1.0,1077,1077.0,1077.0
user_run_0709,user_standardized_euclidean,64,standardized,euclidean,5,20.0,5.197464,4722,1,3353,0.7100804743752647,1369,0.2899195256247353,1369,0.2899195256247353,1.0,1369,1369.0,1369.0
user_run_0710,user_standardized_euclidean,64,standardized,euclidean,5,25.0,5.388979,4722,1,3110,0.6586192291401949,1612,0.34138077085980517,1612,0.34138077085980517,1.0,1612,1612.0,1612.0
user_run_0711,user_standardized_euclidean,64,standardized,euclidean,5,30.0,5.595715,4722,1,2851,0.6037695891571369,1871,0.3962304108428632,1871,0.3962304108428632,1.0,1871,1871.0,1871.0
user_run_0712,user_standardized_euclidean,64,standardized,euclidean,5,35.0,5.797052,4722,1,2592,0.5489199491740788,2130,0.45108005082592123,2130,0.45108005082592123,1.0,2130,2130.0,2130.0
user_run_0713,user_standardized_euclidean,64,standardized,euclidean,5,40.0,5.975926,4722,1,2395,0.5072003388394748,2327,0.4927996611605252,2327,0.4927996611605252,1.0,2327,2327.0,2327.0
user_run_0714,user_standardized_euclidean,64,standardized,euclidean,5,45.0,6.170419,4722,2,2161,0.45764506565014823,2561,0.5423549343498517,2557,0.5415078356628548,0.998438110113237,4,1280.5,1280.5
user_run_0715,user_standardized_euclidean,64,standardized,euclidean,5,50.0,6.369195,4722,1,1970,0.4171961033460398,2752,0.5828038966539602,2752,0.5828038966539602,1.0,2752,2752.0,2752.0
user_run_0716,user_standardized_euclidean,64,standardized,euclidean,5,60.0,6.803735,4722,1,1542,0.32655654383735705,3180,0.6734434561626429,3180,0.6734434561626429,1.0,3180,3180.0,3180.0
user_run_0717,user_standardized_euclidean,64,standardized,euclidean,5,70.0,7.350082,4722,1,1121,0.2373994070309191,3601,0.7626005929690809,3601,0.7626005929690809,1.0,3601,3601.0,3601.0
user_run_0718,user_standardized_euclidean,64,standardized,euclidean,5,80.0,7.997128,4722,1,724,0.15332486234646336,3998,0.8466751376535366,3998,0.8466751376535366,1.0,3998,3998.0,3998.0
user_run_0719,user_standardized_euclidean,64,standardized,euclidean,5,85.0,8.429543,4722,1,529,0.1120288013553579,4193,0.8879711986446421,4193,0.8879711986446421,1.0,4193,4193.0,4193.0
user_run_0720,user_standardized_euclidean,64,standardized,euclidean,5,90.0,8.952754,4722,1,344,0.07285048708174502,4378,0.927149512918255,4378,0.927149512918255,1.0,4378,4378.0,4378.0
user_run_0721,user_standardized_euclidean,64,standardized,euclidean,5,95.0,9.753249,4722,1,173,0.03663701821262177,4549,0.9633629817873782,4549,0.9633629817873782,1.0,4549,4549.0,4549.0
user_run_0722,user_standardized_euclidean,64,standardized,euclidean,5,99.0,11.261997,4722,1,23,0.004870817450232952,4699,0.995129182549767,4699,0.995129182549767,1.0,4699,4699.0,4699.0
user_run_0723,user_standardized_euclidean,64,standardized,euclidean,33,1.0,4.419915,4722,1,4323,0.9155019059720457,399,0.08449809402795426,399,0.08449809402795426,1.0,399,399.0,399.0
user_run_0724,user_standardized_euclidean,64,standardized,euclidean,33,2.5,4.729569,4722,1,4081,0.8642524354087251,641,0.13574756459127488,641,0.13574756459127488,1.0,641,641.0,641.0
user_run_0725,user_standardized_euclidean,64,standardized,euclidean,33,5.0,5.012593,4722,1,3744,0.7928843710292249,978,0.2071156289707751,978,0.2071156289707751,1.0,978,978.0,978.0
user_run_0726,user_standardized_euclidean,64,standardized,euclidean,33,10.0,5.345662,4722,1,3295,0.6977975434138077,1427,0.30220245658619227,1427,0.30220245658619227,1.0,1427,1427.0,1427.0
user_run_0727,user_standardized_euclidean,64,standardized,euclidean,33,15.0,5.593379,4722,1,2948,0.6243117323168149,1774,0.3756882676831851,1774,0.3756882676831851,1.0,1774,1774.0,1774.0
user_run_0728,user_standardized_euclidean,64,standardized,euclidean,33,20.0,5.810811,4722,1,2634,0.5578144853875476,2088,0.44218551461245237,2088,0.44218551461245237,1.0,2088,2088.0,2088.0
user_run_0729,user_standardized_euclidean,64,standardized,euclidean,33,25.0,6.012966,4722,1,2400,0.5082592121982211,2322,0.49174078780177893,2322,0.49174078780177893,1.0,2322,2322.0,2322.0
user_run_0730,user_standardized_euclidean,64,standardized,euclidean,33,30.0,6.207473,4722,1,2171,0.4597628123676408,2551,0.5402371876323592,2551,0.5402371876323592,1.0,2551,2551.0,2551.0
user_run_0731,user_standardized_euclidean,64,standardized,euclidean,33,35.0,6.403491,4722,1,1969,0.4169843286742905,2753,0.5830156713257094,2753,0.5830156713257094,1.0,2753,2753.0,2753.0
user_run_0732,user_standardized_euclidean,64,standardized,euclidean,33,40.0,6.591219,4722,1,1777,0.3763235916984329,2945,0.6236764083015671,2945,0.6236764083015671,1.0,2945,2945.0,2945.0
user_run_0733,user_standardized_euclidean,64,standardized,euclidean,33,45.0,6.768017,4722,1,1600,0.33883947479881404,3122,0.661160525201186,3122,0.661160525201186,1.0,3122,3122.0,3122.0
user_run_0734,user_standardized_euclidean,64,standardized,euclidean,33,50.0,6.985716,4722,1,1417,0.30008470986869973,3305,0.6999152901313003,3305,0.6999152901313003,1.0,3305,3305.0,3305.0
user_run_0735,user_standardized_euclidean,64,standardized,euclidean,33,60.0,7.432766,4722,1,1080,0.22871664548919948,3642,0.7712833545108005,3642,0.7712833545108005,1.0,3642,3642.0,3642.0
user_run_0736,user_standardized_euclidean,64,standardized,euclidean,33,70.0,7.945709,4722,1,751,0.15904277848369336,3971,0.8409572215163067,3971,0.8409572215163067,1.0,3971,3971.0,3971.0
user_run_0737,user_standardized_euclidean,64,standardized,euclidean,33,80.0,8.606131,4722,1,453,0.09593392630241424,4269,0.9040660736975857,4269,0.9040660736975857,1.0,4269,4269.0,4269.0
user_run_0738,user_standardized_euclidean,64,standardized,euclidean,33,85.0,9.031657,4722,1,321,0.06797966963151207,4401,0.932020330368488,4401,0.932020330368488,1.0,4401,4401.0,4401.0
user_run_0739,user_standardized_euclidean,64,standardized,euclidean,33,90.0,9.574502,4722,1,199,0.0421431596781025,4523,0.9578568403218976,4523,0.9578568403218976,1.0,4523,4523.0,4523.0
user_run_0740,user_standardized_euclidean,64,standardized,euclidean,33,95.0,10.376476,4722,1,92,0.019483269800931808,4630,0.9805167301990682,4630,0.9805167301990682,1.0,4630,4630.0,4630.0
user_run_0741,user_standardized_euclidean,64,standardized,euclidean,33,99.0,11.929662,4722,1,10,0.0021177467174925877,4712,0.9978822532825075,4712,0.9978822532825075,1.0,4712,4712.0,4712.0
user_run_0742,user_standardized_euclidean,64,standardized,euclidean,65,1.0,4.746894,4722,1,4118,0.8720880982634477,604,0.1279119017365523,604,0.1279119017365523,1.0,604,604.0,604.0
user_run_0743,user_standardized_euclidean,64,standardized,euclidean,65,2.5,5.027544,4722,1,3841,0.813426514188903,881,0.186573485811097,881,0.186573485811097,1.0,881,881.0,881.0
user_run_0744,user_standardized_euclidean,64,standardized,euclidean,65,5.0,5.312263,4722,1,3444,0.7293519695044473,1278,0.27064803049555275,1278,0.27064803049555275,1.0,1278,1278.0,1278.0
user_run_0745,user_standardized_euclidean,64,standardized,euclidean,65,10.0,5.61624,4722,1,3003,0.6359593392630242,1719,0.3640406607369759,1719,0.3640406607369759,1.0,1719,1719.0,1719.0
user_run_0746,user_standardized_euclidean,64,standardized,euclidean,65,15.0,5.872234,4722,1,2641,0.5592969080897925,2081,0.4407030919102075,2081,0.4407030919102075,1.0,2081,2081.0,2081.0
user_run_0747,user_standardized_euclidean,64,standardized,euclidean,65,20.0,6.077679,4722,1,2340,0.49555273189326554,2382,0.5044472681067345,2382,0.5044472681067345,1.0,2382,2382.0,2382.0
user_run_0748,user_standardized_euclidean,64,standardized,euclidean,65,25.0,6.277951,4722,1,2115,0.44790343074968236,2607,0.5520965692503177,2607,0.5520965692503177,1.0,2607,2607.0,2607.0
user_run_0749,user_standardized_euclidean,64,standardized,euclidean,65,30.0,6.474823,4722,1,1914,0.40533672172808133,2808,0.5946632782719187,2808,0.5946632782719187,1.0,2808,2808.0,2808.0
user_run_0750,user_standardized_euclidean,64,standardized,euclidean,65,35.0,6.673449,4722,1,1703,0.3606522659889877,3019,0.6393477340110123,3019,0.6393477340110123,1.0,3019,3019.0,3019.0
user_run_0751,user_standardized_euclidean,64,standardized,euclidean,65,40.0,6.854947,4722,1,1535,0.32507412113511225,3187,0.6749258788648878,3187,0.6749258788648878,1.0,3187,3187.0,3187.0
user_run_0752,user_standardized_euclidean,64,standardized,euclidean,65,45.0,7.038576,4722,1,1385,0.2933079203727234,3337,0.7066920796272765,3337,0.7066920796272765,1.0,3337,3337.0,3337.0
user_run_0753,user_standardized_euclidean,64,standardized,euclidean,65,50.0,7.234705,4722,1,1216,0.2575180008470987,3506,0.7424819991529014,3506,0.7424819991529014,1.0,3506,3506.0,3506.0
user_run_0754,user_standardized_euclidean,64,standardized,euclidean,65,60.0,7.697081,4722,1,887,0.18784413384159254,3835,0.8121558661584074,3835,0.8121558661584074,1.0,3835,3835.0,3835.0
user_run_0755,user_standardized_euclidean,64,standardized,euclidean,65,70.0,8.207419,4722,1,624,0.13214739517153748,4098,0.8678526048284625,4098,0.8678526048284625,1.0,4098,4098.0,4098.0
user_run_0756,user_standardized_euclidean,64,standardized,euclidean,65,80.0,8.873673,4722,1,362,0.07666243117323168,4360,0.9233375688267683,4360,0.9233375688267683,1.0,4360,4360.0,4360.0
user_run_0757,user_standardized_euclidean,64,standardized,euclidean,65,85.0,9.280869,4722,1,259,0.05484963998305803,4463,0.945150360016942,4463,0.945150360016942,1.0,4463,4463.0,4463.0
user_run_0758,user_standardized_euclidean,64,standardized,euclidean,65,90.0,9.814414,4722,1,162,0.03430749682337993,4560,0.96569250317662,4560,0.96569250317662,1.0,4560,4560.0,4560.0
user_run_0759,user_standardized_euclidean,64,standardized,euclidean,65,95.0,10.651183,4722,1,66,0.01397712833545108,4656,0.9860228716645489,4656,0.9860228716645489,1.0,4656,4656.0,4656.0
user_run_0760,user_standardized_euclidean,64,standardized,euclidean,65,99.0,12.165861,4722,1,8,0.0016941973739940702,4714,0.9983058026260059,4714,0.9983058026260059,1.0,4714,4714.0,4714.0
user_run_0761,user_standardized_euclidean,64,standardized,euclidean,128,1.0,5.095097,4722,1,3875,0.8206268530283778,847,0.17937314697162218,847,0.17937314697162218,1.0,847,847.0,847.0
user_run_0762,user_standardized_euclidean,64,standardized,euclidean,128,2.5,5.367526,4722,1,3525,0.7465057179161372,1197,0.25349428208386277,1197,0.25349428208386277,1.0,1197,1197.0,1197.0
user_run_0763,user_standardized_euclidean,64,standardized,euclidean,128,5.0,5.658923,4722,1,3107,0.6579839051249471,1615,0.34201609487505297,1615,0.34201609487505297,1.0,1615,1615.0,1615.0
user_run_0764,user_standardized_euclidean,64,standardized,euclidean,128,10.0,5.947494,4722,1,2630,0.5569673867005506,2092,0.4430326132994494,2092,0.4430326132994494,1.0,2092,2092.0,2092.0
user_run_0765,user_standardized_euclidean,64,standardized,euclidean,128,15.0,6.20097,4722,1,2292,0.48538754764930114,2430,0.5146124523506989,2430,0.5146124523506989,1.0,2430,2430.0,2430.0
user_run_0766,user_standardized_euclidean,64,standardized,euclidean,128,20.0,6.406254,4722,1,2025,0.42884371029224905,2697,0.571156289707751,2697,0.571156289707751,1.0,2697,2697.0,2697.0
user_run_0767,user_standardized_euclidean,64,standardized,euclidean,128,25.0,6.603619,4722,1,1812,0.38373570520965694,2910,0.6162642947903431,2910,0.6162642947903431,1.0,2910,2910.0,2910.0
user_run_0768,user_standardized_euclidean,64,standardized,euclidean,128,30.0,6.802209,4722,1,1602,0.3392630241423126,3120,0.6607369758576874,3120,0.6607369758576874,1.0,3120,3120.0,3120.0
user_run_0769,user_standardized_euclidean,64,standardized,euclidean,128,35.0,7.005827,4722,1,1424,0.30156713257094453,3298,0.6984328674290555,3298,0.6984328674290555,1.0,3298,3298.0,3298.0
user_run_0770,user_standardized_euclidean,64,standardized,euclidean,128,40.0,7.174187,4722,1,1287,0.2725540025412961,3435,0.727445997458704,3435,0.727445997458704,1.0,3435,3435.0,3435.0
user_run_0771,user_standardized_euclidean,64,standardized,euclidean,128,45.0,7.365459,4722,1,1141,0.24163490046590427,3581,0.7583650995340957,3581,0.7583650995340957,1.0,3581,3581.0,3581.0
user_run_0772,user_standardized_euclidean,64,standardized,euclidean,128,50.0,7.566686,4722,1,990,0.2096569250317662,3732,0.7903430749682337,3732,0.7903430749682337,1.0,3732,3732.0,3732.0
user_run_0773,user_standardized_euclidean,64,standardized,euclidean,128,60.0,8.00586,4722,1,735,0.1556543837357052,3987,0.8443456162642948,3987,0.8443456162642948,1.0,3987,3987.0,3987.0
user_run_0774,user_standardized_euclidean,64,standardized,euclidean,128,70.0,8.497569,4722,1,500,0.1058873358746294,4222,0.8941126641253706,4222,0.8941126641253706,1.0,4222,4222.0,4222.0
user_run_0775,user_standardized_euclidean,64,standardized,euclidean,128,80.0,9.16147,4722,1,283,0.059932232105040235,4439,0.9400677678949597,4439,0.9400677678949597,1.0,4439,4439.0,4439.0
user_run_0776,user_standardized_euclidean,64,standardized,euclidean,128,85.0,9.579979,4722,1,199,0.0421431596781025,4523,0.9578568403218976,4523,0.9578568403218976,1.0,4523,4523.0,4523.0
user_run_0777,user_standardized_euclidean,64,standardized,euclidean,128,90.0,10.095116,4722,1,123,0.026048284625158832,4599,0.9739517153748412,4599,0.9739517153748412,1.0,4599,4599.0,4599.0
user_run_0778,user_standardized_euclidean,64,standardized,euclidean,128,95.0,10.934405,4722,1,45,0.009529860228716646,4677,0.9904701397712834,4677,0.9904701397712834,1.0,4677,4677.0,4677.0
user_run_0779,user_standardized_euclidean,64,standardized,euclidean,128,99.0,12.413172,4722,1,5,0.0010588733587462938,4717,0.9989411266412537,4717,0.9989411266412537,1.0,4717,4717.0,4717.0
user_run_0780,user_standardized_l2_cosine,64,standardized_l2,cosine,5,1.0,0.165517,4722,2,4608,0.9758576874205845,114,0.0241423125794155,88,0.018636171113934775,0.7719298245614035,26,57.0,57.0
user_run_0781,user_standardized_l2_cosine,64,standardized_l2,cosine,5,2.5,0.193945,4722,3,4492,0.9512918254976704,230,0.04870817450232952,165,0.0349428208386277,0.717391304347826,6,59.0,76.66666666666667
user_run_0782,user_standardized_l2_cosine,64,standardized_l2,cosine,5,5.0,0.227816,4722,3,4329,0.9167725540025413,393,0.08322744599745871,285,0.06035578144853875,0.7251908396946565,3,105.0,131.0
user_run_0783,user_standardized_l2_cosine,64,standardized_l2,cosine,5,10.0,0.266235,4722,2,3960,0.8386277001270648,762,0.1613722998729352,476,0.10080474375264718,0.6246719160104987,286,381.0,381.0
user_run_0784,user_standardized_l2_cosine,64,standardized_l2,cosine,5,15.0,0.297702,4722,1,3658,0.7746717492587887,1064,0.22532825074121135,1064,0.22532825074121135,1.0,1064,1064.0,1064.0
user_run_0785,user_standardized_l2_cosine,64,standardized_l2,cosine,5,20.0,0.325008,4722,1,3335,0.706268530283778,1387,0.29373146971622194,1387,0.29373146971622194,1.0,1387,1387.0,1387.0
user_run_0786,user_standardized_l2_cosine,64,standardized_l2,cosine,5,25.0,0.347177,4722,2,3014,0.638288860652266,1708,0.361711139347734,1703,0.3606522659889877,0.997072599531616,5,854.0,854.0
user_run_0787,user_standardized_l2_cosine,64,standardized_l2,cosine,5,30.0,0.367686,4722,1,2706,0.5730622617534943,2016,0.4269377382465057,2016,0.4269377382465057,1.0,2016,2016.0,2016.0
user_run_0788,user_standardized_l2_cosine,64,standardized_l2,cosine,5,35.0,0.38385,4722,1,2460,0.5209656925031766,2262,0.47903430749682335,2262,0.47903430749682335,1.0,2262,2262.0,2262.0
user_run_0789,user_standardized_l2_cosine,64,standardized_l2,cosine,5,40.0,0.401428,4722,1,2147,0.45468022024565863,2575,0.5453197797543414,2575,0.5453197797543414,1.0,2575,2575.0,2575.0
user_run_0790,user_standardized_l2_cosine,64,standardized_l2,cosine,5,45.0,0.415162,4722,1,1908,0.4040660736975858,2814,0.5959339263024143,2814,0.5959339263024143,1.0,2814,2814.0,2814.0
user_run_0791,user_standardized_l2_cosine,64,standardized_l2,cosine,5,50.0,0.431028,4722,1,1657,0.35091063108852183,3065,0.6490893689114782,3065,0.6490893689114782,1.0,3065,3065.0,3065.0
user_run_0792,user_standardized_l2_cosine,64,standardized_l2,cosine,5,60.0,0.461161,4722,1,1132,0.23972892842016094,3590,0.7602710715798391,3590,0.7602710715798391,1.0,3590,3590.0,3590.0
user_run_0793,user_standardized_l2_cosine,64,standardized_l2,cosine,5,70.0,0.488138,4722,1,706,0.1495129182549767,4016,0.8504870817450233,4016,0.8504870817450233,1.0,4016,4016.0,4016.0
user_run_0794,user_standardized_l2_cosine,64,standardized_l2,cosine,5,80.0,0.516442,4722,1,342,0.0724269377382465,4380,0.9275730622617535,4380,0.9275730622617535,1.0,4380,4380.0,4380.0
user_run_0795,user_standardized_l2_cosine,64,standardized_l2,cosine,5,85.0,0.532396,4722,1,209,0.04426090639559509,4513,0.9557390936044049,4513,0.9557390936044049,1.0,4513,4513.0,4513.0
user_run_0796,user_standardized_l2_cosine,64,standardized_l2,cosine,5,90.0,0.549943,4722,1,115,0.02435408725116476,4607,0.9756459127488353,4607,0.9756459127488353,1.0,4607,4607.0,4607.0
user_run_0797,user_standardized_l2_cosine,64,standardized_l2,cosine,5,95.0,0.572522,4722,1,33,0.00698856416772554,4689,0.9930114358322745,4689,0.9930114358322745,1.0,4689,4689.0,4689.0
user_run_0798,user_standardized_l2_cosine,64,standardized_l2,cosine,5,99.0,0.610728,4722,1,5,0.0010588733587462938,4717,0.9989411266412537,4717,0.9989411266412537,1.0,4717,4717.0,4717.0
user_run_0799,user_standardized_l2_cosine,64,standardized_l2,cosine,33,1.0,0.238585,4722,2,4387,0.9290554849639983,335,0.07094451503600169,269,0.05696738670055061,0.8029850746268656,66,167.5,167.5
user_run_0800,user_standardized_l2_cosine,64,standardized_l2,cosine,33,2.5,0.268186,4722,2,4186,0.8864887759423973,536,0.11351122405760271,384,0.08132147395171538,0.7164179104477612,152,268.0,268.0
user_run_0801,user_standardized_l2_cosine,64,standardized_l2,cosine,33,5.0,0.300486,4722,2,3866,0.8187208809826345,856,0.18127911901736551,565,0.11965268953833122,0.6600467289719626,291,428.0,428.0
user_run_0802,user_standardized_l2_cosine,64,standardized_l2,cosine,33,10.0,0.345326,4722,2,3307,0.7003388394747988,1415,0.2996611605252012,845,0.17894959762812368,0.5971731448763251,570,707.5,707.5
user_run_0803,user_standardized_l2_cosine,64,standardized_l2,cosine,33,15.0,0.378241,4722,1,2806,0.5942397289284201,1916,0.40576027107157986,1916,0.40576027107157986,1.0,1916,1916.0,1916.0
user_run_0804,user_standardized_l2_cosine,64,standardized_l2,cosine,33,20.0,0.404443,4722,1,2397,0.5076238881829733,2325,0.4923761118170267,2325,0.4923761118170267,1.0,2325,2325.0,2325.0
user_run_0805,user_standardized_l2_cosine,64,standardized_l2,cosine,33,25.0,0.428555,4722,1,2006,0.4248199915290131,2716,0.5751800084709868,2716,0.5751800084709868,1.0,2716,2716.0,2716.0
user_run_0806,user_standardized_l2_cosine,64,standardized_l2,cosine,33,30.0,0.448611,4722,1,1686,0.3570520965692503,3036,0.6429479034307497,3036,0.6429479034307497,1.0,3036,3036.0,3036.0
user_run_0807,user_standardized_l2_cosine,64,standardized_l2,cosine,33,35.0,0.466405,4722,1,1395,0.295425667090216,3327,0.704574332909784,3327,0.704574332909784,1.0,3327,3327.0,3327.0
user_run_0808,user_standardized_l2_cosine,64,standardized_l2,cosine,33,40.0,0.484222,4722,1,1107,0.23443456162642948,3615,0.7655654383735705,3615,0.7655654383735705,1.0,3615,3615.0,3615.0
user_run_0809,user_standardized_l2_cosine,64,standardized_l2,cosine,33,45.0,0.499019,4722,1,861,0.1823379923761118,3861,0.8176620076238882,3861,0.8176620076238882,1.0,3861,3861.0,3861.0
user_run_0810,user_standardized_l2_cosine,64,standardized_l2,cosine,33,50.0,0.514958,4722,1,621,0.1315120711562897,4101,0.8684879288437103,4101,0.8684879288437103,1.0,4101,4101.0,4101.0
user_run_0811,user_standardized_l2_cosine,64,standardized_l2,cosine,33,60.0,0.54531,4722,1,270,0.05717916137229987,4452,0.9428208386277002,4452,0.9428208386277002,1.0,4452,4452.0,4452.0
user_run_0812,user_standardized_l2_cosine,64,standardized_l2,cosine,33,70.0,0.573418,4722,1,82,0.01736552308343922,4640,0.9826344769165608,4640,0.9826344769165608,1.0,4640,4640.0,4640.0
user_run_0813,user_standardized_l2_cosine,64,standardized_l2,cosine,33,80.0,0.603188,4722,1,16,0.0033883947479881405,4706,0.9966116052520119,4706,0.9966116052520119,1.0,4706,4706.0,4706.0
user_run_0814,user_standardized_l2_cosine,64,standardized_l2,cosine,33,85.0,0.618852,4722,1,4,0.0008470986869970351,4718,0.9991529013130029,4718,0.9991529013130029,1.0,4718,4718.0,4718.0
user_run_0815,user_standardized_l2_cosine,64,standardized_l2,cosine,33,90.0,0.634978,4722,1,2,0.00042354934349851756,4720,0.9995764506565015,4720,0.9995764506565015,1.0,4720,4720.0,4720.0
user_run_0816,user_standardized_l2_cosine,64,standardized_l2,cosine,33,95.0,0.655512,4722,1,0,0.0,4722,1.0,4722,1.0,1.0,4722,4722.0,4722.0
user_run_0817,user_standardized_l2_cosine,64,standardized_l2,cosine,33,99.0,0.688822,4722,1,0,0.0,4722,1.0,4722,1.0,1.0,4722,4722.0,4722.0
user_run_0818,user_standardized_l2_cosine,64,standardized_l2,cosine,65,1.0,0.274188,4722,2,4259,0.9019483269800932,463,0.09805167301990682,365,0.07729775518847946,0.7883369330453563,98,231.5,231.5
user_run_0819,user_standardized_l2_cosine,64,standardized_l2,cosine,65,2.5,0.304416,4722,2,4010,0.8492164337145277,712,0.15078356628547226,517,0.1094875052943668,0.726123595505618,195,356.0,356.0
user_run_0820,user_standardized_l2_cosine,64,standardized_l2,cosine,65,5.0,0.336758,4722,2,3632,0.7691656077933079,1090,0.23083439220669208,701,0.1484540448962304,0.6431192660550459,389,545.0,545.0
user_run_0821,user_standardized_l2_cosine,64,standardized_l2,cosine,65,10.0,0.383341,4722,2,2957,0.6262177043625582,1765,0.37378229563744175,1036,0.21939855993223212,0.5869688385269122,729,882.5,882.5
user_run_0822,user_standardized_l2_cosine,64,standardized_l2,cosine,65,15.0,0.414809,4722,1,2409,0.5101651842439644,2313,0.4898348157560356,2313,0.4898348157560356,1.0,2313,2313.0,2313.0
user_run_0823,user_standardized_l2_cosine,64,standardized_l2,cosine,65,20.0,0.442146,4722,1,1948,0.4125370605675561,2774,0.5874629394324439,2774,0.5874629394324439,1.0,2774,2774.0,2774.0
user_run_0824,user_standardized_l2_cosine,64,standardized_l2,cosine,65,25.0,0.464593,4722,1,1595,0.3377806014400678,3127,0.6622193985599323,3127,0.6622193985599323,1.0,3127,3127.0,3127.0
user_run_0825,user_standardized_l2_cosine,64,standardized_l2,cosine,65,30.0,0.485337,4722,1,1263,0.2674714104193138,3459,0.7325285895806861,3459,0.7325285895806861,1.0,3459,3459.0,3459.0
user_run_0826,user_standardized_l2_cosine,64,standardized_l2,cosine,65,35.0,0.503697,4722,1,959,0.20309191020753917,3763,0.7969080897924609,3763,0.7969080897924609,1.0,3763,3763.0,3763.0
user_run_0827,user_standardized_l2_cosine,64,standardized_l2,cosine,65,40.0,0.520723,4722,1,696,0.1473951715374841,4026,0.8526048284625158,4026,0.8526048284625158,1.0,4026,4026.0,4026.0
user_run_0828,user_standardized_l2_cosine,64,standardized_l2,cosine,65,45.0,0.536846,4722,1,476,0.10080474375264718,4246,0.8991952562473529,4246,0.8991952562473529,1.0,4246,4246.0,4246.0
user_run_0829,user_standardized_l2_cosine,64,standardized_l2,cosine,65,50.0,0.550715,4722,1,328,0.06946209233375689,4394,0.9305379076662431,4394,0.9305379076662431,1.0,4394,4394.0,4394.0
user_run_0830,user_standardized_l2_cosine,64,standardized_l2,cosine,65,60.0,0.581206,4722,1,89,0.018847945785684033,4633,0.981152054214316,4633,0.981152054214316,1.0,4633,4633.0,4633.0
user_run_0831,user_standardized_l2_cosine,64,standardized_l2,cosine,65,70.0,0.608481,4722,1,18,0.0038119440914866584,4704,0.9961880559085133,4704,0.9961880559085133,1.0,4704,4704.0,4704.0
user_run_0832,user_standardized_l2_cosine,64,standardized_l2,cosine,65,80.0,0.637716,4722,1,3,0.0006353240152477764,4719,0.9993646759847522,4719,0.9993646759847522,1.0,4719,4719.0,4719.0
user_run_0833,user_standardized_l2_cosine,64,standardized_l2,cosine,65,85.0,0.652304,4722,1,1,0.00021177467174925878,4721,0.9997882253282507,4721,0.9997882253282507,1.0,4721,4721.0,4721.0
user_run_0834,user_standardized_l2_cosine,64,standardized_l2,cosine,65,90.0,0.66864,4722,1,0,0.0,4722,1.0,4722,1.0,1.0,4722,4722.0,4722.0
user_run_0835,user_standardized_l2_cosine,64,standardized_l2,cosine,65,95.0,0.68899,4722,1,0,0.0,4722,1.0,4722,1.0,1.0,4722,4722.0,4722.0
user_run_0836,user_standardized_l2_cosine,64,standardized_l2,cosine,65,99.0,0.719106,4722,1,0,0.0,4722,1.0,4722,1.0,1.0,4722,4722.0,4722.0
user_run_0837,user_standardized_l2_cosine,64,standardized_l2,cosine,128,1.0,0.323199,4722,2,4064,0.8606522659889877,658,0.13934773401101228,522,0.11054637865311309,0.7933130699088146,136,329.0,329.0
user_run_0838,user_standardized_l2_cosine,64,standardized_l2,cosine,128,2.5,0.354182,4722,2,3753,0.7947903430749682,969,0.20520965692503176,709,0.15014824227022447,0.7316821465428277,260,484.5,484.5
user_run_0839,user_standardized_l2_cosine,64,standardized_l2,cosine,128,5.0,0.387205,4722,2,3246,0.6874205844980941,1476,0.312579415501906,925,0.19589157136806437,0.6266937669376694,551,738.0,738.0
user_run_0840,user_standardized_l2_cosine,64,standardized_l2,cosine,128,10.0,0.432243,4722,2,2466,0.5222363405336722,2256,0.4777636594663278,1276,0.2702244811520542,0.5656028368794326,980,1128.0,1128.0
user_run_0841,user_standardized_l2_cosine,64,standardized_l2,cosine,128,15.0,0.462779,4722,2,1911,0.40470139771283353,2811,0.5952986022871665,1532,0.32443879711986445,0.5450017787264319,1279,1405.5,1405.5
user_run_0842,user_standardized_l2_cosine,64,standardized_l2,cosine,128,20.0,0.488803,4722,1,1442,0.3053790766624312,3280,0.6946209233375689,3280,0.6946209233375689,1.0,3280,3280.0,3280.0
user_run_0843,user_standardized_l2_cosine,64,standardized_l2,cosine,128,25.0,0.510028,4722,1,1089,0.23062261753494281,3633,0.7693773824650572,3633,0.7693773824650572,1.0,3633,3633.0,3633.0
user_run_0844,user_standardized_l2_cosine,64,standardized_l2,cosine,128,30.0,0.530158,4722,1,794,0.1681490893689115,3928,0.8318509106310885,3928,0.8318509106310885,1.0,3928,3928.0,3928.0
user_run_0845,user_standardized_l2_cosine,64,standardized_l2,cosine,128,35.0,0.54849,4722,1,541,0.114570097416349,4181,0.885429902583651,4181,0.885429902583651,1.0,4181,4181.0,4181.0
user_run_0846,user_standardized_l2_cosine,64,standardized_l2,cosine,128,40.0,0.565581,4722,1,333,0.07052096569250317,4389,0.9294790343074968,4389,0.9294790343074968,1.0,4389,4389.0,4389.0
user_run_0847,user_standardized_l2_cosine,64,standardized_l2,cosine,128,45.0,0.580478,4722,1,189,0.040025412960609914,4533,0.9599745870393901,4533,0.9599745870393901,1.0,4533,4533.0,4533.0
user_run_0848,user_standardized_l2_cosine,64,standardized_l2,cosine,128,50.0,0.594915,4722,1,99,0.02096569250317662,4623,0.9790343074968234,4623,0.9790343074968234,1.0,4623,4623.0,4623.0
user_run_0849,user_standardized_l2_cosine,64,standardized_l2,cosine,128,60.0,0.621806,4722,1,16,0.0033883947479881405,4706,0.9966116052520119,4706,0.9966116052520119,1.0,4706,4706.0,4706.0
user_run_0850,user_standardized_l2_cosine,64,standardized_l2,cosine,128,70.0,0.648752,4722,1,2,0.00042354934349851756,4720,0.9995764506565015,4720,0.9995764506565015,1.0,4720,4720.0,4720.0
user_run_0851,user_standardized_l2_cosine,64,standardized_l2,cosine,128,80.0,0.677283,4722,1,0,0.0,4722,1.0,4722,1.0,1.0,4722,4722.0,4722.0
user_run_0852,user_standardized_l2_cosine,64,standardized_l2,cosine,128,85.0,0.691992,4722,1,0,0.0,4722,1.0,4722,1.0,1.0,4722,4722.0,4722.0
user_run_0853,user_standardized_l2_cosine,64,standardized_l2,cosine,128,90.0,0.707454,4722,1,0,0.0,4722,1.0,4722,1.0,1.0,4722,4722.0,4722.0
user_run_0854,user_standardized_l2_cosine,64,standardized_l2,cosine,128,95.0,0.725177,4722,1,0,0.0,4722,1.0,4722,1.0,1.0,4722,4722.0,4722.0
user_run_0855,user_standardized_l2_cosine,64,standardized_l2,cosine,128,99.0,0.752788,4722,1,0,0.0,4722,1.0,4722,1.0,1.0,4722,4722.0,4722.0
