user_idx,user_id,user_cluster,is_noise,user_cluster_label,cluster_size,selected_run_key,space_name,preprocessing,metric,eps,min_samples,eps_percentile
0,1,0,False,cluster_0,1279,user_run_0841,user_standardized_l2_cosine,standardized_l2,cosine,0.462779,128,15.0
1,2,-1,True,noise,1911,user_run_0841,user_standardized_l2_cosine,standardized_l2,cosine,0.462779,128,15.0
2,3,0,False,cluster_0,1279,user_run_0841,user_standardized_l2_cosine,standardized_l2,cosine,0.462779,128,15.0
3,5,1,False,cluster_1,1532,user_run_0841,user_standardized_l2_cosine,standardized_l2,cosine,0.462779,128,15.0
4,6,0,False,cluster_0,1279,user_run_0841,user_standardized_l2_cosine,standardized_l2,cosine,0.462779,128,15.0
5,8,-1,True,noise,1911,user_run_0841,user_standardized_l2_cosine,standardized_l2,cosine,0.462779,128,15.0
6,9,1,False,cluster_1,1532,user_run_0841,user_standardized_l2_cosine,standardized_l2,cosine,0.462779,128,15.0
7,10,0,False,cluster_0,1279,user_run_0841,user_standardized_l2_cosine,standardized_l2,cosine,0.462779,128,15.0
8,11,-1,True,noise,1911,user_run_0841,user_standardized_l2_cosine,standardized_l2,cosine,0.462779,128,15.0
9,13,1,False,cluster_1,1532,user_run_0841,user_standardized_l2_cosine,standardized_l2,cosine,0.462779,128,15.0
10,15,-1,True,noise,1911,user_run_0841,user_standardized_l2_cosine,standardized_l2,cosine,0.462779,128,15.0
11,17,1,False,cluster_1,1532,user_run_0841,user_standardized_l2_cosine,standardized_l2,cosine,0.462779,128,15.0
12,18,-1,True,noise,1911,user_run_0841,user_standardized_l2_cosine,standardized_l2,cosine,0.462779,128,15.0
13,19,-1,True,noise,1911,user_run_0841,user_standardized_l2_cosine,standardized_l2,cosine,0.462779,128,15.0
14,22,1,False,cluster_1,1532,user_run_0841,user_standardized_l2_cosine,standardized_l2,cosine,0.462779,128,15.0
15,23,-1,True,noise,1911,user_run_0841,user_standardized_l2_cosine,standardized_l2,cosine,0.462779,128,15.0
16,24,1,False,cluster_1,1532,user_run_0841,user_standardized_l2_cosine,standardized_l2,cosine,0.462779,128,15.0
17,25,-1,True,noise,1911,user_run_0841,user_standardized_l2_cosine,standardized_l2,cosine,0.462779,128,15.0
18,26,0,False,cluster_0,1279,user_run_0841,user_standardized_l2_cosine,standardized_l2,cosine,0.462779,128,15.0
19,27,1,False,cluster_1,1532,user_run_0841,user_standardized_l2_cosine,standardized_l2,cosine,0.462779,128,15.0
20,28,-1,True,noise,1911,user_run_0841,user_standardized_l2_cosine,standardized_l2,cosine,0.462779,128,15.0
21,29,-1,True,noise,1911,user_run_0841,user_standardized_l2_cosine,standardized_l2,cosine,0.462779,128,15.0
22,30,0,False,cluster_0,1279,user_run_0841,user_standardized_l2_cosine,standardized_l2,cosine,0.462779,128,15.0
23,31,-1,True,noise,1911,user_run_0841,user_standardized_l2_cosine,standardized_l2,cosine,0.462779,128,15.0
24,32,0,False,cluster_0,1279,user_run_0841,user_standardized_l2_cosine,standardized_l2,cosine,0.462779,128,15.0
25,33,-1,True,noise,1911,user_run_0841,user_standardized_l2_cosine,standardized_l2,cosine,0.462779,128,15.0
26,34,-1,True,noise,1911,user_run_0841,user_standardized_l2_cosine,standardized_l2,cosine,0.462779,128,15.0
27,35,1,False,cluster_1,1532,user_run_0841,user_standardized_l2_cosine,standardized_l2,cosine,0.462779,128,15.0
28,36,-1,True,noise,1911,user_run_0841,user_standardized_l2_cosine,standardized_l2,cosine,0.462779,128,15.0
29,37,0,False,cluster_0,1279,user_run_0841,user_standardized_l2_cosine,standardized_l2,cosine,0.462779,128,15.0
30,38,1,False,cluster_1,1532,user_run_0841,user_standardized_l2_cosine,standardized_l2,cosine,0.462779,128,15.0
31,39,1,False,cluster_1,1532,user_run_0841,user_standardized_l2_cosine,standardized_l2,cosine,0.462779,128,15.0
32,40,-1,True,noise,1911,user_run_0841,user_standardized_l2_cosine,standardized_l2,cosine,0.462779,128,15.0
33,42,0,False,cluster_0,1279,user_run_0841,user_standardized_l2_cosine,standardized_l2,cosine,0.462779,128,15.0
34,44,-1,True,noise,1911,user_run_0841,user_standardized_l2_cosine,standardized_l2,cosine,0.462779,128,15.0
35,45,0,False,cluster_0,1279,user_run_0841,user_standardized_l2_cosine,standardized_l2,cosine,0.462779,128,15.0
36,48,1,False,cluster_1,1532,user_run_0841,user_standardized_l2_cosine,standardized_l2,cosine,0.462779,128,15.0
37,49,-1,True,noise,1911,user_run_0841,user_standardized_l2_cosine,standardized_l2,cosine,0.462779,128,15.0
38,50,1,False,cluster_1,1532,user_run_0841,user_standardized_l2_cosine,standardized_l2,cosine,0.462779,128,15.0
39,51,0,False,cluster_0,1279,user_run_0841,user_standardized_l2_cosine,standardized_l2,cosine,0.462779,128,15.0
40,52,-1,True,noise,1911,user_run_0841,user_standardized_l2_cosine,standardized_l2,cosine,0.462779,128,15.0
41,53,1,False,cluster_1,1532,user_run_0841,user_standardized_l2_cosine,standardized_l2,cosine,0.462779,128,15.0
42,54,1,False,cluster_1,1532,user_run_0841,user_standardized_l2_cosine,standardized_l2,cosine,0.462779,128,15.0
43,56,-1,True,noise,1911,user_run_0841,user_standardized_l2_cosine,standardized_l2,cosine,0.462779,128,15.0
44,57,1,False,cluster_1,1532,user_run_0841,user_standardized_l2_cosine,standardized_l2,cosine,0.462779,128,15.0
45,58,1,False,cluster_1,1532,user_run_0841,user_standardized_l2_cosine,standardized_l2,cosine,0.462779,128,15.0
46,59,-1,True,noise,1911,user_run_0841,user_standardized_l2_cosine,standardized_l2,cosine,0.462779,128,15.0
47,60,0,False,cluster_0,1279,user_run_0841,user_standardized_l2_cosine,standardized_l2,cosine,0.462779,128,15.0
48,62,-1,True,noise,1911,user_run_0841,user_standardized_l2_cosine,standardized_l2,cosine,0.462779,128,15.0
49,63,1,False,cluster_1,1532,user_run_0841,user_standardized_l2_cosine,standardized_l2,cosine,0.462779,128,15.0
50,65,0,False,cluster_0,1279,user_run_0841,user_standardized_l2_cosine,standardized_l2,cosine,0.462779,128,15.0
51,67,0,False,cluster_0,1279,user_run_0841,user_standardized_l2_cosine,standardized_l2,cosine,0.462779,128,15.0
52,68,-1,True,noise,1911,user_run_0841,user_standardized_l2_cosine,standardized_l2,cosine,0.462779,128,15.0
53,69,1,False,cluster_1,1532,user_run_0841,user_standardized_l2_cosine,standardized_l2,cosine,0.462779,128,15.0
54,70,-1,True,noise,1911,user_run_0841,user_standardized_l2_cosine,standardized_l2,cosine,0.462779,128,15.0
55,72,0,False,cluster_0,1279,user_run_0841,user_standardized_l2_cosine,standardized_l2,cosine,0.462779,128,15.0
56,73,-1,True,noise,1911,user_run_0841,user_standardized_l2_cosine,standardized_l2,cosine,0.462779,128,15.0
57,74,1,False,cluster_1,1532,user_run_0841,user_standardized_l2_cosine,standardized_l2,cosine,0.462779,128,15.0
58,75,0,False,cluster_0,1279,user_run_0841,user_standardized_l2_cosine,standardized_l2,cosine,0.462779,128,15.0
59,76,1,False,cluster_1,1532,user_run_0841,user_standardized_l2_cosine,standardized_l2,cosine,0.462779,128,15.0
60,78,-1,True,noise,1911,user_run_0841,user_standardized_l2_cosine,standardized_l2,cosine,0.462779,128,15.0
61,80,0,False,cluster_0,1279,user_run_0841,user_standardized_l2_cosine,standardized_l2,cosine,0.462779,128,15.0
62,81,1,False,cluster_1,1532,user_run_0841,user_standardized_l2_cosine,standardized_l2,cosine,0.462779,128,15.0
63,82,1,False,cluster_1,1532,user_run_0841,user_standardized_l2_cosine,standardized_l2,cosine,0.462779,128,15.0
64,83,0,False,cluster_0,1279,user_run_0841,user_standardized_l2_cosine,standardized_l2,cosine,0.462779,128,15.0
65,86,0,False,cluster_0,1279,user_run_0841,user_standardized_l2_cosine,standardized_l2,cosine,0.462779,128,15.0
66,87,0,False,cluster_0,1279,user_run_0841,user_standardized_l2_cosine,standardized_l2,cosine,0.462779,128,15.0
67,88,-1,True,noise,1911,user_run_0841,user_standardized_l2_cosine,standardized_l2,cosine,0.462779,128,15.0
68,90,-1,True,noise,1911,user_run_0841,user_standardized_l2_cosine,standardized_l2,cosine,0.462779,128,15.0
69,91,0,False,cluster_0,1279,user_run_0841,user_standardized_l2_cosine,standardized_l2,cosine,0.462779,128,15.0
70,92,0,False,cluster_0,1279,user_run_0841,user_standardized_l2_cosine,standardized_l2,cosine,0.462779,128,15.0
71,93,-1,True,noise,1911,user_run_0841,user_standardized_l2_cosine,standardized_l2,cosine,0.462779,128,15.0
72,95,1,False,cluster_1,1532,user_run_0841,user_standardized_l2_cosine,standardized_l2,cosine,0.462779,128,15.0
73,96,0,False,cluster_0,1279,user_run_0841,user_standardized_l2_cosine,standardized_l2,cosine,0.462779,128,15.0
74,97,1,False,cluster_1,1532,user_run_0841,user_standardized_l2_cosine,standardized_l2,cosine,0.462779,128,15.0
75,99,0,False,cluster_0,1279,user_run_0841,user_standardized_l2_cosine,standardized_l2,cosine,0.462779,128,15.0
76,100,-1,True,noise,1911,user_run_0841,user_standardized_l2_cosine,standardized_l2,cosine,0.462779,128,15.0
77,101,0,False,cluster_0,1279,user_run_0841,user_standardized_l2_cosine,standardized_l2,cosine,0.462779,128,15.0
78,102,-1,True,noise,1911,user_run_0841,user_standardized_l2_cosine,standardized_l2,cosine,0.462779,128,15.0
79,103,0,False,cluster_0,1279,user_run_0841,user_standardized_l2_cosine,standardized_l2,cosine,0.462779,128,15.0
80,104,0,False,cluster_0,1279,user_run_0841,user_standardized_l2_cosine,standardized_l2,cosine,0.462779,128,15.0
81,105,1,False,cluster_1,1532,user_run_0841,user_standardized_l2_cosine,standardized_l2,cosine,0.462779,128,15.0
82,106,-1,True,noise,1911,user_run_0841,user_standardized_l2_cosine,standardized_l2,cosine,0.462779,128,15.0
83,107,1,False,cluster_1,1532,user_run_0841,user_standardized_l2_cosine,standardized_l2,cosine,0.462779,128,15.0
84,109,0,False,cluster_0,1279,user_run_0841,user_standardized_l2_cosine,standardized_l2,cosine,0.462779,128,15.0
85,110,1,False,cluster_1,1532,user_run_0841,user_standardized_l2_cosine,standardized_l2,cosine,0.462779,128,15.0
86,111,1,False,cluster_1,1532,user_run_0841,user_standardized_l2_cosine,standardized_l2,cosine,0.462779,128,15.0
87,112,-1,True,noise,1911,user_run_0841,user_standardized_l2_cosine,standardized_l2,cosine,0.462779,128,15.0
88,113,0,False,cluster_0,1279,user_run_0841,user_standardized_l2_cosine,standardized_l2,cosine,0.462779,128,15.0
89,114,1,False,cluster_1,1532,user_run_0841,user_standardized_l2_cosine,standardized_l2,cosine,0.462779,128,15.0
90,116,-1,True,noise,1911,user_run_0841,user_standardized_l2_cosine,standardized_l2,cosine,0.462779,128,15.0
91,117,0,False,cluster_0,1279,user_run_0841,user_standardized_l2_cosine,standardized_l2,cosine,0.462779,128,15.0
92,118,-1,True,noise,1911,user_run_0841,user_standardized_l2_cosine,standardized_l2,cosine,0.462779,128,15.0
93,119,0,False,cluster_0,1279,user_run_0841,user_standardized_l2_cosine,standardized_l2,cosine,0.462779,128,15.0
94,120,1,False,cluster_1,1532,user_run_0841,user_standardized_l2_cosine,standardized_l2,cosine,0.462779,128,15.0
95,121,1,False,cluster_1,1532,user_run_0841,user_standardized_l2_cosine,standardized_l2,cosine,0.462779,128,15.0
96,122,-1,True,noise,1911,user_run_0841,user_standardized_l2_cosine,standardized_l2,cosine,0.462779,128,15.0
97,123,1,False,cluster_1,1532,user_run_0841,user_standardized_l2_cosine,standardized_l2,cosine,0.462779,128,15.0
98,125,0,False,cluster_0,1279,user_run_0841,user_standardized_l2_cosine,standardized_l2,cosine,0.462779,128,15.0
99,126,-1,True,noise,1911,user_run_0841,user_standardized_l2_cosine,standardized_l2,cosine,0.462779,128,15.0
100,127,1,False,cluster_1,1532,user_run_0841,user_standardized_l2_cosine,standardized_l2,cosine,0.462779,128,15.0
101,129,1,False,cluster_1,1532,user_run_0841,user_standardized_l2_cosine,standardized_l2,cosine,0.462779,128,15.0
102,130,-1,True,noise,1911,user_run_0841,user_standardized_l2_cosine,standardized_l2,cosine,0.462779,128,15.0
103,131,1,False,cluster_1,1532,user_run_0841,user_standardized_l2_cosine,standardized_l2,cosine,0.462779,128,15.0
104,132,-1,True,noise,1911,user_run_0841,user_standardized_l2_cosine,standardized_l2,cosine,0.462779,128,15.0
105,133,0,False,cluster_0,1279,user_run_0841,user_standardized_l2_cosine,standardized_l2,cosine,0.462779,128,15.0
106,134,-1,True,noise,1911,user_run_0841,user_standardized_l2_cosine,standardized_l2,cosine,0.462779,128,15.0
107,135,1,False,cluster_1,1532,user_run_0841,user_standardized_l2_cosine,standardized_l2,cosine,0.462779,128,15.0
108,136,0,False,cluster_0,1279,user_run_0841,user_standardized_l2_cosine,standardized_l2,cosine,0.462779,128,15.0
109,137,-1,True,noise,1911,user_run_0841,user_standardized_l2_cosine,standardized_l2,cosine,0.462779,128,15.0
110,138,1,False,cluster_1,1532,user_run_0841,user_standardized_l2_cosine,standardized_l2,cosine,0.462779,128,15.0
111,139,-1,True,noise,1911,user_run_0841,user_standardized_l2_cosine,standardized_l2,cosine,0.462779,128,15.0
112,140,0,False,cluster_0,1279,user_run_0841,user_standardized_l2_cosine,standardized_l2,cosine,0.462779,128,15.0
113,142,-1,True,noise,1911,user_run_0841,user_standardized_l2_cosine,standardized_l2,cosine,0.462779,128,15.0
114,143,-1,True,noise,1911,user_run_0841,user_standardized_l2_cosine,standardized_l2,cosine,0.462779,128,15.0
115,146,-1,True,noise,1911,user_run_0841,user_standardized_l2_cosine,standardized_l2,cosine,0.462779,128,15.0
116,147,0,False,cluster_0,1279,user_run_0841,user_standardized_l2_cosine,standardized_l2,cosine,0.462779,128,15.0
117,148,0,False,cluster_0,1279,user_run_0841,user_standardized_l2_cosine,standardized_l2,cosine,0.462779,128,15.0
118,149,1,False,cluster_1,1532,user_run_0841,user_standardized_l2_cosine,standardized_l2,cosine,0.462779,128,15.0
119,150,-1,True,noise,1911,user_run_0841,user_standardized_l2_cosine,standardized_l2,cosine,0.462779,128,15.0
120,151,-1,True,noise,1911,user_run_0841,user_standardized_l2_cosine,standardized_l2,cosine,0.462779,128,15.0
121,154,-1,True,noise,1911,user_run_0841,user_standardized_l2_cosine,standardized_l2,cosine,0.462779,128,15.0
122,155,-1,True,noise,1911,user_run_0841,user_standardized_l2_cosine,standardized_l2,cosine,0.462779,128,15.0
123,156,0,False,cluster_0,1279,user_run_0841,user_standardized_l2_cosine,standardized_l2,cosine,0.462779,128,15.0
124,157,1,False,cluster_1,1532,user_run_0841,user_standardized_l2_cosine,standardized_l2,cosine,0.462779,128,15.0
125,161,-1,True,noise,1911,user_run_0841,user_standardized_l2_cosine,standardized_l2,cosine,0.462779,128,15.0
126,162,0,False,cluster_0,1279,user_run_0841,user_standardized_l2_cosine,standardized_l2,cosine,0.462779,128,15.0
127,163,0,False,cluster_0,1279,user_run_0841,user_standardized_l2_cosine,standardized_l2,cosine,0.462779,128,15.0
128,165,0,False,cluster_0,1279,user_run_0841,user_standardized_l2_cosine,standardized_l2,cosine,0.462779,128,15.0
129,166,1,False,cluster_1,1532,user_run_0841,user_standardized_l2_cosine,standardized_l2,cosine,0.462779,128,15.0
130,167,-1,True,noise,1911,user_run_0841,user_standardized_l2_cosine,standardized_l2,cosine,0.462779,128,15.0
131,169,0,False,cluster_0,1279,user_run_0841,user_standardized_l2_cosine,standardized_l2,cosine,0.462779,128,15.0
132,170,1,False,cluster_1,1532,user_run_0841,user_standardized_l2_cosine,standardized_l2,cosine,0.462779,128,15.0
133,173,1,False,cluster_1,1532,user_run_0841,user_standardized_l2_cosine,standardized_l2,cosine,0.462779,128,15.0
134,174,0,False,cluster_0,1279,user_run_0841,user_standardized_l2_cosine,standardized_l2,cosine,0.462779,128,15.0
135,175,1,False,cluster_1,1532,user_run_0841,user_standardized_l2_cosine,standardized_l2,cosine,0.462779,128,15.0
136,176,0,False,cluster_0,1279,user_run_0841,user_standardized_l2_cosine,standardized_l2,cosine,0.462779,128,15.0
137,177,0,False,cluster_0,1279,user_run_0841,user_standardized_l2_cosine,standardized_l2,cosine,0.462779,128,15.0
138,178,0,False,cluster_0,1279,user_run_0841,user_standardized_l2_cosine,standardized_l2,cosine,0.462779,128,15.0
139,179,1,False,cluster_1,1532,user_run_0841,user_standardized_l2_cosine,standardized_l2,cosine,0.462779,128,15.0
140,180,1,False,cluster_1,1532,user_run_0841,user_standardized_l2_cosine,standardized_l2,cosine,0.462779,128,15.0
141,181,1,False,cluster_1,1532,user_run_0841,user_standardized_l2_cosine,standardized_l2,cosine,0.462779,128,15.0
142,182,-1,True,noise,1911,user_run_0841,user_standardized_l2_cosine,standardized_l2,cosine,0.462779,128,15.0
143,183,-1,True,noise,1911,user_run_0841,user_standardized_l2_cosine,standardized_l2,cosine,0.462779,128,15.0
144,184,-1,True,noise,1911,user_run_0841,user_standardized_l2_cosine,standardized_l2,cosine,0.462779,128,15.0
145,185,0,False,cluster_0,1279,user_run_0841,user_standardized_l2_cosine,standardized_l2,cosine,0.462779,128,15.0
146,186,1,False,cluster_1,1532,user_run_0841,user_standardized_l2_cosine,standardized_l2,cosine,0.462779,128,15.0
147,187,1,False,cluster_1,1532,user_run_0841,user_standardized_l2_cosine,standardized_l2,cosine,0.462779,128,15.0
148,188,0,False,cluster_0,1279,user_run_0841,user_standardized_l2_cosine,standardized_l2,cosine,0.462779,128,15.0
149,190,-1,True,noise,1911,user_run_0841,user_standardized_l2_cosine,standardized_l2,cosine,0.462779,128,15.0
150,192,1,False,cluster_1,1532,user_run_0841,user_standardized_l2_cosine,standardized_l2,cosine,0.462779,128,15.0
151,193,-1,True,noise,1911,user_run_0841,user_standardized_l2_cosine,standardized_l2,cosine,0.462779,128,15.0
152,194,0,False,cluster_0,1279,user_run_0841,user_standardized_l2_cosine,standardized_l2,cosine,0.462779,128,15.0
153,195,1,False,cluster_1,1532,user_run_0841,user_standardized_l2_cosine,standardized_l2,cosine,0.462779,128,15.0
154,198,-1,True,noise,1911,user_run_0841,user_standardized_l2_cosine,standardized_l2,cosine,0.462779,128,15.0
155,199,-1,True,noise,1911,user_run_0841,user_standardized_l2_cosine,standardized_l2,cosine,0.462779,128,15.0
156,201,-1,True,noise,1911,user_run_0841,user_standardized_l2_cosine,standardized_l2,cosine,0.462779,128,15.0
157,202,0,False,cluster_0,1279,user_run_0841,user_standardized_l2_cosine,standardized_l2,cosine,0.462779,128,15.0
158,203,-1,True,noise,1911,user_run_0841,user_standardized_l2_cosine,standardized_l2,cosine,0.462779,128,15.0
159,204,0,False,cluster_0,1279,user_run_0841,user_standardized_l2_cosine,standardized_l2,cosine,0.462779,128,15.0
160,205,-1,True,noise,1911,user_run_0841,user_standardized_l2_cosine,standardized_l2,cosine,0.462779,128,15.0
161,208,-1,True,noise,1911,user_run_0841,user_standardized_l2_cosine,standardized_l2,cosine,0.462779,128,15.0
162,210,-1,True,noise,1911,user_run_0841,user_standardized_l2_cosine,standardized_l2,cosine,0.462779,128,15.0
163,212,0,False,cluster_0,1279,user_run_0841,user_standardized_l2_cosine,standardized_l2,cosine,0.462779,128,15.0
164,214,1,False,cluster_1,1532,user_run_0841,user_standardized_l2_cosine,standardized_l2,cosine,0.462779,128,15.0
165,216,0,False,cluster_0,1279,user_run_0841,user_standardized_l2_cosine,standardized_l2,cosine,0.462779,128,15.0
166,218,1,False,cluster_1,1532,user_run_0841,user_standardized_l2_cosine,standardized_l2,cosine,0.462779,128,15.0
167,220,1,False,cluster_1,1532,user_run_0841,user_standardized_l2_cosine,standardized_l2,cosine,0.462779,128,15.0
168,222,-1,True,noise,1911,user_run_0841,user_standardized_l2_cosine,standardized_l2,cosine,0.462779,128,15.0
169,223,0,False,cluster_0,1279,user_run_0841,user_standardized_l2_cosine,standardized_l2,cosine,0.462779,128,15.0
170,224,-1,True,noise,1911,user_run_0841,user_standardized_l2_cosine,standardized_l2,cosine,0.462779,128,15.0
171,225,1,False,cluster_1,1532,user_run_0841,user_standardized_l2_cosine,standardized_l2,cosine,0.462779,128,15.0
172,229,-1,True,noise,1911,user_run_0841,user_standardized_l2_cosine,standardized_l2,cosine,0.462779,128,15.0
173,230,-1,True,noise,1911,user_run_0841,user_standardized_l2_cosine,standardized_l2,cosine,0.462779,128,15.0
174,231,0,False,cluster_0,1279,user_run_0841,user_standardized_l2_cosine,standardized_l2,cosine,0.462779,128,15.0
175,232,1,False,cluster_1,1532,user_run_0841,user_standardized_l2_cosine,standardized_l2,cosine,0.462779,128,15.0
176,233,0,False,cluster_0,1279,user_run_0841,user_standardized_l2_cosine,standardized_l2,cosine,0.462779,128,15.0
177,235,1,False,cluster_1,1532,user_run_0841,user_standardized_l2_cosine,standardized_l2,cosine,0.462779,128,15.0
178,236,0,False,cluster_0,1279,user_run_0841,user_standardized_l2_cosine,standardized_l2,cosine,0.462779,128,15.0
179,237,0,False,cluster_0,1279,user_run_0841,user_standardized_l2_cosine,standardized_l2,cosine,0.462779,128,15.0
180,238,-1,True,noise,1911,user_run_0841,user_standardized_l2_cosine,standardized_l2,cosine,0.462779,128,15.0
181,239,1,False,cluster_1,1532,user_run_0841,user_standardized_l2_cosine,standardized_l2,cosine,0.462779,128,15.0
182,240,-1,True,noise,1911,user_run_0841,user_standardized_l2_cosine,standardized_l2,cosine,0.462779,128,15.0
183,241,0,False,cluster_0,1279,user_run_0841,user_standardized_l2_cosine,standardized_l2,cosine,0.462779,128,15.0
184,242,-1,True,noise,1911,user_run_0841,user_standardized_l2_cosine,standardized_l2,cosine,0.462779,128,15.0
185,244,1,False,cluster_1,1532,user_run_0841,user_standardized_l2_cosine,standardized_l2,cosine,0.462779,128,15.0
186,245,1,False,cluster_1,1532,user_run_0841,user_standardized_l2_cosine,standardized_l2,cosine,0.462779,128,15.0
187,249,-1,True,noise,1911,user_run_0841,user_standardized_l2_cosine,standardized_l2,cosine,0.462779,128,15.0
188,251,-1,True,noise,1911,user_run_0841,user_standardized_l2_cosine,standardized_l2,cosine,0.462779,128,15.0
189,252,1,False,cluster_1,1532,user_run_0841,user_standardized_l2_cosine,standardized_l2,cosine,0.462779,128,15.0
190,253,0,False,cluster_0,1279,user_run_0841,user_standardized_l2_cosine,standardized_l2,cosine,0.462779,128,15.0
191,255,1,False,cluster_1,1532,user_run_0841,user_standardized_l2_cosine,standardized_l2,cosine,0.462779,128,15.0
192,256,1,False,cluster_1,1532,user_run_0841,user_standardized_l2_cosine,standardized_l2,cosine,0.462779,128,15.0
193,257,1,False,cluster_1,1532,user_run_0841,user_standardized_l2_cosine,standardized_l2,cosine,0.462779,128,15.0
194,258,0,False,cluster_0,1279,user_run_0841,user_standardized_l2_cosine,standardized_l2,cosine,0.462779,128,15.0
195,259,1,False,cluster_1,1532,user_run_0841,user_standardized_l2_cosine,standardized_l2,cosine,0.462779,128,15.0
196,260,-1,True,noise,1911,user_run_0841,user_standardized_l2_cosine,standardized_l2,cosine,0.462779,128,15.0
197,261,-1,True,noise,1911,user_run_0841,user_standardized_l2_cosine,standardized_l2,cosine,0.462779,128,15.0
198,262,-1,True,noise,1911,user_run_0841,user_standardized_l2_cosine,standardized_l2,cosine,0.462779,128,15.0
199,263,1,False,cluster_1,1532,user_run_0841,user_standardized_l2_cosine,standardized_l2,cosine,0.462779,128,15.0
200,264,0,False,cluster_0,1279,user_run_0841,user_standardized_l2_cosine,standardized_l2,cosine,0.462779,128,15.0
201,265,1,False,cluster_1,1532,user_run_0841,user_standardized_l2_cosine,standardized_l2,cosine,0.462779,128,15.0
202,266,1,False,cluster_1,1532,user_run_0841,user_standardized_l2_cosine,standardized_l2,cosine,0.462779,128,15.0
203,267,-1,True,noise,1911,user_run_0841,user_standardized_l2_cosine,standardized_l2,cosine,0.462779,128,15.0
204,268,0,False,cluster_0,1279,user_run_0841,user_standardized_l2_cosine,standardized_l2,cosine,0.462779,128,15.0
205,270,-1,True,noise,1911,user_run_0841,user_standardized_l2_cosine,standardized_l2,cosine,0.462779,128,15.0
206,271,-1,True,noise,1911,user_run_0841,user_standardized_l2_cosine,standardized_l2,cosine,0.462779,128,15.0
207,272,0,False,cluster_0,1279,user_run_0841,user_standardized_l2_cosine,standardized_l2,cosine,0.462779,128,15.0
208,273,-1,True,noise,1911,user_run_0841,user_standardized_l2_cosine,standardized_l2,cosine,0.462779,128,15.0
209,274,-1,True,noise,1911,user_run_0841,user_standardized_l2_cosine,standardized_l2,cosine,0.462779,128,15.0
210,275,-1,True,noise,1911,user_run_0841,user_standardized_l2_cosine,standardized_l2,cosine,0.462779,128,15.0
211,278,-1,True,noise,1911,user_run_0841,user_standardized_l2_cosine,standardized_l2,cosine,0.462779,128,15.0
212,279,0,False,cluster_0,1279,user_run_0841,user_standardized_l2_cosine,standardized_l2,cosine,0.462779,128,15.0
213,280,-1,True,noise,1911,user_run_0841,user_standardized_l2_cosine,standardized_l2,cosine,0.462779,128,15.0
214,281,-1,True,noise,1911,user_run_0841,user_standardized_l2_cosine,standardized_l2,cosine,0.462779,128,15.0
215,284,1,False,cluster_1,1532,user_run_0841,user_standardized_l2_cosine,standardized_l2,cosine,0.462779,128,15.0
216,285,-1,True,noise,1911,user_run_0841,user_standardized_l2_cosine,standardized_l2,cosine,0.462779,128,15.0
217,286,-1,True,noise,1911,user_run_0841,user_standardized_l2_cosine,standardized_l2,cosine,0.462779,128,15.0
218,287,1,False,cluster_1,1532,user_run_0841,user_standardized_l2_cosine,standardized_l2,cosine,0.462779,128,15.0
219,288,0,False,cluster_0,1279,user_run_0841,user_standardized_l2_cosine,standardized_l2,cosine,0.462779,128,15.0
220,289,1,False,cluster_1,1532,user_run_0841,user_standardized_l2_cosine,standardized_l2,cosine,0.462779,128,15.0
221,291,0,False,cluster_0,1279,user_run_0841,user_standardized_l2_cosine,standardized_l2,cosine,0.462779,128,15.0
222,292,1,False,cluster_1,1532,user_run_0841,user_standardized_l2_cosine,standardized_l2,cosine,0.462779,128,15.0
223,293,1,False,cluster_1,1532,user_run_0841,user_standardized_l2_cosine,standardized_l2,cosine,0.462779,128,15.0
224,294,0,False,cluster_0,1279,user_run_0841,user_standardized_l2_cosine,standardized_l2,cosine,0.462779,128,15.0
225,295,0,False,cluster_0,1279,user_run_0841,user_standardized_l2_cosine,standardized_l2,cosine,0.462779,128,15.0
226,296,-1,True,noise,1911,user_run_0841,user_standardized_l2_cosine,standardized_l2,cosine,0.462779,128,15.0
227,297,1,False,cluster_1,1532,user_run_0841,user_standardized_l2_cosine,standardized_l2,cosine,0.462779,128,15.0
228,299,-1,True,noise,1911,user_run_0841,user_standardized_l2_cosine,standardized_l2,cosine,0.462779,128,15.0
229,300,0,False,cluster_0,1279,user_run_0841,user_standardized_l2_cosine,standardized_l2,cosine,0.462779,128,15.0
230,301,1,False,cluster_1,1532,user_run_0841,user_standardized_l2_cosine,standardized_l2,cosine,0.462779,128,15.0
231,302,1,False,cluster_1,1532,user_run_0841,user_standardized_l2_cosine,standardized_l2,cosine,0.462779,128,15.0
232,303,-1,True,noise,1911,user_run_0841,user_standardized_l2_cosine,standardized_l2,cosine,0.462779,128,15.0
233,305,-1,True,noise,1911,user_run_0841,user_standardized_l2_cosine,standardized_l2,cosine,0.462779,128,15.0
234,306,0,False,cluster_0,1279,user_run_0841,user_standardized_l2_cosine,standardized_l2,cosine,0.462779,128,15.0
235,307,-1,True,noise,1911,user_run_0841,user_standardized_l2_cosine,standardized_l2,cosine,0.462779,128,15.0
236,308,1,False,cluster_1,1532,user_run_0841,user_standardized_l2_cosine,standardized_l2,cosine,0.462779,128,15.0
237,309,-1,True,noise,1911,user_run_0841,user_standardized_l2_cosine,standardized_l2,cosine,0.462779,128,15.0
238,310,-1,True,noise,1911,user_run_0841,user_standardized_l2_cosine,standardized_l2,cosine,0.462779,128,15.0
239,312,1,False,cluster_1,1532,user_run_0841,user_standardized_l2_cosine,standardized_l2,cosine,0.462779,128,15.0
240,314,0,False,cluster_0,1279,user_run_0841,user_standardized_l2_cosine,standardized_l2,cosine,0.462779,128,15.0
241,316,-1,True,noise,1911,user_run_0841,user_standardized_l2_cosine,standardized_l2,cosine,0.462779,128,15.0
242,319,1,False,cluster_1,1532,user_run_0841,user_standardized_l2_cosine,standardized_l2,cosine,0.462779,128,15.0
243,321,-1,True,noise,1911,user_run_0841,user_standardized_l2_cosine,standardized_l2,cosine,0.462779,128,15.0
244,322,0,False,cluster_0,1279,user_run_0841,user_standardized_l2_cosine,standardized_l2,cosine,0.462779,128,15.0
245,323,-1,True,noise,1911,user_run_0841,user_standardized_l2_cosine,standardized_l2,cosine,0.462779,128,15.0
246,324,0,False,cluster_0,1279,user_run_0841,user_standardized_l2_cosine,standardized_l2,cosine,0.462779,128,15.0
247,325,0,False,cluster_0,1279,user_run_0841,user_standardized_l2_cosine,standardized_l2,cosine,0.462779,128,15.0
248,326,-1,True,noise,1911,user_run_0841,user_standardized_l2_cosine,standardized_l2,cosine,0.462779,128,15.0
249,327,1,False,cluster_1,1532,user_run_0841,user_standardized_l2_cosine,standardized_l2,cosine,0.462779,128,15.0
250,328,-1,True,noise,1911,user_run_0841,user_standardized_l2_cosine,standardized_l2,cosine,0.462779,128,15.0
251,329,-1,True,noise,1911,user_run_0841,user_standardized_l2_cosine,standardized_l2,cosine,0.462779,128,15.0
252,330,1,False,cluster_1,1532,user_run_0841,user_standardized_l2_cosine,standardized_l2,cosine,0.462779,128,15.0
253,331,1,False,cluster_1,1532,user_run_0841,user_standardized_l2_cosine,standardized_l2,cosine,0.462779,128,15.0
254,332,0,False,cluster_0,1279,user_run_0841,user_standardized_l2_cosine,standardized_l2,cosine,0.462779,128,15.0
255,333,-1,True,noise,1911,user_run_0841,user_standardized_l2_cosine,standardized_l2,cosine,0.462779,128,15.0
256,334,0,False,cluster_0,1279,user_run_0841,user_standardized_l2_cosine,standardized_l2,cosine,0.462779,128,15.0
257,335,-1,True,noise,1911,user_run_0841,user_standardized_l2_cosine,standardized_l2,cosine,0.462779,128,15.0
258,336,-1,True,noise,1911,user_run_0841,user_standardized_l2_cosine,standardized_l2,cosine,0.462779,128,15.0
259,337,-1,True,noise,1911,user_run_0841,user_standardized_l2_cosine,standardized_l2,cosine,0.462779,128,15.0
260,338,1,False,cluster_1,1532,user_run_0841,user_standardized_l2_cosine,standardized_l2,cosine,0.462779,128,15.0
261,339,-1,True,noise,1911,user_run_0841,user_standardized_l2_cosine,standardized_l2,cosine,0.462779,128,15.0
262,340,0,False,cluster_0,1279,user_run_0841,user_standardized_l2_cosine,standardized_l2,cosine,0.462779,128,15.0
263,342,1,False,cluster_1,1532,user_run_0841,user_standardized_l2_cosine,standardized_l2,cosine,0.462779,128,15.0
264,343,0,False,cluster_0,1279,user_run_0841,user_standardized_l2_cosine,standardized_l2,cosine,0.462779,128,15.0
265,344,1,False,cluster_1,1532,user_run_0841,user_standardized_l2_cosine,standardized_l2,cosine,0.462779,128,15.0
266,346,-1,True,noise,1911,user_run_0841,user_standardized_l2_cosine,standardized_l2,cosine,0.462779,128,15.0
267,347,-1,True,noise,1911,user_run_0841,user_standardized_l2_cosine,standardized_l2,cosine,0.462779,128,15.0
268,348,1,False,cluster_1,1532,user_run_0841,user_standardized_l2_cosine,standardized_l2,cosine,0.462779,128,15.0
269,349,1,False,cluster_1,1532,user_run_0841,user_standardized_l2_cosine,standardized_l2,cosine,0.462779,128,15.0
270,350,0,False,cluster_0,1279,user_run_0841,user_standardized_l2_cosine,standardized_l2,cosine,0.462779,128,15.0
271,351,-1,True,noise,1911,user_run_0841,user_standardized_l2_cosine,standardized_l2,cosine,0.462779,128,15.0
272,352,-1,True,noise,1911,user_run_0841,user_standardized_l2_cosine,standardized_l2,cosine,0.462779,128,15.0
273,354,0,False,cluster_0,1279,user_run_0841,user_standardized_l2_cosine,standardized_l2,cosine,0.462779,128,15.0
274,355,0,False,cluster_0,1279,user_run_0841,user_standardized_l2_cosine,standardized_l2,cosine,0.462779,128,15.0
275,357,0,False,cluster_0,1279,user_run_0841,user_standardized_l2_cosine,standardized_l2,cosine,0.462779,128,15.0
276,358,0,False,cluster_0,1279,user_run_0841,user_standardized_l2_cosine,standardized_l2,cosine,0.462779,128,15.0
277,359,-1,True,noise,1911,user_run_0841,user_standardized_l2_cosine,standardized_l2,cosine,0.462779,128,15.0
278,360,0,False,cluster_0,1279,user_run_0841,user_standardized_l2_cosine,standardized_l2,cosine,0.462779,128,15.0
279,362,-1,True,noise,1911,user_run_0841,user_standardized_l2_cosine,standardized_l2,cosine,0.462779,128,15.0
280,363,-1,True,noise,1911,user_run_0841,user_standardized_l2_cosine,standardized_l2,cosine,0.462779,128,15.0
281,365,-1,True,noise,1911,user_run_0841,user_standardized_l2_cosine,standardized_l2,cosine,0.462779,128,15.0
282,366,-1,True,noise,1911,user_run_0841,user_standardized_l2_cosine,standardized_l2,cosine,0.462779,128,15.0
283,368,1,False,cluster_1,1532,user_run_0841,user_standardized_l2_cosine,standardized_l2,cosine,0.462779,128,15.0
284,369,-1,True,noise,1911,user_run_0841,user_standardized_l2_cosine,standardized_l2,cosine,0.462779,128,15.0
285,370,1,False,cluster_1,1532,user_run_0841,user_standardized_l2_cosine,standardized_l2,cosine,0.462779,128,15.0
286,371,1,False,cluster_1,1532,user_run_0841,user_standardized_l2_cosine,standardized_l2,cosine,0.462779,128,15.0
287,372,0,False,cluster_0,1279,user_run_0841,user_standardized_l2_cosine,standardized_l2,cosine,0.462779,128,15.0
288,374,-1,True,noise,1911,user_run_0841,user_standardized_l2_cosine,standardized_l2,cosine,0.462779,128,15.0
289,375,-1,True,noise,1911,user_run_0841,user_standardized_l2_cosine,standardized_l2,cosine,0.462779,128,15.0
290,376,-1,True,noise,1911,user_run_0841,user_standardized_l2_cosine,standardized_l2,cosine,0.462779,128,15.0
291,377,-1,True,noise,1911,user_run_0841,user_standardized_l2_cosine,standardized_l2,cosine,0.462779,128,15.0
292,379,0,False,cluster_0,1279,user_run_0841,user_standardized_l2_cosine,standardized_l2,cosine,0.462779,128,15.0
293,380,-1,True,noise,1911,user_run_0841,user_standardized_l2_cosine,standardized_l2,cosine,0.462779,128,15.0
294,382,-1,True,noise,1911,user_run_0841,user_standardized_l2_cosine,standardized_l2,cosine,0.462779,128,15.0
295,385,0,False,cluster_0,1279,user_run_0841,user_standardized_l2_cosine,standardized_l2,cosine,0.462779,128,15.0
296,386,1,False,cluster_1,1532,user_run_0841,user_standardized_l2_cosine,standardized_l2,cosine,0.462779,128,15.0
297,387,-1,True,noise,1911,user_run_0841,user_standardized_l2_cosine,standardized_l2,cosine,0.462779,128,15.0
298,388,-1,True,noise,1911,user_run_0841,user_standardized_l2_cosine,standardized_l2,cosine,0.462779,128,15.0
299,389,0,False,cluster_0,1279,user_run_0841,user_standardized_l2_cosine,standardized_l2,cosine,0.462779,128,15.0
300,390,1,False,cluster_1,1532,user_run_0841,user_standardized_l2_cosine,standardized_l2,cosine,0.462779,128,15.0
301,391,1,False,cluster_1,1532,user_run_0841,user_standardized_l2_cosine,standardized_l2,cosine,0.462779,128,15.0
302,392,1,False,cluster_1,1532,user_run_0841,user_standardized_l2_cosine,standardized_l2,cosine,0.462779,128,15.0
303,393,0,False,cluster_0,1279,user_run_0841,user_standardized_l2_cosine,standardized_l2,cosine,0.462779,128,15.0
304,396,1,False,cluster_1,1532,user_run_0841,user_standardized_l2_cosine,standardized_l2,cosine,0.462779,128,15.0
305,398,1,False,cluster_1,1532,user_run_0841,user_standardized_l2_cosine,standardized_l2,cosine,0.462779,128,15.0
306,400,0,False,cluster_0,1279,user_run_0841,user_standardized_l2_cosine,standardized_l2,cosine,0.462779,128,15.0
307,401,1,False,cluster_1,1532,user_run_0841,user_standardized_l2_cosine,standardized_l2,cosine,0.462779,128,15.0
308,402,1,False,cluster_1,1532,user_run_0841,user_standardized_l2_cosine,standardized_l2,cosine,0.462779,128,15.0
309,403,0,False,cluster_0,1279,user_run_0841,user_standardized_l2_cosine,standardized_l2,cosine,0.462779,128,15.0
310,404,1,False,cluster_1,1532,user_run_0841,user_standardized_l2_cosine,standardized_l2,cosine,0.462779,128,15.0
311,405,-1,True,noise,1911,user_run_0841,user_standardized_l2_cosine,standardized_l2,cosine,0.462779,128,15.0
312,406,-1,True,noise,1911,user_run_0841,user_standardized_l2_cosine,standardized_l2,cosine,0.462779,128,15.0
313,408,-1,True,noise,1911,user_run_0841,user_standardized_l2_cosine,standardized_l2,cosine,0.462779,128,15.0
314,409,-1,True,noise,1911,user_run_0841,user_standardized_l2_cosine,standardized_l2,cosine,0.462779,128,15.0
315,410,-1,True,noise,1911,user_run_0841,user_standardized_l2_cosine,standardized_l2,cosine,0.462779,128,15.0
316,411,-1,True,noise,1911,user_run_0841,user_standardized_l2_cosine,standardized_l2,cosine,0.462779,128,15.0
317,412,-1,True,noise,1911,user_run_0841,user_standardized_l2_cosine,standardized_l2,cosine,0.462779,128,15.0
318,413,1,False,cluster_1,1532,user_run_0841,user_standardized_l2_cosine,standardized_l2,cosine,0.462779,128,15.0
319,414,1,False,cluster_1,1532,user_run_0841,user_standardized_l2_cosine,standardized_l2,cosine,0.462779,128,15.0
320,415,1,False,cluster_1,1532,user_run_0841,user_standardized_l2_cosine,standardized_l2,cosine,0.462779,128,15.0
321,416,-1,True,noise,1911,user_run_0841,user_standardized_l2_cosine,standardized_l2,cosine,0.462779,128,15.0
322,418,0,False,cluster_0,1279,user_run_0841,user_standardized_l2_cosine,standardized_l2,cosine,0.462779,128,15.0
323,419,1,False,cluster_1,1532,user_run_0841,user_standardized_l2_cosine,standardized_l2,cosine,0.462779,128,15.0
324,420,1,False,cluster_1,1532,user_run_0841,user_standardized_l2_cosine,standardized_l2,cosine,0.462779,128,15.0
325,422,0,False,cluster_0,1279,user_run_0841,user_standardized_l2_cosine,standardized_l2,cosine,0.462779,128,15.0
326,423,0,False,cluster_0,1279,user_run_0841,user_standardized_l2_cosine,standardized_l2,cosine,0.462779,128,15.0
327,424,1,False,cluster_1,1532,user_run_0841,user_standardized_l2_cosine,standardized_l2,cosine,0.462779,128,15.0
328,425,-1,True,noise,1911,user_run_0841,user_standardized_l2_cosine,standardized_l2,cosine,0.462779,128,15.0
329,426,-1,True,noise,1911,user_run_0841,user_standardized_l2_cosine,standardized_l2,cosine,0.462779,128,15.0
330,428,-1,True,noise,1911,user_run_0841,user_standardized_l2_cosine,standardized_l2,cosine,0.462779,128,15.0
331,429,1,False,cluster_1,1532,user_run_0841,user_standardized_l2_cosine,standardized_l2,cosine,0.462779,128,15.0
332,430,0,False,cluster_0,1279,user_run_0841,user_standardized_l2_cosine,standardized_l2,cosine,0.462779,128,15.0
333,431,1,False,cluster_1,1532,user_run_0841,user_standardized_l2_cosine,standardized_l2,cosine,0.462779,128,15.0
334,432,-1,True,noise,1911,user_run_0841,user_standardized_l2_cosine,standardized_l2,cosine,0.462779,128,15.0
335,433,-1,True,noise,1911,user_run_0841,user_standardized_l2_cosine,standardized_l2,cosine,0.462779,128,15.0
336,434,0,False,cluster_0,1279,user_run_0841,user_standardized_l2_cosine,standardized_l2,cosine,0.462779,128,15.0
337,435,0,False,cluster_0,1279,user_run_0841,user_standardized_l2_cosine,standardized_l2,cosine,0.462779,128,15.0
338,436,0,False,cluster_0,1279,user_run_0841,user_standardized_l2_cosine,standardized_l2,cosine,0.462779,128,15.0
339,437,1,False,cluster_1,1532,user_run_0841,user_standardized_l2_cosine,standardized_l2,cosine,0.462779,128,15.0
340,438,1,False,cluster_1,1532,user_run_0841,user_standardized_l2_cosine,standardized_l2,cosine,0.462779,128,15.0
341,439,0,False,cluster_0,1279,user_run_0841,user_standardized_l2_cosine,standardized_l2,cosine,0.462779,128,15.0
342,441,0,False,cluster_0,1279,user_run_0841,user_standardized_l2_cosine,standardized_l2,cosine,0.462779,128,15.0
343,442,1,False,cluster_1,1532,user_run_0841,user_standardized_l2_cosine,standardized_l2,cosine,0.462779,128,15.0
344,444,-1,True,noise,1911,user_run_0841,user_standardized_l2_cosine,standardized_l2,cosine,0.462779,128,15.0
345,445,0,False,cluster_0,1279,user_run_0841,user_standardized_l2_cosine,standardized_l2,cosine,0.462779,128,15.0
346,446,0,False,cluster_0,1279,user_run_0841,user_standardized_l2_cosine,standardized_l2,cosine,0.462779,128,15.0
347,449,1,False,cluster_1,1532,user_run_0841,user_standardized_l2_cosine,standardized_l2,cosine,0.462779,128,15.0
348,450,0,False,cluster_0,1279,user_run_0841,user_standardized_l2_cosine,standardized_l2,cosine,0.462779,128,15.0
349,451,-1,True,noise,1911,user_run_0841,user_standardized_l2_cosine,standardized_l2,cosine,0.462779,128,15.0
350,452,0,False,cluster_0,1279,user_run_0841,user_standardized_l2_cosine,standardized_l2,cosine,0.462779,128,15.0
351,453,-1,True,noise,1911,user_run_0841,user_standardized_l2_cosine,standardized_l2,cosine,0.462779,128,15.0
352,454,1,False,cluster_1,1532,user_run_0841,user_standardized_l2_cosine,standardized_l2,cosine,0.462779,128,15.0
353,456,0,False,cluster_0,1279,user_run_0841,user_standardized_l2_cosine,standardized_l2,cosine,0.462779,128,15.0
354,457,1,False,cluster_1,1532,user_run_0841,user_standardized_l2_cosine,standardized_l2,cosine,0.462779,128,15.0
355,458,-1,True,noise,1911,user_run_0841,user_standardized_l2_cosine,standardized_l2,cosine,0.462779,128,15.0
356,460,0,False,cluster_0,1279,user_run_0841,user_standardized_l2_cosine,standardized_l2,cosine,0.462779,128,15.0
357,461,1,False,cluster_1,1532,user_run_0841,user_standardized_l2_cosine,standardized_l2,cosine,0.462779,128,15.0
358,462,0,False,cluster_0,1279,user_run_0841,user_standardized_l2_cosine,standardized_l2,cosine,0.462779,128,15.0
359,463,1,False,cluster_1,1532,user_run_0841,user_standardized_l2_cosine,standardized_l2,cosine,0.462779,128,15.0
360,464,-1,True,noise,1911,user_run_0841,user_standardized_l2_cosine,standardized_l2,cosine,0.462779,128,15.0
361,466,1,False,cluster_1,1532,user_run_0841,user_standardized_l2_cosine,standardized_l2,cosine,0.462779,128,15.0
362,467,0,False,cluster_0,1279,user_run_0841,user_standardized_l2_cosine,standardized_l2,cosine,0.462779,128,15.0
363,469,0,False,cluster_0,1279,user_run_0841,user_standardized_l2_cosine,standardized_l2,cosine,0.462779,128,15.0
364,470,0,False,cluster_0,1279,user_run_0841,user_standardized_l2_cosine,standardized_l2,cosine,0.462779,128,15.0
365,471,1,False,cluster_1,1532,user_run_0841,user_standardized_l2_cosine,standardized_l2,cosine,0.462779,128,15.0
366,472,1,False,cluster_1,1532,user_run_0841,user_standardized_l2_cosine,standardized_l2,cosine,0.462779,128,15.0
367,473,0,False,cluster_0,1279,user_run_0841,user_standardized_l2_cosine,standardized_l2,cosine,0.462779,128,15.0
368,474,1,False,cluster_1,1532,user_run_0841,user_standardized_l2_cosine,standardized_l2,cosine,0.462779,128,15.0
369,475,-1,True,noise,1911,user_run_0841,user_standardized_l2_cosine,standardized_l2,cosine,0.462779,128,15.0
370,476,-1,True,noise,1911,user_run_0841,user_standardized_l2_cosine,standardized_l2,cosine,0.462779,128,15.0
371,477,1,False,cluster_1,1532,user_run_0841,user_standardized_l2_cosine,standardized_l2,cosine,0.462779,128,15.0
372,478,0,False,cluster_0,1279,user_run_0841,user_standardized_l2_cosine,standardized_l2,cosine,0.462779,128,15.0
373,479,0,False,cluster_0,1279,user_run_0841,user_standardized_l2_cosine,standardized_l2,cosine,0.462779,128,15.0
374,480,-1,True,noise,1911,user_run_0841,user_standardized_l2_cosine,standardized_l2,cosine,0.462779,128,15.0
375,481,0,False,cluster_0,1279,user_run_0841,user_standardized_l2_cosine,standardized_l2,cosine,0.462779,128,15.0
376,482,1,False,cluster_1,1532,user_run_0841,user_standardized_l2_cosine,standardized_l2,cosine,0.462779,128,15.0
377,485,-1,True,noise,1911,user_run_0841,user_standardized_l2_cosine,standardized_l2,cosine,0.462779,128,15.0
378,487,0,False,cluster_0,1279,user_run_0841,user_standardized_l2_cosine,standardized_l2,cosine,0.462779,128,15.0
379,490,0,False,cluster_0,1279,user_run_0841,user_standardized_l2_cosine,standardized_l2,cosine,0.462779,128,15.0
380,493,-1,True,noise,1911,user_run_0841,user_standardized_l2_cosine,standardized_l2,cosine,0.462779,128,15.0
381,494,0,False,cluster_0,1279,user_run_0841,user_standardized_l2_cosine,standardized_l2,cosine,0.462779,128,15.0
382,495,-1,True,noise,1911,user_run_0841,user_standardized_l2_cosine,standardized_l2,cosine,0.462779,128,15.0
383,496,0,False,cluster_0,1279,user_run_0841,user_standardized_l2_cosine,standardized_l2,cosine,0.462779,128,15.0
384,498,1,False,cluster_1,1532,user_run_0841,user_standardized_l2_cosine,standardized_l2,cosine,0.462779,128,15.0
385,499,-1,True,noise,1911,user_run_0841,user_standardized_l2_cosine,standardized_l2,cosine,0.462779,128,15.0
386,500,-1,True,noise,1911,user_run_0841,user_standardized_l2_cosine,standardized_l2,cosine,0.462779,128,15.0
387,501,-1,True,noise,1911,user_run_0841,user_standardized_l2_cosine,standardized_l2,cosine,0.462779,128,15.0
388,504,-1,True,noise,1911,user_run_0841,user_standardized_l2_cosine,standardized_l2,cosine,0.462779,128,15.0
389,505,1,False,cluster_1,1532,user_run_0841,user_standardized_l2_cosine,standardized_l2,cosine,0.462779,128,15.0
390,506,0,False,cluster_0,1279,user_run_0841,user_standardized_l2_cosine,standardized_l2,cosine,0.462779,128,15.0
391,507,-1,True,noise,1911,user_run_0841,user_standardized_l2_cosine,standardized_l2,cosine,0.462779,128,15.0
392,508,1,False,cluster_1,1532,user_run_0841,user_standardized_l2_cosine,standardized_l2,cosine,0.462779,128,15.0
393,509,1,False,cluster_1,1532,user_run_0841,user_standardized_l2_cosine,standardized_l2,cosine,0.462779,128,15.0
394,510,0,False,cluster_0,1279,user_run_0841,user_standardized_l2_cosine,standardized_l2,cosine,0.462779,128,15.0
395,513,1,False,cluster_1,1532,user_run_0841,user_standardized_l2_cosine,standardized_l2,cosine,0.462779,128,15.0
396,514,1,False,cluster_1,1532,user_run_0841,user_standardized_l2_cosine,standardized_l2,cosine,0.462779,128,15.0
397,515,1,False,cluster_1,1532,user_run_0841,user_standardized_l2_cosine,standardized_l2,cosine,0.462779,128,15.0
398,516,0,False,cluster_0,1279,user_run_0841,user_standardized_l2_cosine,standardized_l2,cosine,0.462779,128,15.0
399,517,1,False,cluster_1,1532,user_run_0841,user_standardized_l2_cosine,standardized_l2,cosine,0.462779,128,15.0
400,518,1,False,cluster_1,1532,user_run_0841,user_standardized_l2_cosine,standardized_l2,cosine,0.462779,128,15.0
401,519,0,False,cluster_0,1279,user_run_0841,user_standardized_l2_cosine,standardized_l2,cosine,0.462779,128,15.0
402,520,1,False,cluster_1,1532,user_run_0841,user_standardized_l2_cosine,standardized_l2,cosine,0.462779,128,15.0
403,521,1,False,cluster_1,1532,user_run_0841,user_standardized_l2_cosine,standardized_l2,cosine,0.462779,128,15.0
404,522,-1,True,noise,1911,user_run_0841,user_standardized_l2_cosine,standardized_l2,cosine,0.462779,128,15.0
405,523,-1,True,noise,1911,user_run_0841,user_standardized_l2_cosine,standardized_l2,cosine,0.462779,128,15.0
406,524,1,False,cluster_1,1532,user_run_0841,user_standardized_l2_cosine,standardized_l2,cosine,0.462779,128,15.0
407,526,1,False,cluster_1,1532,user_run_0841,user_standardized_l2_cosine,standardized_l2,cosine,0.462779,128,15.0
408,528,0,False,cluster_0,1279,user_run_0841,user_standardized_l2_cosine,standardized_l2,cosine,0.462779,128,15.0
409,529,1,False,cluster_1,1532,user_run_0841,user_standardized_l2_cosine,standardized_l2,cosine,0.462779,128,15.0
410,530,0,False,cluster_0,1279,user_run_0841,user_standardized_l2_cosine,standardized_l2,cosine,0.462779,128,15.0
411,531,0,False,cluster_0,1279,user_run_0841,user_standardized_l2_cosine,standardized_l2,cosine,0.462779,128,15.0
412,532,0,False,cluster_0,1279,user_run_0841,user_standardized_l2_cosine,standardized_l2,cosine,0.462779,128,15.0
413,533,-1,True,noise,1911,user_run_0841,user_standardized_l2_cosine,standardized_l2,cosine,0.462779,128,15.0
414,534,1,False,cluster_1,1532,user_run_0841,user_standardized_l2_cosine,standardized_l2,cosine,0.462779,128,15.0
415,536,0,False,cluster_0,1279,user_run_0841,user_standardized_l2_cosine,standardized_l2,cosine,0.462779,128,15.0
416,537,1,False,cluster_1,1532,user_run_0841,user_standardized_l2_cosine,standardized_l2,cosine,0.462779,128,15.0
417,538,0,False,cluster_0,1279,user_run_0841,user_standardized_l2_cosine,standardized_l2,cosine,0.462779,128,15.0
418,539,-1,True,noise,1911,user_run_0841,user_standardized_l2_cosine,standardized_l2,cosine,0.462779,128,15.0
419,541,-1,True,noise,1911,user_run_0841,user_standardized_l2_cosine,standardized_l2,cosine,0.462779,128,15.0
420,543,0,False,cluster_0,1279,user_run_0841,user_standardized_l2_cosine,standardized_l2,cosine,0.462779,128,15.0
421,544,-1,True,noise,1911,user_run_0841,user_standardized_l2_cosine,standardized_l2,cosine,0.462779,128,15.0
422,546,-1,True,noise,1911,user_run_0841,user_standardized_l2_cosine,standardized_l2,cosine,0.462779,128,15.0
423,547,1,False,cluster_1,1532,user_run_0841,user_standardized_l2_cosine,standardized_l2,cosine,0.462779,128,15.0
424,548,1,False,cluster_1,1532,user_run_0841,user_standardized_l2_cosine,standardized_l2,cosine,0.462779,128,15.0
425,549,1,False,cluster_1,1532,user_run_0841,user_standardized_l2_cosine,standardized_l2,cosine,0.462779,128,15.0
426,550,-1,True,noise,1911,user_run_0841,user_standardized_l2_cosine,standardized_l2,cosine,0.462779,128,15.0
427,551,-1,True,noise,1911,user_run_0841,user_standardized_l2_cosine,standardized_l2,cosine,0.462779,128,15.0
428,552,0,False,cluster_0,1279,user_run_0841,user_standardized_l2_cosine,standardized_l2,cosine,0.462779,128,15.0
429,553,0,False,cluster_0,1279,user_run_0841,user_standardized_l2_cosine,standardized_l2,cosine,0.462779,128,15.0
430,554,1,False,cluster_1,1532,user_run_0841,user_standardized_l2_cosine,standardized_l2,cosine,0.462779,128,15.0
431,556,-1,True,noise,1911,user_run_0841,user_standardized_l2_cosine,standardized_l2,cosine,0.462779,128,15.0
432,557,-1,True,noise,1911,user_run_0841,user_standardized_l2_cosine,standardized_l2,cosine,0.462779,128,15.0
433,558,-1,True,noise,1911,user_run_0841,user_standardized_l2_cosine,standardized_l2,cosine,0.462779,128,15.0
434,560,0,False,cluster_0,1279,user_run_0841,user_standardized_l2_cosine,standardized_l2,cosine,0.462779,128,15.0
435,563,1,False,cluster_1,1532,user_run_0841,user_standardized_l2_cosine,standardized_l2,cosine,0.462779,128,15.0
436,564,0,False,cluster_0,1279,user_run_0841,user_standardized_l2_cosine,standardized_l2,cosine,0.462779,128,15.0
437,566,1,False,cluster_1,1532,user_run_0841,user_standardized_l2_cosine,standardized_l2,cosine,0.462779,128,15.0
438,569,0,False,cluster_0,1279,user_run_0841,user_standardized_l2_cosine,standardized_l2,cosine,0.462779,128,15.0
439,570,0,False,cluster_0,1279,user_run_0841,user_standardized_l2_cosine,standardized_l2,cosine,0.462779,128,15.0
440,571,-1,True,noise,1911,user_run_0841,user_standardized_l2_cosine,standardized_l2,cosine,0.462779,128,15.0
441,575,0,False,cluster_0,1279,user_run_0841,user_standardized_l2_cosine,standardized_l2,cosine,0.462779,128,15.0
442,576,0,False,cluster_0,1279,user_run_0841,user_standardized_l2_cosine,standardized_l2,cosine,0.462779,128,15.0
443,577,-1,True,noise,1911,user_run_0841,user_standardized_l2_cosine,standardized_l2,cosine,0.462779,128,15.0
444,579,0,False,cluster_0,1279,user_run_0841,user_standardized_l2_cosine,standardized_l2,cosine,0.462779,128,15.0
445,580,-1,True,noise,1911,user_run_0841,user_standardized_l2_cosine,standardized_l2,cosine,0.462779,128,15.0
446,581,0,False,cluster_0,1279,user_run_0841,user_standardized_l2_cosine,standardized_l2,cosine,0.462779,128,15.0
447,582,0,False,cluster_0,1279,user_run_0841,user_standardized_l2_cosine,standardized_l2,cosine,0.462779,128,15.0
448,583,-1,True,noise,1911,user_run_0841,user_standardized_l2_cosine,standardized_l2,cosine,0.462779,128,15.0
449,585,1,False,cluster_1,1532,user_run_0841,user_standardized_l2_cosine,standardized_l2,cosine,0.462779,128,15.0
450,587,-1,True,noise,1911,user_run_0841,user_standardized_l2_cosine,standardized_l2,cosine,0.462779,128,15.0
451,588,1,False,cluster_1,1532,user_run_0841,user_standardized_l2_cosine,standardized_l2,cosine,0.462779,128,15.0
452,590,-1,True,noise,1911,user_run_0841,user_standardized_l2_cosine,standardized_l2,cosine,0.462779,128,15.0
453,591,1,False,cluster_1,1532,user_run_0841,user_standardized_l2_cosine,standardized_l2,cosine,0.462779,128,15.0
454,593,-1,True,noise,1911,user_run_0841,user_standardized_l2_cosine,standardized_l2,cosine,0.462779,128,15.0
455,594,-1,True,noise,1911,user_run_0841,user_standardized_l2_cosine,standardized_l2,cosine,0.462779,128,15.0
456,595,-1,True,noise,1911,user_run_0841,user_standardized_l2_cosine,standardized_l2,cosine,0.462779,128,15.0
457,596,0,False,cluster_0,1279,user_run_0841,user_standardized_l2_cosine,standardized_l2,cosine,0.462779,128,15.0
458,597,-1,True,noise,1911,user_run_0841,user_standardized_l2_cosine,standardized_l2,cosine,0.462779,128,15.0
459,601,1,False,cluster_1,1532,user_run_0841,user_standardized_l2_cosine,standardized_l2,cosine,0.462779,128,15.0
460,602,-1,True,noise,1911,user_run_0841,user_standardized_l2_cosine,standardized_l2,cosine,0.462779,128,15.0
461,603,0,False,cluster_0,1279,user_run_0841,user_standardized_l2_cosine,standardized_l2,cosine,0.462779,128,15.0
462,604,0,False,cluster_0,1279,user_run_0841,user_standardized_l2_cosine,standardized_l2,cosine,0.462779,128,15.0
463,605,0,False,cluster_0,1279,user_run_0841,user_standardized_l2_cosine,standardized_l2,cosine,0.462779,128,15.0
464,608,0,False,cluster_0,1279,user_run_0841,user_standardized_l2_cosine,standardized_l2,cosine,0.462779,128,15.0
465,609,0,False,cluster_0,1279,user_run_0841,user_standardized_l2_cosine,standardized_l2,cosine,0.462779,128,15.0
466,610,-1,True,noise,1911,user_run_0841,user_standardized_l2_cosine,standardized_l2,cosine,0.462779,128,15.0
467,611,-1,True,noise,1911,user_run_0841,user_standardized_l2_cosine,standardized_l2,cosine,0.462779,128,15.0
468,612,-1,True,noise,1911,user_run_0841,user_standardized_l2_cosine,standardized_l2,cosine,0.462779,128,15.0
469,613,-1,True,noise,1911,user_run_0841,user_standardized_l2_cosine,standardized_l2,cosine,0.462779,128,15.0
470,614,0,False,cluster_0,1279,user_run_0841,user_standardized_l2_cosine,standardized_l2,cosine,0.462779,128,15.0
471,615,0,False,cluster_0,1279,user_run_0841,user_standardized_l2_cosine,standardized_l2,cosine,0.462779,128,15.0
472,616,1,False,cluster_1,1532,user_run_0841,user_standardized_l2_cosine,standardized_l2,cosine,0.462779,128,15.0
473,618,1,False,cluster_1,1532,user_run_0841,user_standardized_l2_cosine,standardized_l2,cosine,0.462779,128,15.0
474,620,1,False,cluster_1,1532,user_run_0841,user_standardized_l2_cosine,standardized_l2,cosine,0.462779,128,15.0
475,621,-1,True,noise,1911,user_run_0841,user_standardized_l2_cosine,standardized_l2,cosine,0.462779,128,15.0
476,622,1,False,cluster_1,1532,user_run_0841,user_standardized_l2_cosine,standardized_l2,cosine,0.462779,128,15.0
477,623,1,False,cluster_1,1532,user_run_0841,user_standardized_l2_cosine,standardized_l2,cosine,0.462779,128,15.0
478,624,-1,True,noise,1911,user_run_0841,user_standardized_l2_cosine,standardized_l2,cosine,0.462779,128,15.0
479,625,0,False,cluster_0,1279,user_run_0841,user_standardized_l2_cosine,standardized_l2,cosine,0.462779,128,15.0
480,626,-1,True,noise,1911,user_run_0841,user_standardized_l2_cosine,standardized_l2,cosine,0.462779,128,15.0
481,628,0,False,cluster_0,1279,user_run_0841,user_standardized_l2_cosine,standardized_l2,cosine,0.462779,128,15.0
482,629,0,False,cluster_0,1279,user_run_0841,user_standardized_l2_cosine,standardized_l2,cosine,0.462779,128,15.0
483,630,1,False,cluster_1,1532,user_run_0841,user_standardized_l2_cosine,standardized_l2,cosine,0.462779,128,15.0
484,631,1,False,cluster_1,1532,user_run_0841,user_standardized_l2_cosine,standardized_l2,cosine,0.462779,128,15.0
485,633,1,False,cluster_1,1532,user_run_0841,user_standardized_l2_cosine,standardized_l2,cosine,0.462779,128,15.0
486,634,0,False,cluster_0,1279,user_run_0841,user_standardized_l2_cosine,standardized_l2,cosine,0.462779,128,15.0
487,635,-1,True,noise,1911,user_run_0841,user_standardized_l2_cosine,standardized_l2,cosine,0.462779,128,15.0
488,636,0,False,cluster_0,1279,user_run_0841,user_standardized_l2_cosine,standardized_l2,cosine,0.462779,128,15.0
489,637,-1,True,noise,1911,user_run_0841,user_standardized_l2_cosine,standardized_l2,cosine,0.462779,128,15.0
490,638,-1,True,noise,1911,user_run_0841,user_standardized_l2_cosine,standardized_l2,cosine,0.462779,128,15.0
491,639,0,False,cluster_0,1279,user_run_0841,user_standardized_l2_cosine,standardized_l2,cosine,0.462779,128,15.0
492,641,-1,True,noise,1911,user_run_0841,user_standardized_l2_cosine,standardized_l2,cosine,0.462779,128,15.0
493,643,1,False,cluster_1,1532,user_run_0841,user_standardized_l2_cosine,standardized_l2,cosine,0.462779,128,15.0
494,644,-1,True,noise,1911,user_run_0841,user_standardized_l2_cosine,standardized_l2,cosine,0.462779,128,15.0
495,645,1,False,cluster_1,1532,user_run_0841,user_standardized_l2_cosine,standardized_l2,cosine,0.462779,128,15.0
496,646,0,False,cluster_0,1279,user_run_0841,user_standardized_l2_cosine,standardized_l2,cosine,0.462779,128,15.0
497,647,-1,True,noise,1911,user_run_0841,user_standardized_l2_cosine,standardized_l2,cosine,0.462779,128,15.0
498,648,1,False,cluster_1,1532,user_run_0841,user_standardized_l2_cosine,standardized_l2,cosine,0.462779,128,15.0
499,649,1,False,cluster_1,1532,user_run_0841,user_standardized_l2_cosine,standardized_l2,cosine,0.462779,128,15.0
500,651,1,False,cluster_1,1532,user_run_0841,user_standardized_l2_cosine,standardized_l2,cosine,0.462779,128,15.0
501,652,-1,True,noise,1911,user_run_0841,user_standardized_l2_cosine,standardized_l2,cosine,0.462779,128,15.0
502,654,1,False,cluster_1,1532,user_run_0841,user_standardized_l2_cosine,standardized_l2,cosine,0.462779,128,15.0
503,655,1,False,cluster_1,1532,user_run_0841,user_standardized_l2_cosine,standardized_l2,cosine,0.462779,128,15.0
504,656,-1,True,noise,1911,user_run_0841,user_standardized_l2_cosine,standardized_l2,cosine,0.462779,128,15.0
505,657,1,False,cluster_1,1532,user_run_0841,user_standardized_l2_cosine,standardized_l2,cosine,0.462779,128,15.0
506,658,1,False,cluster_1,1532,user_run_0841,user_standardized_l2_cosine,standardized_l2,cosine,0.462779,128,15.0
507,659,0,False,cluster_0,1279,user_run_0841,user_standardized_l2_cosine,standardized_l2,cosine,0.462779,128,15.0
508,660,1,False,cluster_1,1532,user_run_0841,user_standardized_l2_cosine,standardized_l2,cosine,0.462779,128,15.0
509,661,1,False,cluster_1,1532,user_run_0841,user_standardized_l2_cosine,standardized_l2,cosine,0.462779,128,15.0
510,662,-1,True,noise,1911,user_run_0841,user_standardized_l2_cosine,standardized_l2,cosine,0.462779,128,15.0
511,663,-1,True,noise,1911,user_run_0841,user_standardized_l2_cosine,standardized_l2,cosine,0.462779,128,15.0
512,664,-1,True,noise,1911,user_run_0841,user_standardized_l2_cosine,standardized_l2,cosine,0.462779,128,15.0
513,666,-1,True,noise,1911,user_run_0841,user_standardized_l2_cosine,standardized_l2,cosine,0.462779,128,15.0
514,667,1,False,cluster_1,1532,user_run_0841,user_standardized_l2_cosine,standardized_l2,cosine,0.462779,128,15.0
515,669,-1,True,noise,1911,user_run_0841,user_standardized_l2_cosine,standardized_l2,cosine,0.462779,128,15.0
516,670,1,False,cluster_1,1532,user_run_0841,user_standardized_l2_cosine,standardized_l2,cosine,0.462779,128,15.0
517,671,1,False,cluster_1,1532,user_run_0841,user_standardized_l2_cosine,standardized_l2,cosine,0.462779,128,15.0
518,672,-1,True,noise,1911,user_run_0841,user_standardized_l2_cosine,standardized_l2,cosine,0.462779,128,15.0
519,673,1,False,cluster_1,1532,user_run_0841,user_standardized_l2_cosine,standardized_l2,cosine,0.462779,128,15.0
520,674,-1,True,noise,1911,user_run_0841,user_standardized_l2_cosine,standardized_l2,cosine,0.462779,128,15.0
521,675,-1,True,noise,1911,user_run_0841,user_standardized_l2_cosine,standardized_l2,cosine,0.462779,128,15.0
522,676,0,False,cluster_0,1279,user_run_0841,user_standardized_l2_cosine,standardized_l2,cosine,0.462779,128,15.0
523,677,-1,True,noise,1911,user_run_0841,user_standardized_l2_cosine,standardized_l2,cosine,0.462779,128,15.0
524,678,-1,True,noise,1911,user_run_0841,user_standardized_l2_cosine,standardized_l2,cosine,0.462779,128,15.0
525,679,1,False,cluster_1,1532,user_run_0841,user_standardized_l2_cosine,standardized_l2,cosine,0.462779,128,15.0
526,682,-1,True,noise,1911,user_run_0841,user_standardized_l2_cosine,standardized_l2,cosine,0.462779,128,15.0
527,685,0,False,cluster_0,1279,user_run_0841,user_standardized_l2_cosine,standardized_l2,cosine,0.462779,128,15.0
528,687,-1,True,noise,1911,user_run_0841,user_standardized_l2_cosine,standardized_l2,cosine,0.462779,128,15.0
529,689,-1,True,noise,1911,user_run_0841,user_standardized_l2_cosine,standardized_l2,cosine,0.462779,128,15.0
530,690,1,False,cluster_1,1532,user_run_0841,user_standardized_l2_cosine,standardized_l2,cosine,0.462779,128,15.0
531,691,0,False,cluster_0,1279,user_run_0841,user_standardized_l2_cosine,standardized_l2,cosine,0.462779,128,15.0
532,692,1,False,cluster_1,1532,user_run_0841,user_standardized_l2_cosine,standardized_l2,cosine,0.462779,128,15.0
533,693,1,False,cluster_1,1532,user_run_0841,user_standardized_l2_cosine,standardized_l2,cosine,0.462779,128,15.0
534,694,-1,True,noise,1911,user_run_0841,user_standardized_l2_cosine,standardized_l2,cosine,0.462779,128,15.0
535,695,-1,True,noise,1911,user_run_0841,user_standardized_l2_cosine,standardized_l2,cosine,0.462779,128,15.0
536,696,1,False,cluster_1,1532,user_run_0841,user_standardized_l2_cosine,standardized_l2,cosine,0.462779,128,15.0
537,697,-1,True,noise,1911,user_run_0841,user_standardized_l2_cosine,standardized_l2,cosine,0.462779,128,15.0
538,698,0,False,cluster_0,1279,user_run_0841,user_standardized_l2_cosine,standardized_l2,cosine,0.462779,128,15.0
539,699,-1,True,noise,1911,user_run_0841,user_standardized_l2_cosine,standardized_l2,cosine,0.462779,128,15.0
540,701,0,False,cluster_0,1279,user_run_0841,user_standardized_l2_cosine,standardized_l2,cosine,0.462779,128,15.0
541,702,1,False,cluster_1,1532,user_run_0841,user_standardized_l2_cosine,standardized_l2,cosine,0.462779,128,15.0
542,704,-1,True,noise,1911,user_run_0841,user_standardized_l2_cosine,standardized_l2,cosine,0.462779,128,15.0
543,705,-1,True,noise,1911,user_run_0841,user_standardized_l2_cosine,standardized_l2,cosine,0.462779,128,15.0
544,706,-1,True,noise,1911,user_run_0841,user_standardized_l2_cosine,standardized_l2,cosine,0.462779,128,15.0
545,707,0,False,cluster_0,1279,user_run_0841,user_standardized_l2_cosine,standardized_l2,cosine,0.462779,128,15.0
546,709,-1,True,noise,1911,user_run_0841,user_standardized_l2_cosine,standardized_l2,cosine,0.462779,128,15.0
547,710,1,False,cluster_1,1532,user_run_0841,user_standardized_l2_cosine,standardized_l2,cosine,0.462779,128,15.0
548,711,1,False,cluster_1,1532,user_run_0841,user_standardized_l2_cosine,standardized_l2,cosine,0.462779,128,15.0
549,712,-1,True,noise,1911,user_run_0841,user_standardized_l2_cosine,standardized_l2,cosine,0.462779,128,15.0
550,713,0,False,cluster_0,1279,user_run_0841,user_standardized_l2_cosine,standardized_l2,cosine,0.462779,128,15.0
551,714,0,False,cluster_0,1279,user_run_0841,user_standardized_l2_cosine,standardized_l2,cosine,0.462779,128,15.0
552,715,1,False,cluster_1,1532,user_run_0841,user_standardized_l2_cosine,standardized_l2,cosine,0.462779,128,15.0
553,716,1,False,cluster_1,1532,user_run_0841,user_standardized_l2_cosine,standardized_l2,cosine,0.462779,128,15.0
554,718,-1,True,noise,1911,user_run_0841,user_standardized_l2_cosine,standardized_l2,cosine,0.462779,128,15.0
555,720,0,False,cluster_0,1279,user_run_0841,user_standardized_l2_cosine,standardized_l2,cosine,0.462779,128,15.0
556,721,0,False,cluster_0,1279,user_run_0841,user_standardized_l2_cosine,standardized_l2,cosine,0.462779,128,15.0
557,722,1,False,cluster_1,1532,user_run_0841,user_standardized_l2_cosine,standardized_l2,cosine,0.462779,128,15.0
558,724,-1,True,noise,1911,user_run_0841,user_standardized_l2_cosine,standardized_l2,cosine,0.462779,128,15.0
559,725,-1,True,noise,1911,user_run_0841,user_standardized_l2_cosine,standardized_l2,cosine,0.462779,128,15.0
560,726,0,False,cluster_0,1279,user_run_0841,user_standardized_l2_cosine,standardized_l2,cosine,0.462779,128,15.0
561,727,-1,True,noise,1911,user_run_0841,user_standardized_l2_cosine,standardized_l2,cosine,0.462779,128,15.0
562,728,1,False,cluster_1,1532,user_run_0841,user_standardized_l2_cosine,standardized_l2,cosine,0.462779,128,15.0
563,729,-1,True,noise,1911,user_run_0841,user_standardized_l2_cosine,standardized_l2,cosine,0.462779,128,15.0
564,730,1,False,cluster_1,1532,user_run_0841,user_standardized_l2_cosine,standardized_l2,cosine,0.462779,128,15.0
565,731,-1,True,noise,1911,user_run_0841,user_standardized_l2_cosine,standardized_l2,cosine,0.462779,128,15.0
566,732,-1,True,noise,1911,user_run_0841,user_standardized_l2_cosine,standardized_l2,cosine,0.462779,128,15.0
567,733,-1,True,noise,1911,user_run_0841,user_standardized_l2_cosine,standardized_l2,cosine,0.462779,128,15.0
568,734,0,False,cluster_0,1279,user_run_0841,user_standardized_l2_cosine,standardized_l2,cosine,0.462779,128,15.0
569,735,-1,True,noise,1911,user_run_0841,user_standardized_l2_cosine,standardized_l2,cosine,0.462779,128,15.0
570,736,1,False,cluster_1,1532,user_run_0841,user_standardized_l2_cosine,standardized_l2,cosine,0.462779,128,15.0
571,737,-1,True,noise,1911,user_run_0841,user_standardized_l2_cosine,standardized_l2,cosine,0.462779,128,15.0
572,739,0,False,cluster_0,1279,user_run_0841,user_standardized_l2_cosine,standardized_l2,cosine,0.462779,128,15.0
573,741,-1,True,noise,1911,user_run_0841,user_standardized_l2_cosine,standardized_l2,cosine,0.462779,128,15.0
574,742,0,False,cluster_0,1279,user_run_0841,user_standardized_l2_cosine,standardized_l2,cosine,0.462779,128,15.0
575,743,-1,True,noise,1911,user_run_0841,user_standardized_l2_cosine,standardized_l2,cosine,0.462779,128,15.0
576,744,-1,True,noise,1911,user_run_0841,user_standardized_l2_cosine,standardized_l2,cosine,0.462779,128,15.0
577,746,0,False,cluster_0,1279,user_run_0841,user_standardized_l2_cosine,standardized_l2,cosine,0.462779,128,15.0
578,748,-1,True,noise,1911,user_run_0841,user_standardized_l2_cosine,standardized_l2,cosine,0.462779,128,15.0
579,749,0,False,cluster_0,1279,user_run_0841,user_standardized_l2_cosine,standardized_l2,cosine,0.462779,128,15.0
580,750,1,False,cluster_1,1532,user_run_0841,user_standardized_l2_cosine,standardized_l2,cosine,0.462779,128,15.0
581,752,1,False,cluster_1,1532,user_run_0841,user_standardized_l2_cosine,standardized_l2,cosine,0.462779,128,15.0
582,753,-1,True,noise,1911,user_run_0841,user_standardized_l2_cosine,standardized_l2,cosine,0.462779,128,15.0
583,754,0,False,cluster_0,1279,user_run_0841,user_standardized_l2_cosine,standardized_l2,cosine,0.462779,128,15.0
584,755,-1,True,noise,1911,user_run_0841,user_standardized_l2_cosine,standardized_l2,cosine,0.462779,128,15.0
585,757,1,False,cluster_1,1532,user_run_0841,user_standardized_l2_cosine,standardized_l2,cosine,0.462779,128,15.0
586,759,-1,True,noise,1911,user_run_0841,user_standardized_l2_cosine,standardized_l2,cosine,0.462779,128,15.0
587,760,-1,True,noise,1911,user_run_0841,user_standardized_l2_cosine,standardized_l2,cosine,0.462779,128,15.0
588,762,0,False,cluster_0,1279,user_run_0841,user_standardized_l2_cosine,standardized_l2,cosine,0.462779,128,15.0
589,764,-1,True,noise,1911,user_run_0841,user_standardized_l2_cosine,standardized_l2,cosine,0.462779,128,15.0
590,765,0,False,cluster_0,1279,user_run_0841,user_standardized_l2_cosine,standardized_l2,cosine,0.462779,128,15.0
591,766,1,False,cluster_1,1532,user_run_0841,user_standardized_l2_cosine,standardized_l2,cosine,0.462779,128,15.0
592,767,0,False,cluster_0,1279,user_run_0841,user_standardized_l2_cosine,standardized_l2,cosine,0.462779,128,15.0
593,768,-1,True,noise,1911,user_run_0841,user_standardized_l2_cosine,standardized_l2,cosine,0.462779,128,15.0
594,769,1,False,cluster_1,1532,user_run_0841,user_standardized_l2_cosine,standardized_l2,cosine,0.462779,128,15.0
595,770,0,False,cluster_0,1279,user_run_0841,user_standardized_l2_cosine,standardized_l2,cosine,0.462779,128,15.0
596,772,0,False,cluster_0,1279,user_run_0841,user_standardized_l2_cosine,standardized_l2,cosine,0.462779,128,15.0
597,773,0,False,cluster_0,1279,user_run_0841,user_standardized_l2_cosine,standardized_l2,cosine,0.462779,128,15.0
598,774,1,False,cluster_1,1532,user_run_0841,user_standardized_l2_cosine,standardized_l2,cosine,0.462779,128,15.0
599,776,-1,True,noise,1911,user_run_0841,user_standardized_l2_cosine,standardized_l2,cosine,0.462779,128,15.0
600,777,0,False,cluster_0,1279,user_run_0841,user_standardized_l2_cosine,standardized_l2,cosine,0.462779,128,15.0
601,778,1,False,cluster_1,1532,user_run_0841,user_standardized_l2_cosine,standardized_l2,cosine,0.462779,128,15.0
602,779,0,False,cluster_0,1279,user_run_0841,user_standardized_l2_cosine,standardized_l2,cosine,0.462779,128,15.0
603,780,-1,True,noise,1911,user_run_0841,user_standardized_l2_cosine,standardized_l2,cosine,0.462779,128,15.0
604,781,1,False,cluster_1,1532,user_run_0841,user_standardized_l2_cosine,standardized_l2,cosine,0.462779,128,15.0
605,783,1,False,cluster_1,1532,user_run_0841,user_standardized_l2_cosine,standardized_l2,cosine,0.462779,128,15.0
606,785,0,False,cluster_0,1279,user_run_0841,user_standardized_l2_cosine,standardized_l2,cosine,0.462779,128,15.0
607,786,0,False,cluster_0,1279,user_run_0841,user_standardized_l2_cosine,standardized_l2,cosine,0.462779,128,15.0
608,787,1,False,cluster_1,1532,user_run_0841,user_standardized_l2_cosine,standardized_l2,cosine,0.462779,128,15.0
609,788,-1,True,noise,1911,user_run_0841,user_standardized_l2_cosine,standardized_l2,cosine,0.462779,128,15.0
610,789,0,False,cluster_0,1279,user_run_0841,user_standardized_l2_cosine,standardized_l2,cosine,0.462779,128,15.0
611,791,-1,True,noise,1911,user_run_0841,user_standardized_l2_cosine,standardized_l2,cosine,0.462779,128,15.0
612,792,1,False,cluster_1,1532,user_run_0841,user_standardized_l2_cosine,standardized_l2,cosine,0.462779,128,15.0
613,793,-1,True,noise,1911,user_run_0841,user_standardized_l2_cosine,standardized_l2,cosine,0.462779,128,15.0
614,794,-1,True,noise,1911,user_run_0841,user_standardized_l2_cosine,standardized_l2,cosine,0.462779,128,15.0
615,795,-1,True,noise,1911,user_run_0841,user_standardized_l2_cosine,standardized_l2,cosine,0.462779,128,15.0
616,796,1,False,cluster_1,1532,user_run_0841,user_standardized_l2_cosine,standardized_l2,cosine,0.462779,128,15.0
617,797,0,False,cluster_0,1279,user_run_0841,user_standardized_l2_cosine,standardized_l2,cosine,0.462779,128,15.0
618,798,0,False,cluster_0,1279,user_run_0841,user_standardized_l2_cosine,standardized_l2,cosine,0.462779,128,15.0
619,799,-1,True,noise,1911,user_run_0841,user_standardized_l2_cosine,standardized_l2,cosine,0.462779,128,15.0
620,800,0,False,cluster_0,1279,user_run_0841,user_standardized_l2_cosine,standardized_l2,cosine,0.462779,128,15.0
621,801,-1,True,noise,1911,user_run_0841,user_standardized_l2_cosine,standardized_l2,cosine,0.462779,128,15.0
622,802,1,False,cluster_1,1532,user_run_0841,user_standardized_l2_cosine,standardized_l2,cosine,0.462779,128,15.0
623,803,-1,True,noise,1911,user_run_0841,user_standardized_l2_cosine,standardized_l2,cosine,0.462779,128,15.0
624,804,1,False,cluster_1,1532,user_run_0841,user_standardized_l2_cosine,standardized_l2,cosine,0.462779,128,15.0
625,805,0,False,cluster_0,1279,user_run_0841,user_standardized_l2_cosine,standardized_l2,cosine,0.462779,128,15.0
626,806,1,False,cluster_1,1532,user_run_0841,user_standardized_l2_cosine,standardized_l2,cosine,0.462779,128,15.0
627,808,0,False,cluster_0,1279,user_run_0841,user_standardized_l2_cosine,standardized_l2,cosine,0.462779,128,15.0
628,809,0,False,cluster_0,1279,user_run_0841,user_standardized_l2_cosine,standardized_l2,cosine,0.462779,128,15.0
629,810,1,False,cluster_1,1532,user_run_0841,user_standardized_l2_cosine,standardized_l2,cosine,0.462779,128,15.0
630,811,1,False,cluster_1,1532,user_run_0841,user_standardized_l2_cosine,standardized_l2,cosine,0.462779,128,15.0
631,812,0,False,cluster_0,1279,user_run_0841,user_standardized_l2_cosine,standardized_l2,cosine,0.462779,128,15.0
632,813,0,False,cluster_0,1279,user_run_0841,user_standardized_l2_cosine,standardized_l2,cosine,0.462779,128,15.0
633,816,-1,True,noise,1911,user_run_0841,user_standardized_l2_cosine,standardized_l2,cosine,0.462779,128,15.0
634,817,1,False,cluster_1,1532,user_run_0841,user_standardized_l2_cosine,standardized_l2,cosine,0.462779,128,15.0
635,818,1,False,cluster_1,1532,user_run_0841,user_standardized_l2_cosine,standardized_l2,cosine,0.462779,128,15.0
636,819,0,False,cluster_0,1279,user_run_0841,user_standardized_l2_cosine,standardized_l2,cosine,0.462779,128,15.0
637,820,0,False,cluster_0,1279,user_run_0841,user_standardized_l2_cosine,standardized_l2,cosine,0.462779,128,15.0
638,822,0,False,cluster_0,1279,user_run_0841,user_standardized_l2_cosine,standardized_l2,cosine,0.462779,128,15.0
639,823,-1,True,noise,1911,user_run_0841,user_standardized_l2_cosine,standardized_l2,cosine,0.462779,128,15.0
640,824,1,False,cluster_1,1532,user_run_0841,user_standardized_l2_cosine,standardized_l2,cosine,0.462779,128,15.0
641,825,-1,True,noise,1911,user_run_0841,user_standardized_l2_cosine,standardized_l2,cosine,0.462779,128,15.0
642,828,-1,True,noise,1911,user_run_0841,user_standardized_l2_cosine,standardized_l2,cosine,0.462779,128,15.0
643,829,-1,True,noise,1911,user_run_0841,user_standardized_l2_cosine,standardized_l2,cosine,0.462779,128,15.0
644,830,-1,True,noise,1911,user_run_0841,user_standardized_l2_cosine,standardized_l2,cosine,0.462779,128,15.0
645,831,-1,True,noise,1911,user_run_0841,user_standardized_l2_cosine,standardized_l2,cosine,0.462779,128,15.0
646,832,-1,True,noise,1911,user_run_0841,user_standardized_l2_cosine,standardized_l2,cosine,0.462779,128,15.0
647,834,0,False,cluster_0,1279,user_run_0841,user_standardized_l2_cosine,standardized_l2,cosine,0.462779,128,15.0
648,836,0,False,cluster_0,1279,user_run_0841,user_standardized_l2_cosine,standardized_l2,cosine,0.462779,128,15.0
649,837,-1,True,noise,1911,user_run_0841,user_standardized_l2_cosine,standardized_l2,cosine,0.462779,128,15.0
650,838,-1,True,noise,1911,user_run_0841,user_standardized_l2_cosine,standardized_l2,cosine,0.462779,128,15.0
651,839,1,False,cluster_1,1532,user_run_0841,user_standardized_l2_cosine,standardized_l2,cosine,0.462779,128,15.0
652,840,-1,True,noise,1911,user_run_0841,user_standardized_l2_cosine,standardized_l2,cosine,0.462779,128,15.0
653,843,0,False,cluster_0,1279,user_run_0841,user_standardized_l2_cosine,standardized_l2,cosine,0.462779,128,15.0
654,844,-1,True,noise,1911,user_run_0841,user_standardized_l2_cosine,standardized_l2,cosine,0.462779,128,15.0
655,845,-1,True,noise,1911,user_run_0841,user_standardized_l2_cosine,standardized_l2,cosine,0.462779,128,15.0
656,846,-1,True,noise,1911,user_run_0841,user_standardized_l2_cosine,standardized_l2,cosine,0.462779,128,15.0
657,847,-1,True,noise,1911,user_run_0841,user_standardized_l2_cosine,standardized_l2,cosine,0.462779,128,15.0
658,848,-1,True,noise,1911,user_run_0841,user_standardized_l2_cosine,standardized_l2,cosine,0.462779,128,15.0
659,849,-1,True,noise,1911,user_run_0841,user_standardized_l2_cosine,standardized_l2,cosine,0.462779,128,15.0
660,850,1,False,cluster_1,1532,user_run_0841,user_standardized_l2_cosine,standardized_l2,cosine,0.462779,128,15.0
661,851,0,False,cluster_0,1279,user_run_0841,user_standardized_l2_cosine,standardized_l2,cosine,0.462779,128,15.0
662,853,0,False,cluster_0,1279,user_run_0841,user_standardized_l2_cosine,standardized_l2,cosine,0.462779,128,15.0
663,854,-1,True,noise,1911,user_run_0841,user_standardized_l2_cosine,standardized_l2,cosine,0.462779,128,15.0
664,855,1,False,cluster_1,1532,user_run_0841,user_standardized_l2_cosine,standardized_l2,cosine,0.462779,128,15.0
665,856,1,False,cluster_1,1532,user_run_0841,user_standardized_l2_cosine,standardized_l2,cosine,0.462779,128,15.0
666,857,-1,True,noise,1911,user_run_0841,user_standardized_l2_cosine,standardized_l2,cosine,0.462779,128,15.0
667,858,-1,True,noise,1911,user_run_0841,user_standardized_l2_cosine,standardized_l2,cosine,0.462779,128,15.0
668,859,1,False,cluster_1,1532,user_run_0841,user_standardized_l2_cosine,standardized_l2,cosine,0.462779,128,15.0
669,860,0,False,cluster_0,1279,user_run_0841,user_standardized_l2_cosine,standardized_l2,cosine,0.462779,128,15.0
670,861,-1,True,noise,1911,user_run_0841,user_standardized_l2_cosine,standardized_l2,cosine,0.462779,128,15.0
671,862,-1,True,noise,1911,user_run_0841,user_standardized_l2_cosine,standardized_l2,cosine,0.462779,128,15.0
672,863,1,False,cluster_1,1532,user_run_0841,user_standardized_l2_cosine,standardized_l2,cosine,0.462779,128,15.0
673,864,-1,True,noise,1911,user_run_0841,user_standardized_l2_cosine,standardized_l2,cosine,0.462779,128,15.0
674,865,0,False,cluster_0,1279,user_run_0841,user_standardized_l2_cosine,standardized_l2,cosine,0.462779,128,15.0
675,867,0,False,cluster_0,1279,user_run_0841,user_standardized_l2_cosine,standardized_l2,cosine,0.462779,128,15.0
676,868,0,False,cluster_0,1279,user_run_0841,user_standardized_l2_cosine,standardized_l2,cosine,0.462779,128,15.0
677,869,0,False,cluster_0,1279,user_run_0841,user_standardized_l2_cosine,standardized_l2,cosine,0.462779,128,15.0
678,871,0,False,cluster_0,1279,user_run_0841,user_standardized_l2_cosine,standardized_l2,cosine,0.462779,128,15.0
679,872,-1,True,noise,1911,user_run_0841,user_standardized_l2_cosine,standardized_l2,cosine,0.462779,128,15.0
680,873,-1,True,noise,1911,user_run_0841,user_standardized_l2_cosine,standardized_l2,cosine,0.462779,128,15.0
681,875,0,False,cluster_0,1279,user_run_0841,user_standardized_l2_cosine,standardized_l2,cosine,0.462779,128,15.0
682,876,0,False,cluster_0,1279,user_run_0841,user_standardized_l2_cosine,standardized_l2,cosine,0.462779,128,15.0
683,877,1,False,cluster_1,1532,user_run_0841,user_standardized_l2_cosine,standardized_l2,cosine,0.462779,128,15.0
684,878,1,False,cluster_1,1532,user_run_0841,user_standardized_l2_cosine,standardized_l2,cosine,0.462779,128,15.0
685,879,0,False,cluster_0,1279,user_run_0841,user_standardized_l2_cosine,standardized_l2,cosine,0.462779,128,15.0
686,880,-1,True,noise,1911,user_run_0841,user_standardized_l2_cosine,standardized_l2,cosine,0.462779,128,15.0
687,881,-1,True,noise,1911,user_run_0841,user_standardized_l2_cosine,standardized_l2,cosine,0.462779,128,15.0
688,882,1,False,cluster_1,1532,user_run_0841,user_standardized_l2_cosine,standardized_l2,cosine,0.462779,128,15.0
689,884,-1,True,noise,1911,user_run_0841,user_standardized_l2_cosine,standardized_l2,cosine,0.462779,128,15.0
690,885,0,False,cluster_0,1279,user_run_0841,user_standardized_l2_cosine,standardized_l2,cosine,0.462779,128,15.0
691,887,1,False,cluster_1,1532,user_run_0841,user_standardized_l2_cosine,standardized_l2,cosine,0.462779,128,15.0
692,888,0,False,cluster_0,1279,user_run_0841,user_standardized_l2_cosine,standardized_l2,cosine,0.462779,128,15.0
693,889,1,False,cluster_1,1532,user_run_0841,user_standardized_l2_cosine,standardized_l2,cosine,0.462779,128,15.0
694,890,0,False,cluster_0,1279,user_run_0841,user_standardized_l2_cosine,standardized_l2,cosine,0.462779,128,15.0
695,891,-1,True,noise,1911,user_run_0841,user_standardized_l2_cosine,standardized_l2,cosine,0.462779,128,15.0
696,893,-1,True,noise,1911,user_run_0841,user_standardized_l2_cosine,standardized_l2,cosine,0.462779,128,15.0
697,894,0,False,cluster_0,1279,user_run_0841,user_standardized_l2_cosine,standardized_l2,cosine,0.462779,128,15.0
698,895,-1,True,noise,1911,user_run_0841,user_standardized_l2_cosine,standardized_l2,cosine,0.462779,128,15.0
699,896,0,False,cluster_0,1279,user_run_0841,user_standardized_l2_cosine,standardized_l2,cosine,0.462779,128,15.0
700,897,-1,True,noise,1911,user_run_0841,user_standardized_l2_cosine,standardized_l2,cosine,0.462779,128,15.0
701,899,1,False,cluster_1,1532,user_run_0841,user_standardized_l2_cosine,standardized_l2,cosine,0.462779,128,15.0
702,903,-1,True,noise,1911,user_run_0841,user_standardized_l2_cosine,standardized_l2,cosine,0.462779,128,15.0
703,904,0,False,cluster_0,1279,user_run_0841,user_standardized_l2_cosine,standardized_l2,cosine,0.462779,128,15.0
704,905,1,False,cluster_1,1532,user_run_0841,user_standardized_l2_cosine,standardized_l2,cosine,0.462779,128,15.0
705,909,1,False,cluster_1,1532,user_run_0841,user_standardized_l2_cosine,standardized_l2,cosine,0.462779,128,15.0
706,910,-1,True,noise,1911,user_run_0841,user_standardized_l2_cosine,standardized_l2,cosine,0.462779,128,15.0
707,911,0,False,cluster_0,1279,user_run_0841,user_standardized_l2_cosine,standardized_l2,cosine,0.462779,128,15.0
708,912,0,False,cluster_0,1279,user_run_0841,user_standardized_l2_cosine,standardized_l2,cosine,0.462779,128,15.0
709,913,0,False,cluster_0,1279,user_run_0841,user_standardized_l2_cosine,standardized_l2,cosine,0.462779,128,15.0
710,914,0,False,cluster_0,1279,user_run_0841,user_standardized_l2_cosine,standardized_l2,cosine,0.462779,128,15.0
711,915,1,False,cluster_1,1532,user_run_0841,user_standardized_l2_cosine,standardized_l2,cosine,0.462779,128,15.0
712,916,-1,True,noise,1911,user_run_0841,user_standardized_l2_cosine,standardized_l2,cosine,0.462779,128,15.0
713,918,0,False,cluster_0,1279,user_run_0841,user_standardized_l2_cosine,standardized_l2,cosine,0.462779,128,15.0
714,919,1,False,cluster_1,1532,user_run_0841,user_standardized_l2_cosine,standardized_l2,cosine,0.462779,128,15.0
715,920,1,False,cluster_1,1532,user_run_0841,user_standardized_l2_cosine,standardized_l2,cosine,0.462779,128,15.0
716,921,-1,True,noise,1911,user_run_0841,user_standardized_l2_cosine,standardized_l2,cosine,0.462779,128,15.0
717,922,-1,True,noise,1911,user_run_0841,user_standardized_l2_cosine,standardized_l2,cosine,0.462779,128,15.0
718,923,0,False,cluster_0,1279,user_run_0841,user_standardized_l2_cosine,standardized_l2,cosine,0.462779,128,15.0
719,924,1,False,cluster_1,1532,user_run_0841,user_standardized_l2_cosine,standardized_l2,cosine,0.462779,128,15.0
720,925,0,False,cluster_0,1279,user_run_0841,user_standardized_l2_cosine,standardized_l2,cosine,0.462779,128,15.0
721,926,0,False,cluster_0,1279,user_run_0841,user_standardized_l2_cosine,standardized_l2,cosine,0.462779,128,15.0
722,927,-1,True,noise,1911,user_run_0841,user_standardized_l2_cosine,standardized_l2,cosine,0.462779,128,15.0
723,928,1,False,cluster_1,1532,user_run_0841,user_standardized_l2_cosine,standardized_l2,cosine,0.462779,128,15.0
724,929,-1,True,noise,1911,user_run_0841,user_standardized_l2_cosine,standardized_l2,cosine,0.462779,128,15.0
725,930,-1,True,noise,1911,user_run_0841,user_standardized_l2_cosine,standardized_l2,cosine,0.462779,128,15.0
726,931,0,False,cluster_0,1279,user_run_0841,user_standardized_l2_cosine,standardized_l2,cosine,0.462779,128,15.0
727,933,0,False,cluster_0,1279,user_run_0841,user_standardized_l2_cosine,standardized_l2,cosine,0.462779,128,15.0
728,934,1,False,cluster_1,1532,user_run_0841,user_standardized_l2_cosine,standardized_l2,cosine,0.462779,128,15.0
729,935,0,False,cluster_0,1279,user_run_0841,user_standardized_l2_cosine,standardized_l2,cosine,0.462779,128,15.0
730,936,0,False,cluster_0,1279,user_run_0841,user_standardized_l2_cosine,standardized_l2,cosine,0.462779,128,15.0
731,937,-1,True,noise,1911,user_run_0841,user_standardized_l2_cosine,standardized_l2,cosine,0.462779,128,15.0
732,939,-1,True,noise,1911,user_run_0841,user_standardized_l2_cosine,standardized_l2,cosine,0.462779,128,15.0
733,940,1,False,cluster_1,1532,user_run_0841,user_standardized_l2_cosine,standardized_l2,cosine,0.462779,128,15.0
734,943,0,False,cluster_0,1279,user_run_0841,user_standardized_l2_cosine,standardized_l2,cosine,0.462779,128,15.0
735,944,1,False,cluster_1,1532,user_run_0841,user_standardized_l2_cosine,standardized_l2,cosine,0.462779,128,15.0
736,945,0,False,cluster_0,1279,user_run_0841,user_standardized_l2_cosine,standardized_l2,cosine,0.462779,128,15.0
737,948,0,False,cluster_0,1279,user_run_0841,user_standardized_l2_cosine,standardized_l2,cosine,0.462779,128,15.0
738,949,-1,True,noise,1911,user_run_0841,user_standardized_l2_cosine,standardized_l2,cosine,0.462779,128,15.0
739,950,1,False,cluster_1,1532,user_run_0841,user_standardized_l2_cosine,standardized_l2,cosine,0.462779,128,15.0
740,952,1,False,cluster_1,1532,user_run_0841,user_standardized_l2_cosine,standardized_l2,cosine,0.462779,128,15.0
741,953,-1,True,noise,1911,user_run_0841,user_standardized_l2_cosine,standardized_l2,cosine,0.462779,128,15.0
742,954,-1,True,noise,1911,user_run_0841,user_standardized_l2_cosine,standardized_l2,cosine,0.462779,128,15.0
743,955,-1,True,noise,1911,user_run_0841,user_standardized_l2_cosine,standardized_l2,cosine,0.462779,128,15.0
744,956,1,False,cluster_1,1532,user_run_0841,user_standardized_l2_cosine,standardized_l2,cosine,0.462779,128,15.0
745,957,1,False,cluster_1,1532,user_run_0841,user_standardized_l2_cosine,standardized_l2,cosine,0.462779,128,15.0
746,958,1,False,cluster_1,1532,user_run_0841,user_standardized_l2_cosine,standardized_l2,cosine,0.462779,128,15.0
747,959,0,False,cluster_0,1279,user_run_0841,user_standardized_l2_cosine,standardized_l2,cosine,0.462779,128,15.0
748,960,1,False,cluster_1,1532,user_run_0841,user_standardized_l2_cosine,standardized_l2,cosine,0.462779,128,15.0
749,961,0,False,cluster_0,1279,user_run_0841,user_standardized_l2_cosine,standardized_l2,cosine,0.462779,128,15.0
750,962,1,False,cluster_1,1532,user_run_0841,user_standardized_l2_cosine,standardized_l2,cosine,0.462779,128,15.0
751,963,1,False,cluster_1,1532,user_run_0841,user_standardized_l2_cosine,standardized_l2,cosine,0.462779,128,15.0
752,964,1,False,cluster_1,1532,user_run_0841,user_standardized_l2_cosine,standardized_l2,cosine,0.462779,128,15.0
753,965,1,False,cluster_1,1532,user_run_0841,user_standardized_l2_cosine,standardized_l2,cosine,0.462779,128,15.0
754,966,-1,True,noise,1911,user_run_0841,user_standardized_l2_cosine,standardized_l2,cosine,0.462779,128,15.0
755,967,0,False,cluster_0,1279,user_run_0841,user_standardized_l2_cosine,standardized_l2,cosine,0.462779,128,15.0
756,968,-1,True,noise,1911,user_run_0841,user_standardized_l2_cosine,standardized_l2,cosine,0.462779,128,15.0
757,970,0,False,cluster_0,1279,user_run_0841,user_standardized_l2_cosine,standardized_l2,cosine,0.462779,128,15.0
758,971,1,False,cluster_1,1532,user_run_0841,user_standardized_l2_cosine,standardized_l2,cosine,0.462779,128,15.0
759,973,-1,True,noise,1911,user_run_0841,user_standardized_l2_cosine,standardized_l2,cosine,0.462779,128,15.0
760,974,-1,True,noise,1911,user_run_0841,user_standardized_l2_cosine,standardized_l2,cosine,0.462779,128,15.0
761,975,-1,True,noise,1911,user_run_0841,user_standardized_l2_cosine,standardized_l2,cosine,0.462779,128,15.0
762,976,0,False,cluster_0,1279,user_run_0841,user_standardized_l2_cosine,standardized_l2,cosine,0.462779,128,15.0
763,977,-1,True,noise,1911,user_run_0841,user_standardized_l2_cosine,standardized_l2,cosine,0.462779,128,15.0
764,978,-1,True,noise,1911,user_run_0841,user_standardized_l2_cosine,standardized_l2,cosine,0.462779,128,15.0
765,979,0,False,cluster_0,1279,user_run_0841,user_standardized_l2_cosine,standardized_l2,cosine,0.462779,128,15.0
766,980,-1,True,noise,1911,user_run_0841,user_standardized_l2_cosine,standardized_l2,cosine,0.462779,128,15.0
767,981,-1,True,noise,1911,user_run_0841,user_standardized_l2_cosine,standardized_l2,cosine,0.462779,128,15.0
768,982,1,False,cluster_1,1532,user_run_0841,user_standardized_l2_cosine,standardized_l2,cosine,0.462779,128,15.0
769,983,0,False,cluster_0,1279,user_run_0841,user_standardized_l2_cosine,standardized_l2,cosine,0.462779,128,15.0
770,984,1,False,cluster_1,1532,user_run_0841,user_standardized_l2_cosine,standardized_l2,cosine,0.462779,128,15.0
771,985,-1,True,noise,1911,user_run_0841,user_standardized_l2_cosine,standardized_l2,cosine,0.462779,128,15.0
772,987,-1,True,noise,1911,user_run_0841,user_standardized_l2_cosine,standardized_l2,cosine,0.462779,128,15.0
773,988,1,False,cluster_1,1532,user_run_0841,user_standardized_l2_cosine,standardized_l2,cosine,0.462779,128,15.0
774,989,-1,True,noise,1911,user_run_0841,user_standardized_l2_cosine,standardized_l2,cosine,0.462779,128,15.0
775,990,0,False,cluster_0,1279,user_run_0841,user_standardized_l2_cosine,standardized_l2,cosine,0.462779,128,15.0
776,991,-1,True,noise,1911,user_run_0841,user_standardized_l2_cosine,standardized_l2,cosine,0.462779,128,15.0
777,993,-1,True,noise,1911,user_run_0841,user_standardized_l2_cosine,standardized_l2,cosine,0.462779,128,15.0
778,995,-1,True,noise,1911,user_run_0841,user_standardized_l2_cosine,standardized_l2,cosine,0.462779,128,15.0
779,996,-1,True,noise,1911,user_run_0841,user_standardized_l2_cosine,standardized_l2,cosine,0.462779,128,15.0
780,998,-1,True,noise,1911,user_run_0841,user_standardized_l2_cosine,standardized_l2,cosine,0.462779,128,15.0
781,999,0,False,cluster_0,1279,user_run_0841,user_standardized_l2_cosine,standardized_l2,cosine,0.462779,128,15.0
782,1000,-1,True,noise,1911,user_run_0841,user_standardized_l2_cosine,standardized_l2,cosine,0.462779,128,15.0
783,1001,1,False,cluster_1,1532,user_run_0841,user_standardized_l2_cosine,standardized_l2,cosine,0.462779,128,15.0
784,1002,1,False,cluster_1,1532,user_run_0841,user_standardized_l2_cosine,standardized_l2,cosine,0.462779,128,15.0
785,1004,-1,True,noise,1911,user_run_0841,user_standardized_l2_cosine,standardized_l2,cosine,0.462779,128,15.0
786,1005,-1,True,noise,1911,user_run_0841,user_standardized_l2_cosine,standardized_l2,cosine,0.462779,128,15.0
787,1006,1,False,cluster_1,1532,user_run_0841,user_standardized_l2_cosine,standardized_l2,cosine,0.462779,128,15.0
788,1008,1,False,cluster_1,1532,user_run_0841,user_standardized_l2_cosine,standardized_l2,cosine,0.462779,128,15.0
789,1009,-1,True,noise,1911,user_run_0841,user_standardized_l2_cosine,standardized_l2,cosine,0.462779,128,15.0
790,1010,1,False,cluster_1,1532,user_run_0841,user_standardized_l2_cosine,standardized_l2,cosine,0.462779,128,15.0
791,1012,0,False,cluster_0,1279,user_run_0841,user_standardized_l2_cosine,standardized_l2,cosine,0.462779,128,15.0
792,1013,-1,True,noise,1911,user_run_0841,user_standardized_l2_cosine,standardized_l2,cosine,0.462779,128,15.0
793,1015,1,False,cluster_1,1532,user_run_0841,user_standardized_l2_cosine,standardized_l2,cosine,0.462779,128,15.0
794,1016,-1,True,noise,1911,user_run_0841,user_standardized_l2_cosine,standardized_l2,cosine,0.462779,128,15.0
795,1017,0,False,cluster_0,1279,user_run_0841,user_standardized_l2_cosine,standardized_l2,cosine,0.462779,128,15.0
796,1018,-1,True,noise,1911,user_run_0841,user_standardized_l2_cosine,standardized_l2,cosine,0.462779,128,15.0
797,1019,1,False,cluster_1,1532,user_run_0841,user_standardized_l2_cosine,standardized_l2,cosine,0.462779,128,15.0
798,1020,1,False,cluster_1,1532,user_run_0841,user_standardized_l2_cosine,standardized_l2,cosine,0.462779,128,15.0
799,1021,1,False,cluster_1,1532,user_run_0841,user_standardized_l2_cosine,standardized_l2,cosine,0.462779,128,15.0
800,1022,1,False,cluster_1,1532,user_run_0841,user_standardized_l2_cosine,standardized_l2,cosine,0.462779,128,15.0
801,1023,-1,True,noise,1911,user_run_0841,user_standardized_l2_cosine,standardized_l2,cosine,0.462779,128,15.0
802,1024,0,False,cluster_0,1279,user_run_0841,user_standardized_l2_cosine,standardized_l2,cosine,0.462779,128,15.0
803,1026,0,False,cluster_0,1279,user_run_0841,user_standardized_l2_cosine,standardized_l2,cosine,0.462779,128,15.0
804,1027,1,False,cluster_1,1532,user_run_0841,user_standardized_l2_cosine,standardized_l2,cosine,0.462779,128,15.0
805,1028,1,False,cluster_1,1532,user_run_0841,user_standardized_l2_cosine,standardized_l2,cosine,0.462779,128,15.0
806,1029,1,False,cluster_1,1532,user_run_0841,user_standardized_l2_cosine,standardized_l2,cosine,0.462779,128,15.0
807,1030,1,False,cluster_1,1532,user_run_0841,user_standardized_l2_cosine,standardized_l2,cosine,0.462779,128,15.0
808,1031,0,False,cluster_0,1279,user_run_0841,user_standardized_l2_cosine,standardized_l2,cosine,0.462779,128,15.0
809,1032,-1,True,noise,1911,user_run_0841,user_standardized_l2_cosine,standardized_l2,cosine,0.462779,128,15.0
810,1033,-1,True,noise,1911,user_run_0841,user_standardized_l2_cosine,standardized_l2,cosine,0.462779,128,15.0
811,1034,-1,True,noise,1911,user_run_0841,user_standardized_l2_cosine,standardized_l2,cosine,0.462779,128,15.0
812,1035,-1,True,noise,1911,user_run_0841,user_standardized_l2_cosine,standardized_l2,cosine,0.462779,128,15.0
813,1036,-1,True,noise,1911,user_run_0841,user_standardized_l2_cosine,standardized_l2,cosine,0.462779,128,15.0
814,1038,-1,True,noise,1911,user_run_0841,user_standardized_l2_cosine,standardized_l2,cosine,0.462779,128,15.0
815,1040,1,False,cluster_1,1532,user_run_0841,user_standardized_l2_cosine,standardized_l2,cosine,0.462779,128,15.0
816,1041,1,False,cluster_1,1532,user_run_0841,user_standardized_l2_cosine,standardized_l2,cosine,0.462779,128,15.0
817,1042,0,False,cluster_0,1279,user_run_0841,user_standardized_l2_cosine,standardized_l2,cosine,0.462779,128,15.0
818,1044,1,False,cluster_1,1532,user_run_0841,user_standardized_l2_cosine,standardized_l2,cosine,0.462779,128,15.0
819,1047,-1,True,noise,1911,user_run_0841,user_standardized_l2_cosine,standardized_l2,cosine,0.462779,128,15.0
820,1048,-1,True,noise,1911,user_run_0841,user_standardized_l2_cosine,standardized_l2,cosine,0.462779,128,15.0
821,1050,1,False,cluster_1,1532,user_run_0841,user_standardized_l2_cosine,standardized_l2,cosine,0.462779,128,15.0
822,1051,-1,True,noise,1911,user_run_0841,user_standardized_l2_cosine,standardized_l2,cosine,0.462779,128,15.0
823,1052,-1,True,noise,1911,user_run_0841,user_standardized_l2_cosine,standardized_l2,cosine,0.462779,128,15.0
824,1053,1,False,cluster_1,1532,user_run_0841,user_standardized_l2_cosine,standardized_l2,cosine,0.462779,128,15.0
825,1054,0,False,cluster_0,1279,user_run_0841,user_standardized_l2_cosine,standardized_l2,cosine,0.462779,128,15.0
826,1055,-1,True,noise,1911,user_run_0841,user_standardized_l2_cosine,standardized_l2,cosine,0.462779,128,15.0
827,1056,0,False,cluster_0,1279,user_run_0841,user_standardized_l2_cosine,standardized_l2,cosine,0.462779,128,15.0
828,1057,1,False,cluster_1,1532,user_run_0841,user_standardized_l2_cosine,standardized_l2,cosine,0.462779,128,15.0
829,1058,1,False,cluster_1,1532,user_run_0841,user_standardized_l2_cosine,standardized_l2,cosine,0.462779,128,15.0
830,1059,1,False,cluster_1,1532,user_run_0841,user_standardized_l2_cosine,standardized_l2,cosine,0.462779,128,15.0
831,1060,0,False,cluster_0,1279,user_run_0841,user_standardized_l2_cosine,standardized_l2,cosine,0.462779,128,15.0
832,1061,0,False,cluster_0,1279,user_run_0841,user_standardized_l2_cosine,standardized_l2,cosine,0.462779,128,15.0
833,1062,1,False,cluster_1,1532,user_run_0841,user_standardized_l2_cosine,standardized_l2,cosine,0.462779,128,15.0
834,1063,-1,True,noise,1911,user_run_0841,user_standardized_l2_cosine,standardized_l2,cosine,0.462779,128,15.0
835,1064,-1,True,noise,1911,user_run_0841,user_standardized_l2_cosine,standardized_l2,cosine,0.462779,128,15.0
836,1065,-1,True,noise,1911,user_run_0841,user_standardized_l2_cosine,standardized_l2,cosine,0.462779,128,15.0
837,1066,-1,True,noise,1911,user_run_0841,user_standardized_l2_cosine,standardized_l2,cosine,0.462779,128,15.0
838,1067,1,False,cluster_1,1532,user_run_0841,user_standardized_l2_cosine,standardized_l2,cosine,0.462779,128,15.0
839,1068,-1,True,noise,1911,user_run_0841,user_standardized_l2_cosine,standardized_l2,cosine,0.462779,128,15.0
840,1069,0,False,cluster_0,1279,user_run_0841,user_standardized_l2_cosine,standardized_l2,cosine,0.462779,128,15.0
841,1071,-1,True,noise,1911,user_run_0841,user_standardized_l2_cosine,standardized_l2,cosine,0.462779,128,15.0
842,1072,-1,True,noise,1911,user_run_0841,user_standardized_l2_cosine,standardized_l2,cosine,0.462779,128,15.0
843,1073,-1,True,noise,1911,user_run_0841,user_standardized_l2_cosine,standardized_l2,cosine,0.462779,128,15.0
844,1074,0,False,cluster_0,1279,user_run_0841,user_standardized_l2_cosine,standardized_l2,cosine,0.462779,128,15.0
845,1075,-1,True,noise,1911,user_run_0841,user_standardized_l2_cosine,standardized_l2,cosine,0.462779,128,15.0
846,1076,0,False,cluster_0,1279,user_run_0841,user_standardized_l2_cosine,standardized_l2,cosine,0.462779,128,15.0
847,1077,-1,True,noise,1911,user_run_0841,user_standardized_l2_cosine,standardized_l2,cosine,0.462779,128,15.0
848,1078,0,False,cluster_0,1279,user_run_0841,user_standardized_l2_cosine,standardized_l2,cosine,0.462779,128,15.0
849,1079,1,False,cluster_1,1532,user_run_0841,user_standardized_l2_cosine,standardized_l2,cosine,0.462779,128,15.0
850,1080,-1,True,noise,1911,user_run_0841,user_standardized_l2_cosine,standardized_l2,cosine,0.462779,128,15.0
851,1082,-1,True,noise,1911,user_run_0841,user_standardized_l2_cosine,standardized_l2,cosine,0.462779,128,15.0
852,1084,-1,True,noise,1911,user_run_0841,user_standardized_l2_cosine,standardized_l2,cosine,0.462779,128,15.0
853,1086,-1,True,noise,1911,user_run_0841,user_standardized_l2_cosine,standardized_l2,cosine,0.462779,128,15.0
854,1087,1,False,cluster_1,1532,user_run_0841,user_standardized_l2_cosine,standardized_l2,cosine,0.462779,128,15.0
855,1088,1,False,cluster_1,1532,user_run_0841,user_standardized_l2_cosine,standardized_l2,cosine,0.462779,128,15.0
856,1089,1,False,cluster_1,1532,user_run_0841,user_standardized_l2_cosine,standardized_l2,cosine,0.462779,128,15.0
857,1090,-1,True,noise,1911,user_run_0841,user_standardized_l2_cosine,standardized_l2,cosine,0.462779,128,15.0
858,1092,-1,True,noise,1911,user_run_0841,user_standardized_l2_cosine,standardized_l2,cosine,0.462779,128,15.0
859,1093,0,False,cluster_0,1279,user_run_0841,user_standardized_l2_cosine,standardized_l2,cosine,0.462779,128,15.0
860,1094,-1,True,noise,1911,user_run_0841,user_standardized_l2_cosine,standardized_l2,cosine,0.462779,128,15.0
861,1096,-1,True,noise,1911,user_run_0841,user_standardized_l2_cosine,standardized_l2,cosine,0.462779,128,15.0
862,1097,-1,True,noise,1911,user_run_0841,user_standardized_l2_cosine,standardized_l2,cosine,0.462779,128,15.0
863,1099,1,False,cluster_1,1532,user_run_0841,user_standardized_l2_cosine,standardized_l2,cosine,0.462779,128,15.0
864,1100,1,False,cluster_1,1532,user_run_0841,user_standardized_l2_cosine,standardized_l2,cosine,0.462779,128,15.0
865,1101,-1,True,noise,1911,user_run_0841,user_standardized_l2_cosine,standardized_l2,cosine,0.462779,128,15.0
866,1103,-1,True,noise,1911,user_run_0841,user_standardized_l2_cosine,standardized_l2,cosine,0.462779,128,15.0
867,1104,0,False,cluster_0,1279,user_run_0841,user_standardized_l2_cosine,standardized_l2,cosine,0.462779,128,15.0
868,1105,1,False,cluster_1,1532,user_run_0841,user_standardized_l2_cosine,standardized_l2,cosine,0.462779,128,15.0
869,1106,0,False,cluster_0,1279,user_run_0841,user_standardized_l2_cosine,standardized_l2,cosine,0.462779,128,15.0
870,1107,1,False,cluster_1,1532,user_run_0841,user_standardized_l2_cosine,standardized_l2,cosine,0.462779,128,15.0
871,1108,-1,True,noise,1911,user_run_0841,user_standardized_l2_cosine,standardized_l2,cosine,0.462779,128,15.0
872,1109,1,False,cluster_1,1532,user_run_0841,user_standardized_l2_cosine,standardized_l2,cosine,0.462779,128,15.0
873,1110,0,False,cluster_0,1279,user_run_0841,user_standardized_l2_cosine,standardized_l2,cosine,0.462779,128,15.0
874,1112,1,False,cluster_1,1532,user_run_0841,user_standardized_l2_cosine,standardized_l2,cosine,0.462779,128,15.0
875,1113,1,False,cluster_1,1532,user_run_0841,user_standardized_l2_cosine,standardized_l2,cosine,0.462779,128,15.0
876,1114,0,False,cluster_0,1279,user_run_0841,user_standardized_l2_cosine,standardized_l2,cosine,0.462779,128,15.0
877,1115,-1,True,noise,1911,user_run_0841,user_standardized_l2_cosine,standardized_l2,cosine,0.462779,128,15.0
878,1116,-1,True,noise,1911,user_run_0841,user_standardized_l2_cosine,standardized_l2,cosine,0.462779,128,15.0
879,1117,1,False,cluster_1,1532,user_run_0841,user_standardized_l2_cosine,standardized_l2,cosine,0.462779,128,15.0
880,1119,1,False,cluster_1,1532,user_run_0841,user_standardized_l2_cosine,standardized_l2,cosine,0.462779,128,15.0
881,1120,1,False,cluster_1,1532,user_run_0841,user_standardized_l2_cosine,standardized_l2,cosine,0.462779,128,15.0
882,1121,-1,True,noise,1911,user_run_0841,user_standardized_l2_cosine,standardized_l2,cosine,0.462779,128,15.0
883,1122,-1,True,noise,1911,user_run_0841,user_standardized_l2_cosine,standardized_l2,cosine,0.462779,128,15.0
884,1124,1,False,cluster_1,1532,user_run_0841,user_standardized_l2_cosine,standardized_l2,cosine,0.462779,128,15.0
885,1125,0,False,cluster_0,1279,user_run_0841,user_standardized_l2_cosine,standardized_l2,cosine,0.462779,128,15.0
886,1127,1,False,cluster_1,1532,user_run_0841,user_standardized_l2_cosine,standardized_l2,cosine,0.462779,128,15.0
887,1128,1,False,cluster_1,1532,user_run_0841,user_standardized_l2_cosine,standardized_l2,cosine,0.462779,128,15.0
888,1129,0,False,cluster_0,1279,user_run_0841,user_standardized_l2_cosine,standardized_l2,cosine,0.462779,128,15.0
889,1130,-1,True,noise,1911,user_run_0841,user_standardized_l2_cosine,standardized_l2,cosine,0.462779,128,15.0
890,1131,1,False,cluster_1,1532,user_run_0841,user_standardized_l2_cosine,standardized_l2,cosine,0.462779,128,15.0
891,1132,-1,True,noise,1911,user_run_0841,user_standardized_l2_cosine,standardized_l2,cosine,0.462779,128,15.0
892,1133,1,False,cluster_1,1532,user_run_0841,user_standardized_l2_cosine,standardized_l2,cosine,0.462779,128,15.0
893,1134,1,False,cluster_1,1532,user_run_0841,user_standardized_l2_cosine,standardized_l2,cosine,0.462779,128,15.0
894,1135,-1,True,noise,1911,user_run_0841,user_standardized_l2_cosine,standardized_l2,cosine,0.462779,128,15.0
895,1136,-1,True,noise,1911,user_run_0841,user_standardized_l2_cosine,standardized_l2,cosine,0.462779,128,15.0
896,1137,-1,True,noise,1911,user_run_0841,user_standardized_l2_cosine,standardized_l2,cosine,0.462779,128,15.0
897,1138,-1,True,noise,1911,user_run_0841,user_standardized_l2_cosine,standardized_l2,cosine,0.462779,128,15.0
898,1139,-1,True,noise,1911,user_run_0841,user_standardized_l2_cosine,standardized_l2,cosine,0.462779,128,15.0
899,1140,-1,True,noise,1911,user_run_0841,user_standardized_l2_cosine,standardized_l2,cosine,0.462779,128,15.0
900,1141,1,False,cluster_1,1532,user_run_0841,user_standardized_l2_cosine,standardized_l2,cosine,0.462779,128,15.0
901,1142,1,False,cluster_1,1532,user_run_0841,user_standardized_l2_cosine,standardized_l2,cosine,0.462779,128,15.0
902,1143,-1,True,noise,1911,user_run_0841,user_standardized_l2_cosine,standardized_l2,cosine,0.462779,128,15.0
903,1145,0,False,cluster_0,1279,user_run_0841,user_standardized_l2_cosine,standardized_l2,cosine,0.462779,128,15.0
904,1146,1,False,cluster_1,1532,user_run_0841,user_standardized_l2_cosine,standardized_l2,cosine,0.462779,128,15.0
905,1147,-1,True,noise,1911,user_run_0841,user_standardized_l2_cosine,standardized_l2,cosine,0.462779,128,15.0
906,1148,0,False,cluster_0,1279,user_run_0841,user_standardized_l2_cosine,standardized_l2,cosine,0.462779,128,15.0
907,1149,1,False,cluster_1,1532,user_run_0841,user_standardized_l2_cosine,standardized_l2,cosine,0.462779,128,15.0
908,1150,1,False,cluster_1,1532,user_run_0841,user_standardized_l2_cosine,standardized_l2,cosine,0.462779,128,15.0
909,1151,-1,True,noise,1911,user_run_0841,user_standardized_l2_cosine,standardized_l2,cosine,0.462779,128,15.0
910,1152,-1,True,noise,1911,user_run_0841,user_standardized_l2_cosine,standardized_l2,cosine,0.462779,128,15.0
911,1153,-1,True,noise,1911,user_run_0841,user_standardized_l2_cosine,standardized_l2,cosine,0.462779,128,15.0
912,1155,1,False,cluster_1,1532,user_run_0841,user_standardized_l2_cosine,standardized_l2,cosine,0.462779,128,15.0
913,1156,0,False,cluster_0,1279,user_run_0841,user_standardized_l2_cosine,standardized_l2,cosine,0.462779,128,15.0
914,1158,0,False,cluster_0,1279,user_run_0841,user_standardized_l2_cosine,standardized_l2,cosine,0.462779,128,15.0
915,1159,1,False,cluster_1,1532,user_run_0841,user_standardized_l2_cosine,standardized_l2,cosine,0.462779,128,15.0
916,1160,-1,True,noise,1911,user_run_0841,user_standardized_l2_cosine,standardized_l2,cosine,0.462779,128,15.0
917,1161,1,False,cluster_1,1532,user_run_0841,user_standardized_l2_cosine,standardized_l2,cosine,0.462779,128,15.0
918,1162,-1,True,noise,1911,user_run_0841,user_standardized_l2_cosine,standardized_l2,cosine,0.462779,128,15.0
919,1163,-1,True,noise,1911,user_run_0841,user_standardized_l2_cosine,standardized_l2,cosine,0.462779,128,15.0
920,1164,1,False,cluster_1,1532,user_run_0841,user_standardized_l2_cosine,standardized_l2,cosine,0.462779,128,15.0
921,1165,1,False,cluster_1,1532,user_run_0841,user_standardized_l2_cosine,standardized_l2,cosine,0.462779,128,15.0
922,1167,0,False,cluster_0,1279,user_run_0841,user_standardized_l2_cosine,standardized_l2,cosine,0.462779,128,15.0
923,1168,1,False,cluster_1,1532,user_run_0841,user_standardized_l2_cosine,standardized_l2,cosine,0.462779,128,15.0
924,1169,0,False,cluster_0,1279,user_run_0841,user_standardized_l2_cosine,standardized_l2,cosine,0.462779,128,15.0
925,1170,-1,True,noise,1911,user_run_0841,user_standardized_l2_cosine,standardized_l2,cosine,0.462779,128,15.0
926,1172,-1,True,noise,1911,user_run_0841,user_standardized_l2_cosine,standardized_l2,cosine,0.462779,128,15.0
927,1173,1,False,cluster_1,1532,user_run_0841,user_standardized_l2_cosine,standardized_l2,cosine,0.462779,128,15.0
928,1175,0,False,cluster_0,1279,user_run_0841,user_standardized_l2_cosine,standardized_l2,cosine,0.462779,128,15.0
929,1176,-1,True,noise,1911,user_run_0841,user_standardized_l2_cosine,standardized_l2,cosine,0.462779,128,15.0
930,1177,0,False,cluster_0,1279,user_run_0841,user_standardized_l2_cosine,standardized_l2,cosine,0.462779,128,15.0
931,1179,1,False,cluster_1,1532,user_run_0841,user_standardized_l2_cosine,standardized_l2,cosine,0.462779,128,15.0
932,1181,0,False,cluster_0,1279,user_run_0841,user_standardized_l2_cosine,standardized_l2,cosine,0.462779,128,15.0
933,1182,1,False,cluster_1,1532,user_run_0841,user_standardized_l2_cosine,standardized_l2,cosine,0.462779,128,15.0
934,1183,1,False,cluster_1,1532,user_run_0841,user_standardized_l2_cosine,standardized_l2,cosine,0.462779,128,15.0
935,1184,-1,True,noise,1911,user_run_0841,user_standardized_l2_cosine,standardized_l2,cosine,0.462779,128,15.0
936,1185,0,False,cluster_0,1279,user_run_0841,user_standardized_l2_cosine,standardized_l2,cosine,0.462779,128,15.0
937,1186,-1,True,noise,1911,user_run_0841,user_standardized_l2_cosine,standardized_l2,cosine,0.462779,128,15.0
938,1191,1,False,cluster_1,1532,user_run_0841,user_standardized_l2_cosine,standardized_l2,cosine,0.462779,128,15.0
939,1193,-1,True,noise,1911,user_run_0841,user_standardized_l2_cosine,standardized_l2,cosine,0.462779,128,15.0
940,1194,-1,True,noise,1911,user_run_0841,user_standardized_l2_cosine,standardized_l2,cosine,0.462779,128,15.0
941,1195,0,False,cluster_0,1279,user_run_0841,user_standardized_l2_cosine,standardized_l2,cosine,0.462779,128,15.0
942,1196,1,False,cluster_1,1532,user_run_0841,user_standardized_l2_cosine,standardized_l2,cosine,0.462779,128,15.0
943,1198,0,False,cluster_0,1279,user_run_0841,user_standardized_l2_cosine,standardized_l2,cosine,0.462779,128,15.0
944,1199,-1,True,noise,1911,user_run_0841,user_standardized_l2_cosine,standardized_l2,cosine,0.462779,128,15.0
945,1201,1,False,cluster_1,1532,user_run_0841,user_standardized_l2_cosine,standardized_l2,cosine,0.462779,128,15.0
946,1202,-1,True,noise,1911,user_run_0841,user_standardized_l2_cosine,standardized_l2,cosine,0.462779,128,15.0
947,1203,1,False,cluster_1,1532,user_run_0841,user_standardized_l2_cosine,standardized_l2,cosine,0.462779,128,15.0
948,1204,-1,True,noise,1911,user_run_0841,user_standardized_l2_cosine,standardized_l2,cosine,0.462779,128,15.0
949,1205,-1,True,noise,1911,user_run_0841,user_standardized_l2_cosine,standardized_l2,cosine,0.462779,128,15.0
950,1206,-1,True,noise,1911,user_run_0841,user_standardized_l2_cosine,standardized_l2,cosine,0.462779,128,15.0
951,1207,0,False,cluster_0,1279,user_run_0841,user_standardized_l2_cosine,standardized_l2,cosine,0.462779,128,15.0
952,1208,0,False,cluster_0,1279,user_run_0841,user_standardized_l2_cosine,standardized_l2,cosine,0.462779,128,15.0
953,1209,-1,True,noise,1911,user_run_0841,user_standardized_l2_cosine,standardized_l2,cosine,0.462779,128,15.0
954,1211,1,False,cluster_1,1532,user_run_0841,user_standardized_l2_cosine,standardized_l2,cosine,0.462779,128,15.0
955,1212,1,False,cluster_1,1532,user_run_0841,user_standardized_l2_cosine,standardized_l2,cosine,0.462779,128,15.0
956,1214,1,False,cluster_1,1532,user_run_0841,user_standardized_l2_cosine,standardized_l2,cosine,0.462779,128,15.0
957,1215,-1,True,noise,1911,user_run_0841,user_standardized_l2_cosine,standardized_l2,cosine,0.462779,128,15.0
958,1216,-1,True,noise,1911,user_run_0841,user_standardized_l2_cosine,standardized_l2,cosine,0.462779,128,15.0
959,1217,1,False,cluster_1,1532,user_run_0841,user_standardized_l2_cosine,standardized_l2,cosine,0.462779,128,15.0
960,1218,1,False,cluster_1,1532,user_run_0841,user_standardized_l2_cosine,standardized_l2,cosine,0.462779,128,15.0
961,1219,-1,True,noise,1911,user_run_0841,user_standardized_l2_cosine,standardized_l2,cosine,0.462779,128,15.0
962,1220,0,False,cluster_0,1279,user_run_0841,user_standardized_l2_cosine,standardized_l2,cosine,0.462779,128,15.0
963,1221,0,False,cluster_0,1279,user_run_0841,user_standardized_l2_cosine,standardized_l2,cosine,0.462779,128,15.0
964,1222,1,False,cluster_1,1532,user_run_0841,user_standardized_l2_cosine,standardized_l2,cosine,0.462779,128,15.0
965,1223,-1,True,noise,1911,user_run_0841,user_standardized_l2_cosine,standardized_l2,cosine,0.462779,128,15.0
966,1224,-1,True,noise,1911,user_run_0841,user_standardized_l2_cosine,standardized_l2,cosine,0.462779,128,15.0
967,1227,-1,True,noise,1911,user_run_0841,user_standardized_l2_cosine,standardized_l2,cosine,0.462779,128,15.0
968,1228,1,False,cluster_1,1532,user_run_0841,user_standardized_l2_cosine,standardized_l2,cosine,0.462779,128,15.0
969,1230,1,False,cluster_1,1532,user_run_0841,user_standardized_l2_cosine,standardized_l2,cosine,0.462779,128,15.0
970,1231,-1,True,noise,1911,user_run_0841,user_standardized_l2_cosine,standardized_l2,cosine,0.462779,128,15.0
971,1232,1,False,cluster_1,1532,user_run_0841,user_standardized_l2_cosine,standardized_l2,cosine,0.462779,128,15.0
972,1233,-1,True,noise,1911,user_run_0841,user_standardized_l2_cosine,standardized_l2,cosine,0.462779,128,15.0
973,1235,0,False,cluster_0,1279,user_run_0841,user_standardized_l2_cosine,standardized_l2,cosine,0.462779,128,15.0
974,1238,-1,True,noise,1911,user_run_0841,user_standardized_l2_cosine,standardized_l2,cosine,0.462779,128,15.0
975,1239,-1,True,noise,1911,user_run_0841,user_standardized_l2_cosine,standardized_l2,cosine,0.462779,128,15.0
976,1241,-1,True,noise,1911,user_run_0841,user_standardized_l2_cosine,standardized_l2,cosine,0.462779,128,15.0
977,1242,0,False,cluster_0,1279,user_run_0841,user_standardized_l2_cosine,standardized_l2,cosine,0.462779,128,15.0
978,1243,1,False,cluster_1,1532,user_run_0841,user_standardized_l2_cosine,standardized_l2,cosine,0.462779,128,15.0
979,1244,1,False,cluster_1,1532,user_run_0841,user_standardized_l2_cosine,standardized_l2,cosine,0.462779,128,15.0
980,1246,-1,True,noise,1911,user_run_0841,user_standardized_l2_cosine,standardized_l2,cosine,0.462779,128,15.0
981,1248,-1,True,noise,1911,user_run_0841,user_standardized_l2_cosine,standardized_l2,cosine,0.462779,128,15.0
982,1251,1,False,cluster_1,1532,user_run_0841,user_standardized_l2_cosine,standardized_l2,cosine,0.462779,128,15.0
983,1252,-1,True,noise,1911,user_run_0841,user_standardized_l2_cosine,standardized_l2,cosine,0.462779,128,15.0
984,1253,1,False,cluster_1,1532,user_run_0841,user_standardized_l2_cosine,standardized_l2,cosine,0.462779,128,15.0
985,1254,-1,True,noise,1911,user_run_0841,user_standardized_l2_cosine,standardized_l2,cosine,0.462779,128,15.0
986,1255,-1,True,noise,1911,user_run_0841,user_standardized_l2_cosine,standardized_l2,cosine,0.462779,128,15.0
987,1257,0,False,cluster_0,1279,user_run_0841,user_standardized_l2_cosine,standardized_l2,cosine,0.462779,128,15.0
988,1258,0,False,cluster_0,1279,user_run_0841,user_standardized_l2_cosine,standardized_l2,cosine,0.462779,128,15.0
989,1259,0,False,cluster_0,1279,user_run_0841,user_standardized_l2_cosine,standardized_l2,cosine,0.462779,128,15.0
990,1260,1,False,cluster_1,1532,user_run_0841,user_standardized_l2_cosine,standardized_l2,cosine,0.462779,128,15.0
991,1261,-1,True,noise,1911,user_run_0841,user_standardized_l2_cosine,standardized_l2,cosine,0.462779,128,15.0
992,1262,-1,True,noise,1911,user_run_0841,user_standardized_l2_cosine,standardized_l2,cosine,0.462779,128,15.0
993,1263,0,False,cluster_0,1279,user_run_0841,user_standardized_l2_cosine,standardized_l2,cosine,0.462779,128,15.0
994,1264,1,False,cluster_1,1532,user_run_0841,user_standardized_l2_cosine,standardized_l2,cosine,0.462779,128,15.0
995,1265,1,False,cluster_1,1532,user_run_0841,user_standardized_l2_cosine,standardized_l2,cosine,0.462779,128,15.0
996,1266,1,False,cluster_1,1532,user_run_0841,user_standardized_l2_cosine,standardized_l2,cosine,0.462779,128,15.0
997,1267,-1,True,noise,1911,user_run_0841,user_standardized_l2_cosine,standardized_l2,cosine,0.462779,128,15.0
998,1268,1,False,cluster_1,1532,user_run_0841,user_standardized_l2_cosine,standardized_l2,cosine,0.462779,128,15.0
999,1271,-1,True,noise,1911,user_run_0841,user_standardized_l2_cosine,standardized_l2,cosine,0.462779,128,15.0
1000,1272,1,False,cluster_1,1532,user_run_0841,user_standardized_l2_cosine,standardized_l2,cosine,0.462779,128,15.0
1001,1273,1,False,cluster_1,1532,user_run_0841,user_standardized_l2_cosine,standardized_l2,cosine,0.462779,128,15.0
1002,1274,-1,True,noise,1911,user_run_0841,user_standardized_l2_cosine,standardized_l2,cosine,0.462779,128,15.0
1003,1276,-1,True,noise,1911,user_run_0841,user_standardized_l2_cosine,standardized_l2,cosine,0.462779,128,15.0
1004,1278,0,False,cluster_0,1279,user_run_0841,user_standardized_l2_cosine,standardized_l2,cosine,0.462779,128,15.0
1005,1279,-1,True,noise,1911,user_run_0841,user_standardized_l2_cosine,standardized_l2,cosine,0.462779,128,15.0
1006,1280,1,False,cluster_1,1532,user_run_0841,user_standardized_l2_cosine,standardized_l2,cosine,0.462779,128,15.0
1007,1281,-1,True,noise,1911,user_run_0841,user_standardized_l2_cosine,standardized_l2,cosine,0.462779,128,15.0
1008,1283,0,False,cluster_0,1279,user_run_0841,user_standardized_l2_cosine,standardized_l2,cosine,0.462779,128,15.0
1009,1284,1,False,cluster_1,1532,user_run_0841,user_standardized_l2_cosine,standardized_l2,cosine,0.462779,128,15.0
1010,1285,1,False,cluster_1,1532,user_run_0841,user_standardized_l2_cosine,standardized_l2,cosine,0.462779,128,15.0
1011,1286,1,False,cluster_1,1532,user_run_0841,user_standardized_l2_cosine,standardized_l2,cosine,0.462779,128,15.0
1012,1287,1,False,cluster_1,1532,user_run_0841,user_standardized_l2_cosine,standardized_l2,cosine,0.462779,128,15.0
1013,1288,0,False,cluster_0,1279,user_run_0841,user_standardized_l2_cosine,standardized_l2,cosine,0.462779,128,15.0
1014,1290,0,False,cluster_0,1279,user_run_0841,user_standardized_l2_cosine,standardized_l2,cosine,0.462779,128,15.0
1015,1291,-1,True,noise,1911,user_run_0841,user_standardized_l2_cosine,standardized_l2,cosine,0.462779,128,15.0
1016,1292,1,False,cluster_1,1532,user_run_0841,user_standardized_l2_cosine,standardized_l2,cosine,0.462779,128,15.0
1017,1293,-1,True,noise,1911,user_run_0841,user_standardized_l2_cosine,standardized_l2,cosine,0.462779,128,15.0
1018,1294,-1,True,noise,1911,user_run_0841,user_standardized_l2_cosine,standardized_l2,cosine,0.462779,128,15.0
1019,1295,-1,True,noise,1911,user_run_0841,user_standardized_l2_cosine,standardized_l2,cosine,0.462779,128,15.0
1020,1296,0,False,cluster_0,1279,user_run_0841,user_standardized_l2_cosine,standardized_l2,cosine,0.462779,128,15.0
1021,1297,1,False,cluster_1,1532,user_run_0841,user_standardized_l2_cosine,standardized_l2,cosine,0.462779,128,15.0
1022,1298,1,False,cluster_1,1532,user_run_0841,user_standardized_l2_cosine,standardized_l2,cosine,0.462779,128,15.0
1023,1299,-1,True,noise,1911,user_run_0841,user_standardized_l2_cosine,standardized_l2,cosine,0.462779,128,15.0
1024,1300,-1,True,noise,1911,user_run_0841,user_standardized_l2_cosine,standardized_l2,cosine,0.462779,128,15.0
1025,1301,-1,True,noise,1911,user_run_0841,user_standardized_l2_cosine,standardized_l2,cosine,0.462779,128,15.0
1026,1302,0,False,cluster_0,1279,user_run_0841,user_standardized_l2_cosine,standardized_l2,cosine,0.462779,128,15.0
1027,1303,1,False,cluster_1,1532,user_run_0841,user_standardized_l2_cosine,standardized_l2,cosine,0.462779,128,15.0
1028,1304,0,False,cluster_0,1279,user_run_0841,user_standardized_l2_cosine,standardized_l2,cosine,0.462779,128,15.0
1029,1306,1,False,cluster_1,1532,user_run_0841,user_standardized_l2_cosine,standardized_l2,cosine,0.462779,128,15.0
1030,1308,-1,True,noise,1911,user_run_0841,user_standardized_l2_cosine,standardized_l2,cosine,0.462779,128,15.0
1031,1311,0,False,cluster_0,1279,user_run_0841,user_standardized_l2_cosine,standardized_l2,cosine,0.462779,128,15.0
1032,1312,1,False,cluster_1,1532,user_run_0841,user_standardized_l2_cosine,standardized_l2,cosine,0.462779,128,15.0
1033,1314,0,False,cluster_0,1279,user_run_0841,user_standardized_l2_cosine,standardized_l2,cosine,0.462779,128,15.0
1034,1315,1,False,cluster_1,1532,user_run_0841,user_standardized_l2_cosine,standardized_l2,cosine,0.462779,128,15.0
1035,1317,1,False,cluster_1,1532,user_run_0841,user_standardized_l2_cosine,standardized_l2,cosine,0.462779,128,15.0
1036,1320,1,False,cluster_1,1532,user_run_0841,user_standardized_l2_cosine,standardized_l2,cosine,0.462779,128,15.0
1037,1321,-1,True,noise,1911,user_run_0841,user_standardized_l2_cosine,standardized_l2,cosine,0.462779,128,15.0
1038,1322,-1,True,noise,1911,user_run_0841,user_standardized_l2_cosine,standardized_l2,cosine,0.462779,128,15.0
1039,1323,1,False,cluster_1,1532,user_run_0841,user_standardized_l2_cosine,standardized_l2,cosine,0.462779,128,15.0
1040,1324,1,False,cluster_1,1532,user_run_0841,user_standardized_l2_cosine,standardized_l2,cosine,0.462779,128,15.0
1041,1325,1,False,cluster_1,1532,user_run_0841,user_standardized_l2_cosine,standardized_l2,cosine,0.462779,128,15.0
1042,1327,0,False,cluster_0,1279,user_run_0841,user_standardized_l2_cosine,standardized_l2,cosine,0.462779,128,15.0
1043,1328,0,False,cluster_0,1279,user_run_0841,user_standardized_l2_cosine,standardized_l2,cosine,0.462779,128,15.0
1044,1329,0,False,cluster_0,1279,user_run_0841,user_standardized_l2_cosine,standardized_l2,cosine,0.462779,128,15.0
1045,1330,-1,True,noise,1911,user_run_0841,user_standardized_l2_cosine,standardized_l2,cosine,0.462779,128,15.0
1046,1331,-1,True,noise,1911,user_run_0841,user_standardized_l2_cosine,standardized_l2,cosine,0.462779,128,15.0
1047,1333,1,False,cluster_1,1532,user_run_0841,user_standardized_l2_cosine,standardized_l2,cosine,0.462779,128,15.0
1048,1334,1,False,cluster_1,1532,user_run_0841,user_standardized_l2_cosine,standardized_l2,cosine,0.462779,128,15.0
1049,1335,1,False,cluster_1,1532,user_run_0841,user_standardized_l2_cosine,standardized_l2,cosine,0.462779,128,15.0
1050,1337,0,False,cluster_0,1279,user_run_0841,user_standardized_l2_cosine,standardized_l2,cosine,0.462779,128,15.0
1051,1338,-1,True,noise,1911,user_run_0841,user_standardized_l2_cosine,standardized_l2,cosine,0.462779,128,15.0
1052,1339,-1,True,noise,1911,user_run_0841,user_standardized_l2_cosine,standardized_l2,cosine,0.462779,128,15.0
1053,1340,-1,True,noise,1911,user_run_0841,user_standardized_l2_cosine,standardized_l2,cosine,0.462779,128,15.0
1054,1341,-1,True,noise,1911,user_run_0841,user_standardized_l2_cosine,standardized_l2,cosine,0.462779,128,15.0
1055,1342,1,False,cluster_1,1532,user_run_0841,user_standardized_l2_cosine,standardized_l2,cosine,0.462779,128,15.0
1056,1343,-1,True,noise,1911,user_run_0841,user_standardized_l2_cosine,standardized_l2,cosine,0.462779,128,15.0
1057,1344,-1,True,noise,1911,user_run_0841,user_standardized_l2_cosine,standardized_l2,cosine,0.462779,128,15.0
1058,1345,-1,True,noise,1911,user_run_0841,user_standardized_l2_cosine,standardized_l2,cosine,0.462779,128,15.0
1059,1347,-1,True,noise,1911,user_run_0841,user_standardized_l2_cosine,standardized_l2,cosine,0.462779,128,15.0
1060,1348,-1,True,noise,1911,user_run_0841,user_standardized_l2_cosine,standardized_l2,cosine,0.462779,128,15.0
1061,1349,0,False,cluster_0,1279,user_run_0841,user_standardized_l2_cosine,standardized_l2,cosine,0.462779,128,15.0
1062,1350,-1,True,noise,1911,user_run_0841,user_standardized_l2_cosine,standardized_l2,cosine,0.462779,128,15.0
1063,1352,-1,True,noise,1911,user_run_0841,user_standardized_l2_cosine,standardized_l2,cosine,0.462779,128,15.0
1064,1353,1,False,cluster_1,1532,user_run_0841,user_standardized_l2_cosine,standardized_l2,cosine,0.462779,128,15.0
1065,1354,0,False,cluster_0,1279,user_run_0841,user_standardized_l2_cosine,standardized_l2,cosine,0.462779,128,15.0
1066,1355,-1,True,noise,1911,user_run_0841,user_standardized_l2_cosine,standardized_l2,cosine,0.462779,128,15.0
1067,1356,0,False,cluster_0,1279,user_run_0841,user_standardized_l2_cosine,standardized_l2,cosine,0.462779,128,15.0
1068,1357,1,False,cluster_1,1532,user_run_0841,user_standardized_l2_cosine,standardized_l2,cosine,0.462779,128,15.0
1069,1358,-1,True,noise,1911,user_run_0841,user_standardized_l2_cosine,standardized_l2,cosine,0.462779,128,15.0
1070,1359,0,False,cluster_0,1279,user_run_0841,user_standardized_l2_cosine,standardized_l2,cosine,0.462779,128,15.0
1071,1360,-1,True,noise,1911,user_run_0841,user_standardized_l2_cosine,standardized_l2,cosine,0.462779,128,15.0
1072,1361,-1,True,noise,1911,user_run_0841,user_standardized_l2_cosine,standardized_l2,cosine,0.462779,128,15.0
1073,1362,-1,True,noise,1911,user_run_0841,user_standardized_l2_cosine,standardized_l2,cosine,0.462779,128,15.0
1074,1364,-1,True,noise,1911,user_run_0841,user_standardized_l2_cosine,standardized_l2,cosine,0.462779,128,15.0
1075,1365,-1,True,noise,1911,user_run_0841,user_standardized_l2_cosine,standardized_l2,cosine,0.462779,128,15.0
1076,1366,-1,True,noise,1911,user_run_0841,user_standardized_l2_cosine,standardized_l2,cosine,0.462779,128,15.0
1077,1367,1,False,cluster_1,1532,user_run_0841,user_standardized_l2_cosine,standardized_l2,cosine,0.462779,128,15.0
1078,1368,0,False,cluster_0,1279,user_run_0841,user_standardized_l2_cosine,standardized_l2,cosine,0.462779,128,15.0
1079,1369,-1,True,noise,1911,user_run_0841,user_standardized_l2_cosine,standardized_l2,cosine,0.462779,128,15.0
1080,1370,-1,True,noise,1911,user_run_0841,user_standardized_l2_cosine,standardized_l2,cosine,0.462779,128,15.0
1081,1371,1,False,cluster_1,1532,user_run_0841,user_standardized_l2_cosine,standardized_l2,cosine,0.462779,128,15.0
1082,1372,-1,True,noise,1911,user_run_0841,user_standardized_l2_cosine,standardized_l2,cosine,0.462779,128,15.0
1083,1373,-1,True,noise,1911,user_run_0841,user_standardized_l2_cosine,standardized_l2,cosine,0.462779,128,15.0
1084,1374,-1,True,noise,1911,user_run_0841,user_standardized_l2_cosine,standardized_l2,cosine,0.462779,128,15.0
1085,1375,1,False,cluster_1,1532,user_run_0841,user_standardized_l2_cosine,standardized_l2,cosine,0.462779,128,15.0
1086,1376,-1,True,noise,1911,user_run_0841,user_standardized_l2_cosine,standardized_l2,cosine,0.462779,128,15.0
1087,1377,0,False,cluster_0,1279,user_run_0841,user_standardized_l2_cosine,standardized_l2,cosine,0.462779,128,15.0
1088,1378,1,False,cluster_1,1532,user_run_0841,user_standardized_l2_cosine,standardized_l2,cosine,0.462779,128,15.0
1089,1380,0,False,cluster_0,1279,user_run_0841,user_standardized_l2_cosine,standardized_l2,cosine,0.462779,128,15.0
1090,1381,-1,True,noise,1911,user_run_0841,user_standardized_l2_cosine,standardized_l2,cosine,0.462779,128,15.0
1091,1383,1,False,cluster_1,1532,user_run_0841,user_standardized_l2_cosine,standardized_l2,cosine,0.462779,128,15.0
1092,1386,1,False,cluster_1,1532,user_run_0841,user_standardized_l2_cosine,standardized_l2,cosine,0.462779,128,15.0
1093,1387,1,False,cluster_1,1532,user_run_0841,user_standardized_l2_cosine,standardized_l2,cosine,0.462779,128,15.0
1094,1388,1,False,cluster_1,1532,user_run_0841,user_standardized_l2_cosine,standardized_l2,cosine,0.462779,128,15.0
1095,1389,-1,True,noise,1911,user_run_0841,user_standardized_l2_cosine,standardized_l2,cosine,0.462779,128,15.0
1096,1390,1,False,cluster_1,1532,user_run_0841,user_standardized_l2_cosine,standardized_l2,cosine,0.462779,128,15.0
1097,1391,-1,True,noise,1911,user_run_0841,user_standardized_l2_cosine,standardized_l2,cosine,0.462779,128,15.0
1098,1392,0,False,cluster_0,1279,user_run_0841,user_standardized_l2_cosine,standardized_l2,cosine,0.462779,128,15.0
1099,1393,-1,True,noise,1911,user_run_0841,user_standardized_l2_cosine,standardized_l2,cosine,0.462779,128,15.0
1100,1395,1,False,cluster_1,1532,user_run_0841,user_standardized_l2_cosine,standardized_l2,cosine,0.462779,128,15.0
1101,1396,-1,True,noise,1911,user_run_0841,user_standardized_l2_cosine,standardized_l2,cosine,0.462779,128,15.0
1102,1397,-1,True,noise,1911,user_run_0841,user_standardized_l2_cosine,standardized_l2,cosine,0.462779,128,15.0
1103,1399,1,False,cluster_1,1532,user_run_0841,user_standardized_l2_cosine,standardized_l2,cosine,0.462779,128,15.0
1104,1400,-1,True,noise,1911,user_run_0841,user_standardized_l2_cosine,standardized_l2,cosine,0.462779,128,15.0
1105,1401,-1,True,noise,1911,user_run_0841,user_standardized_l2_cosine,standardized_l2,cosine,0.462779,128,15.0
1106,1402,0,False,cluster_0,1279,user_run_0841,user_standardized_l2_cosine,standardized_l2,cosine,0.462779,128,15.0
1107,1403,0,False,cluster_0,1279,user_run_0841,user_standardized_l2_cosine,standardized_l2,cosine,0.462779,128,15.0
1108,1404,-1,True,noise,1911,user_run_0841,user_standardized_l2_cosine,standardized_l2,cosine,0.462779,128,15.0
1109,1405,1,False,cluster_1,1532,user_run_0841,user_standardized_l2_cosine,standardized_l2,cosine,0.462779,128,15.0
1110,1407,-1,True,noise,1911,user_run_0841,user_standardized_l2_cosine,standardized_l2,cosine,0.462779,128,15.0
1111,1408,-1,True,noise,1911,user_run_0841,user_standardized_l2_cosine,standardized_l2,cosine,0.462779,128,15.0
1112,1409,1,False,cluster_1,1532,user_run_0841,user_standardized_l2_cosine,standardized_l2,cosine,0.462779,128,15.0
1113,1410,-1,True,noise,1911,user_run_0841,user_standardized_l2_cosine,standardized_l2,cosine,0.462779,128,15.0
1114,1411,1,False,cluster_1,1532,user_run_0841,user_standardized_l2_cosine,standardized_l2,cosine,0.462779,128,15.0
1115,1413,-1,True,noise,1911,user_run_0841,user_standardized_l2_cosine,standardized_l2,cosine,0.462779,128,15.0
1116,1414,1,False,cluster_1,1532,user_run_0841,user_standardized_l2_cosine,standardized_l2,cosine,0.462779,128,15.0
1117,1415,-1,True,noise,1911,user_run_0841,user_standardized_l2_cosine,standardized_l2,cosine,0.462779,128,15.0
1118,1418,0,False,cluster_0,1279,user_run_0841,user_standardized_l2_cosine,standardized_l2,cosine,0.462779,128,15.0
1119,1419,-1,True,noise,1911,user_run_0841,user_standardized_l2_cosine,standardized_l2,cosine,0.462779,128,15.0
1120,1420,1,False,cluster_1,1532,user_run_0841,user_standardized_l2_cosine,standardized_l2,cosine,0.462779,128,15.0
1121,1421,-1,True,noise,1911,user_run_0841,user_standardized_l2_cosine,standardized_l2,cosine,0.462779,128,15.0
1122,1422,1,False,cluster_1,1532,user_run_0841,user_standardized_l2_cosine,standardized_l2,cosine,0.462779,128,15.0
1123,1423,-1,True,noise,1911,user_run_0841,user_standardized_l2_cosine,standardized_l2,cosine,0.462779,128,15.0
1124,1424,-1,True,noise,1911,user_run_0841,user_standardized_l2_cosine,standardized_l2,cosine,0.462779,128,15.0
1125,1425,1,False,cluster_1,1532,user_run_0841,user_standardized_l2_cosine,standardized_l2,cosine,0.462779,128,15.0
1126,1426,1,False,cluster_1,1532,user_run_0841,user_standardized_l2_cosine,standardized_l2,cosine,0.462779,128,15.0
1127,1427,0,False,cluster_0,1279,user_run_0841,user_standardized_l2_cosine,standardized_l2,cosine,0.462779,128,15.0
1128,1428,-1,True,noise,1911,user_run_0841,user_standardized_l2_cosine,standardized_l2,cosine,0.462779,128,15.0
1129,1430,1,False,cluster_1,1532,user_run_0841,user_standardized_l2_cosine,standardized_l2,cosine,0.462779,128,15.0
1130,1433,0,False,cluster_0,1279,user_run_0841,user_standardized_l2_cosine,standardized_l2,cosine,0.462779,128,15.0
1131,1434,0,False,cluster_0,1279,user_run_0841,user_standardized_l2_cosine,standardized_l2,cosine,0.462779,128,15.0
1132,1436,-1,True,noise,1911,user_run_0841,user_standardized_l2_cosine,standardized_l2,cosine,0.462779,128,15.0
1133,1437,0,False,cluster_0,1279,user_run_0841,user_standardized_l2_cosine,standardized_l2,cosine,0.462779,128,15.0
1134,1438,1,False,cluster_1,1532,user_run_0841,user_standardized_l2_cosine,standardized_l2,cosine,0.462779,128,15.0
1135,1440,1,False,cluster_1,1532,user_run_0841,user_standardized_l2_cosine,standardized_l2,cosine,0.462779,128,15.0
1136,1441,-1,True,noise,1911,user_run_0841,user_standardized_l2_cosine,standardized_l2,cosine,0.462779,128,15.0
1137,1442,-1,True,noise,1911,user_run_0841,user_standardized_l2_cosine,standardized_l2,cosine,0.462779,128,15.0
1138,1443,0,False,cluster_0,1279,user_run_0841,user_standardized_l2_cosine,standardized_l2,cosine,0.462779,128,15.0
1139,1446,1,False,cluster_1,1532,user_run_0841,user_standardized_l2_cosine,standardized_l2,cosine,0.462779,128,15.0
1140,1447,-1,True,noise,1911,user_run_0841,user_standardized_l2_cosine,standardized_l2,cosine,0.462779,128,15.0
1141,1448,-1,True,noise,1911,user_run_0841,user_standardized_l2_cosine,standardized_l2,cosine,0.462779,128,15.0
1142,1449,1,False,cluster_1,1532,user_run_0841,user_standardized_l2_cosine,standardized_l2,cosine,0.462779,128,15.0
1143,1450,-1,True,noise,1911,user_run_0841,user_standardized_l2_cosine,standardized_l2,cosine,0.462779,128,15.0
1144,1451,1,False,cluster_1,1532,user_run_0841,user_standardized_l2_cosine,standardized_l2,cosine,0.462779,128,15.0
1145,1455,-1,True,noise,1911,user_run_0841,user_standardized_l2_cosine,standardized_l2,cosine,0.462779,128,15.0
1146,1457,1,False,cluster_1,1532,user_run_0841,user_standardized_l2_cosine,standardized_l2,cosine,0.462779,128,15.0
1147,1458,1,False,cluster_1,1532,user_run_0841,user_standardized_l2_cosine,standardized_l2,cosine,0.462779,128,15.0
1148,1461,-1,True,noise,1911,user_run_0841,user_standardized_l2_cosine,standardized_l2,cosine,0.462779,128,15.0
1149,1463,1,False,cluster_1,1532,user_run_0841,user_standardized_l2_cosine,standardized_l2,cosine,0.462779,128,15.0
1150,1464,-1,True,noise,1911,user_run_0841,user_standardized_l2_cosine,standardized_l2,cosine,0.462779,128,15.0
1151,1465,-1,True,noise,1911,user_run_0841,user_standardized_l2_cosine,standardized_l2,cosine,0.462779,128,15.0
1152,1466,0,False,cluster_0,1279,user_run_0841,user_standardized_l2_cosine,standardized_l2,cosine,0.462779,128,15.0
1153,1467,-1,True,noise,1911,user_run_0841,user_standardized_l2_cosine,standardized_l2,cosine,0.462779,128,15.0
1154,1468,-1,True,noise,1911,user_run_0841,user_standardized_l2_cosine,standardized_l2,cosine,0.462779,128,15.0
1155,1470,0,False,cluster_0,1279,user_run_0841,user_standardized_l2_cosine,standardized_l2,cosine,0.462779,128,15.0
1156,1472,-1,True,noise,1911,user_run_0841,user_standardized_l2_cosine,standardized_l2,cosine,0.462779,128,15.0
1157,1473,1,False,cluster_1,1532,user_run_0841,user_standardized_l2_cosine,standardized_l2,cosine,0.462779,128,15.0
1158,1474,-1,True,noise,1911,user_run_0841,user_standardized_l2_cosine,standardized_l2,cosine,0.462779,128,15.0
1159,1475,-1,True,noise,1911,user_run_0841,user_standardized_l2_cosine,standardized_l2,cosine,0.462779,128,15.0
1160,1476,-1,True,noise,1911,user_run_0841,user_standardized_l2_cosine,standardized_l2,cosine,0.462779,128,15.0
1161,1480,1,False,cluster_1,1532,user_run_0841,user_standardized_l2_cosine,standardized_l2,cosine,0.462779,128,15.0
1162,1481,0,False,cluster_0,1279,user_run_0841,user_standardized_l2_cosine,standardized_l2,cosine,0.462779,128,15.0
1163,1482,-1,True,noise,1911,user_run_0841,user_standardized_l2_cosine,standardized_l2,cosine,0.462779,128,15.0
1164,1483,1,False,cluster_1,1532,user_run_0841,user_standardized_l2_cosine,standardized_l2,cosine,0.462779,128,15.0
1165,1484,1,False,cluster_1,1532,user_run_0841,user_standardized_l2_cosine,standardized_l2,cosine,0.462779,128,15.0
1166,1486,1,False,cluster_1,1532,user_run_0841,user_standardized_l2_cosine,standardized_l2,cosine,0.462779,128,15.0
1167,1487,1,False,cluster_1,1532,user_run_0841,user_standardized_l2_cosine,standardized_l2,cosine,0.462779,128,15.0
1168,1489,1,False,cluster_1,1532,user_run_0841,user_standardized_l2_cosine,standardized_l2,cosine,0.462779,128,15.0
1169,1490,1,False,cluster_1,1532,user_run_0841,user_standardized_l2_cosine,standardized_l2,cosine,0.462779,128,15.0
1170,1491,1,False,cluster_1,1532,user_run_0841,user_standardized_l2_cosine,standardized_l2,cosine,0.462779,128,15.0
1171,1492,1,False,cluster_1,1532,user_run_0841,user_standardized_l2_cosine,standardized_l2,cosine,0.462779,128,15.0
1172,1494,1,False,cluster_1,1532,user_run_0841,user_standardized_l2_cosine,standardized_l2,cosine,0.462779,128,15.0
1173,1495,1,False,cluster_1,1532,user_run_0841,user_standardized_l2_cosine,standardized_l2,cosine,0.462779,128,15.0
1174,1496,1,False,cluster_1,1532,user_run_0841,user_standardized_l2_cosine,standardized_l2,cosine,0.462779,128,15.0
1175,1497,-1,True,noise,1911,user_run_0841,user_standardized_l2_cosine,standardized_l2,cosine,0.462779,128,15.0
1176,1498,-1,True,noise,1911,user_run_0841,user_standardized_l2_cosine,standardized_l2,cosine,0.462779,128,15.0
1177,1499,1,False,cluster_1,1532,user_run_0841,user_standardized_l2_cosine,standardized_l2,cosine,0.462779,128,15.0
1178,1500,1,False,cluster_1,1532,user_run_0841,user_standardized_l2_cosine,standardized_l2,cosine,0.462779,128,15.0
1179,1501,0,False,cluster_0,1279,user_run_0841,user_standardized_l2_cosine,standardized_l2,cosine,0.462779,128,15.0
1180,1502,0,False,cluster_0,1279,user_run_0841,user_standardized_l2_cosine,standardized_l2,cosine,0.462779,128,15.0
1181,1503,-1,True,noise,1911,user_run_0841,user_standardized_l2_cosine,standardized_l2,cosine,0.462779,128,15.0
1182,1504,0,False,cluster_0,1279,user_run_0841,user_standardized_l2_cosine,standardized_l2,cosine,0.462779,128,15.0
1183,1505,1,False,cluster_1,1532,user_run_0841,user_standardized_l2_cosine,standardized_l2,cosine,0.462779,128,15.0
1184,1506,-1,True,noise,1911,user_run_0841,user_standardized_l2_cosine,standardized_l2,cosine,0.462779,128,15.0
1185,1507,1,False,cluster_1,1532,user_run_0841,user_standardized_l2_cosine,standardized_l2,cosine,0.462779,128,15.0
1186,1509,-1,True,noise,1911,user_run_0841,user_standardized_l2_cosine,standardized_l2,cosine,0.462779,128,15.0
1187,1511,-1,True,noise,1911,user_run_0841,user_standardized_l2_cosine,standardized_l2,cosine,0.462779,128,15.0
1188,1513,-1,True,noise,1911,user_run_0841,user_standardized_l2_cosine,standardized_l2,cosine,0.462779,128,15.0
1189,1514,1,False,cluster_1,1532,user_run_0841,user_standardized_l2_cosine,standardized_l2,cosine,0.462779,128,15.0
1190,1516,-1,True,noise,1911,user_run_0841,user_standardized_l2_cosine,standardized_l2,cosine,0.462779,128,15.0
1191,1517,-1,True,noise,1911,user_run_0841,user_standardized_l2_cosine,standardized_l2,cosine,0.462779,128,15.0
1192,1519,1,False,cluster_1,1532,user_run_0841,user_standardized_l2_cosine,standardized_l2,cosine,0.462779,128,15.0
1193,1521,-1,True,noise,1911,user_run_0841,user_standardized_l2_cosine,standardized_l2,cosine,0.462779,128,15.0
1194,1522,-1,True,noise,1911,user_run_0841,user_standardized_l2_cosine,standardized_l2,cosine,0.462779,128,15.0
1195,1523,-1,True,noise,1911,user_run_0841,user_standardized_l2_cosine,standardized_l2,cosine,0.462779,128,15.0
1196,1524,0,False,cluster_0,1279,user_run_0841,user_standardized_l2_cosine,standardized_l2,cosine,0.462779,128,15.0
1197,1525,1,False,cluster_1,1532,user_run_0841,user_standardized_l2_cosine,standardized_l2,cosine,0.462779,128,15.0
1198,1527,-1,True,noise,1911,user_run_0841,user_standardized_l2_cosine,standardized_l2,cosine,0.462779,128,15.0
1199,1528,-1,True,noise,1911,user_run_0841,user_standardized_l2_cosine,standardized_l2,cosine,0.462779,128,15.0
1200,1530,1,False,cluster_1,1532,user_run_0841,user_standardized_l2_cosine,standardized_l2,cosine,0.462779,128,15.0
1201,1532,-1,True,noise,1911,user_run_0841,user_standardized_l2_cosine,standardized_l2,cosine,0.462779,128,15.0
1202,1533,0,False,cluster_0,1279,user_run_0841,user_standardized_l2_cosine,standardized_l2,cosine,0.462779,128,15.0
1203,1538,1,False,cluster_1,1532,user_run_0841,user_standardized_l2_cosine,standardized_l2,cosine,0.462779,128,15.0
1204,1540,1,False,cluster_1,1532,user_run_0841,user_standardized_l2_cosine,standardized_l2,cosine,0.462779,128,15.0
1205,1542,1,False,cluster_1,1532,user_run_0841,user_standardized_l2_cosine,standardized_l2,cosine,0.462779,128,15.0
1206,1543,0,False,cluster_0,1279,user_run_0841,user_standardized_l2_cosine,standardized_l2,cosine,0.462779,128,15.0
1207,1544,1,False,cluster_1,1532,user_run_0841,user_standardized_l2_cosine,standardized_l2,cosine,0.462779,128,15.0
1208,1545,1,False,cluster_1,1532,user_run_0841,user_standardized_l2_cosine,standardized_l2,cosine,0.462779,128,15.0
1209,1546,-1,True,noise,1911,user_run_0841,user_standardized_l2_cosine,standardized_l2,cosine,0.462779,128,15.0
1210,1547,-1,True,noise,1911,user_run_0841,user_standardized_l2_cosine,standardized_l2,cosine,0.462779,128,15.0
1211,1548,1,False,cluster_1,1532,user_run_0841,user_standardized_l2_cosine,standardized_l2,cosine,0.462779,128,15.0
1212,1551,1,False,cluster_1,1532,user_run_0841,user_standardized_l2_cosine,standardized_l2,cosine,0.462779,128,15.0
1213,1552,1,False,cluster_1,1532,user_run_0841,user_standardized_l2_cosine,standardized_l2,cosine,0.462779,128,15.0
1214,1553,0,False,cluster_0,1279,user_run_0841,user_standardized_l2_cosine,standardized_l2,cosine,0.462779,128,15.0
1215,1555,-1,True,noise,1911,user_run_0841,user_standardized_l2_cosine,standardized_l2,cosine,0.462779,128,15.0
1216,1556,-1,True,noise,1911,user_run_0841,user_standardized_l2_cosine,standardized_l2,cosine,0.462779,128,15.0
1217,1557,-1,True,noise,1911,user_run_0841,user_standardized_l2_cosine,standardized_l2,cosine,0.462779,128,15.0
1218,1559,0,False,cluster_0,1279,user_run_0841,user_standardized_l2_cosine,standardized_l2,cosine,0.462779,128,15.0
1219,1560,-1,True,noise,1911,user_run_0841,user_standardized_l2_cosine,standardized_l2,cosine,0.462779,128,15.0
1220,1561,-1,True,noise,1911,user_run_0841,user_standardized_l2_cosine,standardized_l2,cosine,0.462779,128,15.0
1221,1563,1,False,cluster_1,1532,user_run_0841,user_standardized_l2_cosine,standardized_l2,cosine,0.462779,128,15.0
1222,1564,1,False,cluster_1,1532,user_run_0841,user_standardized_l2_cosine,standardized_l2,cosine,0.462779,128,15.0
1223,1565,0,False,cluster_0,1279,user_run_0841,user_standardized_l2_cosine,standardized_l2,cosine,0.462779,128,15.0
1224,1567,1,False,cluster_1,1532,user_run_0841,user_standardized_l2_cosine,standardized_l2,cosine,0.462779,128,15.0
1225,1569,1,False,cluster_1,1532,user_run_0841,user_standardized_l2_cosine,standardized_l2,cosine,0.462779,128,15.0
1226,1570,1,False,cluster_1,1532,user_run_0841,user_standardized_l2_cosine,standardized_l2,cosine,0.462779,128,15.0
1227,1571,1,False,cluster_1,1532,user_run_0841,user_standardized_l2_cosine,standardized_l2,cosine,0.462779,128,15.0
1228,1572,0,False,cluster_0,1279,user_run_0841,user_standardized_l2_cosine,standardized_l2,cosine,0.462779,128,15.0
1229,1574,0,False,cluster_0,1279,user_run_0841,user_standardized_l2_cosine,standardized_l2,cosine,0.462779,128,15.0
1230,1575,0,False,cluster_0,1279,user_run_0841,user_standardized_l2_cosine,standardized_l2,cosine,0.462779,128,15.0
1231,1576,0,False,cluster_0,1279,user_run_0841,user_standardized_l2_cosine,standardized_l2,cosine,0.462779,128,15.0
1232,1577,-1,True,noise,1911,user_run_0841,user_standardized_l2_cosine,standardized_l2,cosine,0.462779,128,15.0
1233,1579,1,False,cluster_1,1532,user_run_0841,user_standardized_l2_cosine,standardized_l2,cosine,0.462779,128,15.0
1234,1581,0,False,cluster_0,1279,user_run_0841,user_standardized_l2_cosine,standardized_l2,cosine,0.462779,128,15.0
1235,1583,1,False,cluster_1,1532,user_run_0841,user_standardized_l2_cosine,standardized_l2,cosine,0.462779,128,15.0
1236,1584,-1,True,noise,1911,user_run_0841,user_standardized_l2_cosine,standardized_l2,cosine,0.462779,128,15.0
1237,1585,-1,True,noise,1911,user_run_0841,user_standardized_l2_cosine,standardized_l2,cosine,0.462779,128,15.0
1238,1586,-1,True,noise,1911,user_run_0841,user_standardized_l2_cosine,standardized_l2,cosine,0.462779,128,15.0
1239,1587,1,False,cluster_1,1532,user_run_0841,user_standardized_l2_cosine,standardized_l2,cosine,0.462779,128,15.0
1240,1588,-1,True,noise,1911,user_run_0841,user_standardized_l2_cosine,standardized_l2,cosine,0.462779,128,15.0
1241,1589,1,False,cluster_1,1532,user_run_0841,user_standardized_l2_cosine,standardized_l2,cosine,0.462779,128,15.0
1242,1590,-1,True,noise,1911,user_run_0841,user_standardized_l2_cosine,standardized_l2,cosine,0.462779,128,15.0
1243,1591,-1,True,noise,1911,user_run_0841,user_standardized_l2_cosine,standardized_l2,cosine,0.462779,128,15.0
1244,1592,-1,True,noise,1911,user_run_0841,user_standardized_l2_cosine,standardized_l2,cosine,0.462779,128,15.0
1245,1593,-1,True,noise,1911,user_run_0841,user_standardized_l2_cosine,standardized_l2,cosine,0.462779,128,15.0
1246,1594,-1,True,noise,1911,user_run_0841,user_standardized_l2_cosine,standardized_l2,cosine,0.462779,128,15.0
1247,1595,-1,True,noise,1911,user_run_0841,user_standardized_l2_cosine,standardized_l2,cosine,0.462779,128,15.0
1248,1597,1,False,cluster_1,1532,user_run_0841,user_standardized_l2_cosine,standardized_l2,cosine,0.462779,128,15.0
1249,1598,1,False,cluster_1,1532,user_run_0841,user_standardized_l2_cosine,standardized_l2,cosine,0.462779,128,15.0
1250,1599,0,False,cluster_0,1279,user_run_0841,user_standardized_l2_cosine,standardized_l2,cosine,0.462779,128,15.0
1251,1600,1,False,cluster_1,1532,user_run_0841,user_standardized_l2_cosine,standardized_l2,cosine,0.462779,128,15.0
1252,1601,-1,True,noise,1911,user_run_0841,user_standardized_l2_cosine,standardized_l2,cosine,0.462779,128,15.0
1253,1602,1,False,cluster_1,1532,user_run_0841,user_standardized_l2_cosine,standardized_l2,cosine,0.462779,128,15.0
1254,1603,-1,True,noise,1911,user_run_0841,user_standardized_l2_cosine,standardized_l2,cosine,0.462779,128,15.0
1255,1605,0,False,cluster_0,1279,user_run_0841,user_standardized_l2_cosine,standardized_l2,cosine,0.462779,128,15.0
1256,1606,-1,True,noise,1911,user_run_0841,user_standardized_l2_cosine,standardized_l2,cosine,0.462779,128,15.0
1257,1607,1,False,cluster_1,1532,user_run_0841,user_standardized_l2_cosine,standardized_l2,cosine,0.462779,128,15.0
1258,1608,-1,True,noise,1911,user_run_0841,user_standardized_l2_cosine,standardized_l2,cosine,0.462779,128,15.0
1259,1609,1,False,cluster_1,1532,user_run_0841,user_standardized_l2_cosine,standardized_l2,cosine,0.462779,128,15.0
1260,1611,-1,True,noise,1911,user_run_0841,user_standardized_l2_cosine,standardized_l2,cosine,0.462779,128,15.0
1261,1613,1,False,cluster_1,1532,user_run_0841,user_standardized_l2_cosine,standardized_l2,cosine,0.462779,128,15.0
1262,1614,1,False,cluster_1,1532,user_run_0841,user_standardized_l2_cosine,standardized_l2,cosine,0.462779,128,15.0
1263,1616,-1,True,noise,1911,user_run_0841,user_standardized_l2_cosine,standardized_l2,cosine,0.462779,128,15.0
1264,1617,0,False,cluster_0,1279,user_run_0841,user_standardized_l2_cosine,standardized_l2,cosine,0.462779,128,15.0
1265,1618,-1,True,noise,1911,user_run_0841,user_standardized_l2_cosine,standardized_l2,cosine,0.462779,128,15.0
1266,1623,-1,True,noise,1911,user_run_0841,user_standardized_l2_cosine,standardized_l2,cosine,0.462779,128,15.0
1267,1624,-1,True,noise,1911,user_run_0841,user_standardized_l2_cosine,standardized_l2,cosine,0.462779,128,15.0
1268,1625,1,False,cluster_1,1532,user_run_0841,user_standardized_l2_cosine,standardized_l2,cosine,0.462779,128,15.0
1269,1626,1,False,cluster_1,1532,user_run_0841,user_standardized_l2_cosine,standardized_l2,cosine,0.462779,128,15.0
1270,1627,0,False,cluster_0,1279,user_run_0841,user_standardized_l2_cosine,standardized_l2,cosine,0.462779,128,15.0
1271,1628,1,False,cluster_1,1532,user_run_0841,user_standardized_l2_cosine,standardized_l2,cosine,0.462779,128,15.0
1272,1629,0,False,cluster_0,1279,user_run_0841,user_standardized_l2_cosine,standardized_l2,cosine,0.462779,128,15.0
1273,1630,1,False,cluster_1,1532,user_run_0841,user_standardized_l2_cosine,standardized_l2,cosine,0.462779,128,15.0
1274,1631,-1,True,noise,1911,user_run_0841,user_standardized_l2_cosine,standardized_l2,cosine,0.462779,128,15.0
1275,1632,1,False,cluster_1,1532,user_run_0841,user_standardized_l2_cosine,standardized_l2,cosine,0.462779,128,15.0
1276,1634,-1,True,noise,1911,user_run_0841,user_standardized_l2_cosine,standardized_l2,cosine,0.462779,128,15.0
1277,1635,1,False,cluster_1,1532,user_run_0841,user_standardized_l2_cosine,standardized_l2,cosine,0.462779,128,15.0
1278,1636,1,False,cluster_1,1532,user_run_0841,user_standardized_l2_cosine,standardized_l2,cosine,0.462779,128,15.0
1279,1637,-1,True,noise,1911,user_run_0841,user_standardized_l2_cosine,standardized_l2,cosine,0.462779,128,15.0
1280,1639,-1,True,noise,1911,user_run_0841,user_standardized_l2_cosine,standardized_l2,cosine,0.462779,128,15.0
1281,1640,-1,True,noise,1911,user_run_0841,user_standardized_l2_cosine,standardized_l2,cosine,0.462779,128,15.0
1282,1641,-1,True,noise,1911,user_run_0841,user_standardized_l2_cosine,standardized_l2,cosine,0.462779,128,15.0
1283,1642,-1,True,noise,1911,user_run_0841,user_standardized_l2_cosine,standardized_l2,cosine,0.462779,128,15.0
1284,1643,1,False,cluster_1,1532,user_run_0841,user_standardized_l2_cosine,standardized_l2,cosine,0.462779,128,15.0
1285,1644,1,False,cluster_1,1532,user_run_0841,user_standardized_l2_cosine,standardized_l2,cosine,0.462779,128,15.0
1286,1645,-1,True,noise,1911,user_run_0841,user_standardized_l2_cosine,standardized_l2,cosine,0.462779,128,15.0
1287,1646,0,False,cluster_0,1279,user_run_0841,user_standardized_l2_cosine,standardized_l2,cosine,0.462779,128,15.0
1288,1647,1,False,cluster_1,1532,user_run_0841,user_standardized_l2_cosine,standardized_l2,cosine,0.462779,128,15.0
1289,1648,-1,True,noise,1911,user_run_0841,user_standardized_l2_cosine,standardized_l2,cosine,0.462779,128,15.0
1290,1649,1,False,cluster_1,1532,user_run_0841,user_standardized_l2_cosine,standardized_l2,cosine,0.462779,128,15.0
1291,1650,1,False,cluster_1,1532,user_run_0841,user_standardized_l2_cosine,standardized_l2,cosine,0.462779,128,15.0
1292,1654,1,False,cluster_1,1532,user_run_0841,user_standardized_l2_cosine,standardized_l2,cosine,0.462779,128,15.0
1293,1655,-1,True,noise,1911,user_run_0841,user_standardized_l2_cosine,standardized_l2,cosine,0.462779,128,15.0
1294,1657,-1,True,noise,1911,user_run_0841,user_standardized_l2_cosine,standardized_l2,cosine,0.462779,128,15.0
1295,1658,0,False,cluster_0,1279,user_run_0841,user_standardized_l2_cosine,standardized_l2,cosine,0.462779,128,15.0
1296,1659,0,False,cluster_0,1279,user_run_0841,user_standardized_l2_cosine,standardized_l2,cosine,0.462779,128,15.0
1297,1660,-1,True,noise,1911,user_run_0841,user_standardized_l2_cosine,standardized_l2,cosine,0.462779,128,15.0
1298,1663,1,False,cluster_1,1532,user_run_0841,user_standardized_l2_cosine,standardized_l2,cosine,0.462779,128,15.0
1299,1665,0,False,cluster_0,1279,user_run_0841,user_standardized_l2_cosine,standardized_l2,cosine,0.462779,128,15.0
1300,1666,1,False,cluster_1,1532,user_run_0841,user_standardized_l2_cosine,standardized_l2,cosine,0.462779,128,15.0
1301,1667,1,False,cluster_1,1532,user_run_0841,user_standardized_l2_cosine,standardized_l2,cosine,0.462779,128,15.0
1302,1670,1,False,cluster_1,1532,user_run_0841,user_standardized_l2_cosine,standardized_l2,cosine,0.462779,128,15.0
1303,1671,1,False,cluster_1,1532,user_run_0841,user_standardized_l2_cosine,standardized_l2,cosine,0.462779,128,15.0
1304,1673,-1,True,noise,1911,user_run_0841,user_standardized_l2_cosine,standardized_l2,cosine,0.462779,128,15.0
1305,1675,1,False,cluster_1,1532,user_run_0841,user_standardized_l2_cosine,standardized_l2,cosine,0.462779,128,15.0
1306,1676,1,False,cluster_1,1532,user_run_0841,user_standardized_l2_cosine,standardized_l2,cosine,0.462779,128,15.0
1307,1677,0,False,cluster_0,1279,user_run_0841,user_standardized_l2_cosine,standardized_l2,cosine,0.462779,128,15.0
1308,1678,-1,True,noise,1911,user_run_0841,user_standardized_l2_cosine,standardized_l2,cosine,0.462779,128,15.0
1309,1679,1,False,cluster_1,1532,user_run_0841,user_standardized_l2_cosine,standardized_l2,cosine,0.462779,128,15.0
1310,1680,1,False,cluster_1,1532,user_run_0841,user_standardized_l2_cosine,standardized_l2,cosine,0.462779,128,15.0
1311,1681,1,False,cluster_1,1532,user_run_0841,user_standardized_l2_cosine,standardized_l2,cosine,0.462779,128,15.0
1312,1683,-1,True,noise,1911,user_run_0841,user_standardized_l2_cosine,standardized_l2,cosine,0.462779,128,15.0
1313,1684,-1,True,noise,1911,user_run_0841,user_standardized_l2_cosine,standardized_l2,cosine,0.462779,128,15.0
1314,1685,-1,True,noise,1911,user_run_0841,user_standardized_l2_cosine,standardized_l2,cosine,0.462779,128,15.0
1315,1687,-1,True,noise,1911,user_run_0841,user_standardized_l2_cosine,standardized_l2,cosine,0.462779,128,15.0
1316,1688,-1,True,noise,1911,user_run_0841,user_standardized_l2_cosine,standardized_l2,cosine,0.462779,128,15.0
1317,1689,0,False,cluster_0,1279,user_run_0841,user_standardized_l2_cosine,standardized_l2,cosine,0.462779,128,15.0
1318,1690,-1,True,noise,1911,user_run_0841,user_standardized_l2_cosine,standardized_l2,cosine,0.462779,128,15.0
1319,1691,-1,True,noise,1911,user_run_0841,user_standardized_l2_cosine,standardized_l2,cosine,0.462779,128,15.0
1320,1692,-1,True,noise,1911,user_run_0841,user_standardized_l2_cosine,standardized_l2,cosine,0.462779,128,15.0
1321,1693,1,False,cluster_1,1532,user_run_0841,user_standardized_l2_cosine,standardized_l2,cosine,0.462779,128,15.0
1322,1694,-1,True,noise,1911,user_run_0841,user_standardized_l2_cosine,standardized_l2,cosine,0.462779,128,15.0
1323,1695,-1,True,noise,1911,user_run_0841,user_standardized_l2_cosine,standardized_l2,cosine,0.462779,128,15.0
1324,1696,1,False,cluster_1,1532,user_run_0841,user_standardized_l2_cosine,standardized_l2,cosine,0.462779,128,15.0
1325,1697,0,False,cluster_0,1279,user_run_0841,user_standardized_l2_cosine,standardized_l2,cosine,0.462779,128,15.0
1326,1698,1,False,cluster_1,1532,user_run_0841,user_standardized_l2_cosine,standardized_l2,cosine,0.462779,128,15.0
1327,1699,1,False,cluster_1,1532,user_run_0841,user_standardized_l2_cosine,standardized_l2,cosine,0.462779,128,15.0
1328,1700,0,False,cluster_0,1279,user_run_0841,user_standardized_l2_cosine,standardized_l2,cosine,0.462779,128,15.0
1329,1701,1,False,cluster_1,1532,user_run_0841,user_standardized_l2_cosine,standardized_l2,cosine,0.462779,128,15.0
1330,1702,0,False,cluster_0,1279,user_run_0841,user_standardized_l2_cosine,standardized_l2,cosine,0.462779,128,15.0
1331,1705,-1,True,noise,1911,user_run_0841,user_standardized_l2_cosine,standardized_l2,cosine,0.462779,128,15.0
1332,1706,-1,True,noise,1911,user_run_0841,user_standardized_l2_cosine,standardized_l2,cosine,0.462779,128,15.0
1333,1707,-1,True,noise,1911,user_run_0841,user_standardized_l2_cosine,standardized_l2,cosine,0.462779,128,15.0
1334,1709,0,False,cluster_0,1279,user_run_0841,user_standardized_l2_cosine,standardized_l2,cosine,0.462779,128,15.0
1335,1710,1,False,cluster_1,1532,user_run_0841,user_standardized_l2_cosine,standardized_l2,cosine,0.462779,128,15.0
1336,1712,0,False,cluster_0,1279,user_run_0841,user_standardized_l2_cosine,standardized_l2,cosine,0.462779,128,15.0
1337,1714,1,False,cluster_1,1532,user_run_0841,user_standardized_l2_cosine,standardized_l2,cosine,0.462779,128,15.0
1338,1715,-1,True,noise,1911,user_run_0841,user_standardized_l2_cosine,standardized_l2,cosine,0.462779,128,15.0
1339,1716,-1,True,noise,1911,user_run_0841,user_standardized_l2_cosine,standardized_l2,cosine,0.462779,128,15.0
1340,1717,1,False,cluster_1,1532,user_run_0841,user_standardized_l2_cosine,standardized_l2,cosine,0.462779,128,15.0
1341,1720,1,False,cluster_1,1532,user_run_0841,user_standardized_l2_cosine,standardized_l2,cosine,0.462779,128,15.0
1342,1721,0,False,cluster_0,1279,user_run_0841,user_standardized_l2_cosine,standardized_l2,cosine,0.462779,128,15.0
1343,1722,1,False,cluster_1,1532,user_run_0841,user_standardized_l2_cosine,standardized_l2,cosine,0.462779,128,15.0
1344,1723,-1,True,noise,1911,user_run_0841,user_standardized_l2_cosine,standardized_l2,cosine,0.462779,128,15.0
1345,1724,-1,True,noise,1911,user_run_0841,user_standardized_l2_cosine,standardized_l2,cosine,0.462779,128,15.0
1346,1726,1,False,cluster_1,1532,user_run_0841,user_standardized_l2_cosine,standardized_l2,cosine,0.462779,128,15.0
1347,1727,1,False,cluster_1,1532,user_run_0841,user_standardized_l2_cosine,standardized_l2,cosine,0.462779,128,15.0
1348,1728,0,False,cluster_0,1279,user_run_0841,user_standardized_l2_cosine,standardized_l2,cosine,0.462779,128,15.0
1349,1729,1,False,cluster_1,1532,user_run_0841,user_standardized_l2_cosine,standardized_l2,cosine,0.462779,128,15.0
1350,1731,0,False,cluster_0,1279,user_run_0841,user_standardized_l2_cosine,standardized_l2,cosine,0.462779,128,15.0
1351,1733,1,False,cluster_1,1532,user_run_0841,user_standardized_l2_cosine,standardized_l2,cosine,0.462779,128,15.0
1352,1734,1,False,cluster_1,1532,user_run_0841,user_standardized_l2_cosine,standardized_l2,cosine,0.462779,128,15.0
1353,1735,0,False,cluster_0,1279,user_run_0841,user_standardized_l2_cosine,standardized_l2,cosine,0.462779,128,15.0
1354,1736,-1,True,noise,1911,user_run_0841,user_standardized_l2_cosine,standardized_l2,cosine,0.462779,128,15.0
1355,1737,0,False,cluster_0,1279,user_run_0841,user_standardized_l2_cosine,standardized_l2,cosine,0.462779,128,15.0
1356,1738,1,False,cluster_1,1532,user_run_0841,user_standardized_l2_cosine,standardized_l2,cosine,0.462779,128,15.0
1357,1739,-1,True,noise,1911,user_run_0841,user_standardized_l2_cosine,standardized_l2,cosine,0.462779,128,15.0
1358,1740,1,False,cluster_1,1532,user_run_0841,user_standardized_l2_cosine,standardized_l2,cosine,0.462779,128,15.0
1359,1741,1,False,cluster_1,1532,user_run_0841,user_standardized_l2_cosine,standardized_l2,cosine,0.462779,128,15.0
1360,1742,-1,True,noise,1911,user_run_0841,user_standardized_l2_cosine,standardized_l2,cosine,0.462779,128,15.0
1361,1743,1,False,cluster_1,1532,user_run_0841,user_standardized_l2_cosine,standardized_l2,cosine,0.462779,128,15.0
1362,1744,1,False,cluster_1,1532,user_run_0841,user_standardized_l2_cosine,standardized_l2,cosine,0.462779,128,15.0
1363,1745,-1,True,noise,1911,user_run_0841,user_standardized_l2_cosine,standardized_l2,cosine,0.462779,128,15.0
1364,1746,-1,True,noise,1911,user_run_0841,user_standardized_l2_cosine,standardized_l2,cosine,0.462779,128,15.0
1365,1747,-1,True,noise,1911,user_run_0841,user_standardized_l2_cosine,standardized_l2,cosine,0.462779,128,15.0
1366,1748,1,False,cluster_1,1532,user_run_0841,user_standardized_l2_cosine,standardized_l2,cosine,0.462779,128,15.0
1367,1749,1,False,cluster_1,1532,user_run_0841,user_standardized_l2_cosine,standardized_l2,cosine,0.462779,128,15.0
1368,1750,0,False,cluster_0,1279,user_run_0841,user_standardized_l2_cosine,standardized_l2,cosine,0.462779,128,15.0
1369,1752,-1,True,noise,1911,user_run_0841,user_standardized_l2_cosine,standardized_l2,cosine,0.462779,128,15.0
1370,1753,-1,True,noise,1911,user_run_0841,user_standardized_l2_cosine,standardized_l2,cosine,0.462779,128,15.0
1371,1755,1,False,cluster_1,1532,user_run_0841,user_standardized_l2_cosine,standardized_l2,cosine,0.462779,128,15.0
1372,1756,0,False,cluster_0,1279,user_run_0841,user_standardized_l2_cosine,standardized_l2,cosine,0.462779,128,15.0
1373,1757,1,False,cluster_1,1532,user_run_0841,user_standardized_l2_cosine,standardized_l2,cosine,0.462779,128,15.0
1374,1758,1,False,cluster_1,1532,user_run_0841,user_standardized_l2_cosine,standardized_l2,cosine,0.462779,128,15.0
1375,1759,-1,True,noise,1911,user_run_0841,user_standardized_l2_cosine,standardized_l2,cosine,0.462779,128,15.0
1376,1760,-1,True,noise,1911,user_run_0841,user_standardized_l2_cosine,standardized_l2,cosine,0.462779,128,15.0
1377,1761,0,False,cluster_0,1279,user_run_0841,user_standardized_l2_cosine,standardized_l2,cosine,0.462779,128,15.0
1378,1762,-1,True,noise,1911,user_run_0841,user_standardized_l2_cosine,standardized_l2,cosine,0.462779,128,15.0
1379,1764,0,False,cluster_0,1279,user_run_0841,user_standardized_l2_cosine,standardized_l2,cosine,0.462779,128,15.0
1380,1765,-1,True,noise,1911,user_run_0841,user_standardized_l2_cosine,standardized_l2,cosine,0.462779,128,15.0
1381,1767,1,False,cluster_1,1532,user_run_0841,user_standardized_l2_cosine,standardized_l2,cosine,0.462779,128,15.0
1382,1768,1,False,cluster_1,1532,user_run_0841,user_standardized_l2_cosine,standardized_l2,cosine,0.462779,128,15.0
1383,1769,1,False,cluster_1,1532,user_run_0841,user_standardized_l2_cosine,standardized_l2,cosine,0.462779,128,15.0
1384,1770,1,False,cluster_1,1532,user_run_0841,user_standardized_l2_cosine,standardized_l2,cosine,0.462779,128,15.0
1385,1773,-1,True,noise,1911,user_run_0841,user_standardized_l2_cosine,standardized_l2,cosine,0.462779,128,15.0
1386,1774,0,False,cluster_0,1279,user_run_0841,user_standardized_l2_cosine,standardized_l2,cosine,0.462779,128,15.0
1387,1775,-1,True,noise,1911,user_run_0841,user_standardized_l2_cosine,standardized_l2,cosine,0.462779,128,15.0
1388,1776,0,False,cluster_0,1279,user_run_0841,user_standardized_l2_cosine,standardized_l2,cosine,0.462779,128,15.0
1389,1777,0,False,cluster_0,1279,user_run_0841,user_standardized_l2_cosine,standardized_l2,cosine,0.462779,128,15.0
1390,1778,1,False,cluster_1,1532,user_run_0841,user_standardized_l2_cosine,standardized_l2,cosine,0.462779,128,15.0
1391,1779,1,False,cluster_1,1532,user_run_0841,user_standardized_l2_cosine,standardized_l2,cosine,0.462779,128,15.0
1392,1780,-1,True,noise,1911,user_run_0841,user_standardized_l2_cosine,standardized_l2,cosine,0.462779,128,15.0
1393,1781,-1,True,noise,1911,user_run_0841,user_standardized_l2_cosine,standardized_l2,cosine,0.462779,128,15.0
1394,1784,-1,True,noise,1911,user_run_0841,user_standardized_l2_cosine,standardized_l2,cosine,0.462779,128,15.0
1395,1785,1,False,cluster_1,1532,user_run_0841,user_standardized_l2_cosine,standardized_l2,cosine,0.462779,128,15.0
1396,1786,1,False,cluster_1,1532,user_run_0841,user_standardized_l2_cosine,standardized_l2,cosine,0.462779,128,15.0
1397,1789,1,False,cluster_1,1532,user_run_0841,user_standardized_l2_cosine,standardized_l2,cosine,0.462779,128,15.0
1398,1790,0,False,cluster_0,1279,user_run_0841,user_standardized_l2_cosine,standardized_l2,cosine,0.462779,128,15.0
1399,1791,1,False,cluster_1,1532,user_run_0841,user_standardized_l2_cosine,standardized_l2,cosine,0.462779,128,15.0
1400,1793,1,False,cluster_1,1532,user_run_0841,user_standardized_l2_cosine,standardized_l2,cosine,0.462779,128,15.0
1401,1794,0,False,cluster_0,1279,user_run_0841,user_standardized_l2_cosine,standardized_l2,cosine,0.462779,128,15.0
1402,1796,-1,True,noise,1911,user_run_0841,user_standardized_l2_cosine,standardized_l2,cosine,0.462779,128,15.0
1403,1797,-1,True,noise,1911,user_run_0841,user_standardized_l2_cosine,standardized_l2,cosine,0.462779,128,15.0
1404,1798,-1,True,noise,1911,user_run_0841,user_standardized_l2_cosine,standardized_l2,cosine,0.462779,128,15.0
1405,1799,1,False,cluster_1,1532,user_run_0841,user_standardized_l2_cosine,standardized_l2,cosine,0.462779,128,15.0
1406,1800,1,False,cluster_1,1532,user_run_0841,user_standardized_l2_cosine,standardized_l2,cosine,0.462779,128,15.0
1407,1802,1,False,cluster_1,1532,user_run_0841,user_standardized_l2_cosine,standardized_l2,cosine,0.462779,128,15.0
1408,1803,0,False,cluster_0,1279,user_run_0841,user_standardized_l2_cosine,standardized_l2,cosine,0.462779,128,15.0
1409,1804,-1,True,noise,1911,user_run_0841,user_standardized_l2_cosine,standardized_l2,cosine,0.462779,128,15.0
1410,1805,1,False,cluster_1,1532,user_run_0841,user_standardized_l2_cosine,standardized_l2,cosine,0.462779,128,15.0
1411,1806,-1,True,noise,1911,user_run_0841,user_standardized_l2_cosine,standardized_l2,cosine,0.462779,128,15.0
1412,1807,-1,True,noise,1911,user_run_0841,user_standardized_l2_cosine,standardized_l2,cosine,0.462779,128,15.0
1413,1809,1,False,cluster_1,1532,user_run_0841,user_standardized_l2_cosine,standardized_l2,cosine,0.462779,128,15.0
1414,1810,-1,True,noise,1911,user_run_0841,user_standardized_l2_cosine,standardized_l2,cosine,0.462779,128,15.0
1415,1812,-1,True,noise,1911,user_run_0841,user_standardized_l2_cosine,standardized_l2,cosine,0.462779,128,15.0
1416,1814,1,False,cluster_1,1532,user_run_0841,user_standardized_l2_cosine,standardized_l2,cosine,0.462779,128,15.0
1417,1816,0,False,cluster_0,1279,user_run_0841,user_standardized_l2_cosine,standardized_l2,cosine,0.462779,128,15.0
1418,1817,1,False,cluster_1,1532,user_run_0841,user_standardized_l2_cosine,standardized_l2,cosine,0.462779,128,15.0
1419,1818,0,False,cluster_0,1279,user_run_0841,user_standardized_l2_cosine,standardized_l2,cosine,0.462779,128,15.0
1420,1819,-1,True,noise,1911,user_run_0841,user_standardized_l2_cosine,standardized_l2,cosine,0.462779,128,15.0
1421,1820,0,False,cluster_0,1279,user_run_0841,user_standardized_l2_cosine,standardized_l2,cosine,0.462779,128,15.0
1422,1822,-1,True,noise,1911,user_run_0841,user_standardized_l2_cosine,standardized_l2,cosine,0.462779,128,15.0
1423,1824,1,False,cluster_1,1532,user_run_0841,user_standardized_l2_cosine,standardized_l2,cosine,0.462779,128,15.0
1424,1825,0,False,cluster_0,1279,user_run_0841,user_standardized_l2_cosine,standardized_l2,cosine,0.462779,128,15.0
1425,1826,-1,True,noise,1911,user_run_0841,user_standardized_l2_cosine,standardized_l2,cosine,0.462779,128,15.0
1426,1827,-1,True,noise,1911,user_run_0841,user_standardized_l2_cosine,standardized_l2,cosine,0.462779,128,15.0
1427,1828,1,False,cluster_1,1532,user_run_0841,user_standardized_l2_cosine,standardized_l2,cosine,0.462779,128,15.0
1428,1831,1,False,cluster_1,1532,user_run_0841,user_standardized_l2_cosine,standardized_l2,cosine,0.462779,128,15.0
1429,1832,-1,True,noise,1911,user_run_0841,user_standardized_l2_cosine,standardized_l2,cosine,0.462779,128,15.0
1430,1833,1,False,cluster_1,1532,user_run_0841,user_standardized_l2_cosine,standardized_l2,cosine,0.462779,128,15.0
1431,1834,0,False,cluster_0,1279,user_run_0841,user_standardized_l2_cosine,standardized_l2,cosine,0.462779,128,15.0
1432,1835,1,False,cluster_1,1532,user_run_0841,user_standardized_l2_cosine,standardized_l2,cosine,0.462779,128,15.0
1433,1836,1,False,cluster_1,1532,user_run_0841,user_standardized_l2_cosine,standardized_l2,cosine,0.462779,128,15.0
1434,1837,-1,True,noise,1911,user_run_0841,user_standardized_l2_cosine,standardized_l2,cosine,0.462779,128,15.0
1435,1839,1,False,cluster_1,1532,user_run_0841,user_standardized_l2_cosine,standardized_l2,cosine,0.462779,128,15.0
1436,1841,-1,True,noise,1911,user_run_0841,user_standardized_l2_cosine,standardized_l2,cosine,0.462779,128,15.0
1437,1842,1,False,cluster_1,1532,user_run_0841,user_standardized_l2_cosine,standardized_l2,cosine,0.462779,128,15.0
1438,1843,1,False,cluster_1,1532,user_run_0841,user_standardized_l2_cosine,standardized_l2,cosine,0.462779,128,15.0
1439,1845,1,False,cluster_1,1532,user_run_0841,user_standardized_l2_cosine,standardized_l2,cosine,0.462779,128,15.0
1440,1846,1,False,cluster_1,1532,user_run_0841,user_standardized_l2_cosine,standardized_l2,cosine,0.462779,128,15.0
1441,1847,0,False,cluster_0,1279,user_run_0841,user_standardized_l2_cosine,standardized_l2,cosine,0.462779,128,15.0
1442,1850,0,False,cluster_0,1279,user_run_0841,user_standardized_l2_cosine,standardized_l2,cosine,0.462779,128,15.0
1443,1851,1,False,cluster_1,1532,user_run_0841,user_standardized_l2_cosine,standardized_l2,cosine,0.462779,128,15.0
1444,1852,1,False,cluster_1,1532,user_run_0841,user_standardized_l2_cosine,standardized_l2,cosine,0.462779,128,15.0
1445,1853,1,False,cluster_1,1532,user_run_0841,user_standardized_l2_cosine,standardized_l2,cosine,0.462779,128,15.0
1446,1854,-1,True,noise,1911,user_run_0841,user_standardized_l2_cosine,standardized_l2,cosine,0.462779,128,15.0
1447,1855,1,False,cluster_1,1532,user_run_0841,user_standardized_l2_cosine,standardized_l2,cosine,0.462779,128,15.0
1448,1856,1,False,cluster_1,1532,user_run_0841,user_standardized_l2_cosine,standardized_l2,cosine,0.462779,128,15.0
1449,1857,-1,True,noise,1911,user_run_0841,user_standardized_l2_cosine,standardized_l2,cosine,0.462779,128,15.0
1450,1858,-1,True,noise,1911,user_run_0841,user_standardized_l2_cosine,standardized_l2,cosine,0.462779,128,15.0
1451,1859,1,False,cluster_1,1532,user_run_0841,user_standardized_l2_cosine,standardized_l2,cosine,0.462779,128,15.0
1452,1860,-1,True,noise,1911,user_run_0841,user_standardized_l2_cosine,standardized_l2,cosine,0.462779,128,15.0
1453,1861,1,False,cluster_1,1532,user_run_0841,user_standardized_l2_cosine,standardized_l2,cosine,0.462779,128,15.0
1454,1863,1,False,cluster_1,1532,user_run_0841,user_standardized_l2_cosine,standardized_l2,cosine,0.462779,128,15.0
1455,1865,-1,True,noise,1911,user_run_0841,user_standardized_l2_cosine,standardized_l2,cosine,0.462779,128,15.0
1456,1866,-1,True,noise,1911,user_run_0841,user_standardized_l2_cosine,standardized_l2,cosine,0.462779,128,15.0
1457,1867,0,False,cluster_0,1279,user_run_0841,user_standardized_l2_cosine,standardized_l2,cosine,0.462779,128,15.0
1458,1868,-1,True,noise,1911,user_run_0841,user_standardized_l2_cosine,standardized_l2,cosine,0.462779,128,15.0
1459,1869,-1,True,noise,1911,user_run_0841,user_standardized_l2_cosine,standardized_l2,cosine,0.462779,128,15.0
1460,1870,0,False,cluster_0,1279,user_run_0841,user_standardized_l2_cosine,standardized_l2,cosine,0.462779,128,15.0
1461,1871,-1,True,noise,1911,user_run_0841,user_standardized_l2_cosine,standardized_l2,cosine,0.462779,128,15.0
1462,1873,-1,True,noise,1911,user_run_0841,user_standardized_l2_cosine,standardized_l2,cosine,0.462779,128,15.0
1463,1874,1,False,cluster_1,1532,user_run_0841,user_standardized_l2_cosine,standardized_l2,cosine,0.462779,128,15.0
1464,1875,-1,True,noise,1911,user_run_0841,user_standardized_l2_cosine,standardized_l2,cosine,0.462779,128,15.0
1465,1877,-1,True,noise,1911,user_run_0841,user_standardized_l2_cosine,standardized_l2,cosine,0.462779,128,15.0
1466,1878,0,False,cluster_0,1279,user_run_0841,user_standardized_l2_cosine,standardized_l2,cosine,0.462779,128,15.0
1467,1879,0,False,cluster_0,1279,user_run_0841,user_standardized_l2_cosine,standardized_l2,cosine,0.462779,128,15.0
1468,1880,1,False,cluster_1,1532,user_run_0841,user_standardized_l2_cosine,standardized_l2,cosine,0.462779,128,15.0
1469,1881,0,False,cluster_0,1279,user_run_0841,user_standardized_l2_cosine,standardized_l2,cosine,0.462779,128,15.0
1470,1882,0,False,cluster_0,1279,user_run_0841,user_standardized_l2_cosine,standardized_l2,cosine,0.462779,128,15.0
1471,1883,-1,True,noise,1911,user_run_0841,user_standardized_l2_cosine,standardized_l2,cosine,0.462779,128,15.0
1472,1884,-1,True,noise,1911,user_run_0841,user_standardized_l2_cosine,standardized_l2,cosine,0.462779,128,15.0
1473,1885,-1,True,noise,1911,user_run_0841,user_standardized_l2_cosine,standardized_l2,cosine,0.462779,128,15.0
1474,1887,-1,True,noise,1911,user_run_0841,user_standardized_l2_cosine,standardized_l2,cosine,0.462779,128,15.0
1475,1889,-1,True,noise,1911,user_run_0841,user_standardized_l2_cosine,standardized_l2,cosine,0.462779,128,15.0
1476,1890,-1,True,noise,1911,user_run_0841,user_standardized_l2_cosine,standardized_l2,cosine,0.462779,128,15.0
1477,1891,1,False,cluster_1,1532,user_run_0841,user_standardized_l2_cosine,standardized_l2,cosine,0.462779,128,15.0
1478,1894,1,False,cluster_1,1532,user_run_0841,user_standardized_l2_cosine,standardized_l2,cosine,0.462779,128,15.0
1479,1895,-1,True,noise,1911,user_run_0841,user_standardized_l2_cosine,standardized_l2,cosine,0.462779,128,15.0
1480,1896,-1,True,noise,1911,user_run_0841,user_standardized_l2_cosine,standardized_l2,cosine,0.462779,128,15.0
1481,1897,1,False,cluster_1,1532,user_run_0841,user_standardized_l2_cosine,standardized_l2,cosine,0.462779,128,15.0
1482,1899,1,False,cluster_1,1532,user_run_0841,user_standardized_l2_cosine,standardized_l2,cosine,0.462779,128,15.0
1483,1900,-1,True,noise,1911,user_run_0841,user_standardized_l2_cosine,standardized_l2,cosine,0.462779,128,15.0
1484,1901,-1,True,noise,1911,user_run_0841,user_standardized_l2_cosine,standardized_l2,cosine,0.462779,128,15.0
1485,1902,1,False,cluster_1,1532,user_run_0841,user_standardized_l2_cosine,standardized_l2,cosine,0.462779,128,15.0
1486,1903,-1,True,noise,1911,user_run_0841,user_standardized_l2_cosine,standardized_l2,cosine,0.462779,128,15.0
1487,1904,0,False,cluster_0,1279,user_run_0841,user_standardized_l2_cosine,standardized_l2,cosine,0.462779,128,15.0
1488,1905,1,False,cluster_1,1532,user_run_0841,user_standardized_l2_cosine,standardized_l2,cosine,0.462779,128,15.0
1489,1908,0,False,cluster_0,1279,user_run_0841,user_standardized_l2_cosine,standardized_l2,cosine,0.462779,128,15.0
1490,1909,0,False,cluster_0,1279,user_run_0841,user_standardized_l2_cosine,standardized_l2,cosine,0.462779,128,15.0
1491,1910,0,False,cluster_0,1279,user_run_0841,user_standardized_l2_cosine,standardized_l2,cosine,0.462779,128,15.0
1492,1912,-1,True,noise,1911,user_run_0841,user_standardized_l2_cosine,standardized_l2,cosine,0.462779,128,15.0
1493,1913,1,False,cluster_1,1532,user_run_0841,user_standardized_l2_cosine,standardized_l2,cosine,0.462779,128,15.0
1494,1916,-1,True,noise,1911,user_run_0841,user_standardized_l2_cosine,standardized_l2,cosine,0.462779,128,15.0
1495,1917,1,False,cluster_1,1532,user_run_0841,user_standardized_l2_cosine,standardized_l2,cosine,0.462779,128,15.0
1496,1919,0,False,cluster_0,1279,user_run_0841,user_standardized_l2_cosine,standardized_l2,cosine,0.462779,128,15.0
1497,1920,0,False,cluster_0,1279,user_run_0841,user_standardized_l2_cosine,standardized_l2,cosine,0.462779,128,15.0
1498,1921,-1,True,noise,1911,user_run_0841,user_standardized_l2_cosine,standardized_l2,cosine,0.462779,128,15.0
1499,1922,1,False,cluster_1,1532,user_run_0841,user_standardized_l2_cosine,standardized_l2,cosine,0.462779,128,15.0
1500,1923,0,False,cluster_0,1279,user_run_0841,user_standardized_l2_cosine,standardized_l2,cosine,0.462779,128,15.0
1501,1924,0,False,cluster_0,1279,user_run_0841,user_standardized_l2_cosine,standardized_l2,cosine,0.462779,128,15.0
1502,1925,-1,True,noise,1911,user_run_0841,user_standardized_l2_cosine,standardized_l2,cosine,0.462779,128,15.0
1503,1926,-1,True,noise,1911,user_run_0841,user_standardized_l2_cosine,standardized_l2,cosine,0.462779,128,15.0
1504,1928,-1,True,noise,1911,user_run_0841,user_standardized_l2_cosine,standardized_l2,cosine,0.462779,128,15.0
1505,1930,1,False,cluster_1,1532,user_run_0841,user_standardized_l2_cosine,standardized_l2,cosine,0.462779,128,15.0
1506,1931,-1,True,noise,1911,user_run_0841,user_standardized_l2_cosine,standardized_l2,cosine,0.462779,128,15.0
1507,1932,1,False,cluster_1,1532,user_run_0841,user_standardized_l2_cosine,standardized_l2,cosine,0.462779,128,15.0
1508,1934,1,False,cluster_1,1532,user_run_0841,user_standardized_l2_cosine,standardized_l2,cosine,0.462779,128,15.0
1509,1935,0,False,cluster_0,1279,user_run_0841,user_standardized_l2_cosine,standardized_l2,cosine,0.462779,128,15.0
1510,1937,-1,True,noise,1911,user_run_0841,user_standardized_l2_cosine,standardized_l2,cosine,0.462779,128,15.0
1511,1938,-1,True,noise,1911,user_run_0841,user_standardized_l2_cosine,standardized_l2,cosine,0.462779,128,15.0
1512,1939,-1,True,noise,1911,user_run_0841,user_standardized_l2_cosine,standardized_l2,cosine,0.462779,128,15.0
1513,1940,0,False,cluster_0,1279,user_run_0841,user_standardized_l2_cosine,standardized_l2,cosine,0.462779,128,15.0
1514,1941,0,False,cluster_0,1279,user_run_0841,user_standardized_l2_cosine,standardized_l2,cosine,0.462779,128,15.0
1515,1942,1,False,cluster_1,1532,user_run_0841,user_standardized_l2_cosine,standardized_l2,cosine,0.462779,128,15.0
1516,1943,-1,True,noise,1911,user_run_0841,user_standardized_l2_cosine,standardized_l2,cosine,0.462779,128,15.0
1517,1944,-1,True,noise,1911,user_run_0841,user_standardized_l2_cosine,standardized_l2,cosine,0.462779,128,15.0
1518,1945,-1,True,noise,1911,user_run_0841,user_standardized_l2_cosine,standardized_l2,cosine,0.462779,128,15.0
1519,1946,1,False,cluster_1,1532,user_run_0841,user_standardized_l2_cosine,standardized_l2,cosine,0.462779,128,15.0
1520,1947,1,False,cluster_1,1532,user_run_0841,user_standardized_l2_cosine,standardized_l2,cosine,0.462779,128,15.0
1521,1948,-1,True,noise,1911,user_run_0841,user_standardized_l2_cosine,standardized_l2,cosine,0.462779,128,15.0
1522,1949,-1,True,noise,1911,user_run_0841,user_standardized_l2_cosine,standardized_l2,cosine,0.462779,128,15.0
1523,1950,-1,True,noise,1911,user_run_0841,user_standardized_l2_cosine,standardized_l2,cosine,0.462779,128,15.0
1524,1951,1,False,cluster_1,1532,user_run_0841,user_standardized_l2_cosine,standardized_l2,cosine,0.462779,128,15.0
1525,1952,-1,True,noise,1911,user_run_0841,user_standardized_l2_cosine,standardized_l2,cosine,0.462779,128,15.0
1526,1954,-1,True,noise,1911,user_run_0841,user_standardized_l2_cosine,standardized_l2,cosine,0.462779,128,15.0
1527,1955,1,False,cluster_1,1532,user_run_0841,user_standardized_l2_cosine,standardized_l2,cosine,0.462779,128,15.0
1528,1956,1,False,cluster_1,1532,user_run_0841,user_standardized_l2_cosine,standardized_l2,cosine,0.462779,128,15.0
1529,1957,0,False,cluster_0,1279,user_run_0841,user_standardized_l2_cosine,standardized_l2,cosine,0.462779,128,15.0
1530,1958,0,False,cluster_0,1279,user_run_0841,user_standardized_l2_cosine,standardized_l2,cosine,0.462779,128,15.0
1531,1959,1,False,cluster_1,1532,user_run_0841,user_standardized_l2_cosine,standardized_l2,cosine,0.462779,128,15.0
1532,1960,-1,True,noise,1911,user_run_0841,user_standardized_l2_cosine,standardized_l2,cosine,0.462779,128,15.0
1533,1961,-1,True,noise,1911,user_run_0841,user_standardized_l2_cosine,standardized_l2,cosine,0.462779,128,15.0
1534,1962,-1,True,noise,1911,user_run_0841,user_standardized_l2_cosine,standardized_l2,cosine,0.462779,128,15.0
1535,1963,0,False,cluster_0,1279,user_run_0841,user_standardized_l2_cosine,standardized_l2,cosine,0.462779,128,15.0
1536,1965,0,False,cluster_0,1279,user_run_0841,user_standardized_l2_cosine,standardized_l2,cosine,0.462779,128,15.0
1537,1966,1,False,cluster_1,1532,user_run_0841,user_standardized_l2_cosine,standardized_l2,cosine,0.462779,128,15.0
1538,1968,-1,True,noise,1911,user_run_0841,user_standardized_l2_cosine,standardized_l2,cosine,0.462779,128,15.0
1539,1969,-1,True,noise,1911,user_run_0841,user_standardized_l2_cosine,standardized_l2,cosine,0.462779,128,15.0
1540,1970,1,False,cluster_1,1532,user_run_0841,user_standardized_l2_cosine,standardized_l2,cosine,0.462779,128,15.0
1541,1972,-1,True,noise,1911,user_run_0841,user_standardized_l2_cosine,standardized_l2,cosine,0.462779,128,15.0
1542,1974,1,False,cluster_1,1532,user_run_0841,user_standardized_l2_cosine,standardized_l2,cosine,0.462779,128,15.0
1543,1975,0,False,cluster_0,1279,user_run_0841,user_standardized_l2_cosine,standardized_l2,cosine,0.462779,128,15.0
1544,1976,0,False,cluster_0,1279,user_run_0841,user_standardized_l2_cosine,standardized_l2,cosine,0.462779,128,15.0
1545,1977,0,False,cluster_0,1279,user_run_0841,user_standardized_l2_cosine,standardized_l2,cosine,0.462779,128,15.0
1546,1978,0,False,cluster_0,1279,user_run_0841,user_standardized_l2_cosine,standardized_l2,cosine,0.462779,128,15.0
1547,1980,1,False,cluster_1,1532,user_run_0841,user_standardized_l2_cosine,standardized_l2,cosine,0.462779,128,15.0
1548,1981,-1,True,noise,1911,user_run_0841,user_standardized_l2_cosine,standardized_l2,cosine,0.462779,128,15.0
1549,1982,1,False,cluster_1,1532,user_run_0841,user_standardized_l2_cosine,standardized_l2,cosine,0.462779,128,15.0
1550,1983,1,False,cluster_1,1532,user_run_0841,user_standardized_l2_cosine,standardized_l2,cosine,0.462779,128,15.0
1551,1984,-1,True,noise,1911,user_run_0841,user_standardized_l2_cosine,standardized_l2,cosine,0.462779,128,15.0
1552,1985,0,False,cluster_0,1279,user_run_0841,user_standardized_l2_cosine,standardized_l2,cosine,0.462779,128,15.0
1553,1987,0,False,cluster_0,1279,user_run_0841,user_standardized_l2_cosine,standardized_l2,cosine,0.462779,128,15.0
1554,1988,1,False,cluster_1,1532,user_run_0841,user_standardized_l2_cosine,standardized_l2,cosine,0.462779,128,15.0
1555,1992,1,False,cluster_1,1532,user_run_0841,user_standardized_l2_cosine,standardized_l2,cosine,0.462779,128,15.0
1556,1995,0,False,cluster_0,1279,user_run_0841,user_standardized_l2_cosine,standardized_l2,cosine,0.462779,128,15.0
1557,1996,1,False,cluster_1,1532,user_run_0841,user_standardized_l2_cosine,standardized_l2,cosine,0.462779,128,15.0
1558,1997,1,False,cluster_1,1532,user_run_0841,user_standardized_l2_cosine,standardized_l2,cosine,0.462779,128,15.0
1559,1998,-1,True,noise,1911,user_run_0841,user_standardized_l2_cosine,standardized_l2,cosine,0.462779,128,15.0
1560,1999,0,False,cluster_0,1279,user_run_0841,user_standardized_l2_cosine,standardized_l2,cosine,0.462779,128,15.0
1561,2000,1,False,cluster_1,1532,user_run_0841,user_standardized_l2_cosine,standardized_l2,cosine,0.462779,128,15.0
1562,2001,-1,True,noise,1911,user_run_0841,user_standardized_l2_cosine,standardized_l2,cosine,0.462779,128,15.0
1563,2002,-1,True,noise,1911,user_run_0841,user_standardized_l2_cosine,standardized_l2,cosine,0.462779,128,15.0
1564,2003,0,False,cluster_0,1279,user_run_0841,user_standardized_l2_cosine,standardized_l2,cosine,0.462779,128,15.0
1565,2004,0,False,cluster_0,1279,user_run_0841,user_standardized_l2_cosine,standardized_l2,cosine,0.462779,128,15.0
1566,2005,1,False,cluster_1,1532,user_run_0841,user_standardized_l2_cosine,standardized_l2,cosine,0.462779,128,15.0
1567,2006,-1,True,noise,1911,user_run_0841,user_standardized_l2_cosine,standardized_l2,cosine,0.462779,128,15.0
1568,2007,-1,True,noise,1911,user_run_0841,user_standardized_l2_cosine,standardized_l2,cosine,0.462779,128,15.0
1569,2008,-1,True,noise,1911,user_run_0841,user_standardized_l2_cosine,standardized_l2,cosine,0.462779,128,15.0
1570,2009,1,False,cluster_1,1532,user_run_0841,user_standardized_l2_cosine,standardized_l2,cosine,0.462779,128,15.0
1571,2010,1,False,cluster_1,1532,user_run_0841,user_standardized_l2_cosine,standardized_l2,cosine,0.462779,128,15.0
1572,2011,0,False,cluster_0,1279,user_run_0841,user_standardized_l2_cosine,standardized_l2,cosine,0.462779,128,15.0
1573,2012,1,False,cluster_1,1532,user_run_0841,user_standardized_l2_cosine,standardized_l2,cosine,0.462779,128,15.0
1574,2013,-1,True,noise,1911,user_run_0841,user_standardized_l2_cosine,standardized_l2,cosine,0.462779,128,15.0
1575,2014,-1,True,noise,1911,user_run_0841,user_standardized_l2_cosine,standardized_l2,cosine,0.462779,128,15.0
1576,2015,0,False,cluster_0,1279,user_run_0841,user_standardized_l2_cosine,standardized_l2,cosine,0.462779,128,15.0
1577,2016,-1,True,noise,1911,user_run_0841,user_standardized_l2_cosine,standardized_l2,cosine,0.462779,128,15.0
1578,2017,1,False,cluster_1,1532,user_run_0841,user_standardized_l2_cosine,standardized_l2,cosine,0.462779,128,15.0
1579,2018,1,False,cluster_1,1532,user_run_0841,user_standardized_l2_cosine,standardized_l2,cosine,0.462779,128,15.0
1580,2020,-1,True,noise,1911,user_run_0841,user_standardized_l2_cosine,standardized_l2,cosine,0.462779,128,15.0
1581,2021,0,False,cluster_0,1279,user_run_0841,user_standardized_l2_cosine,standardized_l2,cosine,0.462779,128,15.0
1582,2022,0,False,cluster_0,1279,user_run_0841,user_standardized_l2_cosine,standardized_l2,cosine,0.462779,128,15.0
1583,2023,-1,True,noise,1911,user_run_0841,user_standardized_l2_cosine,standardized_l2,cosine,0.462779,128,15.0
1584,2024,0,False,cluster_0,1279,user_run_0841,user_standardized_l2_cosine,standardized_l2,cosine,0.462779,128,15.0
1585,2025,0,False,cluster_0,1279,user_run_0841,user_standardized_l2_cosine,standardized_l2,cosine,0.462779,128,15.0
1586,2026,-1,True,noise,1911,user_run_0841,user_standardized_l2_cosine,standardized_l2,cosine,0.462779,128,15.0
1587,2027,0,False,cluster_0,1279,user_run_0841,user_standardized_l2_cosine,standardized_l2,cosine,0.462779,128,15.0
1588,2029,1,False,cluster_1,1532,user_run_0841,user_standardized_l2_cosine,standardized_l2,cosine,0.462779,128,15.0
1589,2030,1,False,cluster_1,1532,user_run_0841,user_standardized_l2_cosine,standardized_l2,cosine,0.462779,128,15.0
1590,2031,1,False,cluster_1,1532,user_run_0841,user_standardized_l2_cosine,standardized_l2,cosine,0.462779,128,15.0
1591,2032,0,False,cluster_0,1279,user_run_0841,user_standardized_l2_cosine,standardized_l2,cosine,0.462779,128,15.0
1592,2033,-1,True,noise,1911,user_run_0841,user_standardized_l2_cosine,standardized_l2,cosine,0.462779,128,15.0
1593,2035,-1,True,noise,1911,user_run_0841,user_standardized_l2_cosine,standardized_l2,cosine,0.462779,128,15.0
1594,2036,1,False,cluster_1,1532,user_run_0841,user_standardized_l2_cosine,standardized_l2,cosine,0.462779,128,15.0
1595,2038,-1,True,noise,1911,user_run_0841,user_standardized_l2_cosine,standardized_l2,cosine,0.462779,128,15.0
1596,2039,1,False,cluster_1,1532,user_run_0841,user_standardized_l2_cosine,standardized_l2,cosine,0.462779,128,15.0
1597,2040,0,False,cluster_0,1279,user_run_0841,user_standardized_l2_cosine,standardized_l2,cosine,0.462779,128,15.0
1598,2041,-1,True,noise,1911,user_run_0841,user_standardized_l2_cosine,standardized_l2,cosine,0.462779,128,15.0
1599,2042,-1,True,noise,1911,user_run_0841,user_standardized_l2_cosine,standardized_l2,cosine,0.462779,128,15.0
1600,2043,0,False,cluster_0,1279,user_run_0841,user_standardized_l2_cosine,standardized_l2,cosine,0.462779,128,15.0
1601,2046,1,False,cluster_1,1532,user_run_0841,user_standardized_l2_cosine,standardized_l2,cosine,0.462779,128,15.0
1602,2047,1,False,cluster_1,1532,user_run_0841,user_standardized_l2_cosine,standardized_l2,cosine,0.462779,128,15.0
1603,2050,-1,True,noise,1911,user_run_0841,user_standardized_l2_cosine,standardized_l2,cosine,0.462779,128,15.0
1604,2051,1,False,cluster_1,1532,user_run_0841,user_standardized_l2_cosine,standardized_l2,cosine,0.462779,128,15.0
1605,2054,0,False,cluster_0,1279,user_run_0841,user_standardized_l2_cosine,standardized_l2,cosine,0.462779,128,15.0
1606,2055,-1,True,noise,1911,user_run_0841,user_standardized_l2_cosine,standardized_l2,cosine,0.462779,128,15.0
1607,2056,-1,True,noise,1911,user_run_0841,user_standardized_l2_cosine,standardized_l2,cosine,0.462779,128,15.0
1608,2057,1,False,cluster_1,1532,user_run_0841,user_standardized_l2_cosine,standardized_l2,cosine,0.462779,128,15.0
1609,2058,-1,True,noise,1911,user_run_0841,user_standardized_l2_cosine,standardized_l2,cosine,0.462779,128,15.0
1610,2059,-1,True,noise,1911,user_run_0841,user_standardized_l2_cosine,standardized_l2,cosine,0.462779,128,15.0
1611,2060,-1,True,noise,1911,user_run_0841,user_standardized_l2_cosine,standardized_l2,cosine,0.462779,128,15.0
1612,2062,-1,True,noise,1911,user_run_0841,user_standardized_l2_cosine,standardized_l2,cosine,0.462779,128,15.0
1613,2063,0,False,cluster_0,1279,user_run_0841,user_standardized_l2_cosine,standardized_l2,cosine,0.462779,128,15.0
1614,2064,1,False,cluster_1,1532,user_run_0841,user_standardized_l2_cosine,standardized_l2,cosine,0.462779,128,15.0
1615,2067,-1,True,noise,1911,user_run_0841,user_standardized_l2_cosine,standardized_l2,cosine,0.462779,128,15.0
1616,2068,-1,True,noise,1911,user_run_0841,user_standardized_l2_cosine,standardized_l2,cosine,0.462779,128,15.0
1617,2069,-1,True,noise,1911,user_run_0841,user_standardized_l2_cosine,standardized_l2,cosine,0.462779,128,15.0
1618,2070,1,False,cluster_1,1532,user_run_0841,user_standardized_l2_cosine,standardized_l2,cosine,0.462779,128,15.0
1619,2071,-1,True,noise,1911,user_run_0841,user_standardized_l2_cosine,standardized_l2,cosine,0.462779,128,15.0
1620,2072,-1,True,noise,1911,user_run_0841,user_standardized_l2_cosine,standardized_l2,cosine,0.462779,128,15.0
1621,2073,-1,True,noise,1911,user_run_0841,user_standardized_l2_cosine,standardized_l2,cosine,0.462779,128,15.0
1622,2075,0,False,cluster_0,1279,user_run_0841,user_standardized_l2_cosine,standardized_l2,cosine,0.462779,128,15.0
1623,2076,1,False,cluster_1,1532,user_run_0841,user_standardized_l2_cosine,standardized_l2,cosine,0.462779,128,15.0
1624,2077,-1,True,noise,1911,user_run_0841,user_standardized_l2_cosine,standardized_l2,cosine,0.462779,128,15.0
1625,2078,-1,True,noise,1911,user_run_0841,user_standardized_l2_cosine,standardized_l2,cosine,0.462779,128,15.0
1626,2079,-1,True,noise,1911,user_run_0841,user_standardized_l2_cosine,standardized_l2,cosine,0.462779,128,15.0
1627,2081,0,False,cluster_0,1279,user_run_0841,user_standardized_l2_cosine,standardized_l2,cosine,0.462779,128,15.0
1628,2082,0,False,cluster_0,1279,user_run_0841,user_standardized_l2_cosine,standardized_l2,cosine,0.462779,128,15.0
1629,2083,-1,True,noise,1911,user_run_0841,user_standardized_l2_cosine,standardized_l2,cosine,0.462779,128,15.0
1630,2084,1,False,cluster_1,1532,user_run_0841,user_standardized_l2_cosine,standardized_l2,cosine,0.462779,128,15.0
1631,2085,-1,True,noise,1911,user_run_0841,user_standardized_l2_cosine,standardized_l2,cosine,0.462779,128,15.0
1632,2087,1,False,cluster_1,1532,user_run_0841,user_standardized_l2_cosine,standardized_l2,cosine,0.462779,128,15.0
1633,2088,1,False,cluster_1,1532,user_run_0841,user_standardized_l2_cosine,standardized_l2,cosine,0.462779,128,15.0
1634,2089,1,False,cluster_1,1532,user_run_0841,user_standardized_l2_cosine,standardized_l2,cosine,0.462779,128,15.0
1635,2090,1,False,cluster_1,1532,user_run_0841,user_standardized_l2_cosine,standardized_l2,cosine,0.462779,128,15.0
1636,2091,-1,True,noise,1911,user_run_0841,user_standardized_l2_cosine,standardized_l2,cosine,0.462779,128,15.0
1637,2092,-1,True,noise,1911,user_run_0841,user_standardized_l2_cosine,standardized_l2,cosine,0.462779,128,15.0
1638,2093,1,False,cluster_1,1532,user_run_0841,user_standardized_l2_cosine,standardized_l2,cosine,0.462779,128,15.0
1639,2094,0,False,cluster_0,1279,user_run_0841,user_standardized_l2_cosine,standardized_l2,cosine,0.462779,128,15.0
1640,2095,0,False,cluster_0,1279,user_run_0841,user_standardized_l2_cosine,standardized_l2,cosine,0.462779,128,15.0
1641,2096,0,False,cluster_0,1279,user_run_0841,user_standardized_l2_cosine,standardized_l2,cosine,0.462779,128,15.0
1642,2097,-1,True,noise,1911,user_run_0841,user_standardized_l2_cosine,standardized_l2,cosine,0.462779,128,15.0
1643,2098,-1,True,noise,1911,user_run_0841,user_standardized_l2_cosine,standardized_l2,cosine,0.462779,128,15.0
1644,2100,1,False,cluster_1,1532,user_run_0841,user_standardized_l2_cosine,standardized_l2,cosine,0.462779,128,15.0
1645,2101,1,False,cluster_1,1532,user_run_0841,user_standardized_l2_cosine,standardized_l2,cosine,0.462779,128,15.0
1646,2102,1,False,cluster_1,1532,user_run_0841,user_standardized_l2_cosine,standardized_l2,cosine,0.462779,128,15.0
1647,2103,-1,True,noise,1911,user_run_0841,user_standardized_l2_cosine,standardized_l2,cosine,0.462779,128,15.0
1648,2104,0,False,cluster_0,1279,user_run_0841,user_standardized_l2_cosine,standardized_l2,cosine,0.462779,128,15.0
1649,2105,1,False,cluster_1,1532,user_run_0841,user_standardized_l2_cosine,standardized_l2,cosine,0.462779,128,15.0
1650,2106,1,False,cluster_1,1532,user_run_0841,user_standardized_l2_cosine,standardized_l2,cosine,0.462779,128,15.0
1651,2109,-1,True,noise,1911,user_run_0841,user_standardized_l2_cosine,standardized_l2,cosine,0.462779,128,15.0
1652,2110,-1,True,noise,1911,user_run_0841,user_standardized_l2_cosine,standardized_l2,cosine,0.462779,128,15.0
1653,2112,0,False,cluster_0,1279,user_run_0841,user_standardized_l2_cosine,standardized_l2,cosine,0.462779,128,15.0
1654,2113,1,False,cluster_1,1532,user_run_0841,user_standardized_l2_cosine,standardized_l2,cosine,0.462779,128,15.0
1655,2114,-1,True,noise,1911,user_run_0841,user_standardized_l2_cosine,standardized_l2,cosine,0.462779,128,15.0
1656,2115,-1,True,noise,1911,user_run_0841,user_standardized_l2_cosine,standardized_l2,cosine,0.462779,128,15.0
1657,2116,-1,True,noise,1911,user_run_0841,user_standardized_l2_cosine,standardized_l2,cosine,0.462779,128,15.0
1658,2117,-1,True,noise,1911,user_run_0841,user_standardized_l2_cosine,standardized_l2,cosine,0.462779,128,15.0
1659,2118,1,False,cluster_1,1532,user_run_0841,user_standardized_l2_cosine,standardized_l2,cosine,0.462779,128,15.0
1660,2119,-1,True,noise,1911,user_run_0841,user_standardized_l2_cosine,standardized_l2,cosine,0.462779,128,15.0
1661,2120,-1,True,noise,1911,user_run_0841,user_standardized_l2_cosine,standardized_l2,cosine,0.462779,128,15.0
1662,2121,-1,True,noise,1911,user_run_0841,user_standardized_l2_cosine,standardized_l2,cosine,0.462779,128,15.0
1663,2122,1,False,cluster_1,1532,user_run_0841,user_standardized_l2_cosine,standardized_l2,cosine,0.462779,128,15.0
1664,2124,-1,True,noise,1911,user_run_0841,user_standardized_l2_cosine,standardized_l2,cosine,0.462779,128,15.0
1665,2125,1,False,cluster_1,1532,user_run_0841,user_standardized_l2_cosine,standardized_l2,cosine,0.462779,128,15.0
1666,2126,-1,True,noise,1911,user_run_0841,user_standardized_l2_cosine,standardized_l2,cosine,0.462779,128,15.0
1667,2127,-1,True,noise,1911,user_run_0841,user_standardized_l2_cosine,standardized_l2,cosine,0.462779,128,15.0
1668,2129,-1,True,noise,1911,user_run_0841,user_standardized_l2_cosine,standardized_l2,cosine,0.462779,128,15.0
1669,2130,-1,True,noise,1911,user_run_0841,user_standardized_l2_cosine,standardized_l2,cosine,0.462779,128,15.0
1670,2131,-1,True,noise,1911,user_run_0841,user_standardized_l2_cosine,standardized_l2,cosine,0.462779,128,15.0
1671,2132,1,False,cluster_1,1532,user_run_0841,user_standardized_l2_cosine,standardized_l2,cosine,0.462779,128,15.0
1672,2134,1,False,cluster_1,1532,user_run_0841,user_standardized_l2_cosine,standardized_l2,cosine,0.462779,128,15.0
1673,2136,0,False,cluster_0,1279,user_run_0841,user_standardized_l2_cosine,standardized_l2,cosine,0.462779,128,15.0
1674,2137,0,False,cluster_0,1279,user_run_0841,user_standardized_l2_cosine,standardized_l2,cosine,0.462779,128,15.0
1675,2138,0,False,cluster_0,1279,user_run_0841,user_standardized_l2_cosine,standardized_l2,cosine,0.462779,128,15.0
1676,2139,0,False,cluster_0,1279,user_run_0841,user_standardized_l2_cosine,standardized_l2,cosine,0.462779,128,15.0
1677,2140,1,False,cluster_1,1532,user_run_0841,user_standardized_l2_cosine,standardized_l2,cosine,0.462779,128,15.0
1678,2142,-1,True,noise,1911,user_run_0841,user_standardized_l2_cosine,standardized_l2,cosine,0.462779,128,15.0
1679,2143,1,False,cluster_1,1532,user_run_0841,user_standardized_l2_cosine,standardized_l2,cosine,0.462779,128,15.0
1680,2144,0,False,cluster_0,1279,user_run_0841,user_standardized_l2_cosine,standardized_l2,cosine,0.462779,128,15.0
1681,2145,1,False,cluster_1,1532,user_run_0841,user_standardized_l2_cosine,standardized_l2,cosine,0.462779,128,15.0
1682,2146,-1,True,noise,1911,user_run_0841,user_standardized_l2_cosine,standardized_l2,cosine,0.462779,128,15.0
1683,2147,1,False,cluster_1,1532,user_run_0841,user_standardized_l2_cosine,standardized_l2,cosine,0.462779,128,15.0
1684,2148,0,False,cluster_0,1279,user_run_0841,user_standardized_l2_cosine,standardized_l2,cosine,0.462779,128,15.0
1685,2149,1,False,cluster_1,1532,user_run_0841,user_standardized_l2_cosine,standardized_l2,cosine,0.462779,128,15.0
1686,2153,-1,True,noise,1911,user_run_0841,user_standardized_l2_cosine,standardized_l2,cosine,0.462779,128,15.0
1687,2154,1,False,cluster_1,1532,user_run_0841,user_standardized_l2_cosine,standardized_l2,cosine,0.462779,128,15.0
1688,2155,0,False,cluster_0,1279,user_run_0841,user_standardized_l2_cosine,standardized_l2,cosine,0.462779,128,15.0
1689,2156,-1,True,noise,1911,user_run_0841,user_standardized_l2_cosine,standardized_l2,cosine,0.462779,128,15.0
1690,2157,-1,True,noise,1911,user_run_0841,user_standardized_l2_cosine,standardized_l2,cosine,0.462779,128,15.0
1691,2158,0,False,cluster_0,1279,user_run_0841,user_standardized_l2_cosine,standardized_l2,cosine,0.462779,128,15.0
1692,2161,-1,True,noise,1911,user_run_0841,user_standardized_l2_cosine,standardized_l2,cosine,0.462779,128,15.0
1693,2162,-1,True,noise,1911,user_run_0841,user_standardized_l2_cosine,standardized_l2,cosine,0.462779,128,15.0
1694,2163,-1,True,noise,1911,user_run_0841,user_standardized_l2_cosine,standardized_l2,cosine,0.462779,128,15.0
1695,2164,1,False,cluster_1,1532,user_run_0841,user_standardized_l2_cosine,standardized_l2,cosine,0.462779,128,15.0
1696,2165,0,False,cluster_0,1279,user_run_0841,user_standardized_l2_cosine,standardized_l2,cosine,0.462779,128,15.0
1697,2166,0,False,cluster_0,1279,user_run_0841,user_standardized_l2_cosine,standardized_l2,cosine,0.462779,128,15.0
1698,2167,-1,True,noise,1911,user_run_0841,user_standardized_l2_cosine,standardized_l2,cosine,0.462779,128,15.0
1699,2168,-1,True,noise,1911,user_run_0841,user_standardized_l2_cosine,standardized_l2,cosine,0.462779,128,15.0
1700,2170,-1,True,noise,1911,user_run_0841,user_standardized_l2_cosine,standardized_l2,cosine,0.462779,128,15.0
1701,2171,1,False,cluster_1,1532,user_run_0841,user_standardized_l2_cosine,standardized_l2,cosine,0.462779,128,15.0
1702,2172,1,False,cluster_1,1532,user_run_0841,user_standardized_l2_cosine,standardized_l2,cosine,0.462779,128,15.0
1703,2173,-1,True,noise,1911,user_run_0841,user_standardized_l2_cosine,standardized_l2,cosine,0.462779,128,15.0
1704,2174,-1,True,noise,1911,user_run_0841,user_standardized_l2_cosine,standardized_l2,cosine,0.462779,128,15.0
1705,2175,-1,True,noise,1911,user_run_0841,user_standardized_l2_cosine,standardized_l2,cosine,0.462779,128,15.0
1706,2176,-1,True,noise,1911,user_run_0841,user_standardized_l2_cosine,standardized_l2,cosine,0.462779,128,15.0
1707,2177,-1,True,noise,1911,user_run_0841,user_standardized_l2_cosine,standardized_l2,cosine,0.462779,128,15.0
1708,2178,-1,True,noise,1911,user_run_0841,user_standardized_l2_cosine,standardized_l2,cosine,0.462779,128,15.0
1709,2179,-1,True,noise,1911,user_run_0841,user_standardized_l2_cosine,standardized_l2,cosine,0.462779,128,15.0
1710,2180,0,False,cluster_0,1279,user_run_0841,user_standardized_l2_cosine,standardized_l2,cosine,0.462779,128,15.0
1711,2181,1,False,cluster_1,1532,user_run_0841,user_standardized_l2_cosine,standardized_l2,cosine,0.462779,128,15.0
1712,2185,1,False,cluster_1,1532,user_run_0841,user_standardized_l2_cosine,standardized_l2,cosine,0.462779,128,15.0
1713,2186,0,False,cluster_0,1279,user_run_0841,user_standardized_l2_cosine,standardized_l2,cosine,0.462779,128,15.0
1714,2187,-1,True,noise,1911,user_run_0841,user_standardized_l2_cosine,standardized_l2,cosine,0.462779,128,15.0
1715,2188,1,False,cluster_1,1532,user_run_0841,user_standardized_l2_cosine,standardized_l2,cosine,0.462779,128,15.0
1716,2190,1,False,cluster_1,1532,user_run_0841,user_standardized_l2_cosine,standardized_l2,cosine,0.462779,128,15.0
1717,2192,-1,True,noise,1911,user_run_0841,user_standardized_l2_cosine,standardized_l2,cosine,0.462779,128,15.0
1718,2194,-1,True,noise,1911,user_run_0841,user_standardized_l2_cosine,standardized_l2,cosine,0.462779,128,15.0
1719,2195,0,False,cluster_0,1279,user_run_0841,user_standardized_l2_cosine,standardized_l2,cosine,0.462779,128,15.0
1720,2197,-1,True,noise,1911,user_run_0841,user_standardized_l2_cosine,standardized_l2,cosine,0.462779,128,15.0
1721,2198,0,False,cluster_0,1279,user_run_0841,user_standardized_l2_cosine,standardized_l2,cosine,0.462779,128,15.0
1722,2199,1,False,cluster_1,1532,user_run_0841,user_standardized_l2_cosine,standardized_l2,cosine,0.462779,128,15.0
1723,2200,-1,True,noise,1911,user_run_0841,user_standardized_l2_cosine,standardized_l2,cosine,0.462779,128,15.0
1724,2201,0,False,cluster_0,1279,user_run_0841,user_standardized_l2_cosine,standardized_l2,cosine,0.462779,128,15.0
1725,2202,-1,True,noise,1911,user_run_0841,user_standardized_l2_cosine,standardized_l2,cosine,0.462779,128,15.0
1726,2203,-1,True,noise,1911,user_run_0841,user_standardized_l2_cosine,standardized_l2,cosine,0.462779,128,15.0
1727,2205,1,False,cluster_1,1532,user_run_0841,user_standardized_l2_cosine,standardized_l2,cosine,0.462779,128,15.0
1728,2206,1,False,cluster_1,1532,user_run_0841,user_standardized_l2_cosine,standardized_l2,cosine,0.462779,128,15.0
1729,2208,1,False,cluster_1,1532,user_run_0841,user_standardized_l2_cosine,standardized_l2,cosine,0.462779,128,15.0
1730,2211,-1,True,noise,1911,user_run_0841,user_standardized_l2_cosine,standardized_l2,cosine,0.462779,128,15.0
1731,2212,0,False,cluster_0,1279,user_run_0841,user_standardized_l2_cosine,standardized_l2,cosine,0.462779,128,15.0
1732,2214,-1,True,noise,1911,user_run_0841,user_standardized_l2_cosine,standardized_l2,cosine,0.462779,128,15.0
1733,2215,-1,True,noise,1911,user_run_0841,user_standardized_l2_cosine,standardized_l2,cosine,0.462779,128,15.0
1734,2216,-1,True,noise,1911,user_run_0841,user_standardized_l2_cosine,standardized_l2,cosine,0.462779,128,15.0
1735,2219,-1,True,noise,1911,user_run_0841,user_standardized_l2_cosine,standardized_l2,cosine,0.462779,128,15.0
1736,2221,-1,True,noise,1911,user_run_0841,user_standardized_l2_cosine,standardized_l2,cosine,0.462779,128,15.0
1737,2222,0,False,cluster_0,1279,user_run_0841,user_standardized_l2_cosine,standardized_l2,cosine,0.462779,128,15.0
1738,2223,-1,True,noise,1911,user_run_0841,user_standardized_l2_cosine,standardized_l2,cosine,0.462779,128,15.0
1739,2225,-1,True,noise,1911,user_run_0841,user_standardized_l2_cosine,standardized_l2,cosine,0.462779,128,15.0
1740,2226,0,False,cluster_0,1279,user_run_0841,user_standardized_l2_cosine,standardized_l2,cosine,0.462779,128,15.0
1741,2227,-1,True,noise,1911,user_run_0841,user_standardized_l2_cosine,standardized_l2,cosine,0.462779,128,15.0
1742,2228,1,False,cluster_1,1532,user_run_0841,user_standardized_l2_cosine,standardized_l2,cosine,0.462779,128,15.0
1743,2230,-1,True,noise,1911,user_run_0841,user_standardized_l2_cosine,standardized_l2,cosine,0.462779,128,15.0
1744,2231,1,False,cluster_1,1532,user_run_0841,user_standardized_l2_cosine,standardized_l2,cosine,0.462779,128,15.0
1745,2232,1,False,cluster_1,1532,user_run_0841,user_standardized_l2_cosine,standardized_l2,cosine,0.462779,128,15.0
1746,2233,-1,True,noise,1911,user_run_0841,user_standardized_l2_cosine,standardized_l2,cosine,0.462779,128,15.0
1747,2235,-1,True,noise,1911,user_run_0841,user_standardized_l2_cosine,standardized_l2,cosine,0.462779,128,15.0
1748,2236,1,False,cluster_1,1532,user_run_0841,user_standardized_l2_cosine,standardized_l2,cosine,0.462779,128,15.0
1749,2237,1,False,cluster_1,1532,user_run_0841,user_standardized_l2_cosine,standardized_l2,cosine,0.462779,128,15.0
1750,2238,-1,True,noise,1911,user_run_0841,user_standardized_l2_cosine,standardized_l2,cosine,0.462779,128,15.0
1751,2239,-1,True,noise,1911,user_run_0841,user_standardized_l2_cosine,standardized_l2,cosine,0.462779,128,15.0
1752,2240,0,False,cluster_0,1279,user_run_0841,user_standardized_l2_cosine,standardized_l2,cosine,0.462779,128,15.0
1753,2241,1,False,cluster_1,1532,user_run_0841,user_standardized_l2_cosine,standardized_l2,cosine,0.462779,128,15.0
1754,2242,0,False,cluster_0,1279,user_run_0841,user_standardized_l2_cosine,standardized_l2,cosine,0.462779,128,15.0
1755,2243,1,False,cluster_1,1532,user_run_0841,user_standardized_l2_cosine,standardized_l2,cosine,0.462779,128,15.0
1756,2244,1,False,cluster_1,1532,user_run_0841,user_standardized_l2_cosine,standardized_l2,cosine,0.462779,128,15.0
1757,2245,0,False,cluster_0,1279,user_run_0841,user_standardized_l2_cosine,standardized_l2,cosine,0.462779,128,15.0
1758,2246,1,False,cluster_1,1532,user_run_0841,user_standardized_l2_cosine,standardized_l2,cosine,0.462779,128,15.0
1759,2247,-1,True,noise,1911,user_run_0841,user_standardized_l2_cosine,standardized_l2,cosine,0.462779,128,15.0
1760,2248,-1,True,noise,1911,user_run_0841,user_standardized_l2_cosine,standardized_l2,cosine,0.462779,128,15.0
1761,2249,0,False,cluster_0,1279,user_run_0841,user_standardized_l2_cosine,standardized_l2,cosine,0.462779,128,15.0
1762,2250,-1,True,noise,1911,user_run_0841,user_standardized_l2_cosine,standardized_l2,cosine,0.462779,128,15.0
1763,2251,1,False,cluster_1,1532,user_run_0841,user_standardized_l2_cosine,standardized_l2,cosine,0.462779,128,15.0
1764,2254,1,False,cluster_1,1532,user_run_0841,user_standardized_l2_cosine,standardized_l2,cosine,0.462779,128,15.0
1765,2255,-1,True,noise,1911,user_run_0841,user_standardized_l2_cosine,standardized_l2,cosine,0.462779,128,15.0
1766,2256,0,False,cluster_0,1279,user_run_0841,user_standardized_l2_cosine,standardized_l2,cosine,0.462779,128,15.0
1767,2258,1,False,cluster_1,1532,user_run_0841,user_standardized_l2_cosine,standardized_l2,cosine,0.462779,128,15.0
1768,2259,1,False,cluster_1,1532,user_run_0841,user_standardized_l2_cosine,standardized_l2,cosine,0.462779,128,15.0
1769,2261,1,False,cluster_1,1532,user_run_0841,user_standardized_l2_cosine,standardized_l2,cosine,0.462779,128,15.0
1770,2262,0,False,cluster_0,1279,user_run_0841,user_standardized_l2_cosine,standardized_l2,cosine,0.462779,128,15.0
1771,2263,0,False,cluster_0,1279,user_run_0841,user_standardized_l2_cosine,standardized_l2,cosine,0.462779,128,15.0
1772,2264,0,False,cluster_0,1279,user_run_0841,user_standardized_l2_cosine,standardized_l2,cosine,0.462779,128,15.0
1773,2265,1,False,cluster_1,1532,user_run_0841,user_standardized_l2_cosine,standardized_l2,cosine,0.462779,128,15.0
1774,2266,0,False,cluster_0,1279,user_run_0841,user_standardized_l2_cosine,standardized_l2,cosine,0.462779,128,15.0
1775,2267,1,False,cluster_1,1532,user_run_0841,user_standardized_l2_cosine,standardized_l2,cosine,0.462779,128,15.0
1776,2270,0,False,cluster_0,1279,user_run_0841,user_standardized_l2_cosine,standardized_l2,cosine,0.462779,128,15.0
1777,2271,1,False,cluster_1,1532,user_run_0841,user_standardized_l2_cosine,standardized_l2,cosine,0.462779,128,15.0
1778,2272,0,False,cluster_0,1279,user_run_0841,user_standardized_l2_cosine,standardized_l2,cosine,0.462779,128,15.0
1779,2273,0,False,cluster_0,1279,user_run_0841,user_standardized_l2_cosine,standardized_l2,cosine,0.462779,128,15.0
1780,2274,0,False,cluster_0,1279,user_run_0841,user_standardized_l2_cosine,standardized_l2,cosine,0.462779,128,15.0
1781,2276,-1,True,noise,1911,user_run_0841,user_standardized_l2_cosine,standardized_l2,cosine,0.462779,128,15.0
1782,2278,-1,True,noise,1911,user_run_0841,user_standardized_l2_cosine,standardized_l2,cosine,0.462779,128,15.0
1783,2279,-1,True,noise,1911,user_run_0841,user_standardized_l2_cosine,standardized_l2,cosine,0.462779,128,15.0
1784,2280,1,False,cluster_1,1532,user_run_0841,user_standardized_l2_cosine,standardized_l2,cosine,0.462779,128,15.0
1785,2281,1,False,cluster_1,1532,user_run_0841,user_standardized_l2_cosine,standardized_l2,cosine,0.462779,128,15.0
1786,2282,-1,True,noise,1911,user_run_0841,user_standardized_l2_cosine,standardized_l2,cosine,0.462779,128,15.0
1787,2283,1,False,cluster_1,1532,user_run_0841,user_standardized_l2_cosine,standardized_l2,cosine,0.462779,128,15.0
1788,2284,1,False,cluster_1,1532,user_run_0841,user_standardized_l2_cosine,standardized_l2,cosine,0.462779,128,15.0
1789,2285,0,False,cluster_0,1279,user_run_0841,user_standardized_l2_cosine,standardized_l2,cosine,0.462779,128,15.0
1790,2286,0,False,cluster_0,1279,user_run_0841,user_standardized_l2_cosine,standardized_l2,cosine,0.462779,128,15.0
1791,2288,1,False,cluster_1,1532,user_run_0841,user_standardized_l2_cosine,standardized_l2,cosine,0.462779,128,15.0
1792,2290,0,False,cluster_0,1279,user_run_0841,user_standardized_l2_cosine,standardized_l2,cosine,0.462779,128,15.0
1793,2291,-1,True,noise,1911,user_run_0841,user_standardized_l2_cosine,standardized_l2,cosine,0.462779,128,15.0
1794,2293,-1,True,noise,1911,user_run_0841,user_standardized_l2_cosine,standardized_l2,cosine,0.462779,128,15.0
1795,2294,0,False,cluster_0,1279,user_run_0841,user_standardized_l2_cosine,standardized_l2,cosine,0.462779,128,15.0
1796,2297,0,False,cluster_0,1279,user_run_0841,user_standardized_l2_cosine,standardized_l2,cosine,0.462779,128,15.0
1797,2298,1,False,cluster_1,1532,user_run_0841,user_standardized_l2_cosine,standardized_l2,cosine,0.462779,128,15.0
1798,2299,0,False,cluster_0,1279,user_run_0841,user_standardized_l2_cosine,standardized_l2,cosine,0.462779,128,15.0
1799,2300,0,False,cluster_0,1279,user_run_0841,user_standardized_l2_cosine,standardized_l2,cosine,0.462779,128,15.0
1800,2301,1,False,cluster_1,1532,user_run_0841,user_standardized_l2_cosine,standardized_l2,cosine,0.462779,128,15.0
1801,2302,1,False,cluster_1,1532,user_run_0841,user_standardized_l2_cosine,standardized_l2,cosine,0.462779,128,15.0
1802,2303,-1,True,noise,1911,user_run_0841,user_standardized_l2_cosine,standardized_l2,cosine,0.462779,128,15.0
1803,2304,0,False,cluster_0,1279,user_run_0841,user_standardized_l2_cosine,standardized_l2,cosine,0.462779,128,15.0
1804,2305,-1,True,noise,1911,user_run_0841,user_standardized_l2_cosine,standardized_l2,cosine,0.462779,128,15.0
1805,2306,-1,True,noise,1911,user_run_0841,user_standardized_l2_cosine,standardized_l2,cosine,0.462779,128,15.0
1806,2307,1,False,cluster_1,1532,user_run_0841,user_standardized_l2_cosine,standardized_l2,cosine,0.462779,128,15.0
1807,2308,-1,True,noise,1911,user_run_0841,user_standardized_l2_cosine,standardized_l2,cosine,0.462779,128,15.0
1808,2309,0,False,cluster_0,1279,user_run_0841,user_standardized_l2_cosine,standardized_l2,cosine,0.462779,128,15.0
1809,2310,1,False,cluster_1,1532,user_run_0841,user_standardized_l2_cosine,standardized_l2,cosine,0.462779,128,15.0
1810,2313,1,False,cluster_1,1532,user_run_0841,user_standardized_l2_cosine,standardized_l2,cosine,0.462779,128,15.0
1811,2315,-1,True,noise,1911,user_run_0841,user_standardized_l2_cosine,standardized_l2,cosine,0.462779,128,15.0
1812,2316,-1,True,noise,1911,user_run_0841,user_standardized_l2_cosine,standardized_l2,cosine,0.462779,128,15.0
1813,2317,1,False,cluster_1,1532,user_run_0841,user_standardized_l2_cosine,standardized_l2,cosine,0.462779,128,15.0
1814,2318,0,False,cluster_0,1279,user_run_0841,user_standardized_l2_cosine,standardized_l2,cosine,0.462779,128,15.0
1815,2319,1,False,cluster_1,1532,user_run_0841,user_standardized_l2_cosine,standardized_l2,cosine,0.462779,128,15.0
1816,2320,-1,True,noise,1911,user_run_0841,user_standardized_l2_cosine,standardized_l2,cosine,0.462779,128,15.0
1817,2321,0,False,cluster_0,1279,user_run_0841,user_standardized_l2_cosine,standardized_l2,cosine,0.462779,128,15.0
1818,2322,0,False,cluster_0,1279,user_run_0841,user_standardized_l2_cosine,standardized_l2,cosine,0.462779,128,15.0
1819,2323,0,False,cluster_0,1279,user_run_0841,user_standardized_l2_cosine,standardized_l2,cosine,0.462779,128,15.0
1820,2324,1,False,cluster_1,1532,user_run_0841,user_standardized_l2_cosine,standardized_l2,cosine,0.462779,128,15.0
1821,2326,0,False,cluster_0,1279,user_run_0841,user_standardized_l2_cosine,standardized_l2,cosine,0.462779,128,15.0
1822,2327,0,False,cluster_0,1279,user_run_0841,user_standardized_l2_cosine,standardized_l2,cosine,0.462779,128,15.0
1823,2328,0,False,cluster_0,1279,user_run_0841,user_standardized_l2_cosine,standardized_l2,cosine,0.462779,128,15.0
1824,2329,0,False,cluster_0,1279,user_run_0841,user_standardized_l2_cosine,standardized_l2,cosine,0.462779,128,15.0
1825,2330,0,False,cluster_0,1279,user_run_0841,user_standardized_l2_cosine,standardized_l2,cosine,0.462779,128,15.0
1826,2331,-1,True,noise,1911,user_run_0841,user_standardized_l2_cosine,standardized_l2,cosine,0.462779,128,15.0
1827,2332,-1,True,noise,1911,user_run_0841,user_standardized_l2_cosine,standardized_l2,cosine,0.462779,128,15.0
1828,2333,0,False,cluster_0,1279,user_run_0841,user_standardized_l2_cosine,standardized_l2,cosine,0.462779,128,15.0
1829,2334,0,False,cluster_0,1279,user_run_0841,user_standardized_l2_cosine,standardized_l2,cosine,0.462779,128,15.0
1830,2335,-1,True,noise,1911,user_run_0841,user_standardized_l2_cosine,standardized_l2,cosine,0.462779,128,15.0
1831,2337,0,False,cluster_0,1279,user_run_0841,user_standardized_l2_cosine,standardized_l2,cosine,0.462779,128,15.0
1832,2338,1,False,cluster_1,1532,user_run_0841,user_standardized_l2_cosine,standardized_l2,cosine,0.462779,128,15.0
1833,2340,1,False,cluster_1,1532,user_run_0841,user_standardized_l2_cosine,standardized_l2,cosine,0.462779,128,15.0
1834,2341,0,False,cluster_0,1279,user_run_0841,user_standardized_l2_cosine,standardized_l2,cosine,0.462779,128,15.0
1835,2342,-1,True,noise,1911,user_run_0841,user_standardized_l2_cosine,standardized_l2,cosine,0.462779,128,15.0
1836,2344,0,False,cluster_0,1279,user_run_0841,user_standardized_l2_cosine,standardized_l2,cosine,0.462779,128,15.0
1837,2346,0,False,cluster_0,1279,user_run_0841,user_standardized_l2_cosine,standardized_l2,cosine,0.462779,128,15.0
1838,2348,-1,True,noise,1911,user_run_0841,user_standardized_l2_cosine,standardized_l2,cosine,0.462779,128,15.0
1839,2349,1,False,cluster_1,1532,user_run_0841,user_standardized_l2_cosine,standardized_l2,cosine,0.462779,128,15.0
1840,2350,1,False,cluster_1,1532,user_run_0841,user_standardized_l2_cosine,standardized_l2,cosine,0.462779,128,15.0
1841,2351,-1,True,noise,1911,user_run_0841,user_standardized_l2_cosine,standardized_l2,cosine,0.462779,128,15.0
1842,2352,-1,True,noise,1911,user_run_0841,user_standardized_l2_cosine,standardized_l2,cosine,0.462779,128,15.0
1843,2353,-1,True,noise,1911,user_run_0841,user_standardized_l2_cosine,standardized_l2,cosine,0.462779,128,15.0
1844,2354,-1,True,noise,1911,user_run_0841,user_standardized_l2_cosine,standardized_l2,cosine,0.462779,128,15.0
1845,2355,-1,True,noise,1911,user_run_0841,user_standardized_l2_cosine,standardized_l2,cosine,0.462779,128,15.0
1846,2359,1,False,cluster_1,1532,user_run_0841,user_standardized_l2_cosine,standardized_l2,cosine,0.462779,128,15.0
1847,2361,0,False,cluster_0,1279,user_run_0841,user_standardized_l2_cosine,standardized_l2,cosine,0.462779,128,15.0
1848,2362,0,False,cluster_0,1279,user_run_0841,user_standardized_l2_cosine,standardized_l2,cosine,0.462779,128,15.0
1849,2365,-1,True,noise,1911,user_run_0841,user_standardized_l2_cosine,standardized_l2,cosine,0.462779,128,15.0
1850,2366,0,False,cluster_0,1279,user_run_0841,user_standardized_l2_cosine,standardized_l2,cosine,0.462779,128,15.0
1851,2367,0,False,cluster_0,1279,user_run_0841,user_standardized_l2_cosine,standardized_l2,cosine,0.462779,128,15.0
1852,2368,-1,True,noise,1911,user_run_0841,user_standardized_l2_cosine,standardized_l2,cosine,0.462779,128,15.0
1853,2370,0,False,cluster_0,1279,user_run_0841,user_standardized_l2_cosine,standardized_l2,cosine,0.462779,128,15.0
1854,2371,0,False,cluster_0,1279,user_run_0841,user_standardized_l2_cosine,standardized_l2,cosine,0.462779,128,15.0
1855,2372,0,False,cluster_0,1279,user_run_0841,user_standardized_l2_cosine,standardized_l2,cosine,0.462779,128,15.0
1856,2374,-1,True,noise,1911,user_run_0841,user_standardized_l2_cosine,standardized_l2,cosine,0.462779,128,15.0
1857,2376,1,False,cluster_1,1532,user_run_0841,user_standardized_l2_cosine,standardized_l2,cosine,0.462779,128,15.0
1858,2378,0,False,cluster_0,1279,user_run_0841,user_standardized_l2_cosine,standardized_l2,cosine,0.462779,128,15.0
1859,2380,-1,True,noise,1911,user_run_0841,user_standardized_l2_cosine,standardized_l2,cosine,0.462779,128,15.0
1860,2382,-1,True,noise,1911,user_run_0841,user_standardized_l2_cosine,standardized_l2,cosine,0.462779,128,15.0
1861,2383,-1,True,noise,1911,user_run_0841,user_standardized_l2_cosine,standardized_l2,cosine,0.462779,128,15.0
1862,2386,0,False,cluster_0,1279,user_run_0841,user_standardized_l2_cosine,standardized_l2,cosine,0.462779,128,15.0
1863,2387,1,False,cluster_1,1532,user_run_0841,user_standardized_l2_cosine,standardized_l2,cosine,0.462779,128,15.0
1864,2389,1,False,cluster_1,1532,user_run_0841,user_standardized_l2_cosine,standardized_l2,cosine,0.462779,128,15.0
1865,2390,0,False,cluster_0,1279,user_run_0841,user_standardized_l2_cosine,standardized_l2,cosine,0.462779,128,15.0
1866,2391,0,False,cluster_0,1279,user_run_0841,user_standardized_l2_cosine,standardized_l2,cosine,0.462779,128,15.0
1867,2392,0,False,cluster_0,1279,user_run_0841,user_standardized_l2_cosine,standardized_l2,cosine,0.462779,128,15.0
1868,2393,-1,True,noise,1911,user_run_0841,user_standardized_l2_cosine,standardized_l2,cosine,0.462779,128,15.0
1869,2394,0,False,cluster_0,1279,user_run_0841,user_standardized_l2_cosine,standardized_l2,cosine,0.462779,128,15.0
1870,2395,0,False,cluster_0,1279,user_run_0841,user_standardized_l2_cosine,standardized_l2,cosine,0.462779,128,15.0
1871,2397,1,False,cluster_1,1532,user_run_0841,user_standardized_l2_cosine,standardized_l2,cosine,0.462779,128,15.0
1872,2398,-1,True,noise,1911,user_run_0841,user_standardized_l2_cosine,standardized_l2,cosine,0.462779,128,15.0
1873,2400,0,False,cluster_0,1279,user_run_0841,user_standardized_l2_cosine,standardized_l2,cosine,0.462779,128,15.0
1874,2401,-1,True,noise,1911,user_run_0841,user_standardized_l2_cosine,standardized_l2,cosine,0.462779,128,15.0
1875,2402,1,False,cluster_1,1532,user_run_0841,user_standardized_l2_cosine,standardized_l2,cosine,0.462779,128,15.0
1876,2403,-1,True,noise,1911,user_run_0841,user_standardized_l2_cosine,standardized_l2,cosine,0.462779,128,15.0
1877,2404,-1,True,noise,1911,user_run_0841,user_standardized_l2_cosine,standardized_l2,cosine,0.462779,128,15.0
1878,2405,0,False,cluster_0,1279,user_run_0841,user_standardized_l2_cosine,standardized_l2,cosine,0.462779,128,15.0
1879,2406,0,False,cluster_0,1279,user_run_0841,user_standardized_l2_cosine,standardized_l2,cosine,0.462779,128,15.0
1880,2407,-1,True,noise,1911,user_run_0841,user_standardized_l2_cosine,standardized_l2,cosine,0.462779,128,15.0
1881,2408,0,False,cluster_0,1279,user_run_0841,user_standardized_l2_cosine,standardized_l2,cosine,0.462779,128,15.0
1882,2409,0,False,cluster_0,1279,user_run_0841,user_standardized_l2_cosine,standardized_l2,cosine,0.462779,128,15.0
1883,2410,1,False,cluster_1,1532,user_run_0841,user_standardized_l2_cosine,standardized_l2,cosine,0.462779,128,15.0
1884,2411,-1,True,noise,1911,user_run_0841,user_standardized_l2_cosine,standardized_l2,cosine,0.462779,128,15.0
1885,2414,-1,True,noise,1911,user_run_0841,user_standardized_l2_cosine,standardized_l2,cosine,0.462779,128,15.0
1886,2416,-1,True,noise,1911,user_run_0841,user_standardized_l2_cosine,standardized_l2,cosine,0.462779,128,15.0
1887,2418,0,False,cluster_0,1279,user_run_0841,user_standardized_l2_cosine,standardized_l2,cosine,0.462779,128,15.0
1888,2419,1,False,cluster_1,1532,user_run_0841,user_standardized_l2_cosine,standardized_l2,cosine,0.462779,128,15.0
1889,2420,-1,True,noise,1911,user_run_0841,user_standardized_l2_cosine,standardized_l2,cosine,0.462779,128,15.0
1890,2421,1,False,cluster_1,1532,user_run_0841,user_standardized_l2_cosine,standardized_l2,cosine,0.462779,128,15.0
1891,2423,-1,True,noise,1911,user_run_0841,user_standardized_l2_cosine,standardized_l2,cosine,0.462779,128,15.0
1892,2424,-1,True,noise,1911,user_run_0841,user_standardized_l2_cosine,standardized_l2,cosine,0.462779,128,15.0
1893,2425,-1,True,noise,1911,user_run_0841,user_standardized_l2_cosine,standardized_l2,cosine,0.462779,128,15.0
1894,2427,1,False,cluster_1,1532,user_run_0841,user_standardized_l2_cosine,standardized_l2,cosine,0.462779,128,15.0
1895,2428,0,False,cluster_0,1279,user_run_0841,user_standardized_l2_cosine,standardized_l2,cosine,0.462779,128,15.0
1896,2429,-1,True,noise,1911,user_run_0841,user_standardized_l2_cosine,standardized_l2,cosine,0.462779,128,15.0
1897,2430,0,False,cluster_0,1279,user_run_0841,user_standardized_l2_cosine,standardized_l2,cosine,0.462779,128,15.0
1898,2435,-1,True,noise,1911,user_run_0841,user_standardized_l2_cosine,standardized_l2,cosine,0.462779,128,15.0
1899,2436,-1,True,noise,1911,user_run_0841,user_standardized_l2_cosine,standardized_l2,cosine,0.462779,128,15.0
1900,2437,-1,True,noise,1911,user_run_0841,user_standardized_l2_cosine,standardized_l2,cosine,0.462779,128,15.0
1901,2438,-1,True,noise,1911,user_run_0841,user_standardized_l2_cosine,standardized_l2,cosine,0.462779,128,15.0
1902,2439,-1,True,noise,1911,user_run_0841,user_standardized_l2_cosine,standardized_l2,cosine,0.462779,128,15.0
1903,2444,-1,True,noise,1911,user_run_0841,user_standardized_l2_cosine,standardized_l2,cosine,0.462779,128,15.0
1904,2445,0,False,cluster_0,1279,user_run_0841,user_standardized_l2_cosine,standardized_l2,cosine,0.462779,128,15.0
1905,2446,-1,True,noise,1911,user_run_0841,user_standardized_l2_cosine,standardized_l2,cosine,0.462779,128,15.0
1906,2447,0,False,cluster_0,1279,user_run_0841,user_standardized_l2_cosine,standardized_l2,cosine,0.462779,128,15.0
1907,2448,0,False,cluster_0,1279,user_run_0841,user_standardized_l2_cosine,standardized_l2,cosine,0.462779,128,15.0
1908,2451,-1,True,noise,1911,user_run_0841,user_standardized_l2_cosine,standardized_l2,cosine,0.462779,128,15.0
1909,2452,0,False,cluster_0,1279,user_run_0841,user_standardized_l2_cosine,standardized_l2,cosine,0.462779,128,15.0
1910,2453,0,False,cluster_0,1279,user_run_0841,user_standardized_l2_cosine,standardized_l2,cosine,0.462779,128,15.0
1911,2454,0,False,cluster_0,1279,user_run_0841,user_standardized_l2_cosine,standardized_l2,cosine,0.462779,128,15.0
1912,2455,-1,True,noise,1911,user_run_0841,user_standardized_l2_cosine,standardized_l2,cosine,0.462779,128,15.0
1913,2456,1,False,cluster_1,1532,user_run_0841,user_standardized_l2_cosine,standardized_l2,cosine,0.462779,128,15.0
1914,2457,0,False,cluster_0,1279,user_run_0841,user_standardized_l2_cosine,standardized_l2,cosine,0.462779,128,15.0
1915,2458,0,False,cluster_0,1279,user_run_0841,user_standardized_l2_cosine,standardized_l2,cosine,0.462779,128,15.0
1916,2459,-1,True,noise,1911,user_run_0841,user_standardized_l2_cosine,standardized_l2,cosine,0.462779,128,15.0
1917,2460,-1,True,noise,1911,user_run_0841,user_standardized_l2_cosine,standardized_l2,cosine,0.462779,128,15.0
1918,2461,-1,True,noise,1911,user_run_0841,user_standardized_l2_cosine,standardized_l2,cosine,0.462779,128,15.0
1919,2462,1,False,cluster_1,1532,user_run_0841,user_standardized_l2_cosine,standardized_l2,cosine,0.462779,128,15.0
1920,2463,-1,True,noise,1911,user_run_0841,user_standardized_l2_cosine,standardized_l2,cosine,0.462779,128,15.0
1921,2465,1,False,cluster_1,1532,user_run_0841,user_standardized_l2_cosine,standardized_l2,cosine,0.462779,128,15.0
1922,2466,1,False,cluster_1,1532,user_run_0841,user_standardized_l2_cosine,standardized_l2,cosine,0.462779,128,15.0
1923,2468,0,False,cluster_0,1279,user_run_0841,user_standardized_l2_cosine,standardized_l2,cosine,0.462779,128,15.0
1924,2469,-1,True,noise,1911,user_run_0841,user_standardized_l2_cosine,standardized_l2,cosine,0.462779,128,15.0
1925,2472,-1,True,noise,1911,user_run_0841,user_standardized_l2_cosine,standardized_l2,cosine,0.462779,128,15.0
1926,2476,-1,True,noise,1911,user_run_0841,user_standardized_l2_cosine,standardized_l2,cosine,0.462779,128,15.0
1927,2477,1,False,cluster_1,1532,user_run_0841,user_standardized_l2_cosine,standardized_l2,cosine,0.462779,128,15.0
1928,2478,-1,True,noise,1911,user_run_0841,user_standardized_l2_cosine,standardized_l2,cosine,0.462779,128,15.0
1929,2480,-1,True,noise,1911,user_run_0841,user_standardized_l2_cosine,standardized_l2,cosine,0.462779,128,15.0
1930,2481,-1,True,noise,1911,user_run_0841,user_standardized_l2_cosine,standardized_l2,cosine,0.462779,128,15.0
1931,2483,1,False,cluster_1,1532,user_run_0841,user_standardized_l2_cosine,standardized_l2,cosine,0.462779,128,15.0
1932,2484,0,False,cluster_0,1279,user_run_0841,user_standardized_l2_cosine,standardized_l2,cosine,0.462779,128,15.0
1933,2485,1,False,cluster_1,1532,user_run_0841,user_standardized_l2_cosine,standardized_l2,cosine,0.462779,128,15.0
1934,2486,1,False,cluster_1,1532,user_run_0841,user_standardized_l2_cosine,standardized_l2,cosine,0.462779,128,15.0
1935,2489,-1,True,noise,1911,user_run_0841,user_standardized_l2_cosine,standardized_l2,cosine,0.462779,128,15.0
1936,2491,-1,True,noise,1911,user_run_0841,user_standardized_l2_cosine,standardized_l2,cosine,0.462779,128,15.0
1937,2492,1,False,cluster_1,1532,user_run_0841,user_standardized_l2_cosine,standardized_l2,cosine,0.462779,128,15.0
1938,2493,-1,True,noise,1911,user_run_0841,user_standardized_l2_cosine,standardized_l2,cosine,0.462779,128,15.0
1939,2496,-1,True,noise,1911,user_run_0841,user_standardized_l2_cosine,standardized_l2,cosine,0.462779,128,15.0
1940,2497,0,False,cluster_0,1279,user_run_0841,user_standardized_l2_cosine,standardized_l2,cosine,0.462779,128,15.0
1941,2498,-1,True,noise,1911,user_run_0841,user_standardized_l2_cosine,standardized_l2,cosine,0.462779,128,15.0
1942,2499,-1,True,noise,1911,user_run_0841,user_standardized_l2_cosine,standardized_l2,cosine,0.462779,128,15.0
1943,2500,0,False,cluster_0,1279,user_run_0841,user_standardized_l2_cosine,standardized_l2,cosine,0.462779,128,15.0
1944,2501,-1,True,noise,1911,user_run_0841,user_standardized_l2_cosine,standardized_l2,cosine,0.462779,128,15.0
1945,2503,0,False,cluster_0,1279,user_run_0841,user_standardized_l2_cosine,standardized_l2,cosine,0.462779,128,15.0
1946,2504,1,False,cluster_1,1532,user_run_0841,user_standardized_l2_cosine,standardized_l2,cosine,0.462779,128,15.0
1947,2506,-1,True,noise,1911,user_run_0841,user_standardized_l2_cosine,standardized_l2,cosine,0.462779,128,15.0
1948,2507,1,False,cluster_1,1532,user_run_0841,user_standardized_l2_cosine,standardized_l2,cosine,0.462779,128,15.0
1949,2508,0,False,cluster_0,1279,user_run_0841,user_standardized_l2_cosine,standardized_l2,cosine,0.462779,128,15.0
1950,2510,0,False,cluster_0,1279,user_run_0841,user_standardized_l2_cosine,standardized_l2,cosine,0.462779,128,15.0
1951,2513,1,False,cluster_1,1532,user_run_0841,user_standardized_l2_cosine,standardized_l2,cosine,0.462779,128,15.0
1952,2515,0,False,cluster_0,1279,user_run_0841,user_standardized_l2_cosine,standardized_l2,cosine,0.462779,128,15.0
1953,2517,0,False,cluster_0,1279,user_run_0841,user_standardized_l2_cosine,standardized_l2,cosine,0.462779,128,15.0
1954,2518,0,False,cluster_0,1279,user_run_0841,user_standardized_l2_cosine,standardized_l2,cosine,0.462779,128,15.0
1955,2519,-1,True,noise,1911,user_run_0841,user_standardized_l2_cosine,standardized_l2,cosine,0.462779,128,15.0
1956,2520,1,False,cluster_1,1532,user_run_0841,user_standardized_l2_cosine,standardized_l2,cosine,0.462779,128,15.0
1957,2521,0,False,cluster_0,1279,user_run_0841,user_standardized_l2_cosine,standardized_l2,cosine,0.462779,128,15.0
1958,2522,0,False,cluster_0,1279,user_run_0841,user_standardized_l2_cosine,standardized_l2,cosine,0.462779,128,15.0
1959,2523,-1,True,noise,1911,user_run_0841,user_standardized_l2_cosine,standardized_l2,cosine,0.462779,128,15.0
1960,2525,0,False,cluster_0,1279,user_run_0841,user_standardized_l2_cosine,standardized_l2,cosine,0.462779,128,15.0
1961,2526,0,False,cluster_0,1279,user_run_0841,user_standardized_l2_cosine,standardized_l2,cosine,0.462779,128,15.0
1962,2528,-1,True,noise,1911,user_run_0841,user_standardized_l2_cosine,standardized_l2,cosine,0.462779,128,15.0
1963,2529,0,False,cluster_0,1279,user_run_0841,user_standardized_l2_cosine,standardized_l2,cosine,0.462779,128,15.0
1964,2533,0,False,cluster_0,1279,user_run_0841,user_standardized_l2_cosine,standardized_l2,cosine,0.462779,128,15.0
1965,2535,0,False,cluster_0,1279,user_run_0841,user_standardized_l2_cosine,standardized_l2,cosine,0.462779,128,15.0
1966,2536,1,False,cluster_1,1532,user_run_0841,user_standardized_l2_cosine,standardized_l2,cosine,0.462779,128,15.0
1967,2537,1,False,cluster_1,1532,user_run_0841,user_standardized_l2_cosine,standardized_l2,cosine,0.462779,128,15.0
1968,2539,0,False,cluster_0,1279,user_run_0841,user_standardized_l2_cosine,standardized_l2,cosine,0.462779,128,15.0
1969,2540,-1,True,noise,1911,user_run_0841,user_standardized_l2_cosine,standardized_l2,cosine,0.462779,128,15.0
1970,2541,-1,True,noise,1911,user_run_0841,user_standardized_l2_cosine,standardized_l2,cosine,0.462779,128,15.0
1971,2544,-1,True,noise,1911,user_run_0841,user_standardized_l2_cosine,standardized_l2,cosine,0.462779,128,15.0
1972,2545,0,False,cluster_0,1279,user_run_0841,user_standardized_l2_cosine,standardized_l2,cosine,0.462779,128,15.0
1973,2546,-1,True,noise,1911,user_run_0841,user_standardized_l2_cosine,standardized_l2,cosine,0.462779,128,15.0
1974,2547,1,False,cluster_1,1532,user_run_0841,user_standardized_l2_cosine,standardized_l2,cosine,0.462779,128,15.0
1975,2548,-1,True,noise,1911,user_run_0841,user_standardized_l2_cosine,standardized_l2,cosine,0.462779,128,15.0
1976,2550,-1,True,noise,1911,user_run_0841,user_standardized_l2_cosine,standardized_l2,cosine,0.462779,128,15.0
1977,2551,-1,True,noise,1911,user_run_0841,user_standardized_l2_cosine,standardized_l2,cosine,0.462779,128,15.0
1978,2552,0,False,cluster_0,1279,user_run_0841,user_standardized_l2_cosine,standardized_l2,cosine,0.462779,128,15.0
1979,2554,1,False,cluster_1,1532,user_run_0841,user_standardized_l2_cosine,standardized_l2,cosine,0.462779,128,15.0
1980,2555,-1,True,noise,1911,user_run_0841,user_standardized_l2_cosine,standardized_l2,cosine,0.462779,128,15.0
1981,2556,0,False,cluster_0,1279,user_run_0841,user_standardized_l2_cosine,standardized_l2,cosine,0.462779,128,15.0
1982,2557,-1,True,noise,1911,user_run_0841,user_standardized_l2_cosine,standardized_l2,cosine,0.462779,128,15.0
1983,2558,0,False,cluster_0,1279,user_run_0841,user_standardized_l2_cosine,standardized_l2,cosine,0.462779,128,15.0
1984,2559,1,False,cluster_1,1532,user_run_0841,user_standardized_l2_cosine,standardized_l2,cosine,0.462779,128,15.0
1985,2560,0,False,cluster_0,1279,user_run_0841,user_standardized_l2_cosine,standardized_l2,cosine,0.462779,128,15.0
1986,2561,-1,True,noise,1911,user_run_0841,user_standardized_l2_cosine,standardized_l2,cosine,0.462779,128,15.0
1987,2562,-1,True,noise,1911,user_run_0841,user_standardized_l2_cosine,standardized_l2,cosine,0.462779,128,15.0
1988,2564,0,False,cluster_0,1279,user_run_0841,user_standardized_l2_cosine,standardized_l2,cosine,0.462779,128,15.0
1989,2565,0,False,cluster_0,1279,user_run_0841,user_standardized_l2_cosine,standardized_l2,cosine,0.462779,128,15.0
1990,2566,0,False,cluster_0,1279,user_run_0841,user_standardized_l2_cosine,standardized_l2,cosine,0.462779,128,15.0
1991,2567,1,False,cluster_1,1532,user_run_0841,user_standardized_l2_cosine,standardized_l2,cosine,0.462779,128,15.0
1992,2569,1,False,cluster_1,1532,user_run_0841,user_standardized_l2_cosine,standardized_l2,cosine,0.462779,128,15.0
1993,2570,-1,True,noise,1911,user_run_0841,user_standardized_l2_cosine,standardized_l2,cosine,0.462779,128,15.0
1994,2571,0,False,cluster_0,1279,user_run_0841,user_standardized_l2_cosine,standardized_l2,cosine,0.462779,128,15.0
1995,2572,1,False,cluster_1,1532,user_run_0841,user_standardized_l2_cosine,standardized_l2,cosine,0.462779,128,15.0
1996,2573,1,False,cluster_1,1532,user_run_0841,user_standardized_l2_cosine,standardized_l2,cosine,0.462779,128,15.0
1997,2575,-1,True,noise,1911,user_run_0841,user_standardized_l2_cosine,standardized_l2,cosine,0.462779,128,15.0
1998,2576,1,False,cluster_1,1532,user_run_0841,user_standardized_l2_cosine,standardized_l2,cosine,0.462779,128,15.0
1999,2577,0,False,cluster_0,1279,user_run_0841,user_standardized_l2_cosine,standardized_l2,cosine,0.462779,128,15.0
2000,2579,-1,True,noise,1911,user_run_0841,user_standardized_l2_cosine,standardized_l2,cosine,0.462779,128,15.0
2001,2580,0,False,cluster_0,1279,user_run_0841,user_standardized_l2_cosine,standardized_l2,cosine,0.462779,128,15.0
2002,2581,-1,True,noise,1911,user_run_0841,user_standardized_l2_cosine,standardized_l2,cosine,0.462779,128,15.0
2003,2583,0,False,cluster_0,1279,user_run_0841,user_standardized_l2_cosine,standardized_l2,cosine,0.462779,128,15.0
2004,2585,-1,True,noise,1911,user_run_0841,user_standardized_l2_cosine,standardized_l2,cosine,0.462779,128,15.0
2005,2586,1,False,cluster_1,1532,user_run_0841,user_standardized_l2_cosine,standardized_l2,cosine,0.462779,128,15.0
2006,2588,0,False,cluster_0,1279,user_run_0841,user_standardized_l2_cosine,standardized_l2,cosine,0.462779,128,15.0
2007,2589,1,False,cluster_1,1532,user_run_0841,user_standardized_l2_cosine,standardized_l2,cosine,0.462779,128,15.0
2008,2590,1,False,cluster_1,1532,user_run_0841,user_standardized_l2_cosine,standardized_l2,cosine,0.462779,128,15.0
2009,2591,1,False,cluster_1,1532,user_run_0841,user_standardized_l2_cosine,standardized_l2,cosine,0.462779,128,15.0
2010,2592,0,False,cluster_0,1279,user_run_0841,user_standardized_l2_cosine,standardized_l2,cosine,0.462779,128,15.0
2011,2593,-1,True,noise,1911,user_run_0841,user_standardized_l2_cosine,standardized_l2,cosine,0.462779,128,15.0
2012,2594,0,False,cluster_0,1279,user_run_0841,user_standardized_l2_cosine,standardized_l2,cosine,0.462779,128,15.0
2013,2595,0,False,cluster_0,1279,user_run_0841,user_standardized_l2_cosine,standardized_l2,cosine,0.462779,128,15.0
2014,2596,0,False,cluster_0,1279,user_run_0841,user_standardized_l2_cosine,standardized_l2,cosine,0.462779,128,15.0
2015,2597,-1,True,noise,1911,user_run_0841,user_standardized_l2_cosine,standardized_l2,cosine,0.462779,128,15.0
2016,2599,0,False,cluster_0,1279,user_run_0841,user_standardized_l2_cosine,standardized_l2,cosine,0.462779,128,15.0
2017,2600,0,False,cluster_0,1279,user_run_0841,user_standardized_l2_cosine,standardized_l2,cosine,0.462779,128,15.0
2018,2603,0,False,cluster_0,1279,user_run_0841,user_standardized_l2_cosine,standardized_l2,cosine,0.462779,128,15.0
2019,2604,-1,True,noise,1911,user_run_0841,user_standardized_l2_cosine,standardized_l2,cosine,0.462779,128,15.0
2020,2605,-1,True,noise,1911,user_run_0841,user_standardized_l2_cosine,standardized_l2,cosine,0.462779,128,15.0
2021,2606,1,False,cluster_1,1532,user_run_0841,user_standardized_l2_cosine,standardized_l2,cosine,0.462779,128,15.0
2022,2607,0,False,cluster_0,1279,user_run_0841,user_standardized_l2_cosine,standardized_l2,cosine,0.462779,128,15.0
2023,2608,-1,True,noise,1911,user_run_0841,user_standardized_l2_cosine,standardized_l2,cosine,0.462779,128,15.0
2024,2609,-1,True,noise,1911,user_run_0841,user_standardized_l2_cosine,standardized_l2,cosine,0.462779,128,15.0
2025,2610,0,False,cluster_0,1279,user_run_0841,user_standardized_l2_cosine,standardized_l2,cosine,0.462779,128,15.0
2026,2611,0,False,cluster_0,1279,user_run_0841,user_standardized_l2_cosine,standardized_l2,cosine,0.462779,128,15.0
2027,2612,-1,True,noise,1911,user_run_0841,user_standardized_l2_cosine,standardized_l2,cosine,0.462779,128,15.0
2028,2615,-1,True,noise,1911,user_run_0841,user_standardized_l2_cosine,standardized_l2,cosine,0.462779,128,15.0
2029,2616,-1,True,noise,1911,user_run_0841,user_standardized_l2_cosine,standardized_l2,cosine,0.462779,128,15.0
2030,2617,0,False,cluster_0,1279,user_run_0841,user_standardized_l2_cosine,standardized_l2,cosine,0.462779,128,15.0
2031,2619,-1,True,noise,1911,user_run_0841,user_standardized_l2_cosine,standardized_l2,cosine,0.462779,128,15.0
2032,2620,0,False,cluster_0,1279,user_run_0841,user_standardized_l2_cosine,standardized_l2,cosine,0.462779,128,15.0
2033,2621,0,False,cluster_0,1279,user_run_0841,user_standardized_l2_cosine,standardized_l2,cosine,0.462779,128,15.0
2034,2623,0,False,cluster_0,1279,user_run_0841,user_standardized_l2_cosine,standardized_l2,cosine,0.462779,128,15.0
2035,2624,-1,True,noise,1911,user_run_0841,user_standardized_l2_cosine,standardized_l2,cosine,0.462779,128,15.0
2036,2625,0,False,cluster_0,1279,user_run_0841,user_standardized_l2_cosine,standardized_l2,cosine,0.462779,128,15.0
2037,2627,1,False,cluster_1,1532,user_run_0841,user_standardized_l2_cosine,standardized_l2,cosine,0.462779,128,15.0
2038,2628,1,False,cluster_1,1532,user_run_0841,user_standardized_l2_cosine,standardized_l2,cosine,0.462779,128,15.0
2039,2629,0,False,cluster_0,1279,user_run_0841,user_standardized_l2_cosine,standardized_l2,cosine,0.462779,128,15.0
2040,2630,1,False,cluster_1,1532,user_run_0841,user_standardized_l2_cosine,standardized_l2,cosine,0.462779,128,15.0
2041,2631,0,False,cluster_0,1279,user_run_0841,user_standardized_l2_cosine,standardized_l2,cosine,0.462779,128,15.0
2042,2632,0,False,cluster_0,1279,user_run_0841,user_standardized_l2_cosine,standardized_l2,cosine,0.462779,128,15.0
2043,2634,1,False,cluster_1,1532,user_run_0841,user_standardized_l2_cosine,standardized_l2,cosine,0.462779,128,15.0
2044,2635,0,False,cluster_0,1279,user_run_0841,user_standardized_l2_cosine,standardized_l2,cosine,0.462779,128,15.0
2045,2636,1,False,cluster_1,1532,user_run_0841,user_standardized_l2_cosine,standardized_l2,cosine,0.462779,128,15.0
2046,2637,1,False,cluster_1,1532,user_run_0841,user_standardized_l2_cosine,standardized_l2,cosine,0.462779,128,15.0
2047,2638,1,False,cluster_1,1532,user_run_0841,user_standardized_l2_cosine,standardized_l2,cosine,0.462779,128,15.0
2048,2641,-1,True,noise,1911,user_run_0841,user_standardized_l2_cosine,standardized_l2,cosine,0.462779,128,15.0
2049,2642,0,False,cluster_0,1279,user_run_0841,user_standardized_l2_cosine,standardized_l2,cosine,0.462779,128,15.0
2050,2643,-1,True,noise,1911,user_run_0841,user_standardized_l2_cosine,standardized_l2,cosine,0.462779,128,15.0
2051,2645,-1,True,noise,1911,user_run_0841,user_standardized_l2_cosine,standardized_l2,cosine,0.462779,128,15.0
2052,2648,-1,True,noise,1911,user_run_0841,user_standardized_l2_cosine,standardized_l2,cosine,0.462779,128,15.0
2053,2649,-1,True,noise,1911,user_run_0841,user_standardized_l2_cosine,standardized_l2,cosine,0.462779,128,15.0
2054,2650,-1,True,noise,1911,user_run_0841,user_standardized_l2_cosine,standardized_l2,cosine,0.462779,128,15.0
2055,2651,-1,True,noise,1911,user_run_0841,user_standardized_l2_cosine,standardized_l2,cosine,0.462779,128,15.0
2056,2652,-1,True,noise,1911,user_run_0841,user_standardized_l2_cosine,standardized_l2,cosine,0.462779,128,15.0
2057,2654,-1,True,noise,1911,user_run_0841,user_standardized_l2_cosine,standardized_l2,cosine,0.462779,128,15.0
2058,2655,1,False,cluster_1,1532,user_run_0841,user_standardized_l2_cosine,standardized_l2,cosine,0.462779,128,15.0
2059,2656,-1,True,noise,1911,user_run_0841,user_standardized_l2_cosine,standardized_l2,cosine,0.462779,128,15.0
2060,2659,-1,True,noise,1911,user_run_0841,user_standardized_l2_cosine,standardized_l2,cosine,0.462779,128,15.0
2061,2660,0,False,cluster_0,1279,user_run_0841,user_standardized_l2_cosine,standardized_l2,cosine,0.462779,128,15.0
2062,2661,1,False,cluster_1,1532,user_run_0841,user_standardized_l2_cosine,standardized_l2,cosine,0.462779,128,15.0
2063,2662,0,False,cluster_0,1279,user_run_0841,user_standardized_l2_cosine,standardized_l2,cosine,0.462779,128,15.0
2064,2663,-1,True,noise,1911,user_run_0841,user_standardized_l2_cosine,standardized_l2,cosine,0.462779,128,15.0
2065,2664,0,False,cluster_0,1279,user_run_0841,user_standardized_l2_cosine,standardized_l2,cosine,0.462779,128,15.0
2066,2665,0,False,cluster_0,1279,user_run_0841,user_standardized_l2_cosine,standardized_l2,cosine,0.462779,128,15.0
2067,2666,1,False,cluster_1,1532,user_run_0841,user_standardized_l2_cosine,standardized_l2,cosine,0.462779,128,15.0
2068,2668,1,False,cluster_1,1532,user_run_0841,user_standardized_l2_cosine,standardized_l2,cosine,0.462779,128,15.0
2069,2669,1,False,cluster_1,1532,user_run_0841,user_standardized_l2_cosine,standardized_l2,cosine,0.462779,128,15.0
2070,2670,1,False,cluster_1,1532,user_run_0841,user_standardized_l2_cosine,standardized_l2,cosine,0.462779,128,15.0
2071,2672,-1,True,noise,1911,user_run_0841,user_standardized_l2_cosine,standardized_l2,cosine,0.462779,128,15.0
2072,2674,0,False,cluster_0,1279,user_run_0841,user_standardized_l2_cosine,standardized_l2,cosine,0.462779,128,15.0
2073,2675,1,False,cluster_1,1532,user_run_0841,user_standardized_l2_cosine,standardized_l2,cosine,0.462779,128,15.0
2074,2676,-1,True,noise,1911,user_run_0841,user_standardized_l2_cosine,standardized_l2,cosine,0.462779,128,15.0
2075,2678,0,False,cluster_0,1279,user_run_0841,user_standardized_l2_cosine,standardized_l2,cosine,0.462779,128,15.0
2076,2679,-1,True,noise,1911,user_run_0841,user_standardized_l2_cosine,standardized_l2,cosine,0.462779,128,15.0
2077,2680,-1,True,noise,1911,user_run_0841,user_standardized_l2_cosine,standardized_l2,cosine,0.462779,128,15.0
2078,2681,-1,True,noise,1911,user_run_0841,user_standardized_l2_cosine,standardized_l2,cosine,0.462779,128,15.0
2079,2682,1,False,cluster_1,1532,user_run_0841,user_standardized_l2_cosine,standardized_l2,cosine,0.462779,128,15.0
2080,2683,-1,True,noise,1911,user_run_0841,user_standardized_l2_cosine,standardized_l2,cosine,0.462779,128,15.0
2081,2684,1,False,cluster_1,1532,user_run_0841,user_standardized_l2_cosine,standardized_l2,cosine,0.462779,128,15.0
2082,2685,0,False,cluster_0,1279,user_run_0841,user_standardized_l2_cosine,standardized_l2,cosine,0.462779,128,15.0
2083,2688,-1,True,noise,1911,user_run_0841,user_standardized_l2_cosine,standardized_l2,cosine,0.462779,128,15.0
2084,2689,1,False,cluster_1,1532,user_run_0841,user_standardized_l2_cosine,standardized_l2,cosine,0.462779,128,15.0
2085,2691,1,False,cluster_1,1532,user_run_0841,user_standardized_l2_cosine,standardized_l2,cosine,0.462779,128,15.0
2086,2692,-1,True,noise,1911,user_run_0841,user_standardized_l2_cosine,standardized_l2,cosine,0.462779,128,15.0
2087,2693,-1,True,noise,1911,user_run_0841,user_standardized_l2_cosine,standardized_l2,cosine,0.462779,128,15.0
2088,2694,1,False,cluster_1,1532,user_run_0841,user_standardized_l2_cosine,standardized_l2,cosine,0.462779,128,15.0
2089,2695,-1,True,noise,1911,user_run_0841,user_standardized_l2_cosine,standardized_l2,cosine,0.462779,128,15.0
2090,2698,0,False,cluster_0,1279,user_run_0841,user_standardized_l2_cosine,standardized_l2,cosine,0.462779,128,15.0
2091,2699,0,False,cluster_0,1279,user_run_0841,user_standardized_l2_cosine,standardized_l2,cosine,0.462779,128,15.0
2092,2700,-1,True,noise,1911,user_run_0841,user_standardized_l2_cosine,standardized_l2,cosine,0.462779,128,15.0
2093,2701,-1,True,noise,1911,user_run_0841,user_standardized_l2_cosine,standardized_l2,cosine,0.462779,128,15.0
2094,2702,1,False,cluster_1,1532,user_run_0841,user_standardized_l2_cosine,standardized_l2,cosine,0.462779,128,15.0
2095,2703,-1,True,noise,1911,user_run_0841,user_standardized_l2_cosine,standardized_l2,cosine,0.462779,128,15.0
2096,2704,1,False,cluster_1,1532,user_run_0841,user_standardized_l2_cosine,standardized_l2,cosine,0.462779,128,15.0
2097,2712,0,False,cluster_0,1279,user_run_0841,user_standardized_l2_cosine,standardized_l2,cosine,0.462779,128,15.0
2098,2715,0,False,cluster_0,1279,user_run_0841,user_standardized_l2_cosine,standardized_l2,cosine,0.462779,128,15.0
2099,2718,-1,True,noise,1911,user_run_0841,user_standardized_l2_cosine,standardized_l2,cosine,0.462779,128,15.0
2100,2719,1,False,cluster_1,1532,user_run_0841,user_standardized_l2_cosine,standardized_l2,cosine,0.462779,128,15.0
2101,2723,-1,True,noise,1911,user_run_0841,user_standardized_l2_cosine,standardized_l2,cosine,0.462779,128,15.0
2102,2724,-1,True,noise,1911,user_run_0841,user_standardized_l2_cosine,standardized_l2,cosine,0.462779,128,15.0
2103,2726,1,False,cluster_1,1532,user_run_0841,user_standardized_l2_cosine,standardized_l2,cosine,0.462779,128,15.0
2104,2727,-1,True,noise,1911,user_run_0841,user_standardized_l2_cosine,standardized_l2,cosine,0.462779,128,15.0
2105,2728,0,False,cluster_0,1279,user_run_0841,user_standardized_l2_cosine,standardized_l2,cosine,0.462779,128,15.0
2106,2730,0,False,cluster_0,1279,user_run_0841,user_standardized_l2_cosine,standardized_l2,cosine,0.462779,128,15.0
2107,2731,1,False,cluster_1,1532,user_run_0841,user_standardized_l2_cosine,standardized_l2,cosine,0.462779,128,15.0
2108,2732,0,False,cluster_0,1279,user_run_0841,user_standardized_l2_cosine,standardized_l2,cosine,0.462779,128,15.0
2109,2733,-1,True,noise,1911,user_run_0841,user_standardized_l2_cosine,standardized_l2,cosine,0.462779,128,15.0
2110,2734,0,False,cluster_0,1279,user_run_0841,user_standardized_l2_cosine,standardized_l2,cosine,0.462779,128,15.0
2111,2736,-1,True,noise,1911,user_run_0841,user_standardized_l2_cosine,standardized_l2,cosine,0.462779,128,15.0
2112,2737,-1,True,noise,1911,user_run_0841,user_standardized_l2_cosine,standardized_l2,cosine,0.462779,128,15.0
2113,2738,-1,True,noise,1911,user_run_0841,user_standardized_l2_cosine,standardized_l2,cosine,0.462779,128,15.0
2114,2740,1,False,cluster_1,1532,user_run_0841,user_standardized_l2_cosine,standardized_l2,cosine,0.462779,128,15.0
2115,2742,-1,True,noise,1911,user_run_0841,user_standardized_l2_cosine,standardized_l2,cosine,0.462779,128,15.0
2116,2743,0,False,cluster_0,1279,user_run_0841,user_standardized_l2_cosine,standardized_l2,cosine,0.462779,128,15.0
2117,2744,0,False,cluster_0,1279,user_run_0841,user_standardized_l2_cosine,standardized_l2,cosine,0.462779,128,15.0
2118,2745,-1,True,noise,1911,user_run_0841,user_standardized_l2_cosine,standardized_l2,cosine,0.462779,128,15.0
2119,2746,0,False,cluster_0,1279,user_run_0841,user_standardized_l2_cosine,standardized_l2,cosine,0.462779,128,15.0
2120,2747,-1,True,noise,1911,user_run_0841,user_standardized_l2_cosine,standardized_l2,cosine,0.462779,128,15.0
2121,2748,-1,True,noise,1911,user_run_0841,user_standardized_l2_cosine,standardized_l2,cosine,0.462779,128,15.0
2122,2749,-1,True,noise,1911,user_run_0841,user_standardized_l2_cosine,standardized_l2,cosine,0.462779,128,15.0
2123,2750,1,False,cluster_1,1532,user_run_0841,user_standardized_l2_cosine,standardized_l2,cosine,0.462779,128,15.0
2124,2751,0,False,cluster_0,1279,user_run_0841,user_standardized_l2_cosine,standardized_l2,cosine,0.462779,128,15.0
2125,2752,1,False,cluster_1,1532,user_run_0841,user_standardized_l2_cosine,standardized_l2,cosine,0.462779,128,15.0
2126,2753,1,False,cluster_1,1532,user_run_0841,user_standardized_l2_cosine,standardized_l2,cosine,0.462779,128,15.0
2127,2754,0,False,cluster_0,1279,user_run_0841,user_standardized_l2_cosine,standardized_l2,cosine,0.462779,128,15.0
2128,2756,1,False,cluster_1,1532,user_run_0841,user_standardized_l2_cosine,standardized_l2,cosine,0.462779,128,15.0
2129,2757,1,False,cluster_1,1532,user_run_0841,user_standardized_l2_cosine,standardized_l2,cosine,0.462779,128,15.0
2130,2760,-1,True,noise,1911,user_run_0841,user_standardized_l2_cosine,standardized_l2,cosine,0.462779,128,15.0
2131,2761,1,False,cluster_1,1532,user_run_0841,user_standardized_l2_cosine,standardized_l2,cosine,0.462779,128,15.0
2132,2762,-1,True,noise,1911,user_run_0841,user_standardized_l2_cosine,standardized_l2,cosine,0.462779,128,15.0
2133,2764,1,False,cluster_1,1532,user_run_0841,user_standardized_l2_cosine,standardized_l2,cosine,0.462779,128,15.0
2134,2765,1,False,cluster_1,1532,user_run_0841,user_standardized_l2_cosine,standardized_l2,cosine,0.462779,128,15.0
2135,2766,0,False,cluster_0,1279,user_run_0841,user_standardized_l2_cosine,standardized_l2,cosine,0.462779,128,15.0
2136,2768,1,False,cluster_1,1532,user_run_0841,user_standardized_l2_cosine,standardized_l2,cosine,0.462779,128,15.0
2137,2769,-1,True,noise,1911,user_run_0841,user_standardized_l2_cosine,standardized_l2,cosine,0.462779,128,15.0
2138,2770,0,False,cluster_0,1279,user_run_0841,user_standardized_l2_cosine,standardized_l2,cosine,0.462779,128,15.0
2139,2771,-1,True,noise,1911,user_run_0841,user_standardized_l2_cosine,standardized_l2,cosine,0.462779,128,15.0
2140,2772,-1,True,noise,1911,user_run_0841,user_standardized_l2_cosine,standardized_l2,cosine,0.462779,128,15.0
2141,2773,1,False,cluster_1,1532,user_run_0841,user_standardized_l2_cosine,standardized_l2,cosine,0.462779,128,15.0
2142,2774,-1,True,noise,1911,user_run_0841,user_standardized_l2_cosine,standardized_l2,cosine,0.462779,128,15.0
2143,2776,1,False,cluster_1,1532,user_run_0841,user_standardized_l2_cosine,standardized_l2,cosine,0.462779,128,15.0
2144,2777,0,False,cluster_0,1279,user_run_0841,user_standardized_l2_cosine,standardized_l2,cosine,0.462779,128,15.0
2145,2778,-1,True,noise,1911,user_run_0841,user_standardized_l2_cosine,standardized_l2,cosine,0.462779,128,15.0
2146,2779,1,False,cluster_1,1532,user_run_0841,user_standardized_l2_cosine,standardized_l2,cosine,0.462779,128,15.0
2147,2780,-1,True,noise,1911,user_run_0841,user_standardized_l2_cosine,standardized_l2,cosine,0.462779,128,15.0
2148,2781,-1,True,noise,1911,user_run_0841,user_standardized_l2_cosine,standardized_l2,cosine,0.462779,128,15.0
2149,2782,-1,True,noise,1911,user_run_0841,user_standardized_l2_cosine,standardized_l2,cosine,0.462779,128,15.0
2150,2783,-1,True,noise,1911,user_run_0841,user_standardized_l2_cosine,standardized_l2,cosine,0.462779,128,15.0
2151,2784,-1,True,noise,1911,user_run_0841,user_standardized_l2_cosine,standardized_l2,cosine,0.462779,128,15.0
2152,2785,-1,True,noise,1911,user_run_0841,user_standardized_l2_cosine,standardized_l2,cosine,0.462779,128,15.0
2153,2786,1,False,cluster_1,1532,user_run_0841,user_standardized_l2_cosine,standardized_l2,cosine,0.462779,128,15.0
2154,2787,1,False,cluster_1,1532,user_run_0841,user_standardized_l2_cosine,standardized_l2,cosine,0.462779,128,15.0
2155,2788,1,False,cluster_1,1532,user_run_0841,user_standardized_l2_cosine,standardized_l2,cosine,0.462779,128,15.0
2156,2789,1,False,cluster_1,1532,user_run_0841,user_standardized_l2_cosine,standardized_l2,cosine,0.462779,128,15.0
2157,2790,1,False,cluster_1,1532,user_run_0841,user_standardized_l2_cosine,standardized_l2,cosine,0.462779,128,15.0
2158,2791,0,False,cluster_0,1279,user_run_0841,user_standardized_l2_cosine,standardized_l2,cosine,0.462779,128,15.0
2159,2792,0,False,cluster_0,1279,user_run_0841,user_standardized_l2_cosine,standardized_l2,cosine,0.462779,128,15.0
2160,2793,-1,True,noise,1911,user_run_0841,user_standardized_l2_cosine,standardized_l2,cosine,0.462779,128,15.0
2161,2794,-1,True,noise,1911,user_run_0841,user_standardized_l2_cosine,standardized_l2,cosine,0.462779,128,15.0
2162,2795,-1,True,noise,1911,user_run_0841,user_standardized_l2_cosine,standardized_l2,cosine,0.462779,128,15.0
2163,2796,-1,True,noise,1911,user_run_0841,user_standardized_l2_cosine,standardized_l2,cosine,0.462779,128,15.0
2164,2797,-1,True,noise,1911,user_run_0841,user_standardized_l2_cosine,standardized_l2,cosine,0.462779,128,15.0
2165,2798,-1,True,noise,1911,user_run_0841,user_standardized_l2_cosine,standardized_l2,cosine,0.462779,128,15.0
2166,2800,0,False,cluster_0,1279,user_run_0841,user_standardized_l2_cosine,standardized_l2,cosine,0.462779,128,15.0
2167,2801,0,False,cluster_0,1279,user_run_0841,user_standardized_l2_cosine,standardized_l2,cosine,0.462779,128,15.0
2168,2802,1,False,cluster_1,1532,user_run_0841,user_standardized_l2_cosine,standardized_l2,cosine,0.462779,128,15.0
2169,2803,1,False,cluster_1,1532,user_run_0841,user_standardized_l2_cosine,standardized_l2,cosine,0.462779,128,15.0
2170,2804,0,False,cluster_0,1279,user_run_0841,user_standardized_l2_cosine,standardized_l2,cosine,0.462779,128,15.0
2171,2805,-1,True,noise,1911,user_run_0841,user_standardized_l2_cosine,standardized_l2,cosine,0.462779,128,15.0
2172,2806,0,False,cluster_0,1279,user_run_0841,user_standardized_l2_cosine,standardized_l2,cosine,0.462779,128,15.0
2173,2807,1,False,cluster_1,1532,user_run_0841,user_standardized_l2_cosine,standardized_l2,cosine,0.462779,128,15.0
2174,2808,-1,True,noise,1911,user_run_0841,user_standardized_l2_cosine,standardized_l2,cosine,0.462779,128,15.0
2175,2809,1,False,cluster_1,1532,user_run_0841,user_standardized_l2_cosine,standardized_l2,cosine,0.462779,128,15.0
2176,2810,0,False,cluster_0,1279,user_run_0841,user_standardized_l2_cosine,standardized_l2,cosine,0.462779,128,15.0
2177,2811,0,False,cluster_0,1279,user_run_0841,user_standardized_l2_cosine,standardized_l2,cosine,0.462779,128,15.0
2178,2812,1,False,cluster_1,1532,user_run_0841,user_standardized_l2_cosine,standardized_l2,cosine,0.462779,128,15.0
2179,2814,0,False,cluster_0,1279,user_run_0841,user_standardized_l2_cosine,standardized_l2,cosine,0.462779,128,15.0
2180,2815,-1,True,noise,1911,user_run_0841,user_standardized_l2_cosine,standardized_l2,cosine,0.462779,128,15.0
2181,2817,1,False,cluster_1,1532,user_run_0841,user_standardized_l2_cosine,standardized_l2,cosine,0.462779,128,15.0
2182,2818,1,False,cluster_1,1532,user_run_0841,user_standardized_l2_cosine,standardized_l2,cosine,0.462779,128,15.0
2183,2820,1,False,cluster_1,1532,user_run_0841,user_standardized_l2_cosine,standardized_l2,cosine,0.462779,128,15.0
2184,2822,0,False,cluster_0,1279,user_run_0841,user_standardized_l2_cosine,standardized_l2,cosine,0.462779,128,15.0
2185,2823,-1,True,noise,1911,user_run_0841,user_standardized_l2_cosine,standardized_l2,cosine,0.462779,128,15.0
2186,2824,-1,True,noise,1911,user_run_0841,user_standardized_l2_cosine,standardized_l2,cosine,0.462779,128,15.0
2187,2825,1,False,cluster_1,1532,user_run_0841,user_standardized_l2_cosine,standardized_l2,cosine,0.462779,128,15.0
2188,2826,-1,True,noise,1911,user_run_0841,user_standardized_l2_cosine,standardized_l2,cosine,0.462779,128,15.0
2189,2828,-1,True,noise,1911,user_run_0841,user_standardized_l2_cosine,standardized_l2,cosine,0.462779,128,15.0
2190,2830,1,False,cluster_1,1532,user_run_0841,user_standardized_l2_cosine,standardized_l2,cosine,0.462779,128,15.0
2191,2832,1,False,cluster_1,1532,user_run_0841,user_standardized_l2_cosine,standardized_l2,cosine,0.462779,128,15.0
2192,2833,1,False,cluster_1,1532,user_run_0841,user_standardized_l2_cosine,standardized_l2,cosine,0.462779,128,15.0
2193,2837,1,False,cluster_1,1532,user_run_0841,user_standardized_l2_cosine,standardized_l2,cosine,0.462779,128,15.0
2194,2840,1,False,cluster_1,1532,user_run_0841,user_standardized_l2_cosine,standardized_l2,cosine,0.462779,128,15.0
2195,2841,-1,True,noise,1911,user_run_0841,user_standardized_l2_cosine,standardized_l2,cosine,0.462779,128,15.0
2196,2842,0,False,cluster_0,1279,user_run_0841,user_standardized_l2_cosine,standardized_l2,cosine,0.462779,128,15.0
2197,2844,-1,True,noise,1911,user_run_0841,user_standardized_l2_cosine,standardized_l2,cosine,0.462779,128,15.0
2198,2845,-1,True,noise,1911,user_run_0841,user_standardized_l2_cosine,standardized_l2,cosine,0.462779,128,15.0
2199,2846,1,False,cluster_1,1532,user_run_0841,user_standardized_l2_cosine,standardized_l2,cosine,0.462779,128,15.0
2200,2847,-1,True,noise,1911,user_run_0841,user_standardized_l2_cosine,standardized_l2,cosine,0.462779,128,15.0
2201,2848,-1,True,noise,1911,user_run_0841,user_standardized_l2_cosine,standardized_l2,cosine,0.462779,128,15.0
2202,2849,1,False,cluster_1,1532,user_run_0841,user_standardized_l2_cosine,standardized_l2,cosine,0.462779,128,15.0
2203,2850,0,False,cluster_0,1279,user_run_0841,user_standardized_l2_cosine,standardized_l2,cosine,0.462779,128,15.0
2204,2852,1,False,cluster_1,1532,user_run_0841,user_standardized_l2_cosine,standardized_l2,cosine,0.462779,128,15.0
2205,2853,0,False,cluster_0,1279,user_run_0841,user_standardized_l2_cosine,standardized_l2,cosine,0.462779,128,15.0
2206,2854,1,False,cluster_1,1532,user_run_0841,user_standardized_l2_cosine,standardized_l2,cosine,0.462779,128,15.0
2207,2855,0,False,cluster_0,1279,user_run_0841,user_standardized_l2_cosine,standardized_l2,cosine,0.462779,128,15.0
2208,2856,0,False,cluster_0,1279,user_run_0841,user_standardized_l2_cosine,standardized_l2,cosine,0.462779,128,15.0
2209,2857,0,False,cluster_0,1279,user_run_0841,user_standardized_l2_cosine,standardized_l2,cosine,0.462779,128,15.0
2210,2858,0,False,cluster_0,1279,user_run_0841,user_standardized_l2_cosine,standardized_l2,cosine,0.462779,128,15.0
2211,2859,1,False,cluster_1,1532,user_run_0841,user_standardized_l2_cosine,standardized_l2,cosine,0.462779,128,15.0
2212,2860,1,False,cluster_1,1532,user_run_0841,user_standardized_l2_cosine,standardized_l2,cosine,0.462779,128,15.0
2213,2861,0,False,cluster_0,1279,user_run_0841,user_standardized_l2_cosine,standardized_l2,cosine,0.462779,128,15.0
2214,2862,-1,True,noise,1911,user_run_0841,user_standardized_l2_cosine,standardized_l2,cosine,0.462779,128,15.0
2215,2863,0,False,cluster_0,1279,user_run_0841,user_standardized_l2_cosine,standardized_l2,cosine,0.462779,128,15.0
2216,2864,1,False,cluster_1,1532,user_run_0841,user_standardized_l2_cosine,standardized_l2,cosine,0.462779,128,15.0
2217,2865,0,False,cluster_0,1279,user_run_0841,user_standardized_l2_cosine,standardized_l2,cosine,0.462779,128,15.0
2218,2866,-1,True,noise,1911,user_run_0841,user_standardized_l2_cosine,standardized_l2,cosine,0.462779,128,15.0
2219,2868,-1,True,noise,1911,user_run_0841,user_standardized_l2_cosine,standardized_l2,cosine,0.462779,128,15.0
2220,2870,-1,True,noise,1911,user_run_0841,user_standardized_l2_cosine,standardized_l2,cosine,0.462779,128,15.0
2221,2872,1,False,cluster_1,1532,user_run_0841,user_standardized_l2_cosine,standardized_l2,cosine,0.462779,128,15.0
2222,2873,0,False,cluster_0,1279,user_run_0841,user_standardized_l2_cosine,standardized_l2,cosine,0.462779,128,15.0
2223,2874,-1,True,noise,1911,user_run_0841,user_standardized_l2_cosine,standardized_l2,cosine,0.462779,128,15.0
2224,2876,-1,True,noise,1911,user_run_0841,user_standardized_l2_cosine,standardized_l2,cosine,0.462779,128,15.0
2225,2877,0,False,cluster_0,1279,user_run_0841,user_standardized_l2_cosine,standardized_l2,cosine,0.462779,128,15.0
2226,2878,-1,True,noise,1911,user_run_0841,user_standardized_l2_cosine,standardized_l2,cosine,0.462779,128,15.0
2227,2880,1,False,cluster_1,1532,user_run_0841,user_standardized_l2_cosine,standardized_l2,cosine,0.462779,128,15.0
2228,2881,-1,True,noise,1911,user_run_0841,user_standardized_l2_cosine,standardized_l2,cosine,0.462779,128,15.0
2229,2882,0,False,cluster_0,1279,user_run_0841,user_standardized_l2_cosine,standardized_l2,cosine,0.462779,128,15.0
2230,2883,1,False,cluster_1,1532,user_run_0841,user_standardized_l2_cosine,standardized_l2,cosine,0.462779,128,15.0
2231,2885,-1,True,noise,1911,user_run_0841,user_standardized_l2_cosine,standardized_l2,cosine,0.462779,128,15.0
2232,2886,0,False,cluster_0,1279,user_run_0841,user_standardized_l2_cosine,standardized_l2,cosine,0.462779,128,15.0
2233,2887,0,False,cluster_0,1279,user_run_0841,user_standardized_l2_cosine,standardized_l2,cosine,0.462779,128,15.0
2234,2888,0,False,cluster_0,1279,user_run_0841,user_standardized_l2_cosine,standardized_l2,cosine,0.462779,128,15.0
2235,2889,-1,True,noise,1911,user_run_0841,user_standardized_l2_cosine,standardized_l2,cosine,0.462779,128,15.0
2236,2890,1,False,cluster_1,1532,user_run_0841,user_standardized_l2_cosine,standardized_l2,cosine,0.462779,128,15.0
2237,2891,1,False,cluster_1,1532,user_run_0841,user_standardized_l2_cosine,standardized_l2,cosine,0.462779,128,15.0
2238,2892,0,False,cluster_0,1279,user_run_0841,user_standardized_l2_cosine,standardized_l2,cosine,0.462779,128,15.0
2239,2894,0,False,cluster_0,1279,user_run_0841,user_standardized_l2_cosine,standardized_l2,cosine,0.462779,128,15.0
2240,2895,1,False,cluster_1,1532,user_run_0841,user_standardized_l2_cosine,standardized_l2,cosine,0.462779,128,15.0
2241,2896,0,False,cluster_0,1279,user_run_0841,user_standardized_l2_cosine,standardized_l2,cosine,0.462779,128,15.0
2242,2897,-1,True,noise,1911,user_run_0841,user_standardized_l2_cosine,standardized_l2,cosine,0.462779,128,15.0
2243,2898,-1,True,noise,1911,user_run_0841,user_standardized_l2_cosine,standardized_l2,cosine,0.462779,128,15.0
2244,2899,-1,True,noise,1911,user_run_0841,user_standardized_l2_cosine,standardized_l2,cosine,0.462779,128,15.0
2245,2900,1,False,cluster_1,1532,user_run_0841,user_standardized_l2_cosine,standardized_l2,cosine,0.462779,128,15.0
2246,2901,-1,True,noise,1911,user_run_0841,user_standardized_l2_cosine,standardized_l2,cosine,0.462779,128,15.0
2247,2903,0,False,cluster_0,1279,user_run_0841,user_standardized_l2_cosine,standardized_l2,cosine,0.462779,128,15.0
2248,2904,1,False,cluster_1,1532,user_run_0841,user_standardized_l2_cosine,standardized_l2,cosine,0.462779,128,15.0
2249,2905,-1,True,noise,1911,user_run_0841,user_standardized_l2_cosine,standardized_l2,cosine,0.462779,128,15.0
2250,2906,0,False,cluster_0,1279,user_run_0841,user_standardized_l2_cosine,standardized_l2,cosine,0.462779,128,15.0
2251,2907,0,False,cluster_0,1279,user_run_0841,user_standardized_l2_cosine,standardized_l2,cosine,0.462779,128,15.0
2252,2909,0,False,cluster_0,1279,user_run_0841,user_standardized_l2_cosine,standardized_l2,cosine,0.462779,128,15.0
2253,2910,-1,True,noise,1911,user_run_0841,user_standardized_l2_cosine,standardized_l2,cosine,0.462779,128,15.0
2254,2911,0,False,cluster_0,1279,user_run_0841,user_standardized_l2_cosine,standardized_l2,cosine,0.462779,128,15.0
2255,2912,0,False,cluster_0,1279,user_run_0841,user_standardized_l2_cosine,standardized_l2,cosine,0.462779,128,15.0
2256,2913,1,False,cluster_1,1532,user_run_0841,user_standardized_l2_cosine,standardized_l2,cosine,0.462779,128,15.0
2257,2914,1,False,cluster_1,1532,user_run_0841,user_standardized_l2_cosine,standardized_l2,cosine,0.462779,128,15.0
2258,2915,1,False,cluster_1,1532,user_run_0841,user_standardized_l2_cosine,standardized_l2,cosine,0.462779,128,15.0
2259,2916,1,False,cluster_1,1532,user_run_0841,user_standardized_l2_cosine,standardized_l2,cosine,0.462779,128,15.0
2260,2917,1,False,cluster_1,1532,user_run_0841,user_standardized_l2_cosine,standardized_l2,cosine,0.462779,128,15.0
2261,2918,1,False,cluster_1,1532,user_run_0841,user_standardized_l2_cosine,standardized_l2,cosine,0.462779,128,15.0
2262,2919,-1,True,noise,1911,user_run_0841,user_standardized_l2_cosine,standardized_l2,cosine,0.462779,128,15.0
2263,2921,-1,True,noise,1911,user_run_0841,user_standardized_l2_cosine,standardized_l2,cosine,0.462779,128,15.0
2264,2924,0,False,cluster_0,1279,user_run_0841,user_standardized_l2_cosine,standardized_l2,cosine,0.462779,128,15.0
2265,2926,1,False,cluster_1,1532,user_run_0841,user_standardized_l2_cosine,standardized_l2,cosine,0.462779,128,15.0
2266,2927,0,False,cluster_0,1279,user_run_0841,user_standardized_l2_cosine,standardized_l2,cosine,0.462779,128,15.0
2267,2928,1,False,cluster_1,1532,user_run_0841,user_standardized_l2_cosine,standardized_l2,cosine,0.462779,128,15.0
2268,2929,1,False,cluster_1,1532,user_run_0841,user_standardized_l2_cosine,standardized_l2,cosine,0.462779,128,15.0
2269,2931,1,False,cluster_1,1532,user_run_0841,user_standardized_l2_cosine,standardized_l2,cosine,0.462779,128,15.0
2270,2933,-1,True,noise,1911,user_run_0841,user_standardized_l2_cosine,standardized_l2,cosine,0.462779,128,15.0
2271,2934,0,False,cluster_0,1279,user_run_0841,user_standardized_l2_cosine,standardized_l2,cosine,0.462779,128,15.0
2272,2935,-1,True,noise,1911,user_run_0841,user_standardized_l2_cosine,standardized_l2,cosine,0.462779,128,15.0
2273,2936,-1,True,noise,1911,user_run_0841,user_standardized_l2_cosine,standardized_l2,cosine,0.462779,128,15.0
2274,2937,0,False,cluster_0,1279,user_run_0841,user_standardized_l2_cosine,standardized_l2,cosine,0.462779,128,15.0
2275,2938,-1,True,noise,1911,user_run_0841,user_standardized_l2_cosine,standardized_l2,cosine,0.462779,128,15.0
2276,2939,0,False,cluster_0,1279,user_run_0841,user_standardized_l2_cosine,standardized_l2,cosine,0.462779,128,15.0
2277,2941,-1,True,noise,1911,user_run_0841,user_standardized_l2_cosine,standardized_l2,cosine,0.462779,128,15.0
2278,2942,1,False,cluster_1,1532,user_run_0841,user_standardized_l2_cosine,standardized_l2,cosine,0.462779,128,15.0
2279,2943,1,False,cluster_1,1532,user_run_0841,user_standardized_l2_cosine,standardized_l2,cosine,0.462779,128,15.0
2280,2944,-1,True,noise,1911,user_run_0841,user_standardized_l2_cosine,standardized_l2,cosine,0.462779,128,15.0
2281,2945,1,False,cluster_1,1532,user_run_0841,user_standardized_l2_cosine,standardized_l2,cosine,0.462779,128,15.0
2282,2946,1,False,cluster_1,1532,user_run_0841,user_standardized_l2_cosine,standardized_l2,cosine,0.462779,128,15.0
2283,2947,-1,True,noise,1911,user_run_0841,user_standardized_l2_cosine,standardized_l2,cosine,0.462779,128,15.0
2284,2948,-1,True,noise,1911,user_run_0841,user_standardized_l2_cosine,standardized_l2,cosine,0.462779,128,15.0
2285,2949,0,False,cluster_0,1279,user_run_0841,user_standardized_l2_cosine,standardized_l2,cosine,0.462779,128,15.0
2286,2950,-1,True,noise,1911,user_run_0841,user_standardized_l2_cosine,standardized_l2,cosine,0.462779,128,15.0
2287,2951,0,False,cluster_0,1279,user_run_0841,user_standardized_l2_cosine,standardized_l2,cosine,0.462779,128,15.0
2288,2952,1,False,cluster_1,1532,user_run_0841,user_standardized_l2_cosine,standardized_l2,cosine,0.462779,128,15.0
2289,2953,-1,True,noise,1911,user_run_0841,user_standardized_l2_cosine,standardized_l2,cosine,0.462779,128,15.0
2290,2955,-1,True,noise,1911,user_run_0841,user_standardized_l2_cosine,standardized_l2,cosine,0.462779,128,15.0
2291,2957,1,False,cluster_1,1532,user_run_0841,user_standardized_l2_cosine,standardized_l2,cosine,0.462779,128,15.0
2292,2958,1,False,cluster_1,1532,user_run_0841,user_standardized_l2_cosine,standardized_l2,cosine,0.462779,128,15.0
2293,2959,0,False,cluster_0,1279,user_run_0841,user_standardized_l2_cosine,standardized_l2,cosine,0.462779,128,15.0
2294,2961,-1,True,noise,1911,user_run_0841,user_standardized_l2_cosine,standardized_l2,cosine,0.462779,128,15.0
2295,2962,-1,True,noise,1911,user_run_0841,user_standardized_l2_cosine,standardized_l2,cosine,0.462779,128,15.0
2296,2964,1,False,cluster_1,1532,user_run_0841,user_standardized_l2_cosine,standardized_l2,cosine,0.462779,128,15.0
2297,2966,-1,True,noise,1911,user_run_0841,user_standardized_l2_cosine,standardized_l2,cosine,0.462779,128,15.0
2298,2967,1,False,cluster_1,1532,user_run_0841,user_standardized_l2_cosine,standardized_l2,cosine,0.462779,128,15.0
2299,2968,-1,True,noise,1911,user_run_0841,user_standardized_l2_cosine,standardized_l2,cosine,0.462779,128,15.0
2300,2969,1,False,cluster_1,1532,user_run_0841,user_standardized_l2_cosine,standardized_l2,cosine,0.462779,128,15.0
2301,2970,0,False,cluster_0,1279,user_run_0841,user_standardized_l2_cosine,standardized_l2,cosine,0.462779,128,15.0
2302,2972,-1,True,noise,1911,user_run_0841,user_standardized_l2_cosine,standardized_l2,cosine,0.462779,128,15.0
2303,2973,-1,True,noise,1911,user_run_0841,user_standardized_l2_cosine,standardized_l2,cosine,0.462779,128,15.0
2304,2974,1,False,cluster_1,1532,user_run_0841,user_standardized_l2_cosine,standardized_l2,cosine,0.462779,128,15.0
2305,2975,1,False,cluster_1,1532,user_run_0841,user_standardized_l2_cosine,standardized_l2,cosine,0.462779,128,15.0
2306,2976,1,False,cluster_1,1532,user_run_0841,user_standardized_l2_cosine,standardized_l2,cosine,0.462779,128,15.0
2307,2978,-1,True,noise,1911,user_run_0841,user_standardized_l2_cosine,standardized_l2,cosine,0.462779,128,15.0
2308,2979,-1,True,noise,1911,user_run_0841,user_standardized_l2_cosine,standardized_l2,cosine,0.462779,128,15.0
2309,2980,-1,True,noise,1911,user_run_0841,user_standardized_l2_cosine,standardized_l2,cosine,0.462779,128,15.0
2310,2983,0,False,cluster_0,1279,user_run_0841,user_standardized_l2_cosine,standardized_l2,cosine,0.462779,128,15.0
2311,2985,0,False,cluster_0,1279,user_run_0841,user_standardized_l2_cosine,standardized_l2,cosine,0.462779,128,15.0
2312,2986,1,False,cluster_1,1532,user_run_0841,user_standardized_l2_cosine,standardized_l2,cosine,0.462779,128,15.0
2313,2987,1,False,cluster_1,1532,user_run_0841,user_standardized_l2_cosine,standardized_l2,cosine,0.462779,128,15.0
2314,2988,1,False,cluster_1,1532,user_run_0841,user_standardized_l2_cosine,standardized_l2,cosine,0.462779,128,15.0
2315,2989,1,False,cluster_1,1532,user_run_0841,user_standardized_l2_cosine,standardized_l2,cosine,0.462779,128,15.0
2316,2990,-1,True,noise,1911,user_run_0841,user_standardized_l2_cosine,standardized_l2,cosine,0.462779,128,15.0
2317,2991,-1,True,noise,1911,user_run_0841,user_standardized_l2_cosine,standardized_l2,cosine,0.462779,128,15.0
2318,2992,0,False,cluster_0,1279,user_run_0841,user_standardized_l2_cosine,standardized_l2,cosine,0.462779,128,15.0
2319,2993,1,False,cluster_1,1532,user_run_0841,user_standardized_l2_cosine,standardized_l2,cosine,0.462779,128,15.0
2320,2994,1,False,cluster_1,1532,user_run_0841,user_standardized_l2_cosine,standardized_l2,cosine,0.462779,128,15.0
2321,2995,1,False,cluster_1,1532,user_run_0841,user_standardized_l2_cosine,standardized_l2,cosine,0.462779,128,15.0
2322,2996,0,False,cluster_0,1279,user_run_0841,user_standardized_l2_cosine,standardized_l2,cosine,0.462779,128,15.0
2323,2997,-1,True,noise,1911,user_run_0841,user_standardized_l2_cosine,standardized_l2,cosine,0.462779,128,15.0
2324,2998,1,False,cluster_1,1532,user_run_0841,user_standardized_l2_cosine,standardized_l2,cosine,0.462779,128,15.0
2325,2999,1,False,cluster_1,1532,user_run_0841,user_standardized_l2_cosine,standardized_l2,cosine,0.462779,128,15.0
2326,3000,-1,True,noise,1911,user_run_0841,user_standardized_l2_cosine,standardized_l2,cosine,0.462779,128,15.0
2327,3001,0,False,cluster_0,1279,user_run_0841,user_standardized_l2_cosine,standardized_l2,cosine,0.462779,128,15.0
2328,3002,1,False,cluster_1,1532,user_run_0841,user_standardized_l2_cosine,standardized_l2,cosine,0.462779,128,15.0
2329,3003,-1,True,noise,1911,user_run_0841,user_standardized_l2_cosine,standardized_l2,cosine,0.462779,128,15.0
2330,3004,-1,True,noise,1911,user_run_0841,user_standardized_l2_cosine,standardized_l2,cosine,0.462779,128,15.0
2331,3005,-1,True,noise,1911,user_run_0841,user_standardized_l2_cosine,standardized_l2,cosine,0.462779,128,15.0
2332,3006,-1,True,noise,1911,user_run_0841,user_standardized_l2_cosine,standardized_l2,cosine,0.462779,128,15.0
2333,3007,-1,True,noise,1911,user_run_0841,user_standardized_l2_cosine,standardized_l2,cosine,0.462779,128,15.0
2334,3010,1,False,cluster_1,1532,user_run_0841,user_standardized_l2_cosine,standardized_l2,cosine,0.462779,128,15.0
2335,3011,-1,True,noise,1911,user_run_0841,user_standardized_l2_cosine,standardized_l2,cosine,0.462779,128,15.0
2336,3012,0,False,cluster_0,1279,user_run_0841,user_standardized_l2_cosine,standardized_l2,cosine,0.462779,128,15.0
2337,3013,1,False,cluster_1,1532,user_run_0841,user_standardized_l2_cosine,standardized_l2,cosine,0.462779,128,15.0
2338,3014,-1,True,noise,1911,user_run_0841,user_standardized_l2_cosine,standardized_l2,cosine,0.462779,128,15.0
2339,3016,1,False,cluster_1,1532,user_run_0841,user_standardized_l2_cosine,standardized_l2,cosine,0.462779,128,15.0
2340,3017,-1,True,noise,1911,user_run_0841,user_standardized_l2_cosine,standardized_l2,cosine,0.462779,128,15.0
2341,3018,1,False,cluster_1,1532,user_run_0841,user_standardized_l2_cosine,standardized_l2,cosine,0.462779,128,15.0
2342,3020,-1,True,noise,1911,user_run_0841,user_standardized_l2_cosine,standardized_l2,cosine,0.462779,128,15.0
2343,3022,-1,True,noise,1911,user_run_0841,user_standardized_l2_cosine,standardized_l2,cosine,0.462779,128,15.0
2344,3023,1,False,cluster_1,1532,user_run_0841,user_standardized_l2_cosine,standardized_l2,cosine,0.462779,128,15.0
2345,3024,0,False,cluster_0,1279,user_run_0841,user_standardized_l2_cosine,standardized_l2,cosine,0.462779,128,15.0
2346,3025,-1,True,noise,1911,user_run_0841,user_standardized_l2_cosine,standardized_l2,cosine,0.462779,128,15.0
2347,3026,1,False,cluster_1,1532,user_run_0841,user_standardized_l2_cosine,standardized_l2,cosine,0.462779,128,15.0
2348,3028,1,False,cluster_1,1532,user_run_0841,user_standardized_l2_cosine,standardized_l2,cosine,0.462779,128,15.0
2349,3029,1,False,cluster_1,1532,user_run_0841,user_standardized_l2_cosine,standardized_l2,cosine,0.462779,128,15.0
2350,3031,-1,True,noise,1911,user_run_0841,user_standardized_l2_cosine,standardized_l2,cosine,0.462779,128,15.0
2351,3032,0,False,cluster_0,1279,user_run_0841,user_standardized_l2_cosine,standardized_l2,cosine,0.462779,128,15.0
2352,3033,-1,True,noise,1911,user_run_0841,user_standardized_l2_cosine,standardized_l2,cosine,0.462779,128,15.0
2353,3035,1,False,cluster_1,1532,user_run_0841,user_standardized_l2_cosine,standardized_l2,cosine,0.462779,128,15.0
2354,3036,-1,True,noise,1911,user_run_0841,user_standardized_l2_cosine,standardized_l2,cosine,0.462779,128,15.0
2355,3037,-1,True,noise,1911,user_run_0841,user_standardized_l2_cosine,standardized_l2,cosine,0.462779,128,15.0
2356,3038,-1,True,noise,1911,user_run_0841,user_standardized_l2_cosine,standardized_l2,cosine,0.462779,128,15.0
2357,3039,-1,True,noise,1911,user_run_0841,user_standardized_l2_cosine,standardized_l2,cosine,0.462779,128,15.0
2358,3041,-1,True,noise,1911,user_run_0841,user_standardized_l2_cosine,standardized_l2,cosine,0.462779,128,15.0
2359,3042,-1,True,noise,1911,user_run_0841,user_standardized_l2_cosine,standardized_l2,cosine,0.462779,128,15.0
2360,3044,0,False,cluster_0,1279,user_run_0841,user_standardized_l2_cosine,standardized_l2,cosine,0.462779,128,15.0
2361,3045,-1,True,noise,1911,user_run_0841,user_standardized_l2_cosine,standardized_l2,cosine,0.462779,128,15.0
2362,3046,-1,True,noise,1911,user_run_0841,user_standardized_l2_cosine,standardized_l2,cosine,0.462779,128,15.0
2363,3047,1,False,cluster_1,1532,user_run_0841,user_standardized_l2_cosine,standardized_l2,cosine,0.462779,128,15.0
2364,3048,0,False,cluster_0,1279,user_run_0841,user_standardized_l2_cosine,standardized_l2,cosine,0.462779,128,15.0
2365,3049,0,False,cluster_0,1279,user_run_0841,user_standardized_l2_cosine,standardized_l2,cosine,0.462779,128,15.0
2366,3050,0,False,cluster_0,1279,user_run_0841,user_standardized_l2_cosine,standardized_l2,cosine,0.462779,128,15.0
2367,3051,-1,True,noise,1911,user_run_0841,user_standardized_l2_cosine,standardized_l2,cosine,0.462779,128,15.0
2368,3052,0,False,cluster_0,1279,user_run_0841,user_standardized_l2_cosine,standardized_l2,cosine,0.462779,128,15.0
2369,3053,1,False,cluster_1,1532,user_run_0841,user_standardized_l2_cosine,standardized_l2,cosine,0.462779,128,15.0
2370,3054,1,False,cluster_1,1532,user_run_0841,user_standardized_l2_cosine,standardized_l2,cosine,0.462779,128,15.0
2371,3055,-1,True,noise,1911,user_run_0841,user_standardized_l2_cosine,standardized_l2,cosine,0.462779,128,15.0
2372,3056,0,False,cluster_0,1279,user_run_0841,user_standardized_l2_cosine,standardized_l2,cosine,0.462779,128,15.0
2373,3057,-1,True,noise,1911,user_run_0841,user_standardized_l2_cosine,standardized_l2,cosine,0.462779,128,15.0
2374,3058,0,False,cluster_0,1279,user_run_0841,user_standardized_l2_cosine,standardized_l2,cosine,0.462779,128,15.0
2375,3059,-1,True,noise,1911,user_run_0841,user_standardized_l2_cosine,standardized_l2,cosine,0.462779,128,15.0
2376,3062,1,False,cluster_1,1532,user_run_0841,user_standardized_l2_cosine,standardized_l2,cosine,0.462779,128,15.0
2377,3063,0,False,cluster_0,1279,user_run_0841,user_standardized_l2_cosine,standardized_l2,cosine,0.462779,128,15.0
2378,3064,0,False,cluster_0,1279,user_run_0841,user_standardized_l2_cosine,standardized_l2,cosine,0.462779,128,15.0
2379,3065,-1,True,noise,1911,user_run_0841,user_standardized_l2_cosine,standardized_l2,cosine,0.462779,128,15.0
2380,3066,0,False,cluster_0,1279,user_run_0841,user_standardized_l2_cosine,standardized_l2,cosine,0.462779,128,15.0
2381,3067,1,False,cluster_1,1532,user_run_0841,user_standardized_l2_cosine,standardized_l2,cosine,0.462779,128,15.0
2382,3069,0,False,cluster_0,1279,user_run_0841,user_standardized_l2_cosine,standardized_l2,cosine,0.462779,128,15.0
2383,3072,1,False,cluster_1,1532,user_run_0841,user_standardized_l2_cosine,standardized_l2,cosine,0.462779,128,15.0
2384,3073,-1,True,noise,1911,user_run_0841,user_standardized_l2_cosine,standardized_l2,cosine,0.462779,128,15.0
2385,3074,1,False,cluster_1,1532,user_run_0841,user_standardized_l2_cosine,standardized_l2,cosine,0.462779,128,15.0
2386,3075,1,False,cluster_1,1532,user_run_0841,user_standardized_l2_cosine,standardized_l2,cosine,0.462779,128,15.0
2387,3077,-1,True,noise,1911,user_run_0841,user_standardized_l2_cosine,standardized_l2,cosine,0.462779,128,15.0
2388,3079,1,False,cluster_1,1532,user_run_0841,user_standardized_l2_cosine,standardized_l2,cosine,0.462779,128,15.0
2389,3080,1,False,cluster_1,1532,user_run_0841,user_standardized_l2_cosine,standardized_l2,cosine,0.462779,128,15.0
2390,3081,1,False,cluster_1,1532,user_run_0841,user_standardized_l2_cosine,standardized_l2,cosine,0.462779,128,15.0
2391,3082,1,False,cluster_1,1532,user_run_0841,user_standardized_l2_cosine,standardized_l2,cosine,0.462779,128,15.0
2392,3083,-1,True,noise,1911,user_run_0841,user_standardized_l2_cosine,standardized_l2,cosine,0.462779,128,15.0
2393,3084,0,False,cluster_0,1279,user_run_0841,user_standardized_l2_cosine,standardized_l2,cosine,0.462779,128,15.0
2394,3085,0,False,cluster_0,1279,user_run_0841,user_standardized_l2_cosine,standardized_l2,cosine,0.462779,128,15.0
2395,3086,-1,True,noise,1911,user_run_0841,user_standardized_l2_cosine,standardized_l2,cosine,0.462779,128,15.0
2396,3087,0,False,cluster_0,1279,user_run_0841,user_standardized_l2_cosine,standardized_l2,cosine,0.462779,128,15.0
2397,3088,0,False,cluster_0,1279,user_run_0841,user_standardized_l2_cosine,standardized_l2,cosine,0.462779,128,15.0
2398,3089,0,False,cluster_0,1279,user_run_0841,user_standardized_l2_cosine,standardized_l2,cosine,0.462779,128,15.0
2399,3090,-1,True,noise,1911,user_run_0841,user_standardized_l2_cosine,standardized_l2,cosine,0.462779,128,15.0
2400,3091,0,False,cluster_0,1279,user_run_0841,user_standardized_l2_cosine,standardized_l2,cosine,0.462779,128,15.0
2401,3092,-1,True,noise,1911,user_run_0841,user_standardized_l2_cosine,standardized_l2,cosine,0.462779,128,15.0
2402,3093,-1,True,noise,1911,user_run_0841,user_standardized_l2_cosine,standardized_l2,cosine,0.462779,128,15.0
2403,3094,-1,True,noise,1911,user_run_0841,user_standardized_l2_cosine,standardized_l2,cosine,0.462779,128,15.0
2404,3095,-1,True,noise,1911,user_run_0841,user_standardized_l2_cosine,standardized_l2,cosine,0.462779,128,15.0
2405,3096,0,False,cluster_0,1279,user_run_0841,user_standardized_l2_cosine,standardized_l2,cosine,0.462779,128,15.0
2406,3097,1,False,cluster_1,1532,user_run_0841,user_standardized_l2_cosine,standardized_l2,cosine,0.462779,128,15.0
2407,3098,0,False,cluster_0,1279,user_run_0841,user_standardized_l2_cosine,standardized_l2,cosine,0.462779,128,15.0
2408,3099,0,False,cluster_0,1279,user_run_0841,user_standardized_l2_cosine,standardized_l2,cosine,0.462779,128,15.0
2409,3100,-1,True,noise,1911,user_run_0841,user_standardized_l2_cosine,standardized_l2,cosine,0.462779,128,15.0
2410,3101,-1,True,noise,1911,user_run_0841,user_standardized_l2_cosine,standardized_l2,cosine,0.462779,128,15.0
2411,3105,0,False,cluster_0,1279,user_run_0841,user_standardized_l2_cosine,standardized_l2,cosine,0.462779,128,15.0
2412,3106,1,False,cluster_1,1532,user_run_0841,user_standardized_l2_cosine,standardized_l2,cosine,0.462779,128,15.0
2413,3107,1,False,cluster_1,1532,user_run_0841,user_standardized_l2_cosine,standardized_l2,cosine,0.462779,128,15.0
2414,3108,1,False,cluster_1,1532,user_run_0841,user_standardized_l2_cosine,standardized_l2,cosine,0.462779,128,15.0
2415,3109,-1,True,noise,1911,user_run_0841,user_standardized_l2_cosine,standardized_l2,cosine,0.462779,128,15.0
2416,3110,1,False,cluster_1,1532,user_run_0841,user_standardized_l2_cosine,standardized_l2,cosine,0.462779,128,15.0
2417,3111,0,False,cluster_0,1279,user_run_0841,user_standardized_l2_cosine,standardized_l2,cosine,0.462779,128,15.0
2418,3112,-1,True,noise,1911,user_run_0841,user_standardized_l2_cosine,standardized_l2,cosine,0.462779,128,15.0
2419,3113,0,False,cluster_0,1279,user_run_0841,user_standardized_l2_cosine,standardized_l2,cosine,0.462779,128,15.0
2420,3114,-1,True,noise,1911,user_run_0841,user_standardized_l2_cosine,standardized_l2,cosine,0.462779,128,15.0
2421,3116,1,False,cluster_1,1532,user_run_0841,user_standardized_l2_cosine,standardized_l2,cosine,0.462779,128,15.0
2422,3118,1,False,cluster_1,1532,user_run_0841,user_standardized_l2_cosine,standardized_l2,cosine,0.462779,128,15.0
2423,3119,0,False,cluster_0,1279,user_run_0841,user_standardized_l2_cosine,standardized_l2,cosine,0.462779,128,15.0
2424,3121,-1,True,noise,1911,user_run_0841,user_standardized_l2_cosine,standardized_l2,cosine,0.462779,128,15.0
2425,3123,-1,True,noise,1911,user_run_0841,user_standardized_l2_cosine,standardized_l2,cosine,0.462779,128,15.0
2426,3125,0,False,cluster_0,1279,user_run_0841,user_standardized_l2_cosine,standardized_l2,cosine,0.462779,128,15.0
2427,3126,1,False,cluster_1,1532,user_run_0841,user_standardized_l2_cosine,standardized_l2,cosine,0.462779,128,15.0
2428,3127,1,False,cluster_1,1532,user_run_0841,user_standardized_l2_cosine,standardized_l2,cosine,0.462779,128,15.0
2429,3128,1,False,cluster_1,1532,user_run_0841,user_standardized_l2_cosine,standardized_l2,cosine,0.462779,128,15.0
2430,3129,-1,True,noise,1911,user_run_0841,user_standardized_l2_cosine,standardized_l2,cosine,0.462779,128,15.0
2431,3130,0,False,cluster_0,1279,user_run_0841,user_standardized_l2_cosine,standardized_l2,cosine,0.462779,128,15.0
2432,3131,-1,True,noise,1911,user_run_0841,user_standardized_l2_cosine,standardized_l2,cosine,0.462779,128,15.0
2433,3134,-1,True,noise,1911,user_run_0841,user_standardized_l2_cosine,standardized_l2,cosine,0.462779,128,15.0
2434,3135,-1,True,noise,1911,user_run_0841,user_standardized_l2_cosine,standardized_l2,cosine,0.462779,128,15.0
2435,3136,0,False,cluster_0,1279,user_run_0841,user_standardized_l2_cosine,standardized_l2,cosine,0.462779,128,15.0
2436,3137,1,False,cluster_1,1532,user_run_0841,user_standardized_l2_cosine,standardized_l2,cosine,0.462779,128,15.0
2437,3138,-1,True,noise,1911,user_run_0841,user_standardized_l2_cosine,standardized_l2,cosine,0.462779,128,15.0
2438,3139,-1,True,noise,1911,user_run_0841,user_standardized_l2_cosine,standardized_l2,cosine,0.462779,128,15.0
2439,3140,0,False,cluster_0,1279,user_run_0841,user_standardized_l2_cosine,standardized_l2,cosine,0.462779,128,15.0
2440,3141,-1,True,noise,1911,user_run_0841,user_standardized_l2_cosine,standardized_l2,cosine,0.462779,128,15.0
2441,3142,1,False,cluster_1,1532,user_run_0841,user_standardized_l2_cosine,standardized_l2,cosine,0.462779,128,15.0
2442,3143,1,False,cluster_1,1532,user_run_0841,user_standardized_l2_cosine,standardized_l2,cosine,0.462779,128,15.0
2443,3145,-1,True,noise,1911,user_run_0841,user_standardized_l2_cosine,standardized_l2,cosine,0.462779,128,15.0
2444,3146,-1,True,noise,1911,user_run_0841,user_standardized_l2_cosine,standardized_l2,cosine,0.462779,128,15.0
2445,3147,-1,True,noise,1911,user_run_0841,user_standardized_l2_cosine,standardized_l2,cosine,0.462779,128,15.0
2446,3148,-1,True,noise,1911,user_run_0841,user_standardized_l2_cosine,standardized_l2,cosine,0.462779,128,15.0
2447,3150,0,False,cluster_0,1279,user_run_0841,user_standardized_l2_cosine,standardized_l2,cosine,0.462779,128,15.0
2448,3151,0,False,cluster_0,1279,user_run_0841,user_standardized_l2_cosine,standardized_l2,cosine,0.462779,128,15.0
2449,3153,0,False,cluster_0,1279,user_run_0841,user_standardized_l2_cosine,standardized_l2,cosine,0.462779,128,15.0
2450,3154,-1,True,noise,1911,user_run_0841,user_standardized_l2_cosine,standardized_l2,cosine,0.462779,128,15.0
2451,3155,0,False,cluster_0,1279,user_run_0841,user_standardized_l2_cosine,standardized_l2,cosine,0.462779,128,15.0
2452,3156,-1,True,noise,1911,user_run_0841,user_standardized_l2_cosine,standardized_l2,cosine,0.462779,128,15.0
2453,3157,0,False,cluster_0,1279,user_run_0841,user_standardized_l2_cosine,standardized_l2,cosine,0.462779,128,15.0
2454,3158,1,False,cluster_1,1532,user_run_0841,user_standardized_l2_cosine,standardized_l2,cosine,0.462779,128,15.0
2455,3159,1,False,cluster_1,1532,user_run_0841,user_standardized_l2_cosine,standardized_l2,cosine,0.462779,128,15.0
2456,3161,-1,True,noise,1911,user_run_0841,user_standardized_l2_cosine,standardized_l2,cosine,0.462779,128,15.0
2457,3162,-1,True,noise,1911,user_run_0841,user_standardized_l2_cosine,standardized_l2,cosine,0.462779,128,15.0
2458,3163,1,False,cluster_1,1532,user_run_0841,user_standardized_l2_cosine,standardized_l2,cosine,0.462779,128,15.0
2459,3166,0,False,cluster_0,1279,user_run_0841,user_standardized_l2_cosine,standardized_l2,cosine,0.462779,128,15.0
2460,3167,1,False,cluster_1,1532,user_run_0841,user_standardized_l2_cosine,standardized_l2,cosine,0.462779,128,15.0
2461,3169,0,False,cluster_0,1279,user_run_0841,user_standardized_l2_cosine,standardized_l2,cosine,0.462779,128,15.0
2462,3170,1,False,cluster_1,1532,user_run_0841,user_standardized_l2_cosine,standardized_l2,cosine,0.462779,128,15.0
2463,3171,-1,True,noise,1911,user_run_0841,user_standardized_l2_cosine,standardized_l2,cosine,0.462779,128,15.0
2464,3172,1,False,cluster_1,1532,user_run_0841,user_standardized_l2_cosine,standardized_l2,cosine,0.462779,128,15.0
2465,3173,-1,True,noise,1911,user_run_0841,user_standardized_l2_cosine,standardized_l2,cosine,0.462779,128,15.0
2466,3174,0,False,cluster_0,1279,user_run_0841,user_standardized_l2_cosine,standardized_l2,cosine,0.462779,128,15.0
2467,3175,1,False,cluster_1,1532,user_run_0841,user_standardized_l2_cosine,standardized_l2,cosine,0.462779,128,15.0
2468,3177,0,False,cluster_0,1279,user_run_0841,user_standardized_l2_cosine,standardized_l2,cosine,0.462779,128,15.0
2469,3178,-1,True,noise,1911,user_run_0841,user_standardized_l2_cosine,standardized_l2,cosine,0.462779,128,15.0
2470,3180,1,False,cluster_1,1532,user_run_0841,user_standardized_l2_cosine,standardized_l2,cosine,0.462779,128,15.0
2471,3182,0,False,cluster_0,1279,user_run_0841,user_standardized_l2_cosine,standardized_l2,cosine,0.462779,128,15.0
2472,3183,1,False,cluster_1,1532,user_run_0841,user_standardized_l2_cosine,standardized_l2,cosine,0.462779,128,15.0
2473,3184,1,False,cluster_1,1532,user_run_0841,user_standardized_l2_cosine,standardized_l2,cosine,0.462779,128,15.0
2474,3185,0,False,cluster_0,1279,user_run_0841,user_standardized_l2_cosine,standardized_l2,cosine,0.462779,128,15.0
2475,3189,0,False,cluster_0,1279,user_run_0841,user_standardized_l2_cosine,standardized_l2,cosine,0.462779,128,15.0
2476,3191,0,False,cluster_0,1279,user_run_0841,user_standardized_l2_cosine,standardized_l2,cosine,0.462779,128,15.0
2477,3192,-1,True,noise,1911,user_run_0841,user_standardized_l2_cosine,standardized_l2,cosine,0.462779,128,15.0
2478,3193,1,False,cluster_1,1532,user_run_0841,user_standardized_l2_cosine,standardized_l2,cosine,0.462779,128,15.0
2479,3195,-1,True,noise,1911,user_run_0841,user_standardized_l2_cosine,standardized_l2,cosine,0.462779,128,15.0
2480,3196,0,False,cluster_0,1279,user_run_0841,user_standardized_l2_cosine,standardized_l2,cosine,0.462779,128,15.0
2481,3197,1,False,cluster_1,1532,user_run_0841,user_standardized_l2_cosine,standardized_l2,cosine,0.462779,128,15.0
2482,3198,1,False,cluster_1,1532,user_run_0841,user_standardized_l2_cosine,standardized_l2,cosine,0.462779,128,15.0
2483,3199,-1,True,noise,1911,user_run_0841,user_standardized_l2_cosine,standardized_l2,cosine,0.462779,128,15.0
2484,3200,1,False,cluster_1,1532,user_run_0841,user_standardized_l2_cosine,standardized_l2,cosine,0.462779,128,15.0
2485,3201,1,False,cluster_1,1532,user_run_0841,user_standardized_l2_cosine,standardized_l2,cosine,0.462779,128,15.0
2486,3202,0,False,cluster_0,1279,user_run_0841,user_standardized_l2_cosine,standardized_l2,cosine,0.462779,128,15.0
2487,3203,1,False,cluster_1,1532,user_run_0841,user_standardized_l2_cosine,standardized_l2,cosine,0.462779,128,15.0
2488,3204,0,False,cluster_0,1279,user_run_0841,user_standardized_l2_cosine,standardized_l2,cosine,0.462779,128,15.0
2489,3205,-1,True,noise,1911,user_run_0841,user_standardized_l2_cosine,standardized_l2,cosine,0.462779,128,15.0
2490,3206,1,False,cluster_1,1532,user_run_0841,user_standardized_l2_cosine,standardized_l2,cosine,0.462779,128,15.0
2491,3207,-1,True,noise,1911,user_run_0841,user_standardized_l2_cosine,standardized_l2,cosine,0.462779,128,15.0
2492,3208,1,False,cluster_1,1532,user_run_0841,user_standardized_l2_cosine,standardized_l2,cosine,0.462779,128,15.0
2493,3209,0,False,cluster_0,1279,user_run_0841,user_standardized_l2_cosine,standardized_l2,cosine,0.462779,128,15.0
2494,3210,1,False,cluster_1,1532,user_run_0841,user_standardized_l2_cosine,standardized_l2,cosine,0.462779,128,15.0
2495,3211,1,False,cluster_1,1532,user_run_0841,user_standardized_l2_cosine,standardized_l2,cosine,0.462779,128,15.0
2496,3213,-1,True,noise,1911,user_run_0841,user_standardized_l2_cosine,standardized_l2,cosine,0.462779,128,15.0
2497,3216,1,False,cluster_1,1532,user_run_0841,user_standardized_l2_cosine,standardized_l2,cosine,0.462779,128,15.0
2498,3217,-1,True,noise,1911,user_run_0841,user_standardized_l2_cosine,standardized_l2,cosine,0.462779,128,15.0
2499,3218,1,False,cluster_1,1532,user_run_0841,user_standardized_l2_cosine,standardized_l2,cosine,0.462779,128,15.0
2500,3219,0,False,cluster_0,1279,user_run_0841,user_standardized_l2_cosine,standardized_l2,cosine,0.462779,128,15.0
2501,3220,-1,True,noise,1911,user_run_0841,user_standardized_l2_cosine,standardized_l2,cosine,0.462779,128,15.0
2502,3221,-1,True,noise,1911,user_run_0841,user_standardized_l2_cosine,standardized_l2,cosine,0.462779,128,15.0
2503,3223,1,False,cluster_1,1532,user_run_0841,user_standardized_l2_cosine,standardized_l2,cosine,0.462779,128,15.0
2504,3224,1,False,cluster_1,1532,user_run_0841,user_standardized_l2_cosine,standardized_l2,cosine,0.462779,128,15.0
2505,3226,1,False,cluster_1,1532,user_run_0841,user_standardized_l2_cosine,standardized_l2,cosine,0.462779,128,15.0
2506,3227,1,False,cluster_1,1532,user_run_0841,user_standardized_l2_cosine,standardized_l2,cosine,0.462779,128,15.0
2507,3228,-1,True,noise,1911,user_run_0841,user_standardized_l2_cosine,standardized_l2,cosine,0.462779,128,15.0
2508,3229,-1,True,noise,1911,user_run_0841,user_standardized_l2_cosine,standardized_l2,cosine,0.462779,128,15.0
2509,3230,-1,True,noise,1911,user_run_0841,user_standardized_l2_cosine,standardized_l2,cosine,0.462779,128,15.0
2510,3231,-1,True,noise,1911,user_run_0841,user_standardized_l2_cosine,standardized_l2,cosine,0.462779,128,15.0
2511,3232,-1,True,noise,1911,user_run_0841,user_standardized_l2_cosine,standardized_l2,cosine,0.462779,128,15.0
2512,3233,1,False,cluster_1,1532,user_run_0841,user_standardized_l2_cosine,standardized_l2,cosine,0.462779,128,15.0
2513,3237,-1,True,noise,1911,user_run_0841,user_standardized_l2_cosine,standardized_l2,cosine,0.462779,128,15.0
2514,3239,0,False,cluster_0,1279,user_run_0841,user_standardized_l2_cosine,standardized_l2,cosine,0.462779,128,15.0
2515,3240,-1,True,noise,1911,user_run_0841,user_standardized_l2_cosine,standardized_l2,cosine,0.462779,128,15.0
2516,3241,1,False,cluster_1,1532,user_run_0841,user_standardized_l2_cosine,standardized_l2,cosine,0.462779,128,15.0
2517,3242,-1,True,noise,1911,user_run_0841,user_standardized_l2_cosine,standardized_l2,cosine,0.462779,128,15.0
2518,3243,-1,True,noise,1911,user_run_0841,user_standardized_l2_cosine,standardized_l2,cosine,0.462779,128,15.0
2519,3245,0,False,cluster_0,1279,user_run_0841,user_standardized_l2_cosine,standardized_l2,cosine,0.462779,128,15.0
2520,3246,-1,True,noise,1911,user_run_0841,user_standardized_l2_cosine,standardized_l2,cosine,0.462779,128,15.0
2521,3248,-1,True,noise,1911,user_run_0841,user_standardized_l2_cosine,standardized_l2,cosine,0.462779,128,15.0
2522,3249,-1,True,noise,1911,user_run_0841,user_standardized_l2_cosine,standardized_l2,cosine,0.462779,128,15.0
2523,3250,-1,True,noise,1911,user_run_0841,user_standardized_l2_cosine,standardized_l2,cosine,0.462779,128,15.0
2524,3251,-1,True,noise,1911,user_run_0841,user_standardized_l2_cosine,standardized_l2,cosine,0.462779,128,15.0
2525,3253,-1,True,noise,1911,user_run_0841,user_standardized_l2_cosine,standardized_l2,cosine,0.462779,128,15.0
2526,3255,0,False,cluster_0,1279,user_run_0841,user_standardized_l2_cosine,standardized_l2,cosine,0.462779,128,15.0
2527,3256,-1,True,noise,1911,user_run_0841,user_standardized_l2_cosine,standardized_l2,cosine,0.462779,128,15.0
2528,3257,1,False,cluster_1,1532,user_run_0841,user_standardized_l2_cosine,standardized_l2,cosine,0.462779,128,15.0
2529,3258,1,False,cluster_1,1532,user_run_0841,user_standardized_l2_cosine,standardized_l2,cosine,0.462779,128,15.0
2530,3259,1,False,cluster_1,1532,user_run_0841,user_standardized_l2_cosine,standardized_l2,cosine,0.462779,128,15.0
2531,3260,-1,True,noise,1911,user_run_0841,user_standardized_l2_cosine,standardized_l2,cosine,0.462779,128,15.0
2532,3261,1,False,cluster_1,1532,user_run_0841,user_standardized_l2_cosine,standardized_l2,cosine,0.462779,128,15.0
2533,3262,0,False,cluster_0,1279,user_run_0841,user_standardized_l2_cosine,standardized_l2,cosine,0.462779,128,15.0
2534,3263,0,False,cluster_0,1279,user_run_0841,user_standardized_l2_cosine,standardized_l2,cosine,0.462779,128,15.0
2535,3265,1,False,cluster_1,1532,user_run_0841,user_standardized_l2_cosine,standardized_l2,cosine,0.462779,128,15.0
2536,3266,-1,True,noise,1911,user_run_0841,user_standardized_l2_cosine,standardized_l2,cosine,0.462779,128,15.0
2537,3267,-1,True,noise,1911,user_run_0841,user_standardized_l2_cosine,standardized_l2,cosine,0.462779,128,15.0
2538,3268,0,False,cluster_0,1279,user_run_0841,user_standardized_l2_cosine,standardized_l2,cosine,0.462779,128,15.0
2539,3269,1,False,cluster_1,1532,user_run_0841,user_standardized_l2_cosine,standardized_l2,cosine,0.462779,128,15.0
2540,3270,-1,True,noise,1911,user_run_0841,user_standardized_l2_cosine,standardized_l2,cosine,0.462779,128,15.0
2541,3271,0,False,cluster_0,1279,user_run_0841,user_standardized_l2_cosine,standardized_l2,cosine,0.462779,128,15.0
2542,3272,0,False,cluster_0,1279,user_run_0841,user_standardized_l2_cosine,standardized_l2,cosine,0.462779,128,15.0
2543,3274,1,False,cluster_1,1532,user_run_0841,user_standardized_l2_cosine,standardized_l2,cosine,0.462779,128,15.0
2544,3277,1,False,cluster_1,1532,user_run_0841,user_standardized_l2_cosine,standardized_l2,cosine,0.462779,128,15.0
2545,3278,-1,True,noise,1911,user_run_0841,user_standardized_l2_cosine,standardized_l2,cosine,0.462779,128,15.0
2546,3279,-1,True,noise,1911,user_run_0841,user_standardized_l2_cosine,standardized_l2,cosine,0.462779,128,15.0
2547,3280,1,False,cluster_1,1532,user_run_0841,user_standardized_l2_cosine,standardized_l2,cosine,0.462779,128,15.0
2548,3281,0,False,cluster_0,1279,user_run_0841,user_standardized_l2_cosine,standardized_l2,cosine,0.462779,128,15.0
2549,3283,-1,True,noise,1911,user_run_0841,user_standardized_l2_cosine,standardized_l2,cosine,0.462779,128,15.0
2550,3284,1,False,cluster_1,1532,user_run_0841,user_standardized_l2_cosine,standardized_l2,cosine,0.462779,128,15.0
2551,3285,1,False,cluster_1,1532,user_run_0841,user_standardized_l2_cosine,standardized_l2,cosine,0.462779,128,15.0
2552,3289,1,False,cluster_1,1532,user_run_0841,user_standardized_l2_cosine,standardized_l2,cosine,0.462779,128,15.0
2553,3290,-1,True,noise,1911,user_run_0841,user_standardized_l2_cosine,standardized_l2,cosine,0.462779,128,15.0
2554,3292,-1,True,noise,1911,user_run_0841,user_standardized_l2_cosine,standardized_l2,cosine,0.462779,128,15.0
2555,3293,0,False,cluster_0,1279,user_run_0841,user_standardized_l2_cosine,standardized_l2,cosine,0.462779,128,15.0
2556,3294,-1,True,noise,1911,user_run_0841,user_standardized_l2_cosine,standardized_l2,cosine,0.462779,128,15.0
2557,3295,-1,True,noise,1911,user_run_0841,user_standardized_l2_cosine,standardized_l2,cosine,0.462779,128,15.0
2558,3296,1,False,cluster_1,1532,user_run_0841,user_standardized_l2_cosine,standardized_l2,cosine,0.462779,128,15.0
2559,3297,-1,True,noise,1911,user_run_0841,user_standardized_l2_cosine,standardized_l2,cosine,0.462779,128,15.0
2560,3299,-1,True,noise,1911,user_run_0841,user_standardized_l2_cosine,standardized_l2,cosine,0.462779,128,15.0
2561,3300,1,False,cluster_1,1532,user_run_0841,user_standardized_l2_cosine,standardized_l2,cosine,0.462779,128,15.0
2562,3301,1,False,cluster_1,1532,user_run_0841,user_standardized_l2_cosine,standardized_l2,cosine,0.462779,128,15.0
2563,3302,0,False,cluster_0,1279,user_run_0841,user_standardized_l2_cosine,standardized_l2,cosine,0.462779,128,15.0
2564,3304,-1,True,noise,1911,user_run_0841,user_standardized_l2_cosine,standardized_l2,cosine,0.462779,128,15.0
2565,3305,-1,True,noise,1911,user_run_0841,user_standardized_l2_cosine,standardized_l2,cosine,0.462779,128,15.0
2566,3306,0,False,cluster_0,1279,user_run_0841,user_standardized_l2_cosine,standardized_l2,cosine,0.462779,128,15.0
2567,3308,-1,True,noise,1911,user_run_0841,user_standardized_l2_cosine,standardized_l2,cosine,0.462779,128,15.0
2568,3309,1,False,cluster_1,1532,user_run_0841,user_standardized_l2_cosine,standardized_l2,cosine,0.462779,128,15.0
2569,3310,-1,True,noise,1911,user_run_0841,user_standardized_l2_cosine,standardized_l2,cosine,0.462779,128,15.0
2570,3311,0,False,cluster_0,1279,user_run_0841,user_standardized_l2_cosine,standardized_l2,cosine,0.462779,128,15.0
2571,3312,0,False,cluster_0,1279,user_run_0841,user_standardized_l2_cosine,standardized_l2,cosine,0.462779,128,15.0
2572,3313,0,False,cluster_0,1279,user_run_0841,user_standardized_l2_cosine,standardized_l2,cosine,0.462779,128,15.0
2573,3314,-1,True,noise,1911,user_run_0841,user_standardized_l2_cosine,standardized_l2,cosine,0.462779,128,15.0
2574,3315,-1,True,noise,1911,user_run_0841,user_standardized_l2_cosine,standardized_l2,cosine,0.462779,128,15.0
2575,3316,-1,True,noise,1911,user_run_0841,user_standardized_l2_cosine,standardized_l2,cosine,0.462779,128,15.0
2576,3317,1,False,cluster_1,1532,user_run_0841,user_standardized_l2_cosine,standardized_l2,cosine,0.462779,128,15.0
2577,3318,-1,True,noise,1911,user_run_0841,user_standardized_l2_cosine,standardized_l2,cosine,0.462779,128,15.0
2578,3319,-1,True,noise,1911,user_run_0841,user_standardized_l2_cosine,standardized_l2,cosine,0.462779,128,15.0
2579,3320,0,False,cluster_0,1279,user_run_0841,user_standardized_l2_cosine,standardized_l2,cosine,0.462779,128,15.0
2580,3321,0,False,cluster_0,1279,user_run_0841,user_standardized_l2_cosine,standardized_l2,cosine,0.462779,128,15.0
2581,3322,0,False,cluster_0,1279,user_run_0841,user_standardized_l2_cosine,standardized_l2,cosine,0.462779,128,15.0
2582,3323,-1,True,noise,1911,user_run_0841,user_standardized_l2_cosine,standardized_l2,cosine,0.462779,128,15.0
2583,3327,1,False,cluster_1,1532,user_run_0841,user_standardized_l2_cosine,standardized_l2,cosine,0.462779,128,15.0
2584,3328,-1,True,noise,1911,user_run_0841,user_standardized_l2_cosine,standardized_l2,cosine,0.462779,128,15.0
2585,3329,-1,True,noise,1911,user_run_0841,user_standardized_l2_cosine,standardized_l2,cosine,0.462779,128,15.0
2586,3331,-1,True,noise,1911,user_run_0841,user_standardized_l2_cosine,standardized_l2,cosine,0.462779,128,15.0
2587,3332,-1,True,noise,1911,user_run_0841,user_standardized_l2_cosine,standardized_l2,cosine,0.462779,128,15.0
2588,3333,0,False,cluster_0,1279,user_run_0841,user_standardized_l2_cosine,standardized_l2,cosine,0.462779,128,15.0
2589,3334,-1,True,noise,1911,user_run_0841,user_standardized_l2_cosine,standardized_l2,cosine,0.462779,128,15.0
2590,3336,1,False,cluster_1,1532,user_run_0841,user_standardized_l2_cosine,standardized_l2,cosine,0.462779,128,15.0
2591,3337,-1,True,noise,1911,user_run_0841,user_standardized_l2_cosine,standardized_l2,cosine,0.462779,128,15.0
2592,3339,1,False,cluster_1,1532,user_run_0841,user_standardized_l2_cosine,standardized_l2,cosine,0.462779,128,15.0
2593,3340,0,False,cluster_0,1279,user_run_0841,user_standardized_l2_cosine,standardized_l2,cosine,0.462779,128,15.0
2594,3341,-1,True,noise,1911,user_run_0841,user_standardized_l2_cosine,standardized_l2,cosine,0.462779,128,15.0
2595,3342,0,False,cluster_0,1279,user_run_0841,user_standardized_l2_cosine,standardized_l2,cosine,0.462779,128,15.0
2596,3343,1,False,cluster_1,1532,user_run_0841,user_standardized_l2_cosine,standardized_l2,cosine,0.462779,128,15.0
2597,3344,1,False,cluster_1,1532,user_run_0841,user_standardized_l2_cosine,standardized_l2,cosine,0.462779,128,15.0
2598,3345,0,False,cluster_0,1279,user_run_0841,user_standardized_l2_cosine,standardized_l2,cosine,0.462779,128,15.0
2599,3346,-1,True,noise,1911,user_run_0841,user_standardized_l2_cosine,standardized_l2,cosine,0.462779,128,15.0
2600,3347,0,False,cluster_0,1279,user_run_0841,user_standardized_l2_cosine,standardized_l2,cosine,0.462779,128,15.0
2601,3348,0,False,cluster_0,1279,user_run_0841,user_standardized_l2_cosine,standardized_l2,cosine,0.462779,128,15.0
2602,3349,0,False,cluster_0,1279,user_run_0841,user_standardized_l2_cosine,standardized_l2,cosine,0.462779,128,15.0
2603,3350,1,False,cluster_1,1532,user_run_0841,user_standardized_l2_cosine,standardized_l2,cosine,0.462779,128,15.0
2604,3352,-1,True,noise,1911,user_run_0841,user_standardized_l2_cosine,standardized_l2,cosine,0.462779,128,15.0
2605,3353,1,False,cluster_1,1532,user_run_0841,user_standardized_l2_cosine,standardized_l2,cosine,0.462779,128,15.0
2606,3356,1,False,cluster_1,1532,user_run_0841,user_standardized_l2_cosine,standardized_l2,cosine,0.462779,128,15.0
2607,3357,0,False,cluster_0,1279,user_run_0841,user_standardized_l2_cosine,standardized_l2,cosine,0.462779,128,15.0
2608,3358,-1,True,noise,1911,user_run_0841,user_standardized_l2_cosine,standardized_l2,cosine,0.462779,128,15.0
2609,3359,-1,True,noise,1911,user_run_0841,user_standardized_l2_cosine,standardized_l2,cosine,0.462779,128,15.0
2610,3360,0,False,cluster_0,1279,user_run_0841,user_standardized_l2_cosine,standardized_l2,cosine,0.462779,128,15.0
2611,3361,-1,True,noise,1911,user_run_0841,user_standardized_l2_cosine,standardized_l2,cosine,0.462779,128,15.0
2612,3362,0,False,cluster_0,1279,user_run_0841,user_standardized_l2_cosine,standardized_l2,cosine,0.462779,128,15.0
2613,3363,-1,True,noise,1911,user_run_0841,user_standardized_l2_cosine,standardized_l2,cosine,0.462779,128,15.0
2614,3364,0,False,cluster_0,1279,user_run_0841,user_standardized_l2_cosine,standardized_l2,cosine,0.462779,128,15.0
2615,3365,0,False,cluster_0,1279,user_run_0841,user_standardized_l2_cosine,standardized_l2,cosine,0.462779,128,15.0
2616,3367,-1,True,noise,1911,user_run_0841,user_standardized_l2_cosine,standardized_l2,cosine,0.462779,128,15.0
2617,3368,0,False,cluster_0,1279,user_run_0841,user_standardized_l2_cosine,standardized_l2,cosine,0.462779,128,15.0
2618,3370,-1,True,noise,1911,user_run_0841,user_standardized_l2_cosine,standardized_l2,cosine,0.462779,128,15.0
2619,3371,1,False,cluster_1,1532,user_run_0841,user_standardized_l2_cosine,standardized_l2,cosine,0.462779,128,15.0
2620,3374,-1,True,noise,1911,user_run_0841,user_standardized_l2_cosine,standardized_l2,cosine,0.462779,128,15.0
2621,3377,0,False,cluster_0,1279,user_run_0841,user_standardized_l2_cosine,standardized_l2,cosine,0.462779,128,15.0
2622,3378,0,False,cluster_0,1279,user_run_0841,user_standardized_l2_cosine,standardized_l2,cosine,0.462779,128,15.0
2623,3380,1,False,cluster_1,1532,user_run_0841,user_standardized_l2_cosine,standardized_l2,cosine,0.462779,128,15.0
2624,3382,-1,True,noise,1911,user_run_0841,user_standardized_l2_cosine,standardized_l2,cosine,0.462779,128,15.0
2625,3383,-1,True,noise,1911,user_run_0841,user_standardized_l2_cosine,standardized_l2,cosine,0.462779,128,15.0
2626,3384,1,False,cluster_1,1532,user_run_0841,user_standardized_l2_cosine,standardized_l2,cosine,0.462779,128,15.0
2627,3386,0,False,cluster_0,1279,user_run_0841,user_standardized_l2_cosine,standardized_l2,cosine,0.462779,128,15.0
2628,3387,1,False,cluster_1,1532,user_run_0841,user_standardized_l2_cosine,standardized_l2,cosine,0.462779,128,15.0
2629,3389,1,False,cluster_1,1532,user_run_0841,user_standardized_l2_cosine,standardized_l2,cosine,0.462779,128,15.0
2630,3390,1,False,cluster_1,1532,user_run_0841,user_standardized_l2_cosine,standardized_l2,cosine,0.462779,128,15.0
2631,3391,1,False,cluster_1,1532,user_run_0841,user_standardized_l2_cosine,standardized_l2,cosine,0.462779,128,15.0
2632,3393,-1,True,noise,1911,user_run_0841,user_standardized_l2_cosine,standardized_l2,cosine,0.462779,128,15.0
2633,3394,1,False,cluster_1,1532,user_run_0841,user_standardized_l2_cosine,standardized_l2,cosine,0.462779,128,15.0
2634,3395,-1,True,noise,1911,user_run_0841,user_standardized_l2_cosine,standardized_l2,cosine,0.462779,128,15.0
2635,3398,-1,True,noise,1911,user_run_0841,user_standardized_l2_cosine,standardized_l2,cosine,0.462779,128,15.0
2636,3399,-1,True,noise,1911,user_run_0841,user_standardized_l2_cosine,standardized_l2,cosine,0.462779,128,15.0
2637,3400,-1,True,noise,1911,user_run_0841,user_standardized_l2_cosine,standardized_l2,cosine,0.462779,128,15.0
2638,3401,0,False,cluster_0,1279,user_run_0841,user_standardized_l2_cosine,standardized_l2,cosine,0.462779,128,15.0
2639,3402,1,False,cluster_1,1532,user_run_0841,user_standardized_l2_cosine,standardized_l2,cosine,0.462779,128,15.0
2640,3403,-1,True,noise,1911,user_run_0841,user_standardized_l2_cosine,standardized_l2,cosine,0.462779,128,15.0
2641,3406,0,False,cluster_0,1279,user_run_0841,user_standardized_l2_cosine,standardized_l2,cosine,0.462779,128,15.0
2642,3408,-1,True,noise,1911,user_run_0841,user_standardized_l2_cosine,standardized_l2,cosine,0.462779,128,15.0
2643,3409,1,False,cluster_1,1532,user_run_0841,user_standardized_l2_cosine,standardized_l2,cosine,0.462779,128,15.0
2644,3410,1,False,cluster_1,1532,user_run_0841,user_standardized_l2_cosine,standardized_l2,cosine,0.462779,128,15.0
2645,3411,1,False,cluster_1,1532,user_run_0841,user_standardized_l2_cosine,standardized_l2,cosine,0.462779,128,15.0
2646,3412,1,False,cluster_1,1532,user_run_0841,user_standardized_l2_cosine,standardized_l2,cosine,0.462779,128,15.0
2647,3413,1,False,cluster_1,1532,user_run_0841,user_standardized_l2_cosine,standardized_l2,cosine,0.462779,128,15.0
2648,3414,0,False,cluster_0,1279,user_run_0841,user_standardized_l2_cosine,standardized_l2,cosine,0.462779,128,15.0
2649,3415,-1,True,noise,1911,user_run_0841,user_standardized_l2_cosine,standardized_l2,cosine,0.462779,128,15.0
2650,3416,0,False,cluster_0,1279,user_run_0841,user_standardized_l2_cosine,standardized_l2,cosine,0.462779,128,15.0
2651,3417,1,False,cluster_1,1532,user_run_0841,user_standardized_l2_cosine,standardized_l2,cosine,0.462779,128,15.0
2652,3418,1,False,cluster_1,1532,user_run_0841,user_standardized_l2_cosine,standardized_l2,cosine,0.462779,128,15.0
2653,3419,-1,True,noise,1911,user_run_0841,user_standardized_l2_cosine,standardized_l2,cosine,0.462779,128,15.0
2654,3420,-1,True,noise,1911,user_run_0841,user_standardized_l2_cosine,standardized_l2,cosine,0.462779,128,15.0
2655,3422,1,False,cluster_1,1532,user_run_0841,user_standardized_l2_cosine,standardized_l2,cosine,0.462779,128,15.0
2656,3423,1,False,cluster_1,1532,user_run_0841,user_standardized_l2_cosine,standardized_l2,cosine,0.462779,128,15.0
2657,3424,0,False,cluster_0,1279,user_run_0841,user_standardized_l2_cosine,standardized_l2,cosine,0.462779,128,15.0
2658,3425,1,False,cluster_1,1532,user_run_0841,user_standardized_l2_cosine,standardized_l2,cosine,0.462779,128,15.0
2659,3426,-1,True,noise,1911,user_run_0841,user_standardized_l2_cosine,standardized_l2,cosine,0.462779,128,15.0
2660,3428,-1,True,noise,1911,user_run_0841,user_standardized_l2_cosine,standardized_l2,cosine,0.462779,128,15.0
2661,3430,-1,True,noise,1911,user_run_0841,user_standardized_l2_cosine,standardized_l2,cosine,0.462779,128,15.0
2662,3431,0,False,cluster_0,1279,user_run_0841,user_standardized_l2_cosine,standardized_l2,cosine,0.462779,128,15.0
2663,3432,0,False,cluster_0,1279,user_run_0841,user_standardized_l2_cosine,standardized_l2,cosine,0.462779,128,15.0
2664,3433,1,False,cluster_1,1532,user_run_0841,user_standardized_l2_cosine,standardized_l2,cosine,0.462779,128,15.0
2665,3434,-1,True,noise,1911,user_run_0841,user_standardized_l2_cosine,standardized_l2,cosine,0.462779,128,15.0
2666,3435,-1,True,noise,1911,user_run_0841,user_standardized_l2_cosine,standardized_l2,cosine,0.462779,128,15.0
2667,3436,-1,True,noise,1911,user_run_0841,user_standardized_l2_cosine,standardized_l2,cosine,0.462779,128,15.0
2668,3437,-1,True,noise,1911,user_run_0841,user_standardized_l2_cosine,standardized_l2,cosine,0.462779,128,15.0
2669,3438,1,False,cluster_1,1532,user_run_0841,user_standardized_l2_cosine,standardized_l2,cosine,0.462779,128,15.0
2670,3439,-1,True,noise,1911,user_run_0841,user_standardized_l2_cosine,standardized_l2,cosine,0.462779,128,15.0
2671,3441,0,False,cluster_0,1279,user_run_0841,user_standardized_l2_cosine,standardized_l2,cosine,0.462779,128,15.0
2672,3442,-1,True,noise,1911,user_run_0841,user_standardized_l2_cosine,standardized_l2,cosine,0.462779,128,15.0
2673,3444,-1,True,noise,1911,user_run_0841,user_standardized_l2_cosine,standardized_l2,cosine,0.462779,128,15.0
2674,3445,-1,True,noise,1911,user_run_0841,user_standardized_l2_cosine,standardized_l2,cosine,0.462779,128,15.0
2675,3447,-1,True,noise,1911,user_run_0841,user_standardized_l2_cosine,standardized_l2,cosine,0.462779,128,15.0
2676,3449,0,False,cluster_0,1279,user_run_0841,user_standardized_l2_cosine,standardized_l2,cosine,0.462779,128,15.0
2677,3450,-1,True,noise,1911,user_run_0841,user_standardized_l2_cosine,standardized_l2,cosine,0.462779,128,15.0
2678,3451,-1,True,noise,1911,user_run_0841,user_standardized_l2_cosine,standardized_l2,cosine,0.462779,128,15.0
2679,3452,1,False,cluster_1,1532,user_run_0841,user_standardized_l2_cosine,standardized_l2,cosine,0.462779,128,15.0
2680,3453,-1,True,noise,1911,user_run_0841,user_standardized_l2_cosine,standardized_l2,cosine,0.462779,128,15.0
2681,3454,-1,True,noise,1911,user_run_0841,user_standardized_l2_cosine,standardized_l2,cosine,0.462779,128,15.0
2682,3456,0,False,cluster_0,1279,user_run_0841,user_standardized_l2_cosine,standardized_l2,cosine,0.462779,128,15.0
2683,3457,-1,True,noise,1911,user_run_0841,user_standardized_l2_cosine,standardized_l2,cosine,0.462779,128,15.0
2684,3458,-1,True,noise,1911,user_run_0841,user_standardized_l2_cosine,standardized_l2,cosine,0.462779,128,15.0
2685,3460,0,False,cluster_0,1279,user_run_0841,user_standardized_l2_cosine,standardized_l2,cosine,0.462779,128,15.0
2686,3462,-1,True,noise,1911,user_run_0841,user_standardized_l2_cosine,standardized_l2,cosine,0.462779,128,15.0
2687,3464,-1,True,noise,1911,user_run_0841,user_standardized_l2_cosine,standardized_l2,cosine,0.462779,128,15.0
2688,3465,1,False,cluster_1,1532,user_run_0841,user_standardized_l2_cosine,standardized_l2,cosine,0.462779,128,15.0
2689,3467,0,False,cluster_0,1279,user_run_0841,user_standardized_l2_cosine,standardized_l2,cosine,0.462779,128,15.0
2690,3468,1,False,cluster_1,1532,user_run_0841,user_standardized_l2_cosine,standardized_l2,cosine,0.462779,128,15.0
2691,3469,1,False,cluster_1,1532,user_run_0841,user_standardized_l2_cosine,standardized_l2,cosine,0.462779,128,15.0
2692,3470,1,False,cluster_1,1532,user_run_0841,user_standardized_l2_cosine,standardized_l2,cosine,0.462779,128,15.0
2693,3471,1,False,cluster_1,1532,user_run_0841,user_standardized_l2_cosine,standardized_l2,cosine,0.462779,128,15.0
2694,3472,-1,True,noise,1911,user_run_0841,user_standardized_l2_cosine,standardized_l2,cosine,0.462779,128,15.0
2695,3473,-1,True,noise,1911,user_run_0841,user_standardized_l2_cosine,standardized_l2,cosine,0.462779,128,15.0
2696,3474,1,False,cluster_1,1532,user_run_0841,user_standardized_l2_cosine,standardized_l2,cosine,0.462779,128,15.0
2697,3475,-1,True,noise,1911,user_run_0841,user_standardized_l2_cosine,standardized_l2,cosine,0.462779,128,15.0
2698,3476,0,False,cluster_0,1279,user_run_0841,user_standardized_l2_cosine,standardized_l2,cosine,0.462779,128,15.0
2699,3477,1,False,cluster_1,1532,user_run_0841,user_standardized_l2_cosine,standardized_l2,cosine,0.462779,128,15.0
2700,3478,-1,True,noise,1911,user_run_0841,user_standardized_l2_cosine,standardized_l2,cosine,0.462779,128,15.0
2701,3479,0,False,cluster_0,1279,user_run_0841,user_standardized_l2_cosine,standardized_l2,cosine,0.462779,128,15.0
2702,3480,0,False,cluster_0,1279,user_run_0841,user_standardized_l2_cosine,standardized_l2,cosine,0.462779,128,15.0
2703,3481,-1,True,noise,1911,user_run_0841,user_standardized_l2_cosine,standardized_l2,cosine,0.462779,128,15.0
2704,3482,0,False,cluster_0,1279,user_run_0841,user_standardized_l2_cosine,standardized_l2,cosine,0.462779,128,15.0
2705,3483,0,False,cluster_0,1279,user_run_0841,user_standardized_l2_cosine,standardized_l2,cosine,0.462779,128,15.0
2706,3484,1,False,cluster_1,1532,user_run_0841,user_standardized_l2_cosine,standardized_l2,cosine,0.462779,128,15.0
2707,3485,0,False,cluster_0,1279,user_run_0841,user_standardized_l2_cosine,standardized_l2,cosine,0.462779,128,15.0
2708,3486,-1,True,noise,1911,user_run_0841,user_standardized_l2_cosine,standardized_l2,cosine,0.462779,128,15.0
2709,3487,1,False,cluster_1,1532,user_run_0841,user_standardized_l2_cosine,standardized_l2,cosine,0.462779,128,15.0
2710,3489,-1,True,noise,1911,user_run_0841,user_standardized_l2_cosine,standardized_l2,cosine,0.462779,128,15.0
2711,3490,-1,True,noise,1911,user_run_0841,user_standardized_l2_cosine,standardized_l2,cosine,0.462779,128,15.0
2712,3491,-1,True,noise,1911,user_run_0841,user_standardized_l2_cosine,standardized_l2,cosine,0.462779,128,15.0
2713,3492,0,False,cluster_0,1279,user_run_0841,user_standardized_l2_cosine,standardized_l2,cosine,0.462779,128,15.0
2714,3493,1,False,cluster_1,1532,user_run_0841,user_standardized_l2_cosine,standardized_l2,cosine,0.462779,128,15.0
2715,3497,1,False,cluster_1,1532,user_run_0841,user_standardized_l2_cosine,standardized_l2,cosine,0.462779,128,15.0
2716,3498,-1,True,noise,1911,user_run_0841,user_standardized_l2_cosine,standardized_l2,cosine,0.462779,128,15.0
2717,3499,-1,True,noise,1911,user_run_0841,user_standardized_l2_cosine,standardized_l2,cosine,0.462779,128,15.0
2718,3500,1,False,cluster_1,1532,user_run_0841,user_standardized_l2_cosine,standardized_l2,cosine,0.462779,128,15.0
2719,3501,-1,True,noise,1911,user_run_0841,user_standardized_l2_cosine,standardized_l2,cosine,0.462779,128,15.0
2720,3503,1,False,cluster_1,1532,user_run_0841,user_standardized_l2_cosine,standardized_l2,cosine,0.462779,128,15.0
2721,3504,-1,True,noise,1911,user_run_0841,user_standardized_l2_cosine,standardized_l2,cosine,0.462779,128,15.0
2722,3505,1,False,cluster_1,1532,user_run_0841,user_standardized_l2_cosine,standardized_l2,cosine,0.462779,128,15.0
2723,3506,1,False,cluster_1,1532,user_run_0841,user_standardized_l2_cosine,standardized_l2,cosine,0.462779,128,15.0
2724,3507,1,False,cluster_1,1532,user_run_0841,user_standardized_l2_cosine,standardized_l2,cosine,0.462779,128,15.0
2725,3509,-1,True,noise,1911,user_run_0841,user_standardized_l2_cosine,standardized_l2,cosine,0.462779,128,15.0
2726,3510,0,False,cluster_0,1279,user_run_0841,user_standardized_l2_cosine,standardized_l2,cosine,0.462779,128,15.0
2727,3511,-1,True,noise,1911,user_run_0841,user_standardized_l2_cosine,standardized_l2,cosine,0.462779,128,15.0
2728,3512,-1,True,noise,1911,user_run_0841,user_standardized_l2_cosine,standardized_l2,cosine,0.462779,128,15.0
2729,3513,1,False,cluster_1,1532,user_run_0841,user_standardized_l2_cosine,standardized_l2,cosine,0.462779,128,15.0
2730,3514,-1,True,noise,1911,user_run_0841,user_standardized_l2_cosine,standardized_l2,cosine,0.462779,128,15.0
2731,3515,0,False,cluster_0,1279,user_run_0841,user_standardized_l2_cosine,standardized_l2,cosine,0.462779,128,15.0
2732,3516,-1,True,noise,1911,user_run_0841,user_standardized_l2_cosine,standardized_l2,cosine,0.462779,128,15.0
2733,3517,-1,True,noise,1911,user_run_0841,user_standardized_l2_cosine,standardized_l2,cosine,0.462779,128,15.0
2734,3518,-1,True,noise,1911,user_run_0841,user_standardized_l2_cosine,standardized_l2,cosine,0.462779,128,15.0
2735,3519,-1,True,noise,1911,user_run_0841,user_standardized_l2_cosine,standardized_l2,cosine,0.462779,128,15.0
2736,3520,1,False,cluster_1,1532,user_run_0841,user_standardized_l2_cosine,standardized_l2,cosine,0.462779,128,15.0
2737,3521,-1,True,noise,1911,user_run_0841,user_standardized_l2_cosine,standardized_l2,cosine,0.462779,128,15.0
2738,3522,0,False,cluster_0,1279,user_run_0841,user_standardized_l2_cosine,standardized_l2,cosine,0.462779,128,15.0
2739,3524,-1,True,noise,1911,user_run_0841,user_standardized_l2_cosine,standardized_l2,cosine,0.462779,128,15.0
2740,3525,-1,True,noise,1911,user_run_0841,user_standardized_l2_cosine,standardized_l2,cosine,0.462779,128,15.0
2741,3526,-1,True,noise,1911,user_run_0841,user_standardized_l2_cosine,standardized_l2,cosine,0.462779,128,15.0
2742,3528,-1,True,noise,1911,user_run_0841,user_standardized_l2_cosine,standardized_l2,cosine,0.462779,128,15.0
2743,3529,-1,True,noise,1911,user_run_0841,user_standardized_l2_cosine,standardized_l2,cosine,0.462779,128,15.0
2744,3531,-1,True,noise,1911,user_run_0841,user_standardized_l2_cosine,standardized_l2,cosine,0.462779,128,15.0
2745,3532,-1,True,noise,1911,user_run_0841,user_standardized_l2_cosine,standardized_l2,cosine,0.462779,128,15.0
2746,3533,-1,True,noise,1911,user_run_0841,user_standardized_l2_cosine,standardized_l2,cosine,0.462779,128,15.0
2747,3534,-1,True,noise,1911,user_run_0841,user_standardized_l2_cosine,standardized_l2,cosine,0.462779,128,15.0
2748,3536,-1,True,noise,1911,user_run_0841,user_standardized_l2_cosine,standardized_l2,cosine,0.462779,128,15.0
2749,3537,0,False,cluster_0,1279,user_run_0841,user_standardized_l2_cosine,standardized_l2,cosine,0.462779,128,15.0
2750,3538,1,False,cluster_1,1532,user_run_0841,user_standardized_l2_cosine,standardized_l2,cosine,0.462779,128,15.0
2751,3539,-1,True,noise,1911,user_run_0841,user_standardized_l2_cosine,standardized_l2,cosine,0.462779,128,15.0
2752,3540,-1,True,noise,1911,user_run_0841,user_standardized_l2_cosine,standardized_l2,cosine,0.462779,128,15.0
2753,3543,1,False,cluster_1,1532,user_run_0841,user_standardized_l2_cosine,standardized_l2,cosine,0.462779,128,15.0
2754,3546,1,False,cluster_1,1532,user_run_0841,user_standardized_l2_cosine,standardized_l2,cosine,0.462779,128,15.0
2755,3547,1,False,cluster_1,1532,user_run_0841,user_standardized_l2_cosine,standardized_l2,cosine,0.462779,128,15.0
2756,3550,1,False,cluster_1,1532,user_run_0841,user_standardized_l2_cosine,standardized_l2,cosine,0.462779,128,15.0
2757,3551,0,False,cluster_0,1279,user_run_0841,user_standardized_l2_cosine,standardized_l2,cosine,0.462779,128,15.0
2758,3553,0,False,cluster_0,1279,user_run_0841,user_standardized_l2_cosine,standardized_l2,cosine,0.462779,128,15.0
2759,3555,-1,True,noise,1911,user_run_0841,user_standardized_l2_cosine,standardized_l2,cosine,0.462779,128,15.0
2760,3556,1,False,cluster_1,1532,user_run_0841,user_standardized_l2_cosine,standardized_l2,cosine,0.462779,128,15.0
2761,3557,-1,True,noise,1911,user_run_0841,user_standardized_l2_cosine,standardized_l2,cosine,0.462779,128,15.0
2762,3558,0,False,cluster_0,1279,user_run_0841,user_standardized_l2_cosine,standardized_l2,cosine,0.462779,128,15.0
2763,3559,-1,True,noise,1911,user_run_0841,user_standardized_l2_cosine,standardized_l2,cosine,0.462779,128,15.0
2764,3560,1,False,cluster_1,1532,user_run_0841,user_standardized_l2_cosine,standardized_l2,cosine,0.462779,128,15.0
2765,3561,-1,True,noise,1911,user_run_0841,user_standardized_l2_cosine,standardized_l2,cosine,0.462779,128,15.0
2766,3562,-1,True,noise,1911,user_run_0841,user_standardized_l2_cosine,standardized_l2,cosine,0.462779,128,15.0
2767,3563,-1,True,noise,1911,user_run_0841,user_standardized_l2_cosine,standardized_l2,cosine,0.462779,128,15.0
2768,3564,-1,True,noise,1911,user_run_0841,user_standardized_l2_cosine,standardized_l2,cosine,0.462779,128,15.0
2769,3565,-1,True,noise,1911,user_run_0841,user_standardized_l2_cosine,standardized_l2,cosine,0.462779,128,15.0
2770,3567,0,False,cluster_0,1279,user_run_0841,user_standardized_l2_cosine,standardized_l2,cosine,0.462779,128,15.0
2771,3568,1,False,cluster_1,1532,user_run_0841,user_standardized_l2_cosine,standardized_l2,cosine,0.462779,128,15.0
2772,3569,-1,True,noise,1911,user_run_0841,user_standardized_l2_cosine,standardized_l2,cosine,0.462779,128,15.0
2773,3571,-1,True,noise,1911,user_run_0841,user_standardized_l2_cosine,standardized_l2,cosine,0.462779,128,15.0
2774,3572,-1,True,noise,1911,user_run_0841,user_standardized_l2_cosine,standardized_l2,cosine,0.462779,128,15.0
2775,3574,1,False,cluster_1,1532,user_run_0841,user_standardized_l2_cosine,standardized_l2,cosine,0.462779,128,15.0
2776,3576,0,False,cluster_0,1279,user_run_0841,user_standardized_l2_cosine,standardized_l2,cosine,0.462779,128,15.0
2777,3577,0,False,cluster_0,1279,user_run_0841,user_standardized_l2_cosine,standardized_l2,cosine,0.462779,128,15.0
2778,3578,-1,True,noise,1911,user_run_0841,user_standardized_l2_cosine,standardized_l2,cosine,0.462779,128,15.0
2779,3579,-1,True,noise,1911,user_run_0841,user_standardized_l2_cosine,standardized_l2,cosine,0.462779,128,15.0
2780,3580,0,False,cluster_0,1279,user_run_0841,user_standardized_l2_cosine,standardized_l2,cosine,0.462779,128,15.0
2781,3582,0,False,cluster_0,1279,user_run_0841,user_standardized_l2_cosine,standardized_l2,cosine,0.462779,128,15.0
2782,3584,1,False,cluster_1,1532,user_run_0841,user_standardized_l2_cosine,standardized_l2,cosine,0.462779,128,15.0
2783,3585,-1,True,noise,1911,user_run_0841,user_standardized_l2_cosine,standardized_l2,cosine,0.462779,128,15.0
2784,3586,-1,True,noise,1911,user_run_0841,user_standardized_l2_cosine,standardized_l2,cosine,0.462779,128,15.0
2785,3587,0,False,cluster_0,1279,user_run_0841,user_standardized_l2_cosine,standardized_l2,cosine,0.462779,128,15.0
2786,3588,-1,True,noise,1911,user_run_0841,user_standardized_l2_cosine,standardized_l2,cosine,0.462779,128,15.0
2787,3589,0,False,cluster_0,1279,user_run_0841,user_standardized_l2_cosine,standardized_l2,cosine,0.462779,128,15.0
2788,3590,1,False,cluster_1,1532,user_run_0841,user_standardized_l2_cosine,standardized_l2,cosine,0.462779,128,15.0
2789,3591,-1,True,noise,1911,user_run_0841,user_standardized_l2_cosine,standardized_l2,cosine,0.462779,128,15.0
2790,3592,-1,True,noise,1911,user_run_0841,user_standardized_l2_cosine,standardized_l2,cosine,0.462779,128,15.0
2791,3593,-1,True,noise,1911,user_run_0841,user_standardized_l2_cosine,standardized_l2,cosine,0.462779,128,15.0
2792,3594,0,False,cluster_0,1279,user_run_0841,user_standardized_l2_cosine,standardized_l2,cosine,0.462779,128,15.0
2793,3596,-1,True,noise,1911,user_run_0841,user_standardized_l2_cosine,standardized_l2,cosine,0.462779,128,15.0
2794,3597,1,False,cluster_1,1532,user_run_0841,user_standardized_l2_cosine,standardized_l2,cosine,0.462779,128,15.0
2795,3599,0,False,cluster_0,1279,user_run_0841,user_standardized_l2_cosine,standardized_l2,cosine,0.462779,128,15.0
2796,3600,0,False,cluster_0,1279,user_run_0841,user_standardized_l2_cosine,standardized_l2,cosine,0.462779,128,15.0
2797,3601,1,False,cluster_1,1532,user_run_0841,user_standardized_l2_cosine,standardized_l2,cosine,0.462779,128,15.0
2798,3602,1,False,cluster_1,1532,user_run_0841,user_standardized_l2_cosine,standardized_l2,cosine,0.462779,128,15.0
2799,3603,0,False,cluster_0,1279,user_run_0841,user_standardized_l2_cosine,standardized_l2,cosine,0.462779,128,15.0
2800,3605,0,False,cluster_0,1279,user_run_0841,user_standardized_l2_cosine,standardized_l2,cosine,0.462779,128,15.0
2801,3607,0,False,cluster_0,1279,user_run_0841,user_standardized_l2_cosine,standardized_l2,cosine,0.462779,128,15.0
2802,3608,-1,True,noise,1911,user_run_0841,user_standardized_l2_cosine,standardized_l2,cosine,0.462779,128,15.0
2803,3609,1,False,cluster_1,1532,user_run_0841,user_standardized_l2_cosine,standardized_l2,cosine,0.462779,128,15.0
2804,3610,0,False,cluster_0,1279,user_run_0841,user_standardized_l2_cosine,standardized_l2,cosine,0.462779,128,15.0
2805,3611,-1,True,noise,1911,user_run_0841,user_standardized_l2_cosine,standardized_l2,cosine,0.462779,128,15.0
2806,3612,1,False,cluster_1,1532,user_run_0841,user_standardized_l2_cosine,standardized_l2,cosine,0.462779,128,15.0
2807,3613,-1,True,noise,1911,user_run_0841,user_standardized_l2_cosine,standardized_l2,cosine,0.462779,128,15.0
2808,3614,-1,True,noise,1911,user_run_0841,user_standardized_l2_cosine,standardized_l2,cosine,0.462779,128,15.0
2809,3615,-1,True,noise,1911,user_run_0841,user_standardized_l2_cosine,standardized_l2,cosine,0.462779,128,15.0
2810,3617,0,False,cluster_0,1279,user_run_0841,user_standardized_l2_cosine,standardized_l2,cosine,0.462779,128,15.0
2811,3618,0,False,cluster_0,1279,user_run_0841,user_standardized_l2_cosine,standardized_l2,cosine,0.462779,128,15.0
2812,3619,0,False,cluster_0,1279,user_run_0841,user_standardized_l2_cosine,standardized_l2,cosine,0.462779,128,15.0
2813,3620,0,False,cluster_0,1279,user_run_0841,user_standardized_l2_cosine,standardized_l2,cosine,0.462779,128,15.0
2814,3621,1,False,cluster_1,1532,user_run_0841,user_standardized_l2_cosine,standardized_l2,cosine,0.462779,128,15.0
2815,3622,-1,True,noise,1911,user_run_0841,user_standardized_l2_cosine,standardized_l2,cosine,0.462779,128,15.0
2816,3624,1,False,cluster_1,1532,user_run_0841,user_standardized_l2_cosine,standardized_l2,cosine,0.462779,128,15.0
2817,3625,0,False,cluster_0,1279,user_run_0841,user_standardized_l2_cosine,standardized_l2,cosine,0.462779,128,15.0
2818,3626,0,False,cluster_0,1279,user_run_0841,user_standardized_l2_cosine,standardized_l2,cosine,0.462779,128,15.0
2819,3629,-1,True,noise,1911,user_run_0841,user_standardized_l2_cosine,standardized_l2,cosine,0.462779,128,15.0
2820,3630,1,False,cluster_1,1532,user_run_0841,user_standardized_l2_cosine,standardized_l2,cosine,0.462779,128,15.0
2821,3631,-1,True,noise,1911,user_run_0841,user_standardized_l2_cosine,standardized_l2,cosine,0.462779,128,15.0
2822,3635,-1,True,noise,1911,user_run_0841,user_standardized_l2_cosine,standardized_l2,cosine,0.462779,128,15.0
2823,3637,-1,True,noise,1911,user_run_0841,user_standardized_l2_cosine,standardized_l2,cosine,0.462779,128,15.0
2824,3638,1,False,cluster_1,1532,user_run_0841,user_standardized_l2_cosine,standardized_l2,cosine,0.462779,128,15.0
2825,3639,0,False,cluster_0,1279,user_run_0841,user_standardized_l2_cosine,standardized_l2,cosine,0.462779,128,15.0
2826,3640,0,False,cluster_0,1279,user_run_0841,user_standardized_l2_cosine,standardized_l2,cosine,0.462779,128,15.0
2827,3641,1,False,cluster_1,1532,user_run_0841,user_standardized_l2_cosine,standardized_l2,cosine,0.462779,128,15.0
2828,3643,1,False,cluster_1,1532,user_run_0841,user_standardized_l2_cosine,standardized_l2,cosine,0.462779,128,15.0
2829,3644,0,False,cluster_0,1279,user_run_0841,user_standardized_l2_cosine,standardized_l2,cosine,0.462779,128,15.0
2830,3645,0,False,cluster_0,1279,user_run_0841,user_standardized_l2_cosine,standardized_l2,cosine,0.462779,128,15.0
2831,3646,-1,True,noise,1911,user_run_0841,user_standardized_l2_cosine,standardized_l2,cosine,0.462779,128,15.0
2832,3648,0,False,cluster_0,1279,user_run_0841,user_standardized_l2_cosine,standardized_l2,cosine,0.462779,128,15.0
2833,3649,0,False,cluster_0,1279,user_run_0841,user_standardized_l2_cosine,standardized_l2,cosine,0.462779,128,15.0
2834,3650,0,False,cluster_0,1279,user_run_0841,user_standardized_l2_cosine,standardized_l2,cosine,0.462779,128,15.0
2835,3651,1,False,cluster_1,1532,user_run_0841,user_standardized_l2_cosine,standardized_l2,cosine,0.462779,128,15.0
2836,3652,1,False,cluster_1,1532,user_run_0841,user_standardized_l2_cosine,standardized_l2,cosine,0.462779,128,15.0
2837,3653,-1,True,noise,1911,user_run_0841,user_standardized_l2_cosine,standardized_l2,cosine,0.462779,128,15.0
2838,3654,-1,True,noise,1911,user_run_0841,user_standardized_l2_cosine,standardized_l2,cosine,0.462779,128,15.0
2839,3656,-1,True,noise,1911,user_run_0841,user_standardized_l2_cosine,standardized_l2,cosine,0.462779,128,15.0
2840,3658,1,False,cluster_1,1532,user_run_0841,user_standardized_l2_cosine,standardized_l2,cosine,0.462779,128,15.0
2841,3659,-1,True,noise,1911,user_run_0841,user_standardized_l2_cosine,standardized_l2,cosine,0.462779,128,15.0
2842,3660,-1,True,noise,1911,user_run_0841,user_standardized_l2_cosine,standardized_l2,cosine,0.462779,128,15.0
2843,3661,-1,True,noise,1911,user_run_0841,user_standardized_l2_cosine,standardized_l2,cosine,0.462779,128,15.0
2844,3662,0,False,cluster_0,1279,user_run_0841,user_standardized_l2_cosine,standardized_l2,cosine,0.462779,128,15.0
2845,3663,0,False,cluster_0,1279,user_run_0841,user_standardized_l2_cosine,standardized_l2,cosine,0.462779,128,15.0
2846,3664,-1,True,noise,1911,user_run_0841,user_standardized_l2_cosine,standardized_l2,cosine,0.462779,128,15.0
2847,3665,-1,True,noise,1911,user_run_0841,user_standardized_l2_cosine,standardized_l2,cosine,0.462779,128,15.0
2848,3666,0,False,cluster_0,1279,user_run_0841,user_standardized_l2_cosine,standardized_l2,cosine,0.462779,128,15.0
2849,3667,0,False,cluster_0,1279,user_run_0841,user_standardized_l2_cosine,standardized_l2,cosine,0.462779,128,15.0
2850,3669,1,False,cluster_1,1532,user_run_0841,user_standardized_l2_cosine,standardized_l2,cosine,0.462779,128,15.0
2851,3670,0,False,cluster_0,1279,user_run_0841,user_standardized_l2_cosine,standardized_l2,cosine,0.462779,128,15.0
2852,3671,1,False,cluster_1,1532,user_run_0841,user_standardized_l2_cosine,standardized_l2,cosine,0.462779,128,15.0
2853,3672,0,False,cluster_0,1279,user_run_0841,user_standardized_l2_cosine,standardized_l2,cosine,0.462779,128,15.0
2854,3673,-1,True,noise,1911,user_run_0841,user_standardized_l2_cosine,standardized_l2,cosine,0.462779,128,15.0
2855,3674,1,False,cluster_1,1532,user_run_0841,user_standardized_l2_cosine,standardized_l2,cosine,0.462779,128,15.0
2856,3675,1,False,cluster_1,1532,user_run_0841,user_standardized_l2_cosine,standardized_l2,cosine,0.462779,128,15.0
2857,3676,1,False,cluster_1,1532,user_run_0841,user_standardized_l2_cosine,standardized_l2,cosine,0.462779,128,15.0
2858,3677,-1,True,noise,1911,user_run_0841,user_standardized_l2_cosine,standardized_l2,cosine,0.462779,128,15.0
2859,3678,-1,True,noise,1911,user_run_0841,user_standardized_l2_cosine,standardized_l2,cosine,0.462779,128,15.0
2860,3679,0,False,cluster_0,1279,user_run_0841,user_standardized_l2_cosine,standardized_l2,cosine,0.462779,128,15.0
2861,3680,-1,True,noise,1911,user_run_0841,user_standardized_l2_cosine,standardized_l2,cosine,0.462779,128,15.0
2862,3681,-1,True,noise,1911,user_run_0841,user_standardized_l2_cosine,standardized_l2,cosine,0.462779,128,15.0
2863,3682,-1,True,noise,1911,user_run_0841,user_standardized_l2_cosine,standardized_l2,cosine,0.462779,128,15.0
2864,3683,1,False,cluster_1,1532,user_run_0841,user_standardized_l2_cosine,standardized_l2,cosine,0.462779,128,15.0
2865,3684,0,False,cluster_0,1279,user_run_0841,user_standardized_l2_cosine,standardized_l2,cosine,0.462779,128,15.0
2866,3685,1,False,cluster_1,1532,user_run_0841,user_standardized_l2_cosine,standardized_l2,cosine,0.462779,128,15.0
2867,3686,-1,True,noise,1911,user_run_0841,user_standardized_l2_cosine,standardized_l2,cosine,0.462779,128,15.0
2868,3687,-1,True,noise,1911,user_run_0841,user_standardized_l2_cosine,standardized_l2,cosine,0.462779,128,15.0
2869,3688,-1,True,noise,1911,user_run_0841,user_standardized_l2_cosine,standardized_l2,cosine,0.462779,128,15.0
2870,3689,-1,True,noise,1911,user_run_0841,user_standardized_l2_cosine,standardized_l2,cosine,0.462779,128,15.0
2871,3690,1,False,cluster_1,1532,user_run_0841,user_standardized_l2_cosine,standardized_l2,cosine,0.462779,128,15.0
2872,3691,1,False,cluster_1,1532,user_run_0841,user_standardized_l2_cosine,standardized_l2,cosine,0.462779,128,15.0
2873,3692,1,False,cluster_1,1532,user_run_0841,user_standardized_l2_cosine,standardized_l2,cosine,0.462779,128,15.0
2874,3693,1,False,cluster_1,1532,user_run_0841,user_standardized_l2_cosine,standardized_l2,cosine,0.462779,128,15.0
2875,3694,0,False,cluster_0,1279,user_run_0841,user_standardized_l2_cosine,standardized_l2,cosine,0.462779,128,15.0
2876,3695,-1,True,noise,1911,user_run_0841,user_standardized_l2_cosine,standardized_l2,cosine,0.462779,128,15.0
2877,3696,1,False,cluster_1,1532,user_run_0841,user_standardized_l2_cosine,standardized_l2,cosine,0.462779,128,15.0
2878,3697,0,False,cluster_0,1279,user_run_0841,user_standardized_l2_cosine,standardized_l2,cosine,0.462779,128,15.0
2879,3698,-1,True,noise,1911,user_run_0841,user_standardized_l2_cosine,standardized_l2,cosine,0.462779,128,15.0
2880,3699,0,False,cluster_0,1279,user_run_0841,user_standardized_l2_cosine,standardized_l2,cosine,0.462779,128,15.0
2881,3700,0,False,cluster_0,1279,user_run_0841,user_standardized_l2_cosine,standardized_l2,cosine,0.462779,128,15.0
2882,3701,-1,True,noise,1911,user_run_0841,user_standardized_l2_cosine,standardized_l2,cosine,0.462779,128,15.0
2883,3702,1,False,cluster_1,1532,user_run_0841,user_standardized_l2_cosine,standardized_l2,cosine,0.462779,128,15.0
2884,3703,-1,True,noise,1911,user_run_0841,user_standardized_l2_cosine,standardized_l2,cosine,0.462779,128,15.0
2885,3704,1,False,cluster_1,1532,user_run_0841,user_standardized_l2_cosine,standardized_l2,cosine,0.462779,128,15.0
2886,3705,1,False,cluster_1,1532,user_run_0841,user_standardized_l2_cosine,standardized_l2,cosine,0.462779,128,15.0
2887,3706,-1,True,noise,1911,user_run_0841,user_standardized_l2_cosine,standardized_l2,cosine,0.462779,128,15.0
2888,3707,-1,True,noise,1911,user_run_0841,user_standardized_l2_cosine,standardized_l2,cosine,0.462779,128,15.0
2889,3709,-1,True,noise,1911,user_run_0841,user_standardized_l2_cosine,standardized_l2,cosine,0.462779,128,15.0
2890,3710,-1,True,noise,1911,user_run_0841,user_standardized_l2_cosine,standardized_l2,cosine,0.462779,128,15.0
2891,3711,-1,True,noise,1911,user_run_0841,user_standardized_l2_cosine,standardized_l2,cosine,0.462779,128,15.0
2892,3712,0,False,cluster_0,1279,user_run_0841,user_standardized_l2_cosine,standardized_l2,cosine,0.462779,128,15.0
2893,3713,0,False,cluster_0,1279,user_run_0841,user_standardized_l2_cosine,standardized_l2,cosine,0.462779,128,15.0
2894,3714,0,False,cluster_0,1279,user_run_0841,user_standardized_l2_cosine,standardized_l2,cosine,0.462779,128,15.0
2895,3715,0,False,cluster_0,1279,user_run_0841,user_standardized_l2_cosine,standardized_l2,cosine,0.462779,128,15.0
2896,3716,0,False,cluster_0,1279,user_run_0841,user_standardized_l2_cosine,standardized_l2,cosine,0.462779,128,15.0
2897,3717,0,False,cluster_0,1279,user_run_0841,user_standardized_l2_cosine,standardized_l2,cosine,0.462779,128,15.0
2898,3718,1,False,cluster_1,1532,user_run_0841,user_standardized_l2_cosine,standardized_l2,cosine,0.462779,128,15.0
2899,3720,-1,True,noise,1911,user_run_0841,user_standardized_l2_cosine,standardized_l2,cosine,0.462779,128,15.0
2900,3721,-1,True,noise,1911,user_run_0841,user_standardized_l2_cosine,standardized_l2,cosine,0.462779,128,15.0
2901,3724,0,False,cluster_0,1279,user_run_0841,user_standardized_l2_cosine,standardized_l2,cosine,0.462779,128,15.0
2902,3726,1,False,cluster_1,1532,user_run_0841,user_standardized_l2_cosine,standardized_l2,cosine,0.462779,128,15.0
2903,3727,1,False,cluster_1,1532,user_run_0841,user_standardized_l2_cosine,standardized_l2,cosine,0.462779,128,15.0
2904,3728,0,False,cluster_0,1279,user_run_0841,user_standardized_l2_cosine,standardized_l2,cosine,0.462779,128,15.0
2905,3729,-1,True,noise,1911,user_run_0841,user_standardized_l2_cosine,standardized_l2,cosine,0.462779,128,15.0
2906,3731,-1,True,noise,1911,user_run_0841,user_standardized_l2_cosine,standardized_l2,cosine,0.462779,128,15.0
2907,3732,-1,True,noise,1911,user_run_0841,user_standardized_l2_cosine,standardized_l2,cosine,0.462779,128,15.0
2908,3733,1,False,cluster_1,1532,user_run_0841,user_standardized_l2_cosine,standardized_l2,cosine,0.462779,128,15.0
2909,3734,0,False,cluster_0,1279,user_run_0841,user_standardized_l2_cosine,standardized_l2,cosine,0.462779,128,15.0
2910,3735,1,False,cluster_1,1532,user_run_0841,user_standardized_l2_cosine,standardized_l2,cosine,0.462779,128,15.0
2911,3736,0,False,cluster_0,1279,user_run_0841,user_standardized_l2_cosine,standardized_l2,cosine,0.462779,128,15.0
2912,3737,1,False,cluster_1,1532,user_run_0841,user_standardized_l2_cosine,standardized_l2,cosine,0.462779,128,15.0
2913,3740,-1,True,noise,1911,user_run_0841,user_standardized_l2_cosine,standardized_l2,cosine,0.462779,128,15.0
2914,3741,1,False,cluster_1,1532,user_run_0841,user_standardized_l2_cosine,standardized_l2,cosine,0.462779,128,15.0
2915,3742,-1,True,noise,1911,user_run_0841,user_standardized_l2_cosine,standardized_l2,cosine,0.462779,128,15.0
2916,3745,-1,True,noise,1911,user_run_0841,user_standardized_l2_cosine,standardized_l2,cosine,0.462779,128,15.0
2917,3746,-1,True,noise,1911,user_run_0841,user_standardized_l2_cosine,standardized_l2,cosine,0.462779,128,15.0
2918,3747,0,False,cluster_0,1279,user_run_0841,user_standardized_l2_cosine,standardized_l2,cosine,0.462779,128,15.0
2919,3749,1,False,cluster_1,1532,user_run_0841,user_standardized_l2_cosine,standardized_l2,cosine,0.462779,128,15.0
2920,3751,0,False,cluster_0,1279,user_run_0841,user_standardized_l2_cosine,standardized_l2,cosine,0.462779,128,15.0
2921,3752,-1,True,noise,1911,user_run_0841,user_standardized_l2_cosine,standardized_l2,cosine,0.462779,128,15.0
2922,3753,0,False,cluster_0,1279,user_run_0841,user_standardized_l2_cosine,standardized_l2,cosine,0.462779,128,15.0
2923,3754,1,False,cluster_1,1532,user_run_0841,user_standardized_l2_cosine,standardized_l2,cosine,0.462779,128,15.0
2924,3755,-1,True,noise,1911,user_run_0841,user_standardized_l2_cosine,standardized_l2,cosine,0.462779,128,15.0
2925,3756,0,False,cluster_0,1279,user_run_0841,user_standardized_l2_cosine,standardized_l2,cosine,0.462779,128,15.0
2926,3757,-1,True,noise,1911,user_run_0841,user_standardized_l2_cosine,standardized_l2,cosine,0.462779,128,15.0
2927,3758,1,False,cluster_1,1532,user_run_0841,user_standardized_l2_cosine,standardized_l2,cosine,0.462779,128,15.0
2928,3759,0,False,cluster_0,1279,user_run_0841,user_standardized_l2_cosine,standardized_l2,cosine,0.462779,128,15.0
2929,3760,0,False,cluster_0,1279,user_run_0841,user_standardized_l2_cosine,standardized_l2,cosine,0.462779,128,15.0
2930,3761,-1,True,noise,1911,user_run_0841,user_standardized_l2_cosine,standardized_l2,cosine,0.462779,128,15.0
2931,3762,-1,True,noise,1911,user_run_0841,user_standardized_l2_cosine,standardized_l2,cosine,0.462779,128,15.0
2932,3763,-1,True,noise,1911,user_run_0841,user_standardized_l2_cosine,standardized_l2,cosine,0.462779,128,15.0
2933,3766,0,False,cluster_0,1279,user_run_0841,user_standardized_l2_cosine,standardized_l2,cosine,0.462779,128,15.0
2934,3767,-1,True,noise,1911,user_run_0841,user_standardized_l2_cosine,standardized_l2,cosine,0.462779,128,15.0
2935,3768,1,False,cluster_1,1532,user_run_0841,user_standardized_l2_cosine,standardized_l2,cosine,0.462779,128,15.0
2936,3769,1,False,cluster_1,1532,user_run_0841,user_standardized_l2_cosine,standardized_l2,cosine,0.462779,128,15.0
2937,3770,1,False,cluster_1,1532,user_run_0841,user_standardized_l2_cosine,standardized_l2,cosine,0.462779,128,15.0
2938,3771,0,False,cluster_0,1279,user_run_0841,user_standardized_l2_cosine,standardized_l2,cosine,0.462779,128,15.0
2939,3772,0,False,cluster_0,1279,user_run_0841,user_standardized_l2_cosine,standardized_l2,cosine,0.462779,128,15.0
2940,3773,-1,True,noise,1911,user_run_0841,user_standardized_l2_cosine,standardized_l2,cosine,0.462779,128,15.0
2941,3774,1,False,cluster_1,1532,user_run_0841,user_standardized_l2_cosine,standardized_l2,cosine,0.462779,128,15.0
2942,3775,-1,True,noise,1911,user_run_0841,user_standardized_l2_cosine,standardized_l2,cosine,0.462779,128,15.0
2943,3776,-1,True,noise,1911,user_run_0841,user_standardized_l2_cosine,standardized_l2,cosine,0.462779,128,15.0
2944,3777,1,False,cluster_1,1532,user_run_0841,user_standardized_l2_cosine,standardized_l2,cosine,0.462779,128,15.0
2945,3778,0,False,cluster_0,1279,user_run_0841,user_standardized_l2_cosine,standardized_l2,cosine,0.462779,128,15.0
2946,3779,1,False,cluster_1,1532,user_run_0841,user_standardized_l2_cosine,standardized_l2,cosine,0.462779,128,15.0
2947,3780,-1,True,noise,1911,user_run_0841,user_standardized_l2_cosine,standardized_l2,cosine,0.462779,128,15.0
2948,3781,-1,True,noise,1911,user_run_0841,user_standardized_l2_cosine,standardized_l2,cosine,0.462779,128,15.0
2949,3782,1,False,cluster_1,1532,user_run_0841,user_standardized_l2_cosine,standardized_l2,cosine,0.462779,128,15.0
2950,3784,-1,True,noise,1911,user_run_0841,user_standardized_l2_cosine,standardized_l2,cosine,0.462779,128,15.0
2951,3786,-1,True,noise,1911,user_run_0841,user_standardized_l2_cosine,standardized_l2,cosine,0.462779,128,15.0
2952,3789,1,False,cluster_1,1532,user_run_0841,user_standardized_l2_cosine,standardized_l2,cosine,0.462779,128,15.0
2953,3790,1,False,cluster_1,1532,user_run_0841,user_standardized_l2_cosine,standardized_l2,cosine,0.462779,128,15.0
2954,3791,-1,True,noise,1911,user_run_0841,user_standardized_l2_cosine,standardized_l2,cosine,0.462779,128,15.0
2955,3792,0,False,cluster_0,1279,user_run_0841,user_standardized_l2_cosine,standardized_l2,cosine,0.462779,128,15.0
2956,3793,0,False,cluster_0,1279,user_run_0841,user_standardized_l2_cosine,standardized_l2,cosine,0.462779,128,15.0
2957,3794,1,False,cluster_1,1532,user_run_0841,user_standardized_l2_cosine,standardized_l2,cosine,0.462779,128,15.0
2958,3796,-1,True,noise,1911,user_run_0841,user_standardized_l2_cosine,standardized_l2,cosine,0.462779,128,15.0
2959,3799,0,False,cluster_0,1279,user_run_0841,user_standardized_l2_cosine,standardized_l2,cosine,0.462779,128,15.0
2960,3800,0,False,cluster_0,1279,user_run_0841,user_standardized_l2_cosine,standardized_l2,cosine,0.462779,128,15.0
2961,3801,-1,True,noise,1911,user_run_0841,user_standardized_l2_cosine,standardized_l2,cosine,0.462779,128,15.0
2962,3804,1,False,cluster_1,1532,user_run_0841,user_standardized_l2_cosine,standardized_l2,cosine,0.462779,128,15.0
2963,3806,-1,True,noise,1911,user_run_0841,user_standardized_l2_cosine,standardized_l2,cosine,0.462779,128,15.0
2964,3807,0,False,cluster_0,1279,user_run_0841,user_standardized_l2_cosine,standardized_l2,cosine,0.462779,128,15.0
2965,3808,0,False,cluster_0,1279,user_run_0841,user_standardized_l2_cosine,standardized_l2,cosine,0.462779,128,15.0
2966,3809,-1,True,noise,1911,user_run_0841,user_standardized_l2_cosine,standardized_l2,cosine,0.462779,128,15.0
2967,3810,0,False,cluster_0,1279,user_run_0841,user_standardized_l2_cosine,standardized_l2,cosine,0.462779,128,15.0
2968,3811,-1,True,noise,1911,user_run_0841,user_standardized_l2_cosine,standardized_l2,cosine,0.462779,128,15.0
2969,3812,1,False,cluster_1,1532,user_run_0841,user_standardized_l2_cosine,standardized_l2,cosine,0.462779,128,15.0
2970,3813,1,False,cluster_1,1532,user_run_0841,user_standardized_l2_cosine,standardized_l2,cosine,0.462779,128,15.0
2971,3815,-1,True,noise,1911,user_run_0841,user_standardized_l2_cosine,standardized_l2,cosine,0.462779,128,15.0
2972,3816,-1,True,noise,1911,user_run_0841,user_standardized_l2_cosine,standardized_l2,cosine,0.462779,128,15.0
2973,3817,0,False,cluster_0,1279,user_run_0841,user_standardized_l2_cosine,standardized_l2,cosine,0.462779,128,15.0
2974,3818,-1,True,noise,1911,user_run_0841,user_standardized_l2_cosine,standardized_l2,cosine,0.462779,128,15.0
2975,3819,0,False,cluster_0,1279,user_run_0841,user_standardized_l2_cosine,standardized_l2,cosine,0.462779,128,15.0
2976,3820,-1,True,noise,1911,user_run_0841,user_standardized_l2_cosine,standardized_l2,cosine,0.462779,128,15.0
2977,3821,1,False,cluster_1,1532,user_run_0841,user_standardized_l2_cosine,standardized_l2,cosine,0.462779,128,15.0
2978,3822,-1,True,noise,1911,user_run_0841,user_standardized_l2_cosine,standardized_l2,cosine,0.462779,128,15.0
2979,3823,0,False,cluster_0,1279,user_run_0841,user_standardized_l2_cosine,standardized_l2,cosine,0.462779,128,15.0
2980,3824,-1,True,noise,1911,user_run_0841,user_standardized_l2_cosine,standardized_l2,cosine,0.462779,128,15.0
2981,3825,1,False,cluster_1,1532,user_run_0841,user_standardized_l2_cosine,standardized_l2,cosine,0.462779,128,15.0
2982,3827,-1,True,noise,1911,user_run_0841,user_standardized_l2_cosine,standardized_l2,cosine,0.462779,128,15.0
2983,3828,1,False,cluster_1,1532,user_run_0841,user_standardized_l2_cosine,standardized_l2,cosine,0.462779,128,15.0
2984,3829,1,False,cluster_1,1532,user_run_0841,user_standardized_l2_cosine,standardized_l2,cosine,0.462779,128,15.0
2985,3830,-1,True,noise,1911,user_run_0841,user_standardized_l2_cosine,standardized_l2,cosine,0.462779,128,15.0
2986,3831,-1,True,noise,1911,user_run_0841,user_standardized_l2_cosine,standardized_l2,cosine,0.462779,128,15.0
2987,3832,1,False,cluster_1,1532,user_run_0841,user_standardized_l2_cosine,standardized_l2,cosine,0.462779,128,15.0
2988,3833,-1,True,noise,1911,user_run_0841,user_standardized_l2_cosine,standardized_l2,cosine,0.462779,128,15.0
2989,3834,0,False,cluster_0,1279,user_run_0841,user_standardized_l2_cosine,standardized_l2,cosine,0.462779,128,15.0
2990,3835,0,False,cluster_0,1279,user_run_0841,user_standardized_l2_cosine,standardized_l2,cosine,0.462779,128,15.0
2991,3836,0,False,cluster_0,1279,user_run_0841,user_standardized_l2_cosine,standardized_l2,cosine,0.462779,128,15.0
2992,3837,1,False,cluster_1,1532,user_run_0841,user_standardized_l2_cosine,standardized_l2,cosine,0.462779,128,15.0
2993,3839,0,False,cluster_0,1279,user_run_0841,user_standardized_l2_cosine,standardized_l2,cosine,0.462779,128,15.0
2994,3840,0,False,cluster_0,1279,user_run_0841,user_standardized_l2_cosine,standardized_l2,cosine,0.462779,128,15.0
2995,3841,1,False,cluster_1,1532,user_run_0841,user_standardized_l2_cosine,standardized_l2,cosine,0.462779,128,15.0
2996,3842,-1,True,noise,1911,user_run_0841,user_standardized_l2_cosine,standardized_l2,cosine,0.462779,128,15.0
2997,3843,0,False,cluster_0,1279,user_run_0841,user_standardized_l2_cosine,standardized_l2,cosine,0.462779,128,15.0
2998,3844,-1,True,noise,1911,user_run_0841,user_standardized_l2_cosine,standardized_l2,cosine,0.462779,128,15.0
2999,3845,1,False,cluster_1,1532,user_run_0841,user_standardized_l2_cosine,standardized_l2,cosine,0.462779,128,15.0
3000,3846,1,False,cluster_1,1532,user_run_0841,user_standardized_l2_cosine,standardized_l2,cosine,0.462779,128,15.0
3001,3847,-1,True,noise,1911,user_run_0841,user_standardized_l2_cosine,standardized_l2,cosine,0.462779,128,15.0
3002,3848,1,False,cluster_1,1532,user_run_0841,user_standardized_l2_cosine,standardized_l2,cosine,0.462779,128,15.0
3003,3849,0,False,cluster_0,1279,user_run_0841,user_standardized_l2_cosine,standardized_l2,cosine,0.462779,128,15.0
3004,3850,-1,True,noise,1911,user_run_0841,user_standardized_l2_cosine,standardized_l2,cosine,0.462779,128,15.0
3005,3851,1,False,cluster_1,1532,user_run_0841,user_standardized_l2_cosine,standardized_l2,cosine,0.462779,128,15.0
3006,3852,1,False,cluster_1,1532,user_run_0841,user_standardized_l2_cosine,standardized_l2,cosine,0.462779,128,15.0
3007,3853,1,False,cluster_1,1532,user_run_0841,user_standardized_l2_cosine,standardized_l2,cosine,0.462779,128,15.0
3008,3854,-1,True,noise,1911,user_run_0841,user_standardized_l2_cosine,standardized_l2,cosine,0.462779,128,15.0
3009,3855,1,False,cluster_1,1532,user_run_0841,user_standardized_l2_cosine,standardized_l2,cosine,0.462779,128,15.0
3010,3856,-1,True,noise,1911,user_run_0841,user_standardized_l2_cosine,standardized_l2,cosine,0.462779,128,15.0
3011,3857,0,False,cluster_0,1279,user_run_0841,user_standardized_l2_cosine,standardized_l2,cosine,0.462779,128,15.0
3012,3858,0,False,cluster_0,1279,user_run_0841,user_standardized_l2_cosine,standardized_l2,cosine,0.462779,128,15.0
3013,3859,0,False,cluster_0,1279,user_run_0841,user_standardized_l2_cosine,standardized_l2,cosine,0.462779,128,15.0
3014,3860,-1,True,noise,1911,user_run_0841,user_standardized_l2_cosine,standardized_l2,cosine,0.462779,128,15.0
3015,3861,-1,True,noise,1911,user_run_0841,user_standardized_l2_cosine,standardized_l2,cosine,0.462779,128,15.0
3016,3864,-1,True,noise,1911,user_run_0841,user_standardized_l2_cosine,standardized_l2,cosine,0.462779,128,15.0
3017,3865,1,False,cluster_1,1532,user_run_0841,user_standardized_l2_cosine,standardized_l2,cosine,0.462779,128,15.0
3018,3866,0,False,cluster_0,1279,user_run_0841,user_standardized_l2_cosine,standardized_l2,cosine,0.462779,128,15.0
3019,3867,-1,True,noise,1911,user_run_0841,user_standardized_l2_cosine,standardized_l2,cosine,0.462779,128,15.0
3020,3868,1,False,cluster_1,1532,user_run_0841,user_standardized_l2_cosine,standardized_l2,cosine,0.462779,128,15.0
3021,3869,0,False,cluster_0,1279,user_run_0841,user_standardized_l2_cosine,standardized_l2,cosine,0.462779,128,15.0
3022,3871,1,False,cluster_1,1532,user_run_0841,user_standardized_l2_cosine,standardized_l2,cosine,0.462779,128,15.0
3023,3872,-1,True,noise,1911,user_run_0841,user_standardized_l2_cosine,standardized_l2,cosine,0.462779,128,15.0
3024,3873,-1,True,noise,1911,user_run_0841,user_standardized_l2_cosine,standardized_l2,cosine,0.462779,128,15.0
3025,3874,0,False,cluster_0,1279,user_run_0841,user_standardized_l2_cosine,standardized_l2,cosine,0.462779,128,15.0
3026,3876,-1,True,noise,1911,user_run_0841,user_standardized_l2_cosine,standardized_l2,cosine,0.462779,128,15.0
3027,3878,1,False,cluster_1,1532,user_run_0841,user_standardized_l2_cosine,standardized_l2,cosine,0.462779,128,15.0
3028,3879,0,False,cluster_0,1279,user_run_0841,user_standardized_l2_cosine,standardized_l2,cosine,0.462779,128,15.0
3029,3880,0,False,cluster_0,1279,user_run_0841,user_standardized_l2_cosine,standardized_l2,cosine,0.462779,128,15.0
3030,3881,0,False,cluster_0,1279,user_run_0841,user_standardized_l2_cosine,standardized_l2,cosine,0.462779,128,15.0
3031,3882,-1,True,noise,1911,user_run_0841,user_standardized_l2_cosine,standardized_l2,cosine,0.462779,128,15.0
3032,3884,1,False,cluster_1,1532,user_run_0841,user_standardized_l2_cosine,standardized_l2,cosine,0.462779,128,15.0
3033,3885,1,False,cluster_1,1532,user_run_0841,user_standardized_l2_cosine,standardized_l2,cosine,0.462779,128,15.0
3034,3886,-1,True,noise,1911,user_run_0841,user_standardized_l2_cosine,standardized_l2,cosine,0.462779,128,15.0
3035,3887,1,False,cluster_1,1532,user_run_0841,user_standardized_l2_cosine,standardized_l2,cosine,0.462779,128,15.0
3036,3888,1,False,cluster_1,1532,user_run_0841,user_standardized_l2_cosine,standardized_l2,cosine,0.462779,128,15.0
3037,3889,1,False,cluster_1,1532,user_run_0841,user_standardized_l2_cosine,standardized_l2,cosine,0.462779,128,15.0
3038,3890,0,False,cluster_0,1279,user_run_0841,user_standardized_l2_cosine,standardized_l2,cosine,0.462779,128,15.0
3039,3891,1,False,cluster_1,1532,user_run_0841,user_standardized_l2_cosine,standardized_l2,cosine,0.462779,128,15.0
3040,3892,1,False,cluster_1,1532,user_run_0841,user_standardized_l2_cosine,standardized_l2,cosine,0.462779,128,15.0
3041,3893,-1,True,noise,1911,user_run_0841,user_standardized_l2_cosine,standardized_l2,cosine,0.462779,128,15.0
3042,3894,-1,True,noise,1911,user_run_0841,user_standardized_l2_cosine,standardized_l2,cosine,0.462779,128,15.0
3043,3895,-1,True,noise,1911,user_run_0841,user_standardized_l2_cosine,standardized_l2,cosine,0.462779,128,15.0
3044,3896,0,False,cluster_0,1279,user_run_0841,user_standardized_l2_cosine,standardized_l2,cosine,0.462779,128,15.0
3045,3898,1,False,cluster_1,1532,user_run_0841,user_standardized_l2_cosine,standardized_l2,cosine,0.462779,128,15.0
3046,3899,1,False,cluster_1,1532,user_run_0841,user_standardized_l2_cosine,standardized_l2,cosine,0.462779,128,15.0
3047,3900,0,False,cluster_0,1279,user_run_0841,user_standardized_l2_cosine,standardized_l2,cosine,0.462779,128,15.0
3048,3901,-1,True,noise,1911,user_run_0841,user_standardized_l2_cosine,standardized_l2,cosine,0.462779,128,15.0
3049,3902,0,False,cluster_0,1279,user_run_0841,user_standardized_l2_cosine,standardized_l2,cosine,0.462779,128,15.0
3050,3903,-1,True,noise,1911,user_run_0841,user_standardized_l2_cosine,standardized_l2,cosine,0.462779,128,15.0
3051,3904,0,False,cluster_0,1279,user_run_0841,user_standardized_l2_cosine,standardized_l2,cosine,0.462779,128,15.0
3052,3905,1,False,cluster_1,1532,user_run_0841,user_standardized_l2_cosine,standardized_l2,cosine,0.462779,128,15.0
3053,3906,1,False,cluster_1,1532,user_run_0841,user_standardized_l2_cosine,standardized_l2,cosine,0.462779,128,15.0
3054,3907,1,False,cluster_1,1532,user_run_0841,user_standardized_l2_cosine,standardized_l2,cosine,0.462779,128,15.0
3055,3908,-1,True,noise,1911,user_run_0841,user_standardized_l2_cosine,standardized_l2,cosine,0.462779,128,15.0
3056,3909,1,False,cluster_1,1532,user_run_0841,user_standardized_l2_cosine,standardized_l2,cosine,0.462779,128,15.0
3057,3910,1,False,cluster_1,1532,user_run_0841,user_standardized_l2_cosine,standardized_l2,cosine,0.462779,128,15.0
3058,3912,-1,True,noise,1911,user_run_0841,user_standardized_l2_cosine,standardized_l2,cosine,0.462779,128,15.0
3059,3913,0,False,cluster_0,1279,user_run_0841,user_standardized_l2_cosine,standardized_l2,cosine,0.462779,128,15.0
3060,3914,-1,True,noise,1911,user_run_0841,user_standardized_l2_cosine,standardized_l2,cosine,0.462779,128,15.0
3061,3916,1,False,cluster_1,1532,user_run_0841,user_standardized_l2_cosine,standardized_l2,cosine,0.462779,128,15.0
3062,3917,-1,True,noise,1911,user_run_0841,user_standardized_l2_cosine,standardized_l2,cosine,0.462779,128,15.0
3063,3919,0,False,cluster_0,1279,user_run_0841,user_standardized_l2_cosine,standardized_l2,cosine,0.462779,128,15.0
3064,3920,0,False,cluster_0,1279,user_run_0841,user_standardized_l2_cosine,standardized_l2,cosine,0.462779,128,15.0
3065,3921,1,False,cluster_1,1532,user_run_0841,user_standardized_l2_cosine,standardized_l2,cosine,0.462779,128,15.0
3066,3922,-1,True,noise,1911,user_run_0841,user_standardized_l2_cosine,standardized_l2,cosine,0.462779,128,15.0
3067,3923,-1,True,noise,1911,user_run_0841,user_standardized_l2_cosine,standardized_l2,cosine,0.462779,128,15.0
3068,3924,1,False,cluster_1,1532,user_run_0841,user_standardized_l2_cosine,standardized_l2,cosine,0.462779,128,15.0
3069,3925,1,False,cluster_1,1532,user_run_0841,user_standardized_l2_cosine,standardized_l2,cosine,0.462779,128,15.0
3070,3926,1,False,cluster_1,1532,user_run_0841,user_standardized_l2_cosine,standardized_l2,cosine,0.462779,128,15.0
3071,3927,0,False,cluster_0,1279,user_run_0841,user_standardized_l2_cosine,standardized_l2,cosine,0.462779,128,15.0
3072,3929,0,False,cluster_0,1279,user_run_0841,user_standardized_l2_cosine,standardized_l2,cosine,0.462779,128,15.0
3073,3930,1,False,cluster_1,1532,user_run_0841,user_standardized_l2_cosine,standardized_l2,cosine,0.462779,128,15.0
3074,3931,-1,True,noise,1911,user_run_0841,user_standardized_l2_cosine,standardized_l2,cosine,0.462779,128,15.0
3075,3934,-1,True,noise,1911,user_run_0841,user_standardized_l2_cosine,standardized_l2,cosine,0.462779,128,15.0
3076,3935,-1,True,noise,1911,user_run_0841,user_standardized_l2_cosine,standardized_l2,cosine,0.462779,128,15.0
3077,3937,-1,True,noise,1911,user_run_0841,user_standardized_l2_cosine,standardized_l2,cosine,0.462779,128,15.0
3078,3938,1,False,cluster_1,1532,user_run_0841,user_standardized_l2_cosine,standardized_l2,cosine,0.462779,128,15.0
3079,3940,-1,True,noise,1911,user_run_0841,user_standardized_l2_cosine,standardized_l2,cosine,0.462779,128,15.0
3080,3941,-1,True,noise,1911,user_run_0841,user_standardized_l2_cosine,standardized_l2,cosine,0.462779,128,15.0
3081,3942,1,False,cluster_1,1532,user_run_0841,user_standardized_l2_cosine,standardized_l2,cosine,0.462779,128,15.0
3082,3943,-1,True,noise,1911,user_run_0841,user_standardized_l2_cosine,standardized_l2,cosine,0.462779,128,15.0
3083,3944,-1,True,noise,1911,user_run_0841,user_standardized_l2_cosine,standardized_l2,cosine,0.462779,128,15.0
3084,3945,-1,True,noise,1911,user_run_0841,user_standardized_l2_cosine,standardized_l2,cosine,0.462779,128,15.0
3085,3946,-1,True,noise,1911,user_run_0841,user_standardized_l2_cosine,standardized_l2,cosine,0.462779,128,15.0
3086,3947,1,False,cluster_1,1532,user_run_0841,user_standardized_l2_cosine,standardized_l2,cosine,0.462779,128,15.0
3087,3948,-1,True,noise,1911,user_run_0841,user_standardized_l2_cosine,standardized_l2,cosine,0.462779,128,15.0
3088,3949,-1,True,noise,1911,user_run_0841,user_standardized_l2_cosine,standardized_l2,cosine,0.462779,128,15.0
3089,3950,0,False,cluster_0,1279,user_run_0841,user_standardized_l2_cosine,standardized_l2,cosine,0.462779,128,15.0
3090,3951,0,False,cluster_0,1279,user_run_0841,user_standardized_l2_cosine,standardized_l2,cosine,0.462779,128,15.0
3091,3952,0,False,cluster_0,1279,user_run_0841,user_standardized_l2_cosine,standardized_l2,cosine,0.462779,128,15.0
3092,3953,-1,True,noise,1911,user_run_0841,user_standardized_l2_cosine,standardized_l2,cosine,0.462779,128,15.0
3093,3954,1,False,cluster_1,1532,user_run_0841,user_standardized_l2_cosine,standardized_l2,cosine,0.462779,128,15.0
3094,3955,0,False,cluster_0,1279,user_run_0841,user_standardized_l2_cosine,standardized_l2,cosine,0.462779,128,15.0
3095,3957,-1,True,noise,1911,user_run_0841,user_standardized_l2_cosine,standardized_l2,cosine,0.462779,128,15.0
3096,3958,-1,True,noise,1911,user_run_0841,user_standardized_l2_cosine,standardized_l2,cosine,0.462779,128,15.0
3097,3961,1,False,cluster_1,1532,user_run_0841,user_standardized_l2_cosine,standardized_l2,cosine,0.462779,128,15.0
3098,3962,0,False,cluster_0,1279,user_run_0841,user_standardized_l2_cosine,standardized_l2,cosine,0.462779,128,15.0
3099,3963,-1,True,noise,1911,user_run_0841,user_standardized_l2_cosine,standardized_l2,cosine,0.462779,128,15.0
3100,3964,0,False,cluster_0,1279,user_run_0841,user_standardized_l2_cosine,standardized_l2,cosine,0.462779,128,15.0
3101,3965,0,False,cluster_0,1279,user_run_0841,user_standardized_l2_cosine,standardized_l2,cosine,0.462779,128,15.0
3102,3966,0,False,cluster_0,1279,user_run_0841,user_standardized_l2_cosine,standardized_l2,cosine,0.462779,128,15.0
3103,3967,-1,True,noise,1911,user_run_0841,user_standardized_l2_cosine,standardized_l2,cosine,0.462779,128,15.0
3104,3968,-1,True,noise,1911,user_run_0841,user_standardized_l2_cosine,standardized_l2,cosine,0.462779,128,15.0
3105,3970,0,False,cluster_0,1279,user_run_0841,user_standardized_l2_cosine,standardized_l2,cosine,0.462779,128,15.0
3106,3971,-1,True,noise,1911,user_run_0841,user_standardized_l2_cosine,standardized_l2,cosine,0.462779,128,15.0
3107,3973,1,False,cluster_1,1532,user_run_0841,user_standardized_l2_cosine,standardized_l2,cosine,0.462779,128,15.0
3108,3974,-1,True,noise,1911,user_run_0841,user_standardized_l2_cosine,standardized_l2,cosine,0.462779,128,15.0
3109,3975,0,False,cluster_0,1279,user_run_0841,user_standardized_l2_cosine,standardized_l2,cosine,0.462779,128,15.0
3110,3976,1,False,cluster_1,1532,user_run_0841,user_standardized_l2_cosine,standardized_l2,cosine,0.462779,128,15.0
3111,3978,1,False,cluster_1,1532,user_run_0841,user_standardized_l2_cosine,standardized_l2,cosine,0.462779,128,15.0
3112,3979,0,False,cluster_0,1279,user_run_0841,user_standardized_l2_cosine,standardized_l2,cosine,0.462779,128,15.0
3113,3980,1,False,cluster_1,1532,user_run_0841,user_standardized_l2_cosine,standardized_l2,cosine,0.462779,128,15.0
3114,3981,-1,True,noise,1911,user_run_0841,user_standardized_l2_cosine,standardized_l2,cosine,0.462779,128,15.0
3115,3982,0,False,cluster_0,1279,user_run_0841,user_standardized_l2_cosine,standardized_l2,cosine,0.462779,128,15.0
3116,3983,1,False,cluster_1,1532,user_run_0841,user_standardized_l2_cosine,standardized_l2,cosine,0.462779,128,15.0
3117,3984,0,False,cluster_0,1279,user_run_0841,user_standardized_l2_cosine,standardized_l2,cosine,0.462779,128,15.0
3118,3985,-1,True,noise,1911,user_run_0841,user_standardized_l2_cosine,standardized_l2,cosine,0.462779,128,15.0
3119,3986,-1,True,noise,1911,user_run_0841,user_standardized_l2_cosine,standardized_l2,cosine,0.462779,128,15.0
3120,3987,-1,True,noise,1911,user_run_0841,user_standardized_l2_cosine,standardized_l2,cosine,0.462779,128,15.0
3121,3988,-1,True,noise,1911,user_run_0841,user_standardized_l2_cosine,standardized_l2,cosine,0.462779,128,15.0
3122,3989,1,False,cluster_1,1532,user_run_0841,user_standardized_l2_cosine,standardized_l2,cosine,0.462779,128,15.0
3123,3990,-1,True,noise,1911,user_run_0841,user_standardized_l2_cosine,standardized_l2,cosine,0.462779,128,15.0
3124,3991,1,False,cluster_1,1532,user_run_0841,user_standardized_l2_cosine,standardized_l2,cosine,0.462779,128,15.0
3125,3992,0,False,cluster_0,1279,user_run_0841,user_standardized_l2_cosine,standardized_l2,cosine,0.462779,128,15.0
3126,3993,0,False,cluster_0,1279,user_run_0841,user_standardized_l2_cosine,standardized_l2,cosine,0.462779,128,15.0
3127,3994,-1,True,noise,1911,user_run_0841,user_standardized_l2_cosine,standardized_l2,cosine,0.462779,128,15.0
3128,3995,-1,True,noise,1911,user_run_0841,user_standardized_l2_cosine,standardized_l2,cosine,0.462779,128,15.0
3129,3996,-1,True,noise,1911,user_run_0841,user_standardized_l2_cosine,standardized_l2,cosine,0.462779,128,15.0
3130,3997,0,False,cluster_0,1279,user_run_0841,user_standardized_l2_cosine,standardized_l2,cosine,0.462779,128,15.0
3131,3998,-1,True,noise,1911,user_run_0841,user_standardized_l2_cosine,standardized_l2,cosine,0.462779,128,15.0
3132,3999,0,False,cluster_0,1279,user_run_0841,user_standardized_l2_cosine,standardized_l2,cosine,0.462779,128,15.0
3133,4000,-1,True,noise,1911,user_run_0841,user_standardized_l2_cosine,standardized_l2,cosine,0.462779,128,15.0
3134,4001,0,False,cluster_0,1279,user_run_0841,user_standardized_l2_cosine,standardized_l2,cosine,0.462779,128,15.0
3135,4002,1,False,cluster_1,1532,user_run_0841,user_standardized_l2_cosine,standardized_l2,cosine,0.462779,128,15.0
3136,4003,0,False,cluster_0,1279,user_run_0841,user_standardized_l2_cosine,standardized_l2,cosine,0.462779,128,15.0
3137,4004,-1,True,noise,1911,user_run_0841,user_standardized_l2_cosine,standardized_l2,cosine,0.462779,128,15.0
3138,4005,0,False,cluster_0,1279,user_run_0841,user_standardized_l2_cosine,standardized_l2,cosine,0.462779,128,15.0
3139,4006,0,False,cluster_0,1279,user_run_0841,user_standardized_l2_cosine,standardized_l2,cosine,0.462779,128,15.0
3140,4007,0,False,cluster_0,1279,user_run_0841,user_standardized_l2_cosine,standardized_l2,cosine,0.462779,128,15.0
3141,4009,-1,True,noise,1911,user_run_0841,user_standardized_l2_cosine,standardized_l2,cosine,0.462779,128,15.0
3142,4011,1,False,cluster_1,1532,user_run_0841,user_standardized_l2_cosine,standardized_l2,cosine,0.462779,128,15.0
3143,4012,-1,True,noise,1911,user_run_0841,user_standardized_l2_cosine,standardized_l2,cosine,0.462779,128,15.0
3144,4013,-1,True,noise,1911,user_run_0841,user_standardized_l2_cosine,standardized_l2,cosine,0.462779,128,15.0
3145,4014,-1,True,noise,1911,user_run_0841,user_standardized_l2_cosine,standardized_l2,cosine,0.462779,128,15.0
3146,4015,0,False,cluster_0,1279,user_run_0841,user_standardized_l2_cosine,standardized_l2,cosine,0.462779,128,15.0
3147,4016,0,False,cluster_0,1279,user_run_0841,user_standardized_l2_cosine,standardized_l2,cosine,0.462779,128,15.0
3148,4018,0,False,cluster_0,1279,user_run_0841,user_standardized_l2_cosine,standardized_l2,cosine,0.462779,128,15.0
3149,4020,1,False,cluster_1,1532,user_run_0841,user_standardized_l2_cosine,standardized_l2,cosine,0.462779,128,15.0
3150,4021,-1,True,noise,1911,user_run_0841,user_standardized_l2_cosine,standardized_l2,cosine,0.462779,128,15.0
3151,4022,0,False,cluster_0,1279,user_run_0841,user_standardized_l2_cosine,standardized_l2,cosine,0.462779,128,15.0
3152,4023,0,False,cluster_0,1279,user_run_0841,user_standardized_l2_cosine,standardized_l2,cosine,0.462779,128,15.0
3153,4024,1,False,cluster_1,1532,user_run_0841,user_standardized_l2_cosine,standardized_l2,cosine,0.462779,128,15.0
3154,4026,-1,True,noise,1911,user_run_0841,user_standardized_l2_cosine,standardized_l2,cosine,0.462779,128,15.0
3155,4027,1,False,cluster_1,1532,user_run_0841,user_standardized_l2_cosine,standardized_l2,cosine,0.462779,128,15.0
3156,4028,0,False,cluster_0,1279,user_run_0841,user_standardized_l2_cosine,standardized_l2,cosine,0.462779,128,15.0
3157,4029,1,False,cluster_1,1532,user_run_0841,user_standardized_l2_cosine,standardized_l2,cosine,0.462779,128,15.0
3158,4030,-1,True,noise,1911,user_run_0841,user_standardized_l2_cosine,standardized_l2,cosine,0.462779,128,15.0
3159,4031,1,False,cluster_1,1532,user_run_0841,user_standardized_l2_cosine,standardized_l2,cosine,0.462779,128,15.0
3160,4032,-1,True,noise,1911,user_run_0841,user_standardized_l2_cosine,standardized_l2,cosine,0.462779,128,15.0
3161,4033,1,False,cluster_1,1532,user_run_0841,user_standardized_l2_cosine,standardized_l2,cosine,0.462779,128,15.0
3162,4034,-1,True,noise,1911,user_run_0841,user_standardized_l2_cosine,standardized_l2,cosine,0.462779,128,15.0
3163,4035,0,False,cluster_0,1279,user_run_0841,user_standardized_l2_cosine,standardized_l2,cosine,0.462779,128,15.0
3164,4036,-1,True,noise,1911,user_run_0841,user_standardized_l2_cosine,standardized_l2,cosine,0.462779,128,15.0
3165,4037,0,False,cluster_0,1279,user_run_0841,user_standardized_l2_cosine,standardized_l2,cosine,0.462779,128,15.0
3166,4039,1,False,cluster_1,1532,user_run_0841,user_standardized_l2_cosine,standardized_l2,cosine,0.462779,128,15.0
3167,4040,1,False,cluster_1,1532,user_run_0841,user_standardized_l2_cosine,standardized_l2,cosine,0.462779,128,15.0
3168,4041,0,False,cluster_0,1279,user_run_0841,user_standardized_l2_cosine,standardized_l2,cosine,0.462779,128,15.0
3169,4042,1,False,cluster_1,1532,user_run_0841,user_standardized_l2_cosine,standardized_l2,cosine,0.462779,128,15.0
3170,4043,1,False,cluster_1,1532,user_run_0841,user_standardized_l2_cosine,standardized_l2,cosine,0.462779,128,15.0
3171,4044,0,False,cluster_0,1279,user_run_0841,user_standardized_l2_cosine,standardized_l2,cosine,0.462779,128,15.0
3172,4045,-1,True,noise,1911,user_run_0841,user_standardized_l2_cosine,standardized_l2,cosine,0.462779,128,15.0
3173,4047,0,False,cluster_0,1279,user_run_0841,user_standardized_l2_cosine,standardized_l2,cosine,0.462779,128,15.0
3174,4048,0,False,cluster_0,1279,user_run_0841,user_standardized_l2_cosine,standardized_l2,cosine,0.462779,128,15.0
3175,4049,-1,True,noise,1911,user_run_0841,user_standardized_l2_cosine,standardized_l2,cosine,0.462779,128,15.0
3176,4050,-1,True,noise,1911,user_run_0841,user_standardized_l2_cosine,standardized_l2,cosine,0.462779,128,15.0
3177,4051,-1,True,noise,1911,user_run_0841,user_standardized_l2_cosine,standardized_l2,cosine,0.462779,128,15.0
3178,4053,-1,True,noise,1911,user_run_0841,user_standardized_l2_cosine,standardized_l2,cosine,0.462779,128,15.0
3179,4054,-1,True,noise,1911,user_run_0841,user_standardized_l2_cosine,standardized_l2,cosine,0.462779,128,15.0
3180,4055,1,False,cluster_1,1532,user_run_0841,user_standardized_l2_cosine,standardized_l2,cosine,0.462779,128,15.0
3181,4058,-1,True,noise,1911,user_run_0841,user_standardized_l2_cosine,standardized_l2,cosine,0.462779,128,15.0
3182,4059,0,False,cluster_0,1279,user_run_0841,user_standardized_l2_cosine,standardized_l2,cosine,0.462779,128,15.0
3183,4060,-1,True,noise,1911,user_run_0841,user_standardized_l2_cosine,standardized_l2,cosine,0.462779,128,15.0
3184,4062,-1,True,noise,1911,user_run_0841,user_standardized_l2_cosine,standardized_l2,cosine,0.462779,128,15.0
3185,4063,0,False,cluster_0,1279,user_run_0841,user_standardized_l2_cosine,standardized_l2,cosine,0.462779,128,15.0
3186,4064,1,False,cluster_1,1532,user_run_0841,user_standardized_l2_cosine,standardized_l2,cosine,0.462779,128,15.0
3187,4066,1,False,cluster_1,1532,user_run_0841,user_standardized_l2_cosine,standardized_l2,cosine,0.462779,128,15.0
3188,4067,1,False,cluster_1,1532,user_run_0841,user_standardized_l2_cosine,standardized_l2,cosine,0.462779,128,15.0
3189,4070,-1,True,noise,1911,user_run_0841,user_standardized_l2_cosine,standardized_l2,cosine,0.462779,128,15.0
3190,4071,1,False,cluster_1,1532,user_run_0841,user_standardized_l2_cosine,standardized_l2,cosine,0.462779,128,15.0
3191,4072,-1,True,noise,1911,user_run_0841,user_standardized_l2_cosine,standardized_l2,cosine,0.462779,128,15.0
3192,4075,1,False,cluster_1,1532,user_run_0841,user_standardized_l2_cosine,standardized_l2,cosine,0.462779,128,15.0
3193,4076,0,False,cluster_0,1279,user_run_0841,user_standardized_l2_cosine,standardized_l2,cosine,0.462779,128,15.0
3194,4077,-1,True,noise,1911,user_run_0841,user_standardized_l2_cosine,standardized_l2,cosine,0.462779,128,15.0
3195,4078,-1,True,noise,1911,user_run_0841,user_standardized_l2_cosine,standardized_l2,cosine,0.462779,128,15.0
3196,4079,0,False,cluster_0,1279,user_run_0841,user_standardized_l2_cosine,standardized_l2,cosine,0.462779,128,15.0
3197,4080,1,False,cluster_1,1532,user_run_0841,user_standardized_l2_cosine,standardized_l2,cosine,0.462779,128,15.0
3198,4081,0,False,cluster_0,1279,user_run_0841,user_standardized_l2_cosine,standardized_l2,cosine,0.462779,128,15.0
3199,4082,-1,True,noise,1911,user_run_0841,user_standardized_l2_cosine,standardized_l2,cosine,0.462779,128,15.0
3200,4083,0,False,cluster_0,1279,user_run_0841,user_standardized_l2_cosine,standardized_l2,cosine,0.462779,128,15.0
3201,4084,1,False,cluster_1,1532,user_run_0841,user_standardized_l2_cosine,standardized_l2,cosine,0.462779,128,15.0
3202,4085,0,False,cluster_0,1279,user_run_0841,user_standardized_l2_cosine,standardized_l2,cosine,0.462779,128,15.0
3203,4086,-1,True,noise,1911,user_run_0841,user_standardized_l2_cosine,standardized_l2,cosine,0.462779,128,15.0
3204,4087,-1,True,noise,1911,user_run_0841,user_standardized_l2_cosine,standardized_l2,cosine,0.462779,128,15.0
3205,4088,1,False,cluster_1,1532,user_run_0841,user_standardized_l2_cosine,standardized_l2,cosine,0.462779,128,15.0
3206,4089,0,False,cluster_0,1279,user_run_0841,user_standardized_l2_cosine,standardized_l2,cosine,0.462779,128,15.0
3207,4090,-1,True,noise,1911,user_run_0841,user_standardized_l2_cosine,standardized_l2,cosine,0.462779,128,15.0
3208,4091,1,False,cluster_1,1532,user_run_0841,user_standardized_l2_cosine,standardized_l2,cosine,0.462779,128,15.0
3209,4092,-1,True,noise,1911,user_run_0841,user_standardized_l2_cosine,standardized_l2,cosine,0.462779,128,15.0
3210,4093,1,False,cluster_1,1532,user_run_0841,user_standardized_l2_cosine,standardized_l2,cosine,0.462779,128,15.0
3211,4094,0,False,cluster_0,1279,user_run_0841,user_standardized_l2_cosine,standardized_l2,cosine,0.462779,128,15.0
3212,4095,1,False,cluster_1,1532,user_run_0841,user_standardized_l2_cosine,standardized_l2,cosine,0.462779,128,15.0
3213,4096,-1,True,noise,1911,user_run_0841,user_standardized_l2_cosine,standardized_l2,cosine,0.462779,128,15.0
3214,4098,-1,True,noise,1911,user_run_0841,user_standardized_l2_cosine,standardized_l2,cosine,0.462779,128,15.0
3215,4099,-1,True,noise,1911,user_run_0841,user_standardized_l2_cosine,standardized_l2,cosine,0.462779,128,15.0
3216,4101,0,False,cluster_0,1279,user_run_0841,user_standardized_l2_cosine,standardized_l2,cosine,0.462779,128,15.0
3217,4102,-1,True,noise,1911,user_run_0841,user_standardized_l2_cosine,standardized_l2,cosine,0.462779,128,15.0
3218,4103,1,False,cluster_1,1532,user_run_0841,user_standardized_l2_cosine,standardized_l2,cosine,0.462779,128,15.0
3219,4104,-1,True,noise,1911,user_run_0841,user_standardized_l2_cosine,standardized_l2,cosine,0.462779,128,15.0
3220,4105,-1,True,noise,1911,user_run_0841,user_standardized_l2_cosine,standardized_l2,cosine,0.462779,128,15.0
3221,4107,1,False,cluster_1,1532,user_run_0841,user_standardized_l2_cosine,standardized_l2,cosine,0.462779,128,15.0
3222,4111,1,False,cluster_1,1532,user_run_0841,user_standardized_l2_cosine,standardized_l2,cosine,0.462779,128,15.0
3223,4112,1,False,cluster_1,1532,user_run_0841,user_standardized_l2_cosine,standardized_l2,cosine,0.462779,128,15.0
3224,4114,0,False,cluster_0,1279,user_run_0841,user_standardized_l2_cosine,standardized_l2,cosine,0.462779,128,15.0
3225,4115,0,False,cluster_0,1279,user_run_0841,user_standardized_l2_cosine,standardized_l2,cosine,0.462779,128,15.0
3226,4116,-1,True,noise,1911,user_run_0841,user_standardized_l2_cosine,standardized_l2,cosine,0.462779,128,15.0
3227,4117,-1,True,noise,1911,user_run_0841,user_standardized_l2_cosine,standardized_l2,cosine,0.462779,128,15.0
3228,4118,1,False,cluster_1,1532,user_run_0841,user_standardized_l2_cosine,standardized_l2,cosine,0.462779,128,15.0
3229,4119,-1,True,noise,1911,user_run_0841,user_standardized_l2_cosine,standardized_l2,cosine,0.462779,128,15.0
3230,4120,0,False,cluster_0,1279,user_run_0841,user_standardized_l2_cosine,standardized_l2,cosine,0.462779,128,15.0
3231,4121,1,False,cluster_1,1532,user_run_0841,user_standardized_l2_cosine,standardized_l2,cosine,0.462779,128,15.0
3232,4122,1,False,cluster_1,1532,user_run_0841,user_standardized_l2_cosine,standardized_l2,cosine,0.462779,128,15.0
3233,4123,0,False,cluster_0,1279,user_run_0841,user_standardized_l2_cosine,standardized_l2,cosine,0.462779,128,15.0
3234,4124,0,False,cluster_0,1279,user_run_0841,user_standardized_l2_cosine,standardized_l2,cosine,0.462779,128,15.0
3235,4125,-1,True,noise,1911,user_run_0841,user_standardized_l2_cosine,standardized_l2,cosine,0.462779,128,15.0
3236,4126,0,False,cluster_0,1279,user_run_0841,user_standardized_l2_cosine,standardized_l2,cosine,0.462779,128,15.0
3237,4127,-1,True,noise,1911,user_run_0841,user_standardized_l2_cosine,standardized_l2,cosine,0.462779,128,15.0
3238,4128,0,False,cluster_0,1279,user_run_0841,user_standardized_l2_cosine,standardized_l2,cosine,0.462779,128,15.0
3239,4130,1,False,cluster_1,1532,user_run_0841,user_standardized_l2_cosine,standardized_l2,cosine,0.462779,128,15.0
3240,4131,0,False,cluster_0,1279,user_run_0841,user_standardized_l2_cosine,standardized_l2,cosine,0.462779,128,15.0
3241,4132,1,False,cluster_1,1532,user_run_0841,user_standardized_l2_cosine,standardized_l2,cosine,0.462779,128,15.0
3242,4133,-1,True,noise,1911,user_run_0841,user_standardized_l2_cosine,standardized_l2,cosine,0.462779,128,15.0
3243,4134,-1,True,noise,1911,user_run_0841,user_standardized_l2_cosine,standardized_l2,cosine,0.462779,128,15.0
3244,4135,0,False,cluster_0,1279,user_run_0841,user_standardized_l2_cosine,standardized_l2,cosine,0.462779,128,15.0
3245,4137,1,False,cluster_1,1532,user_run_0841,user_standardized_l2_cosine,standardized_l2,cosine,0.462779,128,15.0
3246,4138,0,False,cluster_0,1279,user_run_0841,user_standardized_l2_cosine,standardized_l2,cosine,0.462779,128,15.0
3247,4139,1,False,cluster_1,1532,user_run_0841,user_standardized_l2_cosine,standardized_l2,cosine,0.462779,128,15.0
3248,4140,0,False,cluster_0,1279,user_run_0841,user_standardized_l2_cosine,standardized_l2,cosine,0.462779,128,15.0
3249,4141,1,False,cluster_1,1532,user_run_0841,user_standardized_l2_cosine,standardized_l2,cosine,0.462779,128,15.0
3250,4144,1,False,cluster_1,1532,user_run_0841,user_standardized_l2_cosine,standardized_l2,cosine,0.462779,128,15.0
3251,4147,0,False,cluster_0,1279,user_run_0841,user_standardized_l2_cosine,standardized_l2,cosine,0.462779,128,15.0
3252,4148,1,False,cluster_1,1532,user_run_0841,user_standardized_l2_cosine,standardized_l2,cosine,0.462779,128,15.0
3253,4149,0,False,cluster_0,1279,user_run_0841,user_standardized_l2_cosine,standardized_l2,cosine,0.462779,128,15.0
3254,4150,-1,True,noise,1911,user_run_0841,user_standardized_l2_cosine,standardized_l2,cosine,0.462779,128,15.0
3255,4152,-1,True,noise,1911,user_run_0841,user_standardized_l2_cosine,standardized_l2,cosine,0.462779,128,15.0
3256,4153,0,False,cluster_0,1279,user_run_0841,user_standardized_l2_cosine,standardized_l2,cosine,0.462779,128,15.0
3257,4155,0,False,cluster_0,1279,user_run_0841,user_standardized_l2_cosine,standardized_l2,cosine,0.462779,128,15.0
3258,4156,-1,True,noise,1911,user_run_0841,user_standardized_l2_cosine,standardized_l2,cosine,0.462779,128,15.0
3259,4157,1,False,cluster_1,1532,user_run_0841,user_standardized_l2_cosine,standardized_l2,cosine,0.462779,128,15.0
3260,4160,-1,True,noise,1911,user_run_0841,user_standardized_l2_cosine,standardized_l2,cosine,0.462779,128,15.0
3261,4161,1,False,cluster_1,1532,user_run_0841,user_standardized_l2_cosine,standardized_l2,cosine,0.462779,128,15.0
3262,4162,0,False,cluster_0,1279,user_run_0841,user_standardized_l2_cosine,standardized_l2,cosine,0.462779,128,15.0
3263,4165,1,False,cluster_1,1532,user_run_0841,user_standardized_l2_cosine,standardized_l2,cosine,0.462779,128,15.0
3264,4167,1,False,cluster_1,1532,user_run_0841,user_standardized_l2_cosine,standardized_l2,cosine,0.462779,128,15.0
3265,4168,1,False,cluster_1,1532,user_run_0841,user_standardized_l2_cosine,standardized_l2,cosine,0.462779,128,15.0
3266,4169,1,False,cluster_1,1532,user_run_0841,user_standardized_l2_cosine,standardized_l2,cosine,0.462779,128,15.0
3267,4170,-1,True,noise,1911,user_run_0841,user_standardized_l2_cosine,standardized_l2,cosine,0.462779,128,15.0
3268,4171,-1,True,noise,1911,user_run_0841,user_standardized_l2_cosine,standardized_l2,cosine,0.462779,128,15.0
3269,4172,1,False,cluster_1,1532,user_run_0841,user_standardized_l2_cosine,standardized_l2,cosine,0.462779,128,15.0
3270,4173,0,False,cluster_0,1279,user_run_0841,user_standardized_l2_cosine,standardized_l2,cosine,0.462779,128,15.0
3271,4174,-1,True,noise,1911,user_run_0841,user_standardized_l2_cosine,standardized_l2,cosine,0.462779,128,15.0
3272,4175,-1,True,noise,1911,user_run_0841,user_standardized_l2_cosine,standardized_l2,cosine,0.462779,128,15.0
3273,4177,-1,True,noise,1911,user_run_0841,user_standardized_l2_cosine,standardized_l2,cosine,0.462779,128,15.0
3274,4179,1,False,cluster_1,1532,user_run_0841,user_standardized_l2_cosine,standardized_l2,cosine,0.462779,128,15.0
3275,4180,-1,True,noise,1911,user_run_0841,user_standardized_l2_cosine,standardized_l2,cosine,0.462779,128,15.0
3276,4181,-1,True,noise,1911,user_run_0841,user_standardized_l2_cosine,standardized_l2,cosine,0.462779,128,15.0
3277,4182,1,False,cluster_1,1532,user_run_0841,user_standardized_l2_cosine,standardized_l2,cosine,0.462779,128,15.0
3278,4183,-1,True,noise,1911,user_run_0841,user_standardized_l2_cosine,standardized_l2,cosine,0.462779,128,15.0
3279,4185,0,False,cluster_0,1279,user_run_0841,user_standardized_l2_cosine,standardized_l2,cosine,0.462779,128,15.0
3280,4186,-1,True,noise,1911,user_run_0841,user_standardized_l2_cosine,standardized_l2,cosine,0.462779,128,15.0
3281,4187,0,False,cluster_0,1279,user_run_0841,user_standardized_l2_cosine,standardized_l2,cosine,0.462779,128,15.0
3282,4188,0,False,cluster_0,1279,user_run_0841,user_standardized_l2_cosine,standardized_l2,cosine,0.462779,128,15.0
3283,4190,0,False,cluster_0,1279,user_run_0841,user_standardized_l2_cosine,standardized_l2,cosine,0.462779,128,15.0
3284,4193,-1,True,noise,1911,user_run_0841,user_standardized_l2_cosine,standardized_l2,cosine,0.462779,128,15.0
3285,4194,-1,True,noise,1911,user_run_0841,user_standardized_l2_cosine,standardized_l2,cosine,0.462779,128,15.0
3286,4195,1,False,cluster_1,1532,user_run_0841,user_standardized_l2_cosine,standardized_l2,cosine,0.462779,128,15.0
3287,4198,1,False,cluster_1,1532,user_run_0841,user_standardized_l2_cosine,standardized_l2,cosine,0.462779,128,15.0
3288,4199,0,False,cluster_0,1279,user_run_0841,user_standardized_l2_cosine,standardized_l2,cosine,0.462779,128,15.0
3289,4200,0,False,cluster_0,1279,user_run_0841,user_standardized_l2_cosine,standardized_l2,cosine,0.462779,128,15.0
3290,4203,-1,True,noise,1911,user_run_0841,user_standardized_l2_cosine,standardized_l2,cosine,0.462779,128,15.0
3291,4204,1,False,cluster_1,1532,user_run_0841,user_standardized_l2_cosine,standardized_l2,cosine,0.462779,128,15.0
3292,4205,0,False,cluster_0,1279,user_run_0841,user_standardized_l2_cosine,standardized_l2,cosine,0.462779,128,15.0
3293,4206,0,False,cluster_0,1279,user_run_0841,user_standardized_l2_cosine,standardized_l2,cosine,0.462779,128,15.0
3294,4207,1,False,cluster_1,1532,user_run_0841,user_standardized_l2_cosine,standardized_l2,cosine,0.462779,128,15.0
3295,4208,0,False,cluster_0,1279,user_run_0841,user_standardized_l2_cosine,standardized_l2,cosine,0.462779,128,15.0
3296,4210,-1,True,noise,1911,user_run_0841,user_standardized_l2_cosine,standardized_l2,cosine,0.462779,128,15.0
3297,4212,-1,True,noise,1911,user_run_0841,user_standardized_l2_cosine,standardized_l2,cosine,0.462779,128,15.0
3298,4213,0,False,cluster_0,1279,user_run_0841,user_standardized_l2_cosine,standardized_l2,cosine,0.462779,128,15.0
3299,4215,-1,True,noise,1911,user_run_0841,user_standardized_l2_cosine,standardized_l2,cosine,0.462779,128,15.0
3300,4217,0,False,cluster_0,1279,user_run_0841,user_standardized_l2_cosine,standardized_l2,cosine,0.462779,128,15.0
3301,4218,0,False,cluster_0,1279,user_run_0841,user_standardized_l2_cosine,standardized_l2,cosine,0.462779,128,15.0
3302,4219,-1,True,noise,1911,user_run_0841,user_standardized_l2_cosine,standardized_l2,cosine,0.462779,128,15.0
3303,4220,-1,True,noise,1911,user_run_0841,user_standardized_l2_cosine,standardized_l2,cosine,0.462779,128,15.0
3304,4221,-1,True,noise,1911,user_run_0841,user_standardized_l2_cosine,standardized_l2,cosine,0.462779,128,15.0
3305,4222,0,False,cluster_0,1279,user_run_0841,user_standardized_l2_cosine,standardized_l2,cosine,0.462779,128,15.0
3306,4223,-1,True,noise,1911,user_run_0841,user_standardized_l2_cosine,standardized_l2,cosine,0.462779,128,15.0
3307,4224,-1,True,noise,1911,user_run_0841,user_standardized_l2_cosine,standardized_l2,cosine,0.462779,128,15.0
3308,4225,-1,True,noise,1911,user_run_0841,user_standardized_l2_cosine,standardized_l2,cosine,0.462779,128,15.0
3309,4227,0,False,cluster_0,1279,user_run_0841,user_standardized_l2_cosine,standardized_l2,cosine,0.462779,128,15.0
3310,4229,-1,True,noise,1911,user_run_0841,user_standardized_l2_cosine,standardized_l2,cosine,0.462779,128,15.0
3311,4231,0,False,cluster_0,1279,user_run_0841,user_standardized_l2_cosine,standardized_l2,cosine,0.462779,128,15.0
3312,4232,1,False,cluster_1,1532,user_run_0841,user_standardized_l2_cosine,standardized_l2,cosine,0.462779,128,15.0
3313,4233,1,False,cluster_1,1532,user_run_0841,user_standardized_l2_cosine,standardized_l2,cosine,0.462779,128,15.0
3314,4234,-1,True,noise,1911,user_run_0841,user_standardized_l2_cosine,standardized_l2,cosine,0.462779,128,15.0
3315,4235,-1,True,noise,1911,user_run_0841,user_standardized_l2_cosine,standardized_l2,cosine,0.462779,128,15.0
3316,4236,-1,True,noise,1911,user_run_0841,user_standardized_l2_cosine,standardized_l2,cosine,0.462779,128,15.0
3317,4237,0,False,cluster_0,1279,user_run_0841,user_standardized_l2_cosine,standardized_l2,cosine,0.462779,128,15.0
3318,4238,1,False,cluster_1,1532,user_run_0841,user_standardized_l2_cosine,standardized_l2,cosine,0.462779,128,15.0
3319,4239,1,False,cluster_1,1532,user_run_0841,user_standardized_l2_cosine,standardized_l2,cosine,0.462779,128,15.0
3320,4240,0,False,cluster_0,1279,user_run_0841,user_standardized_l2_cosine,standardized_l2,cosine,0.462779,128,15.0
3321,4241,-1,True,noise,1911,user_run_0841,user_standardized_l2_cosine,standardized_l2,cosine,0.462779,128,15.0
3322,4242,0,False,cluster_0,1279,user_run_0841,user_standardized_l2_cosine,standardized_l2,cosine,0.462779,128,15.0
3323,4243,0,False,cluster_0,1279,user_run_0841,user_standardized_l2_cosine,standardized_l2,cosine,0.462779,128,15.0
3324,4245,0,False,cluster_0,1279,user_run_0841,user_standardized_l2_cosine,standardized_l2,cosine,0.462779,128,15.0
3325,4247,0,False,cluster_0,1279,user_run_0841,user_standardized_l2_cosine,standardized_l2,cosine,0.462779,128,15.0
3326,4248,-1,True,noise,1911,user_run_0841,user_standardized_l2_cosine,standardized_l2,cosine,0.462779,128,15.0
3327,4249,-1,True,noise,1911,user_run_0841,user_standardized_l2_cosine,standardized_l2,cosine,0.462779,128,15.0
3328,4250,0,False,cluster_0,1279,user_run_0841,user_standardized_l2_cosine,standardized_l2,cosine,0.462779,128,15.0
3329,4251,-1,True,noise,1911,user_run_0841,user_standardized_l2_cosine,standardized_l2,cosine,0.462779,128,15.0
3330,4252,1,False,cluster_1,1532,user_run_0841,user_standardized_l2_cosine,standardized_l2,cosine,0.462779,128,15.0
3331,4253,1,False,cluster_1,1532,user_run_0841,user_standardized_l2_cosine,standardized_l2,cosine,0.462779,128,15.0
3332,4255,-1,True,noise,1911,user_run_0841,user_standardized_l2_cosine,standardized_l2,cosine,0.462779,128,15.0
3333,4257,-1,True,noise,1911,user_run_0841,user_standardized_l2_cosine,standardized_l2,cosine,0.462779,128,15.0
3334,4258,-1,True,noise,1911,user_run_0841,user_standardized_l2_cosine,standardized_l2,cosine,0.462779,128,15.0
3335,4260,-1,True,noise,1911,user_run_0841,user_standardized_l2_cosine,standardized_l2,cosine,0.462779,128,15.0
3336,4261,0,False,cluster_0,1279,user_run_0841,user_standardized_l2_cosine,standardized_l2,cosine,0.462779,128,15.0
3337,4265,0,False,cluster_0,1279,user_run_0841,user_standardized_l2_cosine,standardized_l2,cosine,0.462779,128,15.0
3338,4266,0,False,cluster_0,1279,user_run_0841,user_standardized_l2_cosine,standardized_l2,cosine,0.462779,128,15.0
3339,4268,0,False,cluster_0,1279,user_run_0841,user_standardized_l2_cosine,standardized_l2,cosine,0.462779,128,15.0
3340,4269,1,False,cluster_1,1532,user_run_0841,user_standardized_l2_cosine,standardized_l2,cosine,0.462779,128,15.0
3341,4271,1,False,cluster_1,1532,user_run_0841,user_standardized_l2_cosine,standardized_l2,cosine,0.462779,128,15.0
3342,4272,1,False,cluster_1,1532,user_run_0841,user_standardized_l2_cosine,standardized_l2,cosine,0.462779,128,15.0
3343,4274,0,False,cluster_0,1279,user_run_0841,user_standardized_l2_cosine,standardized_l2,cosine,0.462779,128,15.0
3344,4276,0,False,cluster_0,1279,user_run_0841,user_standardized_l2_cosine,standardized_l2,cosine,0.462779,128,15.0
3345,4277,1,False,cluster_1,1532,user_run_0841,user_standardized_l2_cosine,standardized_l2,cosine,0.462779,128,15.0
3346,4279,-1,True,noise,1911,user_run_0841,user_standardized_l2_cosine,standardized_l2,cosine,0.462779,128,15.0
3347,4280,-1,True,noise,1911,user_run_0841,user_standardized_l2_cosine,standardized_l2,cosine,0.462779,128,15.0
3348,4281,-1,True,noise,1911,user_run_0841,user_standardized_l2_cosine,standardized_l2,cosine,0.462779,128,15.0
3349,4283,0,False,cluster_0,1279,user_run_0841,user_standardized_l2_cosine,standardized_l2,cosine,0.462779,128,15.0
3350,4284,-1,True,noise,1911,user_run_0841,user_standardized_l2_cosine,standardized_l2,cosine,0.462779,128,15.0
3351,4285,0,False,cluster_0,1279,user_run_0841,user_standardized_l2_cosine,standardized_l2,cosine,0.462779,128,15.0
3352,4286,-1,True,noise,1911,user_run_0841,user_standardized_l2_cosine,standardized_l2,cosine,0.462779,128,15.0
3353,4287,-1,True,noise,1911,user_run_0841,user_standardized_l2_cosine,standardized_l2,cosine,0.462779,128,15.0
3354,4289,-1,True,noise,1911,user_run_0841,user_standardized_l2_cosine,standardized_l2,cosine,0.462779,128,15.0
3355,4290,1,False,cluster_1,1532,user_run_0841,user_standardized_l2_cosine,standardized_l2,cosine,0.462779,128,15.0
3356,4291,0,False,cluster_0,1279,user_run_0841,user_standardized_l2_cosine,standardized_l2,cosine,0.462779,128,15.0
3357,4292,-1,True,noise,1911,user_run_0841,user_standardized_l2_cosine,standardized_l2,cosine,0.462779,128,15.0
3358,4293,1,False,cluster_1,1532,user_run_0841,user_standardized_l2_cosine,standardized_l2,cosine,0.462779,128,15.0
3359,4294,0,False,cluster_0,1279,user_run_0841,user_standardized_l2_cosine,standardized_l2,cosine,0.462779,128,15.0
3360,4295,0,False,cluster_0,1279,user_run_0841,user_standardized_l2_cosine,standardized_l2,cosine,0.462779,128,15.0
3361,4296,-1,True,noise,1911,user_run_0841,user_standardized_l2_cosine,standardized_l2,cosine,0.462779,128,15.0
3362,4297,-1,True,noise,1911,user_run_0841,user_standardized_l2_cosine,standardized_l2,cosine,0.462779,128,15.0
3363,4298,-1,True,noise,1911,user_run_0841,user_standardized_l2_cosine,standardized_l2,cosine,0.462779,128,15.0
3364,4299,0,False,cluster_0,1279,user_run_0841,user_standardized_l2_cosine,standardized_l2,cosine,0.462779,128,15.0
3365,4300,0,False,cluster_0,1279,user_run_0841,user_standardized_l2_cosine,standardized_l2,cosine,0.462779,128,15.0
3366,4301,0,False,cluster_0,1279,user_run_0841,user_standardized_l2_cosine,standardized_l2,cosine,0.462779,128,15.0
3367,4302,-1,True,noise,1911,user_run_0841,user_standardized_l2_cosine,standardized_l2,cosine,0.462779,128,15.0
3368,4303,1,False,cluster_1,1532,user_run_0841,user_standardized_l2_cosine,standardized_l2,cosine,0.462779,128,15.0
3369,4305,0,False,cluster_0,1279,user_run_0841,user_standardized_l2_cosine,standardized_l2,cosine,0.462779,128,15.0
3370,4306,-1,True,noise,1911,user_run_0841,user_standardized_l2_cosine,standardized_l2,cosine,0.462779,128,15.0
3371,4308,1,False,cluster_1,1532,user_run_0841,user_standardized_l2_cosine,standardized_l2,cosine,0.462779,128,15.0
3372,4309,0,False,cluster_0,1279,user_run_0841,user_standardized_l2_cosine,standardized_l2,cosine,0.462779,128,15.0
3373,4310,0,False,cluster_0,1279,user_run_0841,user_standardized_l2_cosine,standardized_l2,cosine,0.462779,128,15.0
3374,4311,0,False,cluster_0,1279,user_run_0841,user_standardized_l2_cosine,standardized_l2,cosine,0.462779,128,15.0
3375,4312,1,False,cluster_1,1532,user_run_0841,user_standardized_l2_cosine,standardized_l2,cosine,0.462779,128,15.0
3376,4313,1,False,cluster_1,1532,user_run_0841,user_standardized_l2_cosine,standardized_l2,cosine,0.462779,128,15.0
3377,4315,-1,True,noise,1911,user_run_0841,user_standardized_l2_cosine,standardized_l2,cosine,0.462779,128,15.0
3378,4317,1,False,cluster_1,1532,user_run_0841,user_standardized_l2_cosine,standardized_l2,cosine,0.462779,128,15.0
3379,4318,-1,True,noise,1911,user_run_0841,user_standardized_l2_cosine,standardized_l2,cosine,0.462779,128,15.0
3380,4319,0,False,cluster_0,1279,user_run_0841,user_standardized_l2_cosine,standardized_l2,cosine,0.462779,128,15.0
3381,4320,-1,True,noise,1911,user_run_0841,user_standardized_l2_cosine,standardized_l2,cosine,0.462779,128,15.0
3382,4321,1,False,cluster_1,1532,user_run_0841,user_standardized_l2_cosine,standardized_l2,cosine,0.462779,128,15.0
3383,4322,0,False,cluster_0,1279,user_run_0841,user_standardized_l2_cosine,standardized_l2,cosine,0.462779,128,15.0
3384,4323,-1,True,noise,1911,user_run_0841,user_standardized_l2_cosine,standardized_l2,cosine,0.462779,128,15.0
3385,4326,-1,True,noise,1911,user_run_0841,user_standardized_l2_cosine,standardized_l2,cosine,0.462779,128,15.0
3386,4327,1,False,cluster_1,1532,user_run_0841,user_standardized_l2_cosine,standardized_l2,cosine,0.462779,128,15.0
3387,4328,1,False,cluster_1,1532,user_run_0841,user_standardized_l2_cosine,standardized_l2,cosine,0.462779,128,15.0
3388,4329,0,False,cluster_0,1279,user_run_0841,user_standardized_l2_cosine,standardized_l2,cosine,0.462779,128,15.0
3389,4330,0,False,cluster_0,1279,user_run_0841,user_standardized_l2_cosine,standardized_l2,cosine,0.462779,128,15.0
3390,4333,-1,True,noise,1911,user_run_0841,user_standardized_l2_cosine,standardized_l2,cosine,0.462779,128,15.0
3391,4334,-1,True,noise,1911,user_run_0841,user_standardized_l2_cosine,standardized_l2,cosine,0.462779,128,15.0
3392,4335,0,False,cluster_0,1279,user_run_0841,user_standardized_l2_cosine,standardized_l2,cosine,0.462779,128,15.0
3393,4336,0,False,cluster_0,1279,user_run_0841,user_standardized_l2_cosine,standardized_l2,cosine,0.462779,128,15.0
3394,4337,0,False,cluster_0,1279,user_run_0841,user_standardized_l2_cosine,standardized_l2,cosine,0.462779,128,15.0
3395,4339,-1,True,noise,1911,user_run_0841,user_standardized_l2_cosine,standardized_l2,cosine,0.462779,128,15.0
3396,4342,-1,True,noise,1911,user_run_0841,user_standardized_l2_cosine,standardized_l2,cosine,0.462779,128,15.0
3397,4343,1,False,cluster_1,1532,user_run_0841,user_standardized_l2_cosine,standardized_l2,cosine,0.462779,128,15.0
3398,4344,1,False,cluster_1,1532,user_run_0841,user_standardized_l2_cosine,standardized_l2,cosine,0.462779,128,15.0
3399,4345,1,False,cluster_1,1532,user_run_0841,user_standardized_l2_cosine,standardized_l2,cosine,0.462779,128,15.0
3400,4346,-1,True,noise,1911,user_run_0841,user_standardized_l2_cosine,standardized_l2,cosine,0.462779,128,15.0
3401,4347,-1,True,noise,1911,user_run_0841,user_standardized_l2_cosine,standardized_l2,cosine,0.462779,128,15.0
3402,4350,-1,True,noise,1911,user_run_0841,user_standardized_l2_cosine,standardized_l2,cosine,0.462779,128,15.0
3403,4351,-1,True,noise,1911,user_run_0841,user_standardized_l2_cosine,standardized_l2,cosine,0.462779,128,15.0
3404,4352,0,False,cluster_0,1279,user_run_0841,user_standardized_l2_cosine,standardized_l2,cosine,0.462779,128,15.0
3405,4353,-1,True,noise,1911,user_run_0841,user_standardized_l2_cosine,standardized_l2,cosine,0.462779,128,15.0
3406,4354,-1,True,noise,1911,user_run_0841,user_standardized_l2_cosine,standardized_l2,cosine,0.462779,128,15.0
3407,4355,0,False,cluster_0,1279,user_run_0841,user_standardized_l2_cosine,standardized_l2,cosine,0.462779,128,15.0
3408,4356,-1,True,noise,1911,user_run_0841,user_standardized_l2_cosine,standardized_l2,cosine,0.462779,128,15.0
3409,4357,0,False,cluster_0,1279,user_run_0841,user_standardized_l2_cosine,standardized_l2,cosine,0.462779,128,15.0
3410,4359,0,False,cluster_0,1279,user_run_0841,user_standardized_l2_cosine,standardized_l2,cosine,0.462779,128,15.0
3411,4360,-1,True,noise,1911,user_run_0841,user_standardized_l2_cosine,standardized_l2,cosine,0.462779,128,15.0
3412,4361,1,False,cluster_1,1532,user_run_0841,user_standardized_l2_cosine,standardized_l2,cosine,0.462779,128,15.0
3413,4362,1,False,cluster_1,1532,user_run_0841,user_standardized_l2_cosine,standardized_l2,cosine,0.462779,128,15.0
3414,4363,-1,True,noise,1911,user_run_0841,user_standardized_l2_cosine,standardized_l2,cosine,0.462779,128,15.0
3415,4364,0,False,cluster_0,1279,user_run_0841,user_standardized_l2_cosine,standardized_l2,cosine,0.462779,128,15.0
3416,4367,-1,True,noise,1911,user_run_0841,user_standardized_l2_cosine,standardized_l2,cosine,0.462779,128,15.0
3417,4368,-1,True,noise,1911,user_run_0841,user_standardized_l2_cosine,standardized_l2,cosine,0.462779,128,15.0
3418,4369,1,False,cluster_1,1532,user_run_0841,user_standardized_l2_cosine,standardized_l2,cosine,0.462779,128,15.0
3419,4370,-1,True,noise,1911,user_run_0841,user_standardized_l2_cosine,standardized_l2,cosine,0.462779,128,15.0
3420,4371,-1,True,noise,1911,user_run_0841,user_standardized_l2_cosine,standardized_l2,cosine,0.462779,128,15.0
3421,4373,-1,True,noise,1911,user_run_0841,user_standardized_l2_cosine,standardized_l2,cosine,0.462779,128,15.0
3422,4374,-1,True,noise,1911,user_run_0841,user_standardized_l2_cosine,standardized_l2,cosine,0.462779,128,15.0
3423,4375,0,False,cluster_0,1279,user_run_0841,user_standardized_l2_cosine,standardized_l2,cosine,0.462779,128,15.0
3424,4376,1,False,cluster_1,1532,user_run_0841,user_standardized_l2_cosine,standardized_l2,cosine,0.462779,128,15.0
3425,4377,0,False,cluster_0,1279,user_run_0841,user_standardized_l2_cosine,standardized_l2,cosine,0.462779,128,15.0
3426,4378,0,False,cluster_0,1279,user_run_0841,user_standardized_l2_cosine,standardized_l2,cosine,0.462779,128,15.0
3427,4379,-1,True,noise,1911,user_run_0841,user_standardized_l2_cosine,standardized_l2,cosine,0.462779,128,15.0
3428,4380,0,False,cluster_0,1279,user_run_0841,user_standardized_l2_cosine,standardized_l2,cosine,0.462779,128,15.0
3429,4381,1,False,cluster_1,1532,user_run_0841,user_standardized_l2_cosine,standardized_l2,cosine,0.462779,128,15.0
3430,4382,1,False,cluster_1,1532,user_run_0841,user_standardized_l2_cosine,standardized_l2,cosine,0.462779,128,15.0
3431,4384,-1,True,noise,1911,user_run_0841,user_standardized_l2_cosine,standardized_l2,cosine,0.462779,128,15.0
3432,4386,1,False,cluster_1,1532,user_run_0841,user_standardized_l2_cosine,standardized_l2,cosine,0.462779,128,15.0
3433,4387,0,False,cluster_0,1279,user_run_0841,user_standardized_l2_cosine,standardized_l2,cosine,0.462779,128,15.0
3434,4388,0,False,cluster_0,1279,user_run_0841,user_standardized_l2_cosine,standardized_l2,cosine,0.462779,128,15.0
3435,4389,-1,True,noise,1911,user_run_0841,user_standardized_l2_cosine,standardized_l2,cosine,0.462779,128,15.0
3436,4390,0,False,cluster_0,1279,user_run_0841,user_standardized_l2_cosine,standardized_l2,cosine,0.462779,128,15.0
3437,4397,0,False,cluster_0,1279,user_run_0841,user_standardized_l2_cosine,standardized_l2,cosine,0.462779,128,15.0
3438,4401,1,False,cluster_1,1532,user_run_0841,user_standardized_l2_cosine,standardized_l2,cosine,0.462779,128,15.0
3439,4403,1,False,cluster_1,1532,user_run_0841,user_standardized_l2_cosine,standardized_l2,cosine,0.462779,128,15.0
3440,4404,1,False,cluster_1,1532,user_run_0841,user_standardized_l2_cosine,standardized_l2,cosine,0.462779,128,15.0
3441,4405,1,False,cluster_1,1532,user_run_0841,user_standardized_l2_cosine,standardized_l2,cosine,0.462779,128,15.0
3442,4406,-1,True,noise,1911,user_run_0841,user_standardized_l2_cosine,standardized_l2,cosine,0.462779,128,15.0
3443,4407,-1,True,noise,1911,user_run_0841,user_standardized_l2_cosine,standardized_l2,cosine,0.462779,128,15.0
3444,4408,1,False,cluster_1,1532,user_run_0841,user_standardized_l2_cosine,standardized_l2,cosine,0.462779,128,15.0
3445,4409,0,False,cluster_0,1279,user_run_0841,user_standardized_l2_cosine,standardized_l2,cosine,0.462779,128,15.0
3446,4411,-1,True,noise,1911,user_run_0841,user_standardized_l2_cosine,standardized_l2,cosine,0.462779,128,15.0
3447,4412,0,False,cluster_0,1279,user_run_0841,user_standardized_l2_cosine,standardized_l2,cosine,0.462779,128,15.0
3448,4414,0,False,cluster_0,1279,user_run_0841,user_standardized_l2_cosine,standardized_l2,cosine,0.462779,128,15.0
3449,4415,1,False,cluster_1,1532,user_run_0841,user_standardized_l2_cosine,standardized_l2,cosine,0.462779,128,15.0
3450,4416,1,False,cluster_1,1532,user_run_0841,user_standardized_l2_cosine,standardized_l2,cosine,0.462779,128,15.0
3451,4417,1,False,cluster_1,1532,user_run_0841,user_standardized_l2_cosine,standardized_l2,cosine,0.462779,128,15.0
3452,4418,-1,True,noise,1911,user_run_0841,user_standardized_l2_cosine,standardized_l2,cosine,0.462779,128,15.0
3453,4420,1,False,cluster_1,1532,user_run_0841,user_standardized_l2_cosine,standardized_l2,cosine,0.462779,128,15.0
3454,4422,0,False,cluster_0,1279,user_run_0841,user_standardized_l2_cosine,standardized_l2,cosine,0.462779,128,15.0
3455,4423,0,False,cluster_0,1279,user_run_0841,user_standardized_l2_cosine,standardized_l2,cosine,0.462779,128,15.0
3456,4425,1,False,cluster_1,1532,user_run_0841,user_standardized_l2_cosine,standardized_l2,cosine,0.462779,128,15.0
3457,4426,1,False,cluster_1,1532,user_run_0841,user_standardized_l2_cosine,standardized_l2,cosine,0.462779,128,15.0
3458,4428,0,False,cluster_0,1279,user_run_0841,user_standardized_l2_cosine,standardized_l2,cosine,0.462779,128,15.0
3459,4429,-1,True,noise,1911,user_run_0841,user_standardized_l2_cosine,standardized_l2,cosine,0.462779,128,15.0
3460,4430,1,False,cluster_1,1532,user_run_0841,user_standardized_l2_cosine,standardized_l2,cosine,0.462779,128,15.0
3461,4431,0,False,cluster_0,1279,user_run_0841,user_standardized_l2_cosine,standardized_l2,cosine,0.462779,128,15.0
3462,4432,-1,True,noise,1911,user_run_0841,user_standardized_l2_cosine,standardized_l2,cosine,0.462779,128,15.0
3463,4433,-1,True,noise,1911,user_run_0841,user_standardized_l2_cosine,standardized_l2,cosine,0.462779,128,15.0
3464,4434,0,False,cluster_0,1279,user_run_0841,user_standardized_l2_cosine,standardized_l2,cosine,0.462779,128,15.0
3465,4435,-1,True,noise,1911,user_run_0841,user_standardized_l2_cosine,standardized_l2,cosine,0.462779,128,15.0
3466,4436,-1,True,noise,1911,user_run_0841,user_standardized_l2_cosine,standardized_l2,cosine,0.462779,128,15.0
3467,4437,0,False,cluster_0,1279,user_run_0841,user_standardized_l2_cosine,standardized_l2,cosine,0.462779,128,15.0
3468,4438,-1,True,noise,1911,user_run_0841,user_standardized_l2_cosine,standardized_l2,cosine,0.462779,128,15.0
3469,4439,-1,True,noise,1911,user_run_0841,user_standardized_l2_cosine,standardized_l2,cosine,0.462779,128,15.0
3470,4440,1,False,cluster_1,1532,user_run_0841,user_standardized_l2_cosine,standardized_l2,cosine,0.462779,128,15.0
3471,4442,-1,True,noise,1911,user_run_0841,user_standardized_l2_cosine,standardized_l2,cosine,0.462779,128,15.0
3472,4443,-1,True,noise,1911,user_run_0841,user_standardized_l2_cosine,standardized_l2,cosine,0.462779,128,15.0
3473,4444,-1,True,noise,1911,user_run_0841,user_standardized_l2_cosine,standardized_l2,cosine,0.462779,128,15.0
3474,4445,-1,True,noise,1911,user_run_0841,user_standardized_l2_cosine,standardized_l2,cosine,0.462779,128,15.0
3475,4446,-1,True,noise,1911,user_run_0841,user_standardized_l2_cosine,standardized_l2,cosine,0.462779,128,15.0
3476,4447,1,False,cluster_1,1532,user_run_0841,user_standardized_l2_cosine,standardized_l2,cosine,0.462779,128,15.0
3477,4448,1,False,cluster_1,1532,user_run_0841,user_standardized_l2_cosine,standardized_l2,cosine,0.462779,128,15.0
3478,4449,1,False,cluster_1,1532,user_run_0841,user_standardized_l2_cosine,standardized_l2,cosine,0.462779,128,15.0
3479,4450,-1,True,noise,1911,user_run_0841,user_standardized_l2_cosine,standardized_l2,cosine,0.462779,128,15.0
3480,4451,1,False,cluster_1,1532,user_run_0841,user_standardized_l2_cosine,standardized_l2,cosine,0.462779,128,15.0
3481,4452,1,False,cluster_1,1532,user_run_0841,user_standardized_l2_cosine,standardized_l2,cosine,0.462779,128,15.0
3482,4453,-1,True,noise,1911,user_run_0841,user_standardized_l2_cosine,standardized_l2,cosine,0.462779,128,15.0
3483,4454,-1,True,noise,1911,user_run_0841,user_standardized_l2_cosine,standardized_l2,cosine,0.462779,128,15.0
3484,4455,1,False,cluster_1,1532,user_run_0841,user_standardized_l2_cosine,standardized_l2,cosine,0.462779,128,15.0
3485,4456,-1,True,noise,1911,user_run_0841,user_standardized_l2_cosine,standardized_l2,cosine,0.462779,128,15.0
3486,4457,1,False,cluster_1,1532,user_run_0841,user_standardized_l2_cosine,standardized_l2,cosine,0.462779,128,15.0
3487,4458,-1,True,noise,1911,user_run_0841,user_standardized_l2_cosine,standardized_l2,cosine,0.462779,128,15.0
3488,4459,-1,True,noise,1911,user_run_0841,user_standardized_l2_cosine,standardized_l2,cosine,0.462779,128,15.0
3489,4460,-1,True,noise,1911,user_run_0841,user_standardized_l2_cosine,standardized_l2,cosine,0.462779,128,15.0
3490,4461,-1,True,noise,1911,user_run_0841,user_standardized_l2_cosine,standardized_l2,cosine,0.462779,128,15.0
3491,4465,1,False,cluster_1,1532,user_run_0841,user_standardized_l2_cosine,standardized_l2,cosine,0.462779,128,15.0
3492,4466,1,False,cluster_1,1532,user_run_0841,user_standardized_l2_cosine,standardized_l2,cosine,0.462779,128,15.0
3493,4467,-1,True,noise,1911,user_run_0841,user_standardized_l2_cosine,standardized_l2,cosine,0.462779,128,15.0
3494,4468,0,False,cluster_0,1279,user_run_0841,user_standardized_l2_cosine,standardized_l2,cosine,0.462779,128,15.0
3495,4470,0,False,cluster_0,1279,user_run_0841,user_standardized_l2_cosine,standardized_l2,cosine,0.462779,128,15.0
3496,4471,1,False,cluster_1,1532,user_run_0841,user_standardized_l2_cosine,standardized_l2,cosine,0.462779,128,15.0
3497,4472,0,False,cluster_0,1279,user_run_0841,user_standardized_l2_cosine,standardized_l2,cosine,0.462779,128,15.0
3498,4473,-1,True,noise,1911,user_run_0841,user_standardized_l2_cosine,standardized_l2,cosine,0.462779,128,15.0
3499,4475,-1,True,noise,1911,user_run_0841,user_standardized_l2_cosine,standardized_l2,cosine,0.462779,128,15.0
3500,4476,1,False,cluster_1,1532,user_run_0841,user_standardized_l2_cosine,standardized_l2,cosine,0.462779,128,15.0
3501,4477,0,False,cluster_0,1279,user_run_0841,user_standardized_l2_cosine,standardized_l2,cosine,0.462779,128,15.0
3502,4478,1,False,cluster_1,1532,user_run_0841,user_standardized_l2_cosine,standardized_l2,cosine,0.462779,128,15.0
3503,4479,0,False,cluster_0,1279,user_run_0841,user_standardized_l2_cosine,standardized_l2,cosine,0.462779,128,15.0
3504,4480,1,False,cluster_1,1532,user_run_0841,user_standardized_l2_cosine,standardized_l2,cosine,0.462779,128,15.0
3505,4481,-1,True,noise,1911,user_run_0841,user_standardized_l2_cosine,standardized_l2,cosine,0.462779,128,15.0
3506,4482,-1,True,noise,1911,user_run_0841,user_standardized_l2_cosine,standardized_l2,cosine,0.462779,128,15.0
3507,4483,-1,True,noise,1911,user_run_0841,user_standardized_l2_cosine,standardized_l2,cosine,0.462779,128,15.0
3508,4484,1,False,cluster_1,1532,user_run_0841,user_standardized_l2_cosine,standardized_l2,cosine,0.462779,128,15.0
3509,4485,1,False,cluster_1,1532,user_run_0841,user_standardized_l2_cosine,standardized_l2,cosine,0.462779,128,15.0
3510,4487,-1,True,noise,1911,user_run_0841,user_standardized_l2_cosine,standardized_l2,cosine,0.462779,128,15.0
3511,4488,1,False,cluster_1,1532,user_run_0841,user_standardized_l2_cosine,standardized_l2,cosine,0.462779,128,15.0
3512,4489,1,False,cluster_1,1532,user_run_0841,user_standardized_l2_cosine,standardized_l2,cosine,0.462779,128,15.0
3513,4490,-1,True,noise,1911,user_run_0841,user_standardized_l2_cosine,standardized_l2,cosine,0.462779,128,15.0
3514,4491,0,False,cluster_0,1279,user_run_0841,user_standardized_l2_cosine,standardized_l2,cosine,0.462779,128,15.0
3515,4493,1,False,cluster_1,1532,user_run_0841,user_standardized_l2_cosine,standardized_l2,cosine,0.462779,128,15.0
3516,4494,0,False,cluster_0,1279,user_run_0841,user_standardized_l2_cosine,standardized_l2,cosine,0.462779,128,15.0
3517,4496,-1,True,noise,1911,user_run_0841,user_standardized_l2_cosine,standardized_l2,cosine,0.462779,128,15.0
3518,4497,1,False,cluster_1,1532,user_run_0841,user_standardized_l2_cosine,standardized_l2,cosine,0.462779,128,15.0
3519,4498,-1,True,noise,1911,user_run_0841,user_standardized_l2_cosine,standardized_l2,cosine,0.462779,128,15.0
3520,4499,1,False,cluster_1,1532,user_run_0841,user_standardized_l2_cosine,standardized_l2,cosine,0.462779,128,15.0
3521,4501,1,False,cluster_1,1532,user_run_0841,user_standardized_l2_cosine,standardized_l2,cosine,0.462779,128,15.0
3522,4502,-1,True,noise,1911,user_run_0841,user_standardized_l2_cosine,standardized_l2,cosine,0.462779,128,15.0
3523,4505,0,False,cluster_0,1279,user_run_0841,user_standardized_l2_cosine,standardized_l2,cosine,0.462779,128,15.0
3524,4506,1,False,cluster_1,1532,user_run_0841,user_standardized_l2_cosine,standardized_l2,cosine,0.462779,128,15.0
3525,4507,-1,True,noise,1911,user_run_0841,user_standardized_l2_cosine,standardized_l2,cosine,0.462779,128,15.0
3526,4508,1,False,cluster_1,1532,user_run_0841,user_standardized_l2_cosine,standardized_l2,cosine,0.462779,128,15.0
3527,4509,-1,True,noise,1911,user_run_0841,user_standardized_l2_cosine,standardized_l2,cosine,0.462779,128,15.0
3528,4510,1,False,cluster_1,1532,user_run_0841,user_standardized_l2_cosine,standardized_l2,cosine,0.462779,128,15.0
3529,4511,0,False,cluster_0,1279,user_run_0841,user_standardized_l2_cosine,standardized_l2,cosine,0.462779,128,15.0
3530,4512,0,False,cluster_0,1279,user_run_0841,user_standardized_l2_cosine,standardized_l2,cosine,0.462779,128,15.0
3531,4514,-1,True,noise,1911,user_run_0841,user_standardized_l2_cosine,standardized_l2,cosine,0.462779,128,15.0
3532,4516,1,False,cluster_1,1532,user_run_0841,user_standardized_l2_cosine,standardized_l2,cosine,0.462779,128,15.0
3533,4517,1,False,cluster_1,1532,user_run_0841,user_standardized_l2_cosine,standardized_l2,cosine,0.462779,128,15.0
3534,4518,1,False,cluster_1,1532,user_run_0841,user_standardized_l2_cosine,standardized_l2,cosine,0.462779,128,15.0
3535,4519,0,False,cluster_0,1279,user_run_0841,user_standardized_l2_cosine,standardized_l2,cosine,0.462779,128,15.0
3536,4520,1,False,cluster_1,1532,user_run_0841,user_standardized_l2_cosine,standardized_l2,cosine,0.462779,128,15.0
3537,4521,-1,True,noise,1911,user_run_0841,user_standardized_l2_cosine,standardized_l2,cosine,0.462779,128,15.0
3538,4522,1,False,cluster_1,1532,user_run_0841,user_standardized_l2_cosine,standardized_l2,cosine,0.462779,128,15.0
3539,4523,-1,True,noise,1911,user_run_0841,user_standardized_l2_cosine,standardized_l2,cosine,0.462779,128,15.0
3540,4524,-1,True,noise,1911,user_run_0841,user_standardized_l2_cosine,standardized_l2,cosine,0.462779,128,15.0
3541,4526,1,False,cluster_1,1532,user_run_0841,user_standardized_l2_cosine,standardized_l2,cosine,0.462779,128,15.0
3542,4528,1,False,cluster_1,1532,user_run_0841,user_standardized_l2_cosine,standardized_l2,cosine,0.462779,128,15.0
3543,4529,1,False,cluster_1,1532,user_run_0841,user_standardized_l2_cosine,standardized_l2,cosine,0.462779,128,15.0
3544,4530,1,False,cluster_1,1532,user_run_0841,user_standardized_l2_cosine,standardized_l2,cosine,0.462779,128,15.0
3545,4531,1,False,cluster_1,1532,user_run_0841,user_standardized_l2_cosine,standardized_l2,cosine,0.462779,128,15.0
3546,4532,-1,True,noise,1911,user_run_0841,user_standardized_l2_cosine,standardized_l2,cosine,0.462779,128,15.0
3547,4533,0,False,cluster_0,1279,user_run_0841,user_standardized_l2_cosine,standardized_l2,cosine,0.462779,128,15.0
3548,4534,0,False,cluster_0,1279,user_run_0841,user_standardized_l2_cosine,standardized_l2,cosine,0.462779,128,15.0
3549,4535,-1,True,noise,1911,user_run_0841,user_standardized_l2_cosine,standardized_l2,cosine,0.462779,128,15.0
3550,4539,0,False,cluster_0,1279,user_run_0841,user_standardized_l2_cosine,standardized_l2,cosine,0.462779,128,15.0
3551,4540,-1,True,noise,1911,user_run_0841,user_standardized_l2_cosine,standardized_l2,cosine,0.462779,128,15.0
3552,4541,0,False,cluster_0,1279,user_run_0841,user_standardized_l2_cosine,standardized_l2,cosine,0.462779,128,15.0
3553,4543,1,False,cluster_1,1532,user_run_0841,user_standardized_l2_cosine,standardized_l2,cosine,0.462779,128,15.0
3554,4544,0,False,cluster_0,1279,user_run_0841,user_standardized_l2_cosine,standardized_l2,cosine,0.462779,128,15.0
3555,4546,0,False,cluster_0,1279,user_run_0841,user_standardized_l2_cosine,standardized_l2,cosine,0.462779,128,15.0
3556,4551,1,False,cluster_1,1532,user_run_0841,user_standardized_l2_cosine,standardized_l2,cosine,0.462779,128,15.0
3557,4552,-1,True,noise,1911,user_run_0841,user_standardized_l2_cosine,standardized_l2,cosine,0.462779,128,15.0
3558,4553,0,False,cluster_0,1279,user_run_0841,user_standardized_l2_cosine,standardized_l2,cosine,0.462779,128,15.0
3559,4555,-1,True,noise,1911,user_run_0841,user_standardized_l2_cosine,standardized_l2,cosine,0.462779,128,15.0
3560,4556,0,False,cluster_0,1279,user_run_0841,user_standardized_l2_cosine,standardized_l2,cosine,0.462779,128,15.0
3561,4557,0,False,cluster_0,1279,user_run_0841,user_standardized_l2_cosine,standardized_l2,cosine,0.462779,128,15.0
3562,4559,1,False,cluster_1,1532,user_run_0841,user_standardized_l2_cosine,standardized_l2,cosine,0.462779,128,15.0
3563,4560,1,False,cluster_1,1532,user_run_0841,user_standardized_l2_cosine,standardized_l2,cosine,0.462779,128,15.0
3564,4561,-1,True,noise,1911,user_run_0841,user_standardized_l2_cosine,standardized_l2,cosine,0.462779,128,15.0
3565,4562,-1,True,noise,1911,user_run_0841,user_standardized_l2_cosine,standardized_l2,cosine,0.462779,128,15.0
3566,4563,-1,True,noise,1911,user_run_0841,user_standardized_l2_cosine,standardized_l2,cosine,0.462779,128,15.0
3567,4566,-1,True,noise,1911,user_run_0841,user_standardized_l2_cosine,standardized_l2,cosine,0.462779,128,15.0
3568,4567,1,False,cluster_1,1532,user_run_0841,user_standardized_l2_cosine,standardized_l2,cosine,0.462779,128,15.0
3569,4568,1,False,cluster_1,1532,user_run_0841,user_standardized_l2_cosine,standardized_l2,cosine,0.462779,128,15.0
3570,4569,-1,True,noise,1911,user_run_0841,user_standardized_l2_cosine,standardized_l2,cosine,0.462779,128,15.0
3571,4571,0,False,cluster_0,1279,user_run_0841,user_standardized_l2_cosine,standardized_l2,cosine,0.462779,128,15.0
3572,4572,0,False,cluster_0,1279,user_run_0841,user_standardized_l2_cosine,standardized_l2,cosine,0.462779,128,15.0
3573,4573,-1,True,noise,1911,user_run_0841,user_standardized_l2_cosine,standardized_l2,cosine,0.462779,128,15.0
3574,4574,0,False,cluster_0,1279,user_run_0841,user_standardized_l2_cosine,standardized_l2,cosine,0.462779,128,15.0
3575,4575,0,False,cluster_0,1279,user_run_0841,user_standardized_l2_cosine,standardized_l2,cosine,0.462779,128,15.0
3576,4577,-1,True,noise,1911,user_run_0841,user_standardized_l2_cosine,standardized_l2,cosine,0.462779,128,15.0
3577,4578,0,False,cluster_0,1279,user_run_0841,user_standardized_l2_cosine,standardized_l2,cosine,0.462779,128,15.0
3578,4579,1,False,cluster_1,1532,user_run_0841,user_standardized_l2_cosine,standardized_l2,cosine,0.462779,128,15.0
3579,4580,-1,True,noise,1911,user_run_0841,user_standardized_l2_cosine,standardized_l2,cosine,0.462779,128,15.0
3580,4581,1,False,cluster_1,1532,user_run_0841,user_standardized_l2_cosine,standardized_l2,cosine,0.462779,128,15.0
3581,4582,0,False,cluster_0,1279,user_run_0841,user_standardized_l2_cosine,standardized_l2,cosine,0.462779,128,15.0
3582,4584,0,False,cluster_0,1279,user_run_0841,user_standardized_l2_cosine,standardized_l2,cosine,0.462779,128,15.0
3583,4585,0,False,cluster_0,1279,user_run_0841,user_standardized_l2_cosine,standardized_l2,cosine,0.462779,128,15.0
3584,4586,1,False,cluster_1,1532,user_run_0841,user_standardized_l2_cosine,standardized_l2,cosine,0.462779,128,15.0
3585,4587,-1,True,noise,1911,user_run_0841,user_standardized_l2_cosine,standardized_l2,cosine,0.462779,128,15.0
3586,4588,0,False,cluster_0,1279,user_run_0841,user_standardized_l2_cosine,standardized_l2,cosine,0.462779,128,15.0
3587,4589,1,False,cluster_1,1532,user_run_0841,user_standardized_l2_cosine,standardized_l2,cosine,0.462779,128,15.0
3588,4590,-1,True,noise,1911,user_run_0841,user_standardized_l2_cosine,standardized_l2,cosine,0.462779,128,15.0
3589,4591,0,False,cluster_0,1279,user_run_0841,user_standardized_l2_cosine,standardized_l2,cosine,0.462779,128,15.0
3590,4592,0,False,cluster_0,1279,user_run_0841,user_standardized_l2_cosine,standardized_l2,cosine,0.462779,128,15.0
3591,4593,-1,True,noise,1911,user_run_0841,user_standardized_l2_cosine,standardized_l2,cosine,0.462779,128,15.0
3592,4595,1,False,cluster_1,1532,user_run_0841,user_standardized_l2_cosine,standardized_l2,cosine,0.462779,128,15.0
3593,4596,-1,True,noise,1911,user_run_0841,user_standardized_l2_cosine,standardized_l2,cosine,0.462779,128,15.0
3594,4598,-1,True,noise,1911,user_run_0841,user_standardized_l2_cosine,standardized_l2,cosine,0.462779,128,15.0
3595,4599,-1,True,noise,1911,user_run_0841,user_standardized_l2_cosine,standardized_l2,cosine,0.462779,128,15.0
3596,4600,-1,True,noise,1911,user_run_0841,user_standardized_l2_cosine,standardized_l2,cosine,0.462779,128,15.0
3597,4601,0,False,cluster_0,1279,user_run_0841,user_standardized_l2_cosine,standardized_l2,cosine,0.462779,128,15.0
3598,4602,0,False,cluster_0,1279,user_run_0841,user_standardized_l2_cosine,standardized_l2,cosine,0.462779,128,15.0
3599,4604,-1,True,noise,1911,user_run_0841,user_standardized_l2_cosine,standardized_l2,cosine,0.462779,128,15.0
3600,4605,1,False,cluster_1,1532,user_run_0841,user_standardized_l2_cosine,standardized_l2,cosine,0.462779,128,15.0
3601,4606,0,False,cluster_0,1279,user_run_0841,user_standardized_l2_cosine,standardized_l2,cosine,0.462779,128,15.0
3602,4607,1,False,cluster_1,1532,user_run_0841,user_standardized_l2_cosine,standardized_l2,cosine,0.462779,128,15.0
3603,4608,1,False,cluster_1,1532,user_run_0841,user_standardized_l2_cosine,standardized_l2,cosine,0.462779,128,15.0
3604,4609,-1,True,noise,1911,user_run_0841,user_standardized_l2_cosine,standardized_l2,cosine,0.462779,128,15.0
3605,4610,-1,True,noise,1911,user_run_0841,user_standardized_l2_cosine,standardized_l2,cosine,0.462779,128,15.0
3606,4611,-1,True,noise,1911,user_run_0841,user_standardized_l2_cosine,standardized_l2,cosine,0.462779,128,15.0
3607,4612,1,False,cluster_1,1532,user_run_0841,user_standardized_l2_cosine,standardized_l2,cosine,0.462779,128,15.0
3608,4613,0,False,cluster_0,1279,user_run_0841,user_standardized_l2_cosine,standardized_l2,cosine,0.462779,128,15.0
3609,4615,-1,True,noise,1911,user_run_0841,user_standardized_l2_cosine,standardized_l2,cosine,0.462779,128,15.0
3610,4617,0,False,cluster_0,1279,user_run_0841,user_standardized_l2_cosine,standardized_l2,cosine,0.462779,128,15.0
3611,4618,1,False,cluster_1,1532,user_run_0841,user_standardized_l2_cosine,standardized_l2,cosine,0.462779,128,15.0
3612,4619,-1,True,noise,1911,user_run_0841,user_standardized_l2_cosine,standardized_l2,cosine,0.462779,128,15.0
3613,4620,-1,True,noise,1911,user_run_0841,user_standardized_l2_cosine,standardized_l2,cosine,0.462779,128,15.0
3614,4621,-1,True,noise,1911,user_run_0841,user_standardized_l2_cosine,standardized_l2,cosine,0.462779,128,15.0
3615,4624,1,False,cluster_1,1532,user_run_0841,user_standardized_l2_cosine,standardized_l2,cosine,0.462779,128,15.0
3616,4625,0,False,cluster_0,1279,user_run_0841,user_standardized_l2_cosine,standardized_l2,cosine,0.462779,128,15.0
3617,4626,0,False,cluster_0,1279,user_run_0841,user_standardized_l2_cosine,standardized_l2,cosine,0.462779,128,15.0
3618,4627,-1,True,noise,1911,user_run_0841,user_standardized_l2_cosine,standardized_l2,cosine,0.462779,128,15.0
3619,4631,1,False,cluster_1,1532,user_run_0841,user_standardized_l2_cosine,standardized_l2,cosine,0.462779,128,15.0
3620,4632,0,False,cluster_0,1279,user_run_0841,user_standardized_l2_cosine,standardized_l2,cosine,0.462779,128,15.0
3621,4633,0,False,cluster_0,1279,user_run_0841,user_standardized_l2_cosine,standardized_l2,cosine,0.462779,128,15.0
3622,4634,1,False,cluster_1,1532,user_run_0841,user_standardized_l2_cosine,standardized_l2,cosine,0.462779,128,15.0
3623,4635,-1,True,noise,1911,user_run_0841,user_standardized_l2_cosine,standardized_l2,cosine,0.462779,128,15.0
3624,4637,0,False,cluster_0,1279,user_run_0841,user_standardized_l2_cosine,standardized_l2,cosine,0.462779,128,15.0
3625,4639,1,False,cluster_1,1532,user_run_0841,user_standardized_l2_cosine,standardized_l2,cosine,0.462779,128,15.0
3626,4640,-1,True,noise,1911,user_run_0841,user_standardized_l2_cosine,standardized_l2,cosine,0.462779,128,15.0
3627,4641,1,False,cluster_1,1532,user_run_0841,user_standardized_l2_cosine,standardized_l2,cosine,0.462779,128,15.0
3628,4643,-1,True,noise,1911,user_run_0841,user_standardized_l2_cosine,standardized_l2,cosine,0.462779,128,15.0
3629,4644,-1,True,noise,1911,user_run_0841,user_standardized_l2_cosine,standardized_l2,cosine,0.462779,128,15.0
3630,4645,0,False,cluster_0,1279,user_run_0841,user_standardized_l2_cosine,standardized_l2,cosine,0.462779,128,15.0
3631,4647,0,False,cluster_0,1279,user_run_0841,user_standardized_l2_cosine,standardized_l2,cosine,0.462779,128,15.0
3632,4650,0,False,cluster_0,1279,user_run_0841,user_standardized_l2_cosine,standardized_l2,cosine,0.462779,128,15.0
3633,4652,1,False,cluster_1,1532,user_run_0841,user_standardized_l2_cosine,standardized_l2,cosine,0.462779,128,15.0
3634,4653,-1,True,noise,1911,user_run_0841,user_standardized_l2_cosine,standardized_l2,cosine,0.462779,128,15.0
3635,4654,-1,True,noise,1911,user_run_0841,user_standardized_l2_cosine,standardized_l2,cosine,0.462779,128,15.0
3636,4655,1,False,cluster_1,1532,user_run_0841,user_standardized_l2_cosine,standardized_l2,cosine,0.462779,128,15.0
3637,4656,1,False,cluster_1,1532,user_run_0841,user_standardized_l2_cosine,standardized_l2,cosine,0.462779,128,15.0
3638,4658,-1,True,noise,1911,user_run_0841,user_standardized_l2_cosine,standardized_l2,cosine,0.462779,128,15.0
3639,4659,0,False,cluster_0,1279,user_run_0841,user_standardized_l2_cosine,standardized_l2,cosine,0.462779,128,15.0
3640,4660,0,False,cluster_0,1279,user_run_0841,user_standardized_l2_cosine,standardized_l2,cosine,0.462779,128,15.0
3641,4661,1,False,cluster_1,1532,user_run_0841,user_standardized_l2_cosine,standardized_l2,cosine,0.462779,128,15.0
3642,4662,-1,True,noise,1911,user_run_0841,user_standardized_l2_cosine,standardized_l2,cosine,0.462779,128,15.0
3643,4663,1,False,cluster_1,1532,user_run_0841,user_standardized_l2_cosine,standardized_l2,cosine,0.462779,128,15.0
3644,4666,-1,True,noise,1911,user_run_0841,user_standardized_l2_cosine,standardized_l2,cosine,0.462779,128,15.0
3645,4669,1,False,cluster_1,1532,user_run_0841,user_standardized_l2_cosine,standardized_l2,cosine,0.462779,128,15.0
3646,4670,-1,True,noise,1911,user_run_0841,user_standardized_l2_cosine,standardized_l2,cosine,0.462779,128,15.0
3647,4671,0,False,cluster_0,1279,user_run_0841,user_standardized_l2_cosine,standardized_l2,cosine,0.462779,128,15.0
3648,4673,-1,True,noise,1911,user_run_0841,user_standardized_l2_cosine,standardized_l2,cosine,0.462779,128,15.0
3649,4674,0,False,cluster_0,1279,user_run_0841,user_standardized_l2_cosine,standardized_l2,cosine,0.462779,128,15.0
3650,4675,-1,True,noise,1911,user_run_0841,user_standardized_l2_cosine,standardized_l2,cosine,0.462779,128,15.0
3651,4678,-1,True,noise,1911,user_run_0841,user_standardized_l2_cosine,standardized_l2,cosine,0.462779,128,15.0
3652,4679,1,False,cluster_1,1532,user_run_0841,user_standardized_l2_cosine,standardized_l2,cosine,0.462779,128,15.0
3653,4680,1,False,cluster_1,1532,user_run_0841,user_standardized_l2_cosine,standardized_l2,cosine,0.462779,128,15.0
3654,4681,-1,True,noise,1911,user_run_0841,user_standardized_l2_cosine,standardized_l2,cosine,0.462779,128,15.0
3655,4682,1,False,cluster_1,1532,user_run_0841,user_standardized_l2_cosine,standardized_l2,cosine,0.462779,128,15.0
3656,4683,0,False,cluster_0,1279,user_run_0841,user_standardized_l2_cosine,standardized_l2,cosine,0.462779,128,15.0
3657,4684,1,False,cluster_1,1532,user_run_0841,user_standardized_l2_cosine,standardized_l2,cosine,0.462779,128,15.0
3658,4685,-1,True,noise,1911,user_run_0841,user_standardized_l2_cosine,standardized_l2,cosine,0.462779,128,15.0
3659,4686,1,False,cluster_1,1532,user_run_0841,user_standardized_l2_cosine,standardized_l2,cosine,0.462779,128,15.0
3660,4687,1,False,cluster_1,1532,user_run_0841,user_standardized_l2_cosine,standardized_l2,cosine,0.462779,128,15.0
3661,4688,-1,True,noise,1911,user_run_0841,user_standardized_l2_cosine,standardized_l2,cosine,0.462779,128,15.0
3662,4689,-1,True,noise,1911,user_run_0841,user_standardized_l2_cosine,standardized_l2,cosine,0.462779,128,15.0
3663,4690,0,False,cluster_0,1279,user_run_0841,user_standardized_l2_cosine,standardized_l2,cosine,0.462779,128,15.0
3664,4691,-1,True,noise,1911,user_run_0841,user_standardized_l2_cosine,standardized_l2,cosine,0.462779,128,15.0
3665,4693,1,False,cluster_1,1532,user_run_0841,user_standardized_l2_cosine,standardized_l2,cosine,0.462779,128,15.0
3666,4694,1,False,cluster_1,1532,user_run_0841,user_standardized_l2_cosine,standardized_l2,cosine,0.462779,128,15.0
3667,4697,0,False,cluster_0,1279,user_run_0841,user_standardized_l2_cosine,standardized_l2,cosine,0.462779,128,15.0
3668,4699,0,False,cluster_0,1279,user_run_0841,user_standardized_l2_cosine,standardized_l2,cosine,0.462779,128,15.0
3669,4700,1,False,cluster_1,1532,user_run_0841,user_standardized_l2_cosine,standardized_l2,cosine,0.462779,128,15.0
3670,4701,-1,True,noise,1911,user_run_0841,user_standardized_l2_cosine,standardized_l2,cosine,0.462779,128,15.0
3671,4702,0,False,cluster_0,1279,user_run_0841,user_standardized_l2_cosine,standardized_l2,cosine,0.462779,128,15.0
3672,4704,0,False,cluster_0,1279,user_run_0841,user_standardized_l2_cosine,standardized_l2,cosine,0.462779,128,15.0
3673,4705,-1,True,noise,1911,user_run_0841,user_standardized_l2_cosine,standardized_l2,cosine,0.462779,128,15.0
3674,4706,1,False,cluster_1,1532,user_run_0841,user_standardized_l2_cosine,standardized_l2,cosine,0.462779,128,15.0
3675,4707,0,False,cluster_0,1279,user_run_0841,user_standardized_l2_cosine,standardized_l2,cosine,0.462779,128,15.0
3676,4708,1,False,cluster_1,1532,user_run_0841,user_standardized_l2_cosine,standardized_l2,cosine,0.462779,128,15.0
3677,4709,0,False,cluster_0,1279,user_run_0841,user_standardized_l2_cosine,standardized_l2,cosine,0.462779,128,15.0
3678,4711,0,False,cluster_0,1279,user_run_0841,user_standardized_l2_cosine,standardized_l2,cosine,0.462779,128,15.0
3679,4713,-1,True,noise,1911,user_run_0841,user_standardized_l2_cosine,standardized_l2,cosine,0.462779,128,15.0
3680,4714,0,False,cluster_0,1279,user_run_0841,user_standardized_l2_cosine,standardized_l2,cosine,0.462779,128,15.0
3681,4715,1,False,cluster_1,1532,user_run_0841,user_standardized_l2_cosine,standardized_l2,cosine,0.462779,128,15.0
3682,4716,-1,True,noise,1911,user_run_0841,user_standardized_l2_cosine,standardized_l2,cosine,0.462779,128,15.0
3683,4717,-1,True,noise,1911,user_run_0841,user_standardized_l2_cosine,standardized_l2,cosine,0.462779,128,15.0
3684,4718,-1,True,noise,1911,user_run_0841,user_standardized_l2_cosine,standardized_l2,cosine,0.462779,128,15.0
3685,4720,-1,True,noise,1911,user_run_0841,user_standardized_l2_cosine,standardized_l2,cosine,0.462779,128,15.0
3686,4721,-1,True,noise,1911,user_run_0841,user_standardized_l2_cosine,standardized_l2,cosine,0.462779,128,15.0
3687,4725,-1,True,noise,1911,user_run_0841,user_standardized_l2_cosine,standardized_l2,cosine,0.462779,128,15.0
3688,4726,-1,True,noise,1911,user_run_0841,user_standardized_l2_cosine,standardized_l2,cosine,0.462779,128,15.0
3689,4727,0,False,cluster_0,1279,user_run_0841,user_standardized_l2_cosine,standardized_l2,cosine,0.462779,128,15.0
3690,4728,0,False,cluster_0,1279,user_run_0841,user_standardized_l2_cosine,standardized_l2,cosine,0.462779,128,15.0
3691,4729,1,False,cluster_1,1532,user_run_0841,user_standardized_l2_cosine,standardized_l2,cosine,0.462779,128,15.0
3692,4731,-1,True,noise,1911,user_run_0841,user_standardized_l2_cosine,standardized_l2,cosine,0.462779,128,15.0
3693,4732,1,False,cluster_1,1532,user_run_0841,user_standardized_l2_cosine,standardized_l2,cosine,0.462779,128,15.0
3694,4733,1,False,cluster_1,1532,user_run_0841,user_standardized_l2_cosine,standardized_l2,cosine,0.462779,128,15.0
3695,4734,-1,True,noise,1911,user_run_0841,user_standardized_l2_cosine,standardized_l2,cosine,0.462779,128,15.0
3696,4735,-1,True,noise,1911,user_run_0841,user_standardized_l2_cosine,standardized_l2,cosine,0.462779,128,15.0
3697,4736,1,False,cluster_1,1532,user_run_0841,user_standardized_l2_cosine,standardized_l2,cosine,0.462779,128,15.0
3698,4737,1,False,cluster_1,1532,user_run_0841,user_standardized_l2_cosine,standardized_l2,cosine,0.462779,128,15.0
3699,4738,0,False,cluster_0,1279,user_run_0841,user_standardized_l2_cosine,standardized_l2,cosine,0.462779,128,15.0
3700,4739,0,False,cluster_0,1279,user_run_0841,user_standardized_l2_cosine,standardized_l2,cosine,0.462779,128,15.0
3701,4740,0,False,cluster_0,1279,user_run_0841,user_standardized_l2_cosine,standardized_l2,cosine,0.462779,128,15.0
3702,4742,1,False,cluster_1,1532,user_run_0841,user_standardized_l2_cosine,standardized_l2,cosine,0.462779,128,15.0
3703,4744,0,False,cluster_0,1279,user_run_0841,user_standardized_l2_cosine,standardized_l2,cosine,0.462779,128,15.0
3704,4745,-1,True,noise,1911,user_run_0841,user_standardized_l2_cosine,standardized_l2,cosine,0.462779,128,15.0
3705,4746,0,False,cluster_0,1279,user_run_0841,user_standardized_l2_cosine,standardized_l2,cosine,0.462779,128,15.0
3706,4747,0,False,cluster_0,1279,user_run_0841,user_standardized_l2_cosine,standardized_l2,cosine,0.462779,128,15.0
3707,4748,-1,True,noise,1911,user_run_0841,user_standardized_l2_cosine,standardized_l2,cosine,0.462779,128,15.0
3708,4750,-1,True,noise,1911,user_run_0841,user_standardized_l2_cosine,standardized_l2,cosine,0.462779,128,15.0
3709,4753,-1,True,noise,1911,user_run_0841,user_standardized_l2_cosine,standardized_l2,cosine,0.462779,128,15.0
3710,4754,0,False,cluster_0,1279,user_run_0841,user_standardized_l2_cosine,standardized_l2,cosine,0.462779,128,15.0
3711,4757,1,False,cluster_1,1532,user_run_0841,user_standardized_l2_cosine,standardized_l2,cosine,0.462779,128,15.0
3712,4759,-1,True,noise,1911,user_run_0841,user_standardized_l2_cosine,standardized_l2,cosine,0.462779,128,15.0
3713,4760,1,False,cluster_1,1532,user_run_0841,user_standardized_l2_cosine,standardized_l2,cosine,0.462779,128,15.0
3714,4762,1,False,cluster_1,1532,user_run_0841,user_standardized_l2_cosine,standardized_l2,cosine,0.462779,128,15.0
3715,4763,0,False,cluster_0,1279,user_run_0841,user_standardized_l2_cosine,standardized_l2,cosine,0.462779,128,15.0
3716,4764,-1,True,noise,1911,user_run_0841,user_standardized_l2_cosine,standardized_l2,cosine,0.462779,128,15.0
3717,4765,1,False,cluster_1,1532,user_run_0841,user_standardized_l2_cosine,standardized_l2,cosine,0.462779,128,15.0
3718,4766,0,False,cluster_0,1279,user_run_0841,user_standardized_l2_cosine,standardized_l2,cosine,0.462779,128,15.0
3719,4767,1,False,cluster_1,1532,user_run_0841,user_standardized_l2_cosine,standardized_l2,cosine,0.462779,128,15.0
3720,4768,-1,True,noise,1911,user_run_0841,user_standardized_l2_cosine,standardized_l2,cosine,0.462779,128,15.0
3721,4769,1,False,cluster_1,1532,user_run_0841,user_standardized_l2_cosine,standardized_l2,cosine,0.462779,128,15.0
3722,4771,-1,True,noise,1911,user_run_0841,user_standardized_l2_cosine,standardized_l2,cosine,0.462779,128,15.0
3723,4772,1,False,cluster_1,1532,user_run_0841,user_standardized_l2_cosine,standardized_l2,cosine,0.462779,128,15.0
3724,4773,-1,True,noise,1911,user_run_0841,user_standardized_l2_cosine,standardized_l2,cosine,0.462779,128,15.0
3725,4774,-1,True,noise,1911,user_run_0841,user_standardized_l2_cosine,standardized_l2,cosine,0.462779,128,15.0
3726,4779,-1,True,noise,1911,user_run_0841,user_standardized_l2_cosine,standardized_l2,cosine,0.462779,128,15.0
3727,4780,1,False,cluster_1,1532,user_run_0841,user_standardized_l2_cosine,standardized_l2,cosine,0.462779,128,15.0
3728,4781,-1,True,noise,1911,user_run_0841,user_standardized_l2_cosine,standardized_l2,cosine,0.462779,128,15.0
3729,4782,1,False,cluster_1,1532,user_run_0841,user_standardized_l2_cosine,standardized_l2,cosine,0.462779,128,15.0
3730,4783,-1,True,noise,1911,user_run_0841,user_standardized_l2_cosine,standardized_l2,cosine,0.462779,128,15.0
3731,4784,1,False,cluster_1,1532,user_run_0841,user_standardized_l2_cosine,standardized_l2,cosine,0.462779,128,15.0
3732,4785,1,False,cluster_1,1532,user_run_0841,user_standardized_l2_cosine,standardized_l2,cosine,0.462779,128,15.0
3733,4786,1,False,cluster_1,1532,user_run_0841,user_standardized_l2_cosine,standardized_l2,cosine,0.462779,128,15.0
3734,4788,-1,True,noise,1911,user_run_0841,user_standardized_l2_cosine,standardized_l2,cosine,0.462779,128,15.0
3735,4789,-1,True,noise,1911,user_run_0841,user_standardized_l2_cosine,standardized_l2,cosine,0.462779,128,15.0
3736,4790,1,False,cluster_1,1532,user_run_0841,user_standardized_l2_cosine,standardized_l2,cosine,0.462779,128,15.0
3737,4791,-1,True,noise,1911,user_run_0841,user_standardized_l2_cosine,standardized_l2,cosine,0.462779,128,15.0
3738,4793,-1,True,noise,1911,user_run_0841,user_standardized_l2_cosine,standardized_l2,cosine,0.462779,128,15.0
3739,4794,-1,True,noise,1911,user_run_0841,user_standardized_l2_cosine,standardized_l2,cosine,0.462779,128,15.0
3740,4795,-1,True,noise,1911,user_run_0841,user_standardized_l2_cosine,standardized_l2,cosine,0.462779,128,15.0
3741,4796,1,False,cluster_1,1532,user_run_0841,user_standardized_l2_cosine,standardized_l2,cosine,0.462779,128,15.0
3742,4797,0,False,cluster_0,1279,user_run_0841,user_standardized_l2_cosine,standardized_l2,cosine,0.462779,128,15.0
3743,4798,-1,True,noise,1911,user_run_0841,user_standardized_l2_cosine,standardized_l2,cosine,0.462779,128,15.0
3744,4799,0,False,cluster_0,1279,user_run_0841,user_standardized_l2_cosine,standardized_l2,cosine,0.462779,128,15.0
3745,4800,1,False,cluster_1,1532,user_run_0841,user_standardized_l2_cosine,standardized_l2,cosine,0.462779,128,15.0
3746,4801,0,False,cluster_0,1279,user_run_0841,user_standardized_l2_cosine,standardized_l2,cosine,0.462779,128,15.0
3747,4802,1,False,cluster_1,1532,user_run_0841,user_standardized_l2_cosine,standardized_l2,cosine,0.462779,128,15.0
3748,4804,-1,True,noise,1911,user_run_0841,user_standardized_l2_cosine,standardized_l2,cosine,0.462779,128,15.0
3749,4806,-1,True,noise,1911,user_run_0841,user_standardized_l2_cosine,standardized_l2,cosine,0.462779,128,15.0
3750,4807,0,False,cluster_0,1279,user_run_0841,user_standardized_l2_cosine,standardized_l2,cosine,0.462779,128,15.0
3751,4808,0,False,cluster_0,1279,user_run_0841,user_standardized_l2_cosine,standardized_l2,cosine,0.462779,128,15.0
3752,4809,1,False,cluster_1,1532,user_run_0841,user_standardized_l2_cosine,standardized_l2,cosine,0.462779,128,15.0
3753,4810,-1,True,noise,1911,user_run_0841,user_standardized_l2_cosine,standardized_l2,cosine,0.462779,128,15.0
3754,4811,0,False,cluster_0,1279,user_run_0841,user_standardized_l2_cosine,standardized_l2,cosine,0.462779,128,15.0
3755,4812,-1,True,noise,1911,user_run_0841,user_standardized_l2_cosine,standardized_l2,cosine,0.462779,128,15.0
3756,4813,0,False,cluster_0,1279,user_run_0841,user_standardized_l2_cosine,standardized_l2,cosine,0.462779,128,15.0
3757,4814,-1,True,noise,1911,user_run_0841,user_standardized_l2_cosine,standardized_l2,cosine,0.462779,128,15.0
3758,4815,-1,True,noise,1911,user_run_0841,user_standardized_l2_cosine,standardized_l2,cosine,0.462779,128,15.0
3759,4816,0,False,cluster_0,1279,user_run_0841,user_standardized_l2_cosine,standardized_l2,cosine,0.462779,128,15.0
3760,4817,1,False,cluster_1,1532,user_run_0841,user_standardized_l2_cosine,standardized_l2,cosine,0.462779,128,15.0
3761,4818,1,False,cluster_1,1532,user_run_0841,user_standardized_l2_cosine,standardized_l2,cosine,0.462779,128,15.0
3762,4819,0,False,cluster_0,1279,user_run_0841,user_standardized_l2_cosine,standardized_l2,cosine,0.462779,128,15.0
3763,4821,-1,True,noise,1911,user_run_0841,user_standardized_l2_cosine,standardized_l2,cosine,0.462779,128,15.0
3764,4823,1,False,cluster_1,1532,user_run_0841,user_standardized_l2_cosine,standardized_l2,cosine,0.462779,128,15.0
3765,4824,-1,True,noise,1911,user_run_0841,user_standardized_l2_cosine,standardized_l2,cosine,0.462779,128,15.0
3766,4825,1,False,cluster_1,1532,user_run_0841,user_standardized_l2_cosine,standardized_l2,cosine,0.462779,128,15.0
3767,4826,-1,True,noise,1911,user_run_0841,user_standardized_l2_cosine,standardized_l2,cosine,0.462779,128,15.0
3768,4827,1,False,cluster_1,1532,user_run_0841,user_standardized_l2_cosine,standardized_l2,cosine,0.462779,128,15.0
3769,4828,0,False,cluster_0,1279,user_run_0841,user_standardized_l2_cosine,standardized_l2,cosine,0.462779,128,15.0
3770,4829,1,False,cluster_1,1532,user_run_0841,user_standardized_l2_cosine,standardized_l2,cosine,0.462779,128,15.0
3771,4830,0,False,cluster_0,1279,user_run_0841,user_standardized_l2_cosine,standardized_l2,cosine,0.462779,128,15.0
3772,4831,-1,True,noise,1911,user_run_0841,user_standardized_l2_cosine,standardized_l2,cosine,0.462779,128,15.0
3773,4832,1,False,cluster_1,1532,user_run_0841,user_standardized_l2_cosine,standardized_l2,cosine,0.462779,128,15.0
3774,4833,0,False,cluster_0,1279,user_run_0841,user_standardized_l2_cosine,standardized_l2,cosine,0.462779,128,15.0
3775,4834,-1,True,noise,1911,user_run_0841,user_standardized_l2_cosine,standardized_l2,cosine,0.462779,128,15.0
3776,4835,1,False,cluster_1,1532,user_run_0841,user_standardized_l2_cosine,standardized_l2,cosine,0.462779,128,15.0
3777,4836,1,False,cluster_1,1532,user_run_0841,user_standardized_l2_cosine,standardized_l2,cosine,0.462779,128,15.0
3778,4837,0,False,cluster_0,1279,user_run_0841,user_standardized_l2_cosine,standardized_l2,cosine,0.462779,128,15.0
3779,4840,0,False,cluster_0,1279,user_run_0841,user_standardized_l2_cosine,standardized_l2,cosine,0.462779,128,15.0
3780,4841,1,False,cluster_1,1532,user_run_0841,user_standardized_l2_cosine,standardized_l2,cosine,0.462779,128,15.0
3781,4842,1,False,cluster_1,1532,user_run_0841,user_standardized_l2_cosine,standardized_l2,cosine,0.462779,128,15.0
3782,4843,-1,True,noise,1911,user_run_0841,user_standardized_l2_cosine,standardized_l2,cosine,0.462779,128,15.0
3783,4845,-1,True,noise,1911,user_run_0841,user_standardized_l2_cosine,standardized_l2,cosine,0.462779,128,15.0
3784,4847,-1,True,noise,1911,user_run_0841,user_standardized_l2_cosine,standardized_l2,cosine,0.462779,128,15.0
3785,4848,-1,True,noise,1911,user_run_0841,user_standardized_l2_cosine,standardized_l2,cosine,0.462779,128,15.0
3786,4849,0,False,cluster_0,1279,user_run_0841,user_standardized_l2_cosine,standardized_l2,cosine,0.462779,128,15.0
3787,4852,-1,True,noise,1911,user_run_0841,user_standardized_l2_cosine,standardized_l2,cosine,0.462779,128,15.0
3788,4854,-1,True,noise,1911,user_run_0841,user_standardized_l2_cosine,standardized_l2,cosine,0.462779,128,15.0
3789,4855,-1,True,noise,1911,user_run_0841,user_standardized_l2_cosine,standardized_l2,cosine,0.462779,128,15.0
3790,4856,1,False,cluster_1,1532,user_run_0841,user_standardized_l2_cosine,standardized_l2,cosine,0.462779,128,15.0
3791,4857,-1,True,noise,1911,user_run_0841,user_standardized_l2_cosine,standardized_l2,cosine,0.462779,128,15.0
3792,4858,1,False,cluster_1,1532,user_run_0841,user_standardized_l2_cosine,standardized_l2,cosine,0.462779,128,15.0
3793,4859,0,False,cluster_0,1279,user_run_0841,user_standardized_l2_cosine,standardized_l2,cosine,0.462779,128,15.0
3794,4860,1,False,cluster_1,1532,user_run_0841,user_standardized_l2_cosine,standardized_l2,cosine,0.462779,128,15.0
3795,4861,-1,True,noise,1911,user_run_0841,user_standardized_l2_cosine,standardized_l2,cosine,0.462779,128,15.0
3796,4862,-1,True,noise,1911,user_run_0841,user_standardized_l2_cosine,standardized_l2,cosine,0.462779,128,15.0
3797,4865,-1,True,noise,1911,user_run_0841,user_standardized_l2_cosine,standardized_l2,cosine,0.462779,128,15.0
3798,4866,0,False,cluster_0,1279,user_run_0841,user_standardized_l2_cosine,standardized_l2,cosine,0.462779,128,15.0
3799,4867,1,False,cluster_1,1532,user_run_0841,user_standardized_l2_cosine,standardized_l2,cosine,0.462779,128,15.0
3800,4868,-1,True,noise,1911,user_run_0841,user_standardized_l2_cosine,standardized_l2,cosine,0.462779,128,15.0
3801,4869,-1,True,noise,1911,user_run_0841,user_standardized_l2_cosine,standardized_l2,cosine,0.462779,128,15.0
3802,4870,1,False,cluster_1,1532,user_run_0841,user_standardized_l2_cosine,standardized_l2,cosine,0.462779,128,15.0
3803,4872,0,False,cluster_0,1279,user_run_0841,user_standardized_l2_cosine,standardized_l2,cosine,0.462779,128,15.0
3804,4875,-1,True,noise,1911,user_run_0841,user_standardized_l2_cosine,standardized_l2,cosine,0.462779,128,15.0
3805,4877,-1,True,noise,1911,user_run_0841,user_standardized_l2_cosine,standardized_l2,cosine,0.462779,128,15.0
3806,4878,0,False,cluster_0,1279,user_run_0841,user_standardized_l2_cosine,standardized_l2,cosine,0.462779,128,15.0
3807,4879,1,False,cluster_1,1532,user_run_0841,user_standardized_l2_cosine,standardized_l2,cosine,0.462779,128,15.0
3808,4882,-1,True,noise,1911,user_run_0841,user_standardized_l2_cosine,standardized_l2,cosine,0.462779,128,15.0
3809,4883,0,False,cluster_0,1279,user_run_0841,user_standardized_l2_cosine,standardized_l2,cosine,0.462779,128,15.0
3810,4884,-1,True,noise,1911,user_run_0841,user_standardized_l2_cosine,standardized_l2,cosine,0.462779,128,15.0
3811,4886,0,False,cluster_0,1279,user_run_0841,user_standardized_l2_cosine,standardized_l2,cosine,0.462779,128,15.0
3812,4887,1,False,cluster_1,1532,user_run_0841,user_standardized_l2_cosine,standardized_l2,cosine,0.462779,128,15.0
3813,4888,-1,True,noise,1911,user_run_0841,user_standardized_l2_cosine,standardized_l2,cosine,0.462779,128,15.0
3814,4889,-1,True,noise,1911,user_run_0841,user_standardized_l2_cosine,standardized_l2,cosine,0.462779,128,15.0
3815,4890,1,False,cluster_1,1532,user_run_0841,user_standardized_l2_cosine,standardized_l2,cosine,0.462779,128,15.0
3816,4892,-1,True,noise,1911,user_run_0841,user_standardized_l2_cosine,standardized_l2,cosine,0.462779,128,15.0
3817,4893,0,False,cluster_0,1279,user_run_0841,user_standardized_l2_cosine,standardized_l2,cosine,0.462779,128,15.0
3818,4894,0,False,cluster_0,1279,user_run_0841,user_standardized_l2_cosine,standardized_l2,cosine,0.462779,128,15.0
3819,4895,0,False,cluster_0,1279,user_run_0841,user_standardized_l2_cosine,standardized_l2,cosine,0.462779,128,15.0
3820,4896,-1,True,noise,1911,user_run_0841,user_standardized_l2_cosine,standardized_l2,cosine,0.462779,128,15.0
3821,4897,0,False,cluster_0,1279,user_run_0841,user_standardized_l2_cosine,standardized_l2,cosine,0.462779,128,15.0
3822,4898,1,False,cluster_1,1532,user_run_0841,user_standardized_l2_cosine,standardized_l2,cosine,0.462779,128,15.0
3823,4899,-1,True,noise,1911,user_run_0841,user_standardized_l2_cosine,standardized_l2,cosine,0.462779,128,15.0
3824,4901,-1,True,noise,1911,user_run_0841,user_standardized_l2_cosine,standardized_l2,cosine,0.462779,128,15.0
3825,4902,0,False,cluster_0,1279,user_run_0841,user_standardized_l2_cosine,standardized_l2,cosine,0.462779,128,15.0
3826,4903,0,False,cluster_0,1279,user_run_0841,user_standardized_l2_cosine,standardized_l2,cosine,0.462779,128,15.0
3827,4904,-1,True,noise,1911,user_run_0841,user_standardized_l2_cosine,standardized_l2,cosine,0.462779,128,15.0
3828,4905,1,False,cluster_1,1532,user_run_0841,user_standardized_l2_cosine,standardized_l2,cosine,0.462779,128,15.0
3829,4906,1,False,cluster_1,1532,user_run_0841,user_standardized_l2_cosine,standardized_l2,cosine,0.462779,128,15.0
3830,4907,0,False,cluster_0,1279,user_run_0841,user_standardized_l2_cosine,standardized_l2,cosine,0.462779,128,15.0
3831,4908,-1,True,noise,1911,user_run_0841,user_standardized_l2_cosine,standardized_l2,cosine,0.462779,128,15.0
3832,4909,-1,True,noise,1911,user_run_0841,user_standardized_l2_cosine,standardized_l2,cosine,0.462779,128,15.0
3833,4910,0,False,cluster_0,1279,user_run_0841,user_standardized_l2_cosine,standardized_l2,cosine,0.462779,128,15.0
3834,4911,1,False,cluster_1,1532,user_run_0841,user_standardized_l2_cosine,standardized_l2,cosine,0.462779,128,15.0
3835,4913,0,False,cluster_0,1279,user_run_0841,user_standardized_l2_cosine,standardized_l2,cosine,0.462779,128,15.0
3836,4914,0,False,cluster_0,1279,user_run_0841,user_standardized_l2_cosine,standardized_l2,cosine,0.462779,128,15.0
3837,4915,1,False,cluster_1,1532,user_run_0841,user_standardized_l2_cosine,standardized_l2,cosine,0.462779,128,15.0
3838,4916,-1,True,noise,1911,user_run_0841,user_standardized_l2_cosine,standardized_l2,cosine,0.462779,128,15.0
3839,4917,-1,True,noise,1911,user_run_0841,user_standardized_l2_cosine,standardized_l2,cosine,0.462779,128,15.0
3840,4918,-1,True,noise,1911,user_run_0841,user_standardized_l2_cosine,standardized_l2,cosine,0.462779,128,15.0
3841,4920,-1,True,noise,1911,user_run_0841,user_standardized_l2_cosine,standardized_l2,cosine,0.462779,128,15.0
3842,4921,1,False,cluster_1,1532,user_run_0841,user_standardized_l2_cosine,standardized_l2,cosine,0.462779,128,15.0
3843,4922,-1,True,noise,1911,user_run_0841,user_standardized_l2_cosine,standardized_l2,cosine,0.462779,128,15.0
3844,4924,-1,True,noise,1911,user_run_0841,user_standardized_l2_cosine,standardized_l2,cosine,0.462779,128,15.0
3845,4925,1,False,cluster_1,1532,user_run_0841,user_standardized_l2_cosine,standardized_l2,cosine,0.462779,128,15.0
3846,4927,-1,True,noise,1911,user_run_0841,user_standardized_l2_cosine,standardized_l2,cosine,0.462779,128,15.0
3847,4928,-1,True,noise,1911,user_run_0841,user_standardized_l2_cosine,standardized_l2,cosine,0.462779,128,15.0
3848,4929,1,False,cluster_1,1532,user_run_0841,user_standardized_l2_cosine,standardized_l2,cosine,0.462779,128,15.0
3849,4930,0,False,cluster_0,1279,user_run_0841,user_standardized_l2_cosine,standardized_l2,cosine,0.462779,128,15.0
3850,4931,1,False,cluster_1,1532,user_run_0841,user_standardized_l2_cosine,standardized_l2,cosine,0.462779,128,15.0
3851,4932,1,False,cluster_1,1532,user_run_0841,user_standardized_l2_cosine,standardized_l2,cosine,0.462779,128,15.0
3852,4933,1,False,cluster_1,1532,user_run_0841,user_standardized_l2_cosine,standardized_l2,cosine,0.462779,128,15.0
3853,4934,-1,True,noise,1911,user_run_0841,user_standardized_l2_cosine,standardized_l2,cosine,0.462779,128,15.0
3854,4936,0,False,cluster_0,1279,user_run_0841,user_standardized_l2_cosine,standardized_l2,cosine,0.462779,128,15.0
3855,4937,1,False,cluster_1,1532,user_run_0841,user_standardized_l2_cosine,standardized_l2,cosine,0.462779,128,15.0
3856,4939,-1,True,noise,1911,user_run_0841,user_standardized_l2_cosine,standardized_l2,cosine,0.462779,128,15.0
3857,4940,-1,True,noise,1911,user_run_0841,user_standardized_l2_cosine,standardized_l2,cosine,0.462779,128,15.0
3858,4942,1,False,cluster_1,1532,user_run_0841,user_standardized_l2_cosine,standardized_l2,cosine,0.462779,128,15.0
3859,4945,-1,True,noise,1911,user_run_0841,user_standardized_l2_cosine,standardized_l2,cosine,0.462779,128,15.0
3860,4946,-1,True,noise,1911,user_run_0841,user_standardized_l2_cosine,standardized_l2,cosine,0.462779,128,15.0
3861,4947,-1,True,noise,1911,user_run_0841,user_standardized_l2_cosine,standardized_l2,cosine,0.462779,128,15.0
3862,4948,1,False,cluster_1,1532,user_run_0841,user_standardized_l2_cosine,standardized_l2,cosine,0.462779,128,15.0
3863,4950,1,False,cluster_1,1532,user_run_0841,user_standardized_l2_cosine,standardized_l2,cosine,0.462779,128,15.0
3864,4951,-1,True,noise,1911,user_run_0841,user_standardized_l2_cosine,standardized_l2,cosine,0.462779,128,15.0
3865,4952,-1,True,noise,1911,user_run_0841,user_standardized_l2_cosine,standardized_l2,cosine,0.462779,128,15.0
3866,4953,1,False,cluster_1,1532,user_run_0841,user_standardized_l2_cosine,standardized_l2,cosine,0.462779,128,15.0
3867,4954,-1,True,noise,1911,user_run_0841,user_standardized_l2_cosine,standardized_l2,cosine,0.462779,128,15.0
3868,4956,1,False,cluster_1,1532,user_run_0841,user_standardized_l2_cosine,standardized_l2,cosine,0.462779,128,15.0
3869,4957,1,False,cluster_1,1532,user_run_0841,user_standardized_l2_cosine,standardized_l2,cosine,0.462779,128,15.0
3870,4958,0,False,cluster_0,1279,user_run_0841,user_standardized_l2_cosine,standardized_l2,cosine,0.462779,128,15.0
3871,4959,-1,True,noise,1911,user_run_0841,user_standardized_l2_cosine,standardized_l2,cosine,0.462779,128,15.0
3872,4960,0,False,cluster_0,1279,user_run_0841,user_standardized_l2_cosine,standardized_l2,cosine,0.462779,128,15.0
3873,4961,-1,True,noise,1911,user_run_0841,user_standardized_l2_cosine,standardized_l2,cosine,0.462779,128,15.0
3874,4962,1,False,cluster_1,1532,user_run_0841,user_standardized_l2_cosine,standardized_l2,cosine,0.462779,128,15.0
3875,4963,0,False,cluster_0,1279,user_run_0841,user_standardized_l2_cosine,standardized_l2,cosine,0.462779,128,15.0
3876,4964,1,False,cluster_1,1532,user_run_0841,user_standardized_l2_cosine,standardized_l2,cosine,0.462779,128,15.0
3877,4965,1,False,cluster_1,1532,user_run_0841,user_standardized_l2_cosine,standardized_l2,cosine,0.462779,128,15.0
3878,4966,-1,True,noise,1911,user_run_0841,user_standardized_l2_cosine,standardized_l2,cosine,0.462779,128,15.0
3879,4967,1,False,cluster_1,1532,user_run_0841,user_standardized_l2_cosine,standardized_l2,cosine,0.462779,128,15.0
3880,4972,1,False,cluster_1,1532,user_run_0841,user_standardized_l2_cosine,standardized_l2,cosine,0.462779,128,15.0
3881,4973,-1,True,noise,1911,user_run_0841,user_standardized_l2_cosine,standardized_l2,cosine,0.462779,128,15.0
3882,4975,-1,True,noise,1911,user_run_0841,user_standardized_l2_cosine,standardized_l2,cosine,0.462779,128,15.0
3883,4976,-1,True,noise,1911,user_run_0841,user_standardized_l2_cosine,standardized_l2,cosine,0.462779,128,15.0
3884,4977,1,False,cluster_1,1532,user_run_0841,user_standardized_l2_cosine,standardized_l2,cosine,0.462779,128,15.0
3885,4978,1,False,cluster_1,1532,user_run_0841,user_standardized_l2_cosine,standardized_l2,cosine,0.462779,128,15.0
3886,4979,-1,True,noise,1911,user_run_0841,user_standardized_l2_cosine,standardized_l2,cosine,0.462779,128,15.0
3887,4980,1,False,cluster_1,1532,user_run_0841,user_standardized_l2_cosine,standardized_l2,cosine,0.462779,128,15.0
3888,4981,1,False,cluster_1,1532,user_run_0841,user_standardized_l2_cosine,standardized_l2,cosine,0.462779,128,15.0
3889,4983,-1,True,noise,1911,user_run_0841,user_standardized_l2_cosine,standardized_l2,cosine,0.462779,128,15.0
3890,4984,-1,True,noise,1911,user_run_0841,user_standardized_l2_cosine,standardized_l2,cosine,0.462779,128,15.0
3891,4985,0,False,cluster_0,1279,user_run_0841,user_standardized_l2_cosine,standardized_l2,cosine,0.462779,128,15.0
3892,4987,1,False,cluster_1,1532,user_run_0841,user_standardized_l2_cosine,standardized_l2,cosine,0.462779,128,15.0
3893,4989,-1,True,noise,1911,user_run_0841,user_standardized_l2_cosine,standardized_l2,cosine,0.462779,128,15.0
3894,4990,1,False,cluster_1,1532,user_run_0841,user_standardized_l2_cosine,standardized_l2,cosine,0.462779,128,15.0
3895,4993,-1,True,noise,1911,user_run_0841,user_standardized_l2_cosine,standardized_l2,cosine,0.462779,128,15.0
3896,4994,1,False,cluster_1,1532,user_run_0841,user_standardized_l2_cosine,standardized_l2,cosine,0.462779,128,15.0
3897,4995,-1,True,noise,1911,user_run_0841,user_standardized_l2_cosine,standardized_l2,cosine,0.462779,128,15.0
3898,4997,0,False,cluster_0,1279,user_run_0841,user_standardized_l2_cosine,standardized_l2,cosine,0.462779,128,15.0
3899,4998,1,False,cluster_1,1532,user_run_0841,user_standardized_l2_cosine,standardized_l2,cosine,0.462779,128,15.0
3900,4999,1,False,cluster_1,1532,user_run_0841,user_standardized_l2_cosine,standardized_l2,cosine,0.462779,128,15.0
3901,5000,0,False,cluster_0,1279,user_run_0841,user_standardized_l2_cosine,standardized_l2,cosine,0.462779,128,15.0
3902,5001,-1,True,noise,1911,user_run_0841,user_standardized_l2_cosine,standardized_l2,cosine,0.462779,128,15.0
3903,5002,-1,True,noise,1911,user_run_0841,user_standardized_l2_cosine,standardized_l2,cosine,0.462779,128,15.0
3904,5004,0,False,cluster_0,1279,user_run_0841,user_standardized_l2_cosine,standardized_l2,cosine,0.462779,128,15.0
3905,5005,-1,True,noise,1911,user_run_0841,user_standardized_l2_cosine,standardized_l2,cosine,0.462779,128,15.0
3906,5006,0,False,cluster_0,1279,user_run_0841,user_standardized_l2_cosine,standardized_l2,cosine,0.462779,128,15.0
3907,5008,-1,True,noise,1911,user_run_0841,user_standardized_l2_cosine,standardized_l2,cosine,0.462779,128,15.0
3908,5009,0,False,cluster_0,1279,user_run_0841,user_standardized_l2_cosine,standardized_l2,cosine,0.462779,128,15.0
3909,5010,0,False,cluster_0,1279,user_run_0841,user_standardized_l2_cosine,standardized_l2,cosine,0.462779,128,15.0
3910,5011,-1,True,noise,1911,user_run_0841,user_standardized_l2_cosine,standardized_l2,cosine,0.462779,128,15.0
3911,5013,1,False,cluster_1,1532,user_run_0841,user_standardized_l2_cosine,standardized_l2,cosine,0.462779,128,15.0
3912,5014,-1,True,noise,1911,user_run_0841,user_standardized_l2_cosine,standardized_l2,cosine,0.462779,128,15.0
3913,5015,-1,True,noise,1911,user_run_0841,user_standardized_l2_cosine,standardized_l2,cosine,0.462779,128,15.0
3914,5016,-1,True,noise,1911,user_run_0841,user_standardized_l2_cosine,standardized_l2,cosine,0.462779,128,15.0
3915,5018,1,False,cluster_1,1532,user_run_0841,user_standardized_l2_cosine,standardized_l2,cosine,0.462779,128,15.0
3916,5019,1,False,cluster_1,1532,user_run_0841,user_standardized_l2_cosine,standardized_l2,cosine,0.462779,128,15.0
3917,5020,-1,True,noise,1911,user_run_0841,user_standardized_l2_cosine,standardized_l2,cosine,0.462779,128,15.0
3918,5021,1,False,cluster_1,1532,user_run_0841,user_standardized_l2_cosine,standardized_l2,cosine,0.462779,128,15.0
3919,5023,-1,True,noise,1911,user_run_0841,user_standardized_l2_cosine,standardized_l2,cosine,0.462779,128,15.0
3920,5024,1,False,cluster_1,1532,user_run_0841,user_standardized_l2_cosine,standardized_l2,cosine,0.462779,128,15.0
3921,5025,-1,True,noise,1911,user_run_0841,user_standardized_l2_cosine,standardized_l2,cosine,0.462779,128,15.0
3922,5026,0,False,cluster_0,1279,user_run_0841,user_standardized_l2_cosine,standardized_l2,cosine,0.462779,128,15.0
3923,5029,0,False,cluster_0,1279,user_run_0841,user_standardized_l2_cosine,standardized_l2,cosine,0.462779,128,15.0
3924,5031,1,False,cluster_1,1532,user_run_0841,user_standardized_l2_cosine,standardized_l2,cosine,0.462779,128,15.0
3925,5032,1,False,cluster_1,1532,user_run_0841,user_standardized_l2_cosine,standardized_l2,cosine,0.462779,128,15.0
3926,5033,0,False,cluster_0,1279,user_run_0841,user_standardized_l2_cosine,standardized_l2,cosine,0.462779,128,15.0
3927,5034,1,False,cluster_1,1532,user_run_0841,user_standardized_l2_cosine,standardized_l2,cosine,0.462779,128,15.0
3928,5035,0,False,cluster_0,1279,user_run_0841,user_standardized_l2_cosine,standardized_l2,cosine,0.462779,128,15.0
3929,5036,-1,True,noise,1911,user_run_0841,user_standardized_l2_cosine,standardized_l2,cosine,0.462779,128,15.0
3930,5037,-1,True,noise,1911,user_run_0841,user_standardized_l2_cosine,standardized_l2,cosine,0.462779,128,15.0
3931,5038,1,False,cluster_1,1532,user_run_0841,user_standardized_l2_cosine,standardized_l2,cosine,0.462779,128,15.0
3932,5039,-1,True,noise,1911,user_run_0841,user_standardized_l2_cosine,standardized_l2,cosine,0.462779,128,15.0
3933,5040,1,False,cluster_1,1532,user_run_0841,user_standardized_l2_cosine,standardized_l2,cosine,0.462779,128,15.0
3934,5041,-1,True,noise,1911,user_run_0841,user_standardized_l2_cosine,standardized_l2,cosine,0.462779,128,15.0
3935,5042,1,False,cluster_1,1532,user_run_0841,user_standardized_l2_cosine,standardized_l2,cosine,0.462779,128,15.0
3936,5044,-1,True,noise,1911,user_run_0841,user_standardized_l2_cosine,standardized_l2,cosine,0.462779,128,15.0
3937,5046,-1,True,noise,1911,user_run_0841,user_standardized_l2_cosine,standardized_l2,cosine,0.462779,128,15.0
3938,5047,1,False,cluster_1,1532,user_run_0841,user_standardized_l2_cosine,standardized_l2,cosine,0.462779,128,15.0
3939,5048,-1,True,noise,1911,user_run_0841,user_standardized_l2_cosine,standardized_l2,cosine,0.462779,128,15.0
3940,5049,1,False,cluster_1,1532,user_run_0841,user_standardized_l2_cosine,standardized_l2,cosine,0.462779,128,15.0
3941,5050,0,False,cluster_0,1279,user_run_0841,user_standardized_l2_cosine,standardized_l2,cosine,0.462779,128,15.0
3942,5053,-1,True,noise,1911,user_run_0841,user_standardized_l2_cosine,standardized_l2,cosine,0.462779,128,15.0
3943,5054,0,False,cluster_0,1279,user_run_0841,user_standardized_l2_cosine,standardized_l2,cosine,0.462779,128,15.0
3944,5055,1,False,cluster_1,1532,user_run_0841,user_standardized_l2_cosine,standardized_l2,cosine,0.462779,128,15.0
3945,5056,-1,True,noise,1911,user_run_0841,user_standardized_l2_cosine,standardized_l2,cosine,0.462779,128,15.0
3946,5057,1,False,cluster_1,1532,user_run_0841,user_standardized_l2_cosine,standardized_l2,cosine,0.462779,128,15.0
3947,5058,1,False,cluster_1,1532,user_run_0841,user_standardized_l2_cosine,standardized_l2,cosine,0.462779,128,15.0
3948,5059,-1,True,noise,1911,user_run_0841,user_standardized_l2_cosine,standardized_l2,cosine,0.462779,128,15.0
3949,5060,1,False,cluster_1,1532,user_run_0841,user_standardized_l2_cosine,standardized_l2,cosine,0.462779,128,15.0
3950,5061,-1,True,noise,1911,user_run_0841,user_standardized_l2_cosine,standardized_l2,cosine,0.462779,128,15.0
3951,5063,1,False,cluster_1,1532,user_run_0841,user_standardized_l2_cosine,standardized_l2,cosine,0.462779,128,15.0
3952,5064,-1,True,noise,1911,user_run_0841,user_standardized_l2_cosine,standardized_l2,cosine,0.462779,128,15.0
3953,5065,-1,True,noise,1911,user_run_0841,user_standardized_l2_cosine,standardized_l2,cosine,0.462779,128,15.0
3954,5070,1,False,cluster_1,1532,user_run_0841,user_standardized_l2_cosine,standardized_l2,cosine,0.462779,128,15.0
3955,5071,0,False,cluster_0,1279,user_run_0841,user_standardized_l2_cosine,standardized_l2,cosine,0.462779,128,15.0
3956,5072,0,False,cluster_0,1279,user_run_0841,user_standardized_l2_cosine,standardized_l2,cosine,0.462779,128,15.0
3957,5074,-1,True,noise,1911,user_run_0841,user_standardized_l2_cosine,standardized_l2,cosine,0.462779,128,15.0
3958,5075,1,False,cluster_1,1532,user_run_0841,user_standardized_l2_cosine,standardized_l2,cosine,0.462779,128,15.0
3959,5076,-1,True,noise,1911,user_run_0841,user_standardized_l2_cosine,standardized_l2,cosine,0.462779,128,15.0
3960,5077,-1,True,noise,1911,user_run_0841,user_standardized_l2_cosine,standardized_l2,cosine,0.462779,128,15.0
3961,5078,0,False,cluster_0,1279,user_run_0841,user_standardized_l2_cosine,standardized_l2,cosine,0.462779,128,15.0
3962,5079,0,False,cluster_0,1279,user_run_0841,user_standardized_l2_cosine,standardized_l2,cosine,0.462779,128,15.0
3963,5080,0,False,cluster_0,1279,user_run_0841,user_standardized_l2_cosine,standardized_l2,cosine,0.462779,128,15.0
3964,5081,0,False,cluster_0,1279,user_run_0841,user_standardized_l2_cosine,standardized_l2,cosine,0.462779,128,15.0
3965,5082,-1,True,noise,1911,user_run_0841,user_standardized_l2_cosine,standardized_l2,cosine,0.462779,128,15.0
3966,5083,-1,True,noise,1911,user_run_0841,user_standardized_l2_cosine,standardized_l2,cosine,0.462779,128,15.0
3967,5084,0,False,cluster_0,1279,user_run_0841,user_standardized_l2_cosine,standardized_l2,cosine,0.462779,128,15.0
3968,5085,-1,True,noise,1911,user_run_0841,user_standardized_l2_cosine,standardized_l2,cosine,0.462779,128,15.0
3969,5086,1,False,cluster_1,1532,user_run_0841,user_standardized_l2_cosine,standardized_l2,cosine,0.462779,128,15.0
3970,5087,0,False,cluster_0,1279,user_run_0841,user_standardized_l2_cosine,standardized_l2,cosine,0.462779,128,15.0
3971,5090,0,False,cluster_0,1279,user_run_0841,user_standardized_l2_cosine,standardized_l2,cosine,0.462779,128,15.0
3972,5091,1,False,cluster_1,1532,user_run_0841,user_standardized_l2_cosine,standardized_l2,cosine,0.462779,128,15.0
3973,5092,1,False,cluster_1,1532,user_run_0841,user_standardized_l2_cosine,standardized_l2,cosine,0.462779,128,15.0
3974,5093,0,False,cluster_0,1279,user_run_0841,user_standardized_l2_cosine,standardized_l2,cosine,0.462779,128,15.0
3975,5094,1,False,cluster_1,1532,user_run_0841,user_standardized_l2_cosine,standardized_l2,cosine,0.462779,128,15.0
3976,5095,1,False,cluster_1,1532,user_run_0841,user_standardized_l2_cosine,standardized_l2,cosine,0.462779,128,15.0
3977,5096,1,False,cluster_1,1532,user_run_0841,user_standardized_l2_cosine,standardized_l2,cosine,0.462779,128,15.0
3978,5097,1,False,cluster_1,1532,user_run_0841,user_standardized_l2_cosine,standardized_l2,cosine,0.462779,128,15.0
3979,5098,-1,True,noise,1911,user_run_0841,user_standardized_l2_cosine,standardized_l2,cosine,0.462779,128,15.0
3980,5099,0,False,cluster_0,1279,user_run_0841,user_standardized_l2_cosine,standardized_l2,cosine,0.462779,128,15.0
3981,5100,1,False,cluster_1,1532,user_run_0841,user_standardized_l2_cosine,standardized_l2,cosine,0.462779,128,15.0
3982,5101,0,False,cluster_0,1279,user_run_0841,user_standardized_l2_cosine,standardized_l2,cosine,0.462779,128,15.0
3983,5102,1,False,cluster_1,1532,user_run_0841,user_standardized_l2_cosine,standardized_l2,cosine,0.462779,128,15.0
3984,5103,-1,True,noise,1911,user_run_0841,user_standardized_l2_cosine,standardized_l2,cosine,0.462779,128,15.0
3985,5104,-1,True,noise,1911,user_run_0841,user_standardized_l2_cosine,standardized_l2,cosine,0.462779,128,15.0
3986,5105,0,False,cluster_0,1279,user_run_0841,user_standardized_l2_cosine,standardized_l2,cosine,0.462779,128,15.0
3987,5106,0,False,cluster_0,1279,user_run_0841,user_standardized_l2_cosine,standardized_l2,cosine,0.462779,128,15.0
3988,5107,1,False,cluster_1,1532,user_run_0841,user_standardized_l2_cosine,standardized_l2,cosine,0.462779,128,15.0
3989,5108,1,False,cluster_1,1532,user_run_0841,user_standardized_l2_cosine,standardized_l2,cosine,0.462779,128,15.0
3990,5109,-1,True,noise,1911,user_run_0841,user_standardized_l2_cosine,standardized_l2,cosine,0.462779,128,15.0
3991,5111,0,False,cluster_0,1279,user_run_0841,user_standardized_l2_cosine,standardized_l2,cosine,0.462779,128,15.0
3992,5112,-1,True,noise,1911,user_run_0841,user_standardized_l2_cosine,standardized_l2,cosine,0.462779,128,15.0
3993,5113,1,False,cluster_1,1532,user_run_0841,user_standardized_l2_cosine,standardized_l2,cosine,0.462779,128,15.0
3994,5114,-1,True,noise,1911,user_run_0841,user_standardized_l2_cosine,standardized_l2,cosine,0.462779,128,15.0
3995,5118,0,False,cluster_0,1279,user_run_0841,user_standardized_l2_cosine,standardized_l2,cosine,0.462779,128,15.0
3996,5120,-1,True,noise,1911,user_run_0841,user_standardized_l2_cosine,standardized_l2,cosine,0.462779,128,15.0
3997,5121,-1,True,noise,1911,user_run_0841,user_standardized_l2_cosine,standardized_l2,cosine,0.462779,128,15.0
3998,5123,1,False,cluster_1,1532,user_run_0841,user_standardized_l2_cosine,standardized_l2,cosine,0.462779,128,15.0
3999,5124,1,False,cluster_1,1532,user_run_0841,user_standardized_l2_cosine,standardized_l2,cosine,0.462779,128,15.0
4000,5126,1,False,cluster_1,1532,user_run_0841,user_standardized_l2_cosine,standardized_l2,cosine,0.462779,128,15.0
4001,5127,1,False,cluster_1,1532,user_run_0841,user_standardized_l2_cosine,standardized_l2,cosine,0.462779,128,15.0
4002,5128,-1,True,noise,1911,user_run_0841,user_standardized_l2_cosine,standardized_l2,cosine,0.462779,128,15.0
4003,5129,1,False,cluster_1,1532,user_run_0841,user_standardized_l2_cosine,standardized_l2,cosine,0.462779,128,15.0
4004,5131,0,False,cluster_0,1279,user_run_0841,user_standardized_l2_cosine,standardized_l2,cosine,0.462779,128,15.0
4005,5132,1,False,cluster_1,1532,user_run_0841,user_standardized_l2_cosine,standardized_l2,cosine,0.462779,128,15.0
4006,5133,1,False,cluster_1,1532,user_run_0841,user_standardized_l2_cosine,standardized_l2,cosine,0.462779,128,15.0
4007,5134,-1,True,noise,1911,user_run_0841,user_standardized_l2_cosine,standardized_l2,cosine,0.462779,128,15.0
4008,5135,-1,True,noise,1911,user_run_0841,user_standardized_l2_cosine,standardized_l2,cosine,0.462779,128,15.0
4009,5136,-1,True,noise,1911,user_run_0841,user_standardized_l2_cosine,standardized_l2,cosine,0.462779,128,15.0
4010,5137,-1,True,noise,1911,user_run_0841,user_standardized_l2_cosine,standardized_l2,cosine,0.462779,128,15.0
4011,5138,0,False,cluster_0,1279,user_run_0841,user_standardized_l2_cosine,standardized_l2,cosine,0.462779,128,15.0
4012,5139,1,False,cluster_1,1532,user_run_0841,user_standardized_l2_cosine,standardized_l2,cosine,0.462779,128,15.0
4013,5140,-1,True,noise,1911,user_run_0841,user_standardized_l2_cosine,standardized_l2,cosine,0.462779,128,15.0
4014,5141,0,False,cluster_0,1279,user_run_0841,user_standardized_l2_cosine,standardized_l2,cosine,0.462779,128,15.0
4015,5142,0,False,cluster_0,1279,user_run_0841,user_standardized_l2_cosine,standardized_l2,cosine,0.462779,128,15.0
4016,5143,-1,True,noise,1911,user_run_0841,user_standardized_l2_cosine,standardized_l2,cosine,0.462779,128,15.0
4017,5148,1,False,cluster_1,1532,user_run_0841,user_standardized_l2_cosine,standardized_l2,cosine,0.462779,128,15.0
4018,5151,-1,True,noise,1911,user_run_0841,user_standardized_l2_cosine,standardized_l2,cosine,0.462779,128,15.0
4019,5153,1,False,cluster_1,1532,user_run_0841,user_standardized_l2_cosine,standardized_l2,cosine,0.462779,128,15.0
4020,5156,-1,True,noise,1911,user_run_0841,user_standardized_l2_cosine,standardized_l2,cosine,0.462779,128,15.0
4021,5157,1,False,cluster_1,1532,user_run_0841,user_standardized_l2_cosine,standardized_l2,cosine,0.462779,128,15.0
4022,5158,0,False,cluster_0,1279,user_run_0841,user_standardized_l2_cosine,standardized_l2,cosine,0.462779,128,15.0
4023,5161,1,False,cluster_1,1532,user_run_0841,user_standardized_l2_cosine,standardized_l2,cosine,0.462779,128,15.0
4024,5163,0,False,cluster_0,1279,user_run_0841,user_standardized_l2_cosine,standardized_l2,cosine,0.462779,128,15.0
4025,5164,1,False,cluster_1,1532,user_run_0841,user_standardized_l2_cosine,standardized_l2,cosine,0.462779,128,15.0
4026,5165,1,False,cluster_1,1532,user_run_0841,user_standardized_l2_cosine,standardized_l2,cosine,0.462779,128,15.0
4027,5166,1,False,cluster_1,1532,user_run_0841,user_standardized_l2_cosine,standardized_l2,cosine,0.462779,128,15.0
4028,5167,-1,True,noise,1911,user_run_0841,user_standardized_l2_cosine,standardized_l2,cosine,0.462779,128,15.0
4029,5169,-1,True,noise,1911,user_run_0841,user_standardized_l2_cosine,standardized_l2,cosine,0.462779,128,15.0
4030,5170,1,False,cluster_1,1532,user_run_0841,user_standardized_l2_cosine,standardized_l2,cosine,0.462779,128,15.0
4031,5172,-1,True,noise,1911,user_run_0841,user_standardized_l2_cosine,standardized_l2,cosine,0.462779,128,15.0
4032,5173,0,False,cluster_0,1279,user_run_0841,user_standardized_l2_cosine,standardized_l2,cosine,0.462779,128,15.0
4033,5176,0,False,cluster_0,1279,user_run_0841,user_standardized_l2_cosine,standardized_l2,cosine,0.462779,128,15.0
4034,5177,-1,True,noise,1911,user_run_0841,user_standardized_l2_cosine,standardized_l2,cosine,0.462779,128,15.0
4035,5178,1,False,cluster_1,1532,user_run_0841,user_standardized_l2_cosine,standardized_l2,cosine,0.462779,128,15.0
4036,5180,-1,True,noise,1911,user_run_0841,user_standardized_l2_cosine,standardized_l2,cosine,0.462779,128,15.0
4037,5181,-1,True,noise,1911,user_run_0841,user_standardized_l2_cosine,standardized_l2,cosine,0.462779,128,15.0
4038,5182,-1,True,noise,1911,user_run_0841,user_standardized_l2_cosine,standardized_l2,cosine,0.462779,128,15.0
4039,5183,1,False,cluster_1,1532,user_run_0841,user_standardized_l2_cosine,standardized_l2,cosine,0.462779,128,15.0
4040,5184,1,False,cluster_1,1532,user_run_0841,user_standardized_l2_cosine,standardized_l2,cosine,0.462779,128,15.0
4041,5185,-1,True,noise,1911,user_run_0841,user_standardized_l2_cosine,standardized_l2,cosine,0.462779,128,15.0
4042,5186,1,False,cluster_1,1532,user_run_0841,user_standardized_l2_cosine,standardized_l2,cosine,0.462779,128,15.0
4043,5187,-1,True,noise,1911,user_run_0841,user_standardized_l2_cosine,standardized_l2,cosine,0.462779,128,15.0
4044,5188,0,False,cluster_0,1279,user_run_0841,user_standardized_l2_cosine,standardized_l2,cosine,0.462779,128,15.0
4045,5189,0,False,cluster_0,1279,user_run_0841,user_standardized_l2_cosine,standardized_l2,cosine,0.462779,128,15.0
4046,5190,0,False,cluster_0,1279,user_run_0841,user_standardized_l2_cosine,standardized_l2,cosine,0.462779,128,15.0
4047,5193,-1,True,noise,1911,user_run_0841,user_standardized_l2_cosine,standardized_l2,cosine,0.462779,128,15.0
4048,5194,1,False,cluster_1,1532,user_run_0841,user_standardized_l2_cosine,standardized_l2,cosine,0.462779,128,15.0
4049,5195,-1,True,noise,1911,user_run_0841,user_standardized_l2_cosine,standardized_l2,cosine,0.462779,128,15.0
4050,5196,-1,True,noise,1911,user_run_0841,user_standardized_l2_cosine,standardized_l2,cosine,0.462779,128,15.0
4051,5197,-1,True,noise,1911,user_run_0841,user_standardized_l2_cosine,standardized_l2,cosine,0.462779,128,15.0
4052,5198,1,False,cluster_1,1532,user_run_0841,user_standardized_l2_cosine,standardized_l2,cosine,0.462779,128,15.0
4053,5200,-1,True,noise,1911,user_run_0841,user_standardized_l2_cosine,standardized_l2,cosine,0.462779,128,15.0
4054,5201,-1,True,noise,1911,user_run_0841,user_standardized_l2_cosine,standardized_l2,cosine,0.462779,128,15.0
4055,5204,1,False,cluster_1,1532,user_run_0841,user_standardized_l2_cosine,standardized_l2,cosine,0.462779,128,15.0
4056,5205,0,False,cluster_0,1279,user_run_0841,user_standardized_l2_cosine,standardized_l2,cosine,0.462779,128,15.0
4057,5208,-1,True,noise,1911,user_run_0841,user_standardized_l2_cosine,standardized_l2,cosine,0.462779,128,15.0
4058,5209,0,False,cluster_0,1279,user_run_0841,user_standardized_l2_cosine,standardized_l2,cosine,0.462779,128,15.0
4059,5210,0,False,cluster_0,1279,user_run_0841,user_standardized_l2_cosine,standardized_l2,cosine,0.462779,128,15.0
4060,5211,1,False,cluster_1,1532,user_run_0841,user_standardized_l2_cosine,standardized_l2,cosine,0.462779,128,15.0
4061,5212,1,False,cluster_1,1532,user_run_0841,user_standardized_l2_cosine,standardized_l2,cosine,0.462779,128,15.0
4062,5217,1,False,cluster_1,1532,user_run_0841,user_standardized_l2_cosine,standardized_l2,cosine,0.462779,128,15.0
4063,5218,0,False,cluster_0,1279,user_run_0841,user_standardized_l2_cosine,standardized_l2,cosine,0.462779,128,15.0
4064,5219,1,False,cluster_1,1532,user_run_0841,user_standardized_l2_cosine,standardized_l2,cosine,0.462779,128,15.0
4065,5220,1,False,cluster_1,1532,user_run_0841,user_standardized_l2_cosine,standardized_l2,cosine,0.462779,128,15.0
4066,5222,1,False,cluster_1,1532,user_run_0841,user_standardized_l2_cosine,standardized_l2,cosine,0.462779,128,15.0
4067,5223,1,False,cluster_1,1532,user_run_0841,user_standardized_l2_cosine,standardized_l2,cosine,0.462779,128,15.0
4068,5225,-1,True,noise,1911,user_run_0841,user_standardized_l2_cosine,standardized_l2,cosine,0.462779,128,15.0
4069,5226,1,False,cluster_1,1532,user_run_0841,user_standardized_l2_cosine,standardized_l2,cosine,0.462779,128,15.0
4070,5227,0,False,cluster_0,1279,user_run_0841,user_standardized_l2_cosine,standardized_l2,cosine,0.462779,128,15.0
4071,5229,0,False,cluster_0,1279,user_run_0841,user_standardized_l2_cosine,standardized_l2,cosine,0.462779,128,15.0
4072,5230,-1,True,noise,1911,user_run_0841,user_standardized_l2_cosine,standardized_l2,cosine,0.462779,128,15.0
4073,5232,1,False,cluster_1,1532,user_run_0841,user_standardized_l2_cosine,standardized_l2,cosine,0.462779,128,15.0
4074,5233,-1,True,noise,1911,user_run_0841,user_standardized_l2_cosine,standardized_l2,cosine,0.462779,128,15.0
4075,5234,-1,True,noise,1911,user_run_0841,user_standardized_l2_cosine,standardized_l2,cosine,0.462779,128,15.0
4076,5236,-1,True,noise,1911,user_run_0841,user_standardized_l2_cosine,standardized_l2,cosine,0.462779,128,15.0
4077,5237,-1,True,noise,1911,user_run_0841,user_standardized_l2_cosine,standardized_l2,cosine,0.462779,128,15.0
4078,5239,-1,True,noise,1911,user_run_0841,user_standardized_l2_cosine,standardized_l2,cosine,0.462779,128,15.0
4079,5241,-1,True,noise,1911,user_run_0841,user_standardized_l2_cosine,standardized_l2,cosine,0.462779,128,15.0
4080,5242,1,False,cluster_1,1532,user_run_0841,user_standardized_l2_cosine,standardized_l2,cosine,0.462779,128,15.0
4081,5246,0,False,cluster_0,1279,user_run_0841,user_standardized_l2_cosine,standardized_l2,cosine,0.462779,128,15.0
4082,5248,0,False,cluster_0,1279,user_run_0841,user_standardized_l2_cosine,standardized_l2,cosine,0.462779,128,15.0
4083,5249,0,False,cluster_0,1279,user_run_0841,user_standardized_l2_cosine,standardized_l2,cosine,0.462779,128,15.0
4084,5250,0,False,cluster_0,1279,user_run_0841,user_standardized_l2_cosine,standardized_l2,cosine,0.462779,128,15.0
4085,5251,-1,True,noise,1911,user_run_0841,user_standardized_l2_cosine,standardized_l2,cosine,0.462779,128,15.0
4086,5252,1,False,cluster_1,1532,user_run_0841,user_standardized_l2_cosine,standardized_l2,cosine,0.462779,128,15.0
4087,5253,-1,True,noise,1911,user_run_0841,user_standardized_l2_cosine,standardized_l2,cosine,0.462779,128,15.0
4088,5254,0,False,cluster_0,1279,user_run_0841,user_standardized_l2_cosine,standardized_l2,cosine,0.462779,128,15.0
4089,5255,-1,True,noise,1911,user_run_0841,user_standardized_l2_cosine,standardized_l2,cosine,0.462779,128,15.0
4090,5256,1,False,cluster_1,1532,user_run_0841,user_standardized_l2_cosine,standardized_l2,cosine,0.462779,128,15.0
4091,5257,1,False,cluster_1,1532,user_run_0841,user_standardized_l2_cosine,standardized_l2,cosine,0.462779,128,15.0
4092,5260,-1,True,noise,1911,user_run_0841,user_standardized_l2_cosine,standardized_l2,cosine,0.462779,128,15.0
4093,5261,-1,True,noise,1911,user_run_0841,user_standardized_l2_cosine,standardized_l2,cosine,0.462779,128,15.0
4094,5262,1,False,cluster_1,1532,user_run_0841,user_standardized_l2_cosine,standardized_l2,cosine,0.462779,128,15.0
4095,5263,1,False,cluster_1,1532,user_run_0841,user_standardized_l2_cosine,standardized_l2,cosine,0.462779,128,15.0
4096,5264,-1,True,noise,1911,user_run_0841,user_standardized_l2_cosine,standardized_l2,cosine,0.462779,128,15.0
4097,5265,-1,True,noise,1911,user_run_0841,user_standardized_l2_cosine,standardized_l2,cosine,0.462779,128,15.0
4098,5267,-1,True,noise,1911,user_run_0841,user_standardized_l2_cosine,standardized_l2,cosine,0.462779,128,15.0
4099,5268,1,False,cluster_1,1532,user_run_0841,user_standardized_l2_cosine,standardized_l2,cosine,0.462779,128,15.0
4100,5269,1,False,cluster_1,1532,user_run_0841,user_standardized_l2_cosine,standardized_l2,cosine,0.462779,128,15.0
4101,5270,-1,True,noise,1911,user_run_0841,user_standardized_l2_cosine,standardized_l2,cosine,0.462779,128,15.0
4102,5271,1,False,cluster_1,1532,user_run_0841,user_standardized_l2_cosine,standardized_l2,cosine,0.462779,128,15.0
4103,5272,-1,True,noise,1911,user_run_0841,user_standardized_l2_cosine,standardized_l2,cosine,0.462779,128,15.0
4104,5273,1,False,cluster_1,1532,user_run_0841,user_standardized_l2_cosine,standardized_l2,cosine,0.462779,128,15.0
4105,5275,-1,True,noise,1911,user_run_0841,user_standardized_l2_cosine,standardized_l2,cosine,0.462779,128,15.0
4106,5276,0,False,cluster_0,1279,user_run_0841,user_standardized_l2_cosine,standardized_l2,cosine,0.462779,128,15.0
4107,5277,1,False,cluster_1,1532,user_run_0841,user_standardized_l2_cosine,standardized_l2,cosine,0.462779,128,15.0
4108,5278,-1,True,noise,1911,user_run_0841,user_standardized_l2_cosine,standardized_l2,cosine,0.462779,128,15.0
4109,5279,0,False,cluster_0,1279,user_run_0841,user_standardized_l2_cosine,standardized_l2,cosine,0.462779,128,15.0
4110,5281,1,False,cluster_1,1532,user_run_0841,user_standardized_l2_cosine,standardized_l2,cosine,0.462779,128,15.0
4111,5282,-1,True,noise,1911,user_run_0841,user_standardized_l2_cosine,standardized_l2,cosine,0.462779,128,15.0
4112,5283,1,False,cluster_1,1532,user_run_0841,user_standardized_l2_cosine,standardized_l2,cosine,0.462779,128,15.0
4113,5284,0,False,cluster_0,1279,user_run_0841,user_standardized_l2_cosine,standardized_l2,cosine,0.462779,128,15.0
4114,5285,0,False,cluster_0,1279,user_run_0841,user_standardized_l2_cosine,standardized_l2,cosine,0.462779,128,15.0
4115,5286,-1,True,noise,1911,user_run_0841,user_standardized_l2_cosine,standardized_l2,cosine,0.462779,128,15.0
4116,5287,1,False,cluster_1,1532,user_run_0841,user_standardized_l2_cosine,standardized_l2,cosine,0.462779,128,15.0
4117,5288,0,False,cluster_0,1279,user_run_0841,user_standardized_l2_cosine,standardized_l2,cosine,0.462779,128,15.0
4118,5289,1,False,cluster_1,1532,user_run_0841,user_standardized_l2_cosine,standardized_l2,cosine,0.462779,128,15.0
4119,5291,0,False,cluster_0,1279,user_run_0841,user_standardized_l2_cosine,standardized_l2,cosine,0.462779,128,15.0
4120,5293,1,False,cluster_1,1532,user_run_0841,user_standardized_l2_cosine,standardized_l2,cosine,0.462779,128,15.0
4121,5294,1,False,cluster_1,1532,user_run_0841,user_standardized_l2_cosine,standardized_l2,cosine,0.462779,128,15.0
4122,5296,-1,True,noise,1911,user_run_0841,user_standardized_l2_cosine,standardized_l2,cosine,0.462779,128,15.0
4123,5298,-1,True,noise,1911,user_run_0841,user_standardized_l2_cosine,standardized_l2,cosine,0.462779,128,15.0
4124,5299,0,False,cluster_0,1279,user_run_0841,user_standardized_l2_cosine,standardized_l2,cosine,0.462779,128,15.0
4125,5300,1,False,cluster_1,1532,user_run_0841,user_standardized_l2_cosine,standardized_l2,cosine,0.462779,128,15.0
4126,5301,0,False,cluster_0,1279,user_run_0841,user_standardized_l2_cosine,standardized_l2,cosine,0.462779,128,15.0
4127,5302,0,False,cluster_0,1279,user_run_0841,user_standardized_l2_cosine,standardized_l2,cosine,0.462779,128,15.0
4128,5303,0,False,cluster_0,1279,user_run_0841,user_standardized_l2_cosine,standardized_l2,cosine,0.462779,128,15.0
4129,5305,-1,True,noise,1911,user_run_0841,user_standardized_l2_cosine,standardized_l2,cosine,0.462779,128,15.0
4130,5306,0,False,cluster_0,1279,user_run_0841,user_standardized_l2_cosine,standardized_l2,cosine,0.462779,128,15.0
4131,5307,-1,True,noise,1911,user_run_0841,user_standardized_l2_cosine,standardized_l2,cosine,0.462779,128,15.0
4132,5308,0,False,cluster_0,1279,user_run_0841,user_standardized_l2_cosine,standardized_l2,cosine,0.462779,128,15.0
4133,5310,1,False,cluster_1,1532,user_run_0841,user_standardized_l2_cosine,standardized_l2,cosine,0.462779,128,15.0
4134,5311,0,False,cluster_0,1279,user_run_0841,user_standardized_l2_cosine,standardized_l2,cosine,0.462779,128,15.0
4135,5312,-1,True,noise,1911,user_run_0841,user_standardized_l2_cosine,standardized_l2,cosine,0.462779,128,15.0
4136,5313,0,False,cluster_0,1279,user_run_0841,user_standardized_l2_cosine,standardized_l2,cosine,0.462779,128,15.0
4137,5317,-1,True,noise,1911,user_run_0841,user_standardized_l2_cosine,standardized_l2,cosine,0.462779,128,15.0
4138,5318,-1,True,noise,1911,user_run_0841,user_standardized_l2_cosine,standardized_l2,cosine,0.462779,128,15.0
4139,5319,-1,True,noise,1911,user_run_0841,user_standardized_l2_cosine,standardized_l2,cosine,0.462779,128,15.0
4140,5321,-1,True,noise,1911,user_run_0841,user_standardized_l2_cosine,standardized_l2,cosine,0.462779,128,15.0
4141,5322,1,False,cluster_1,1532,user_run_0841,user_standardized_l2_cosine,standardized_l2,cosine,0.462779,128,15.0
4142,5323,1,False,cluster_1,1532,user_run_0841,user_standardized_l2_cosine,standardized_l2,cosine,0.462779,128,15.0
4143,5324,-1,True,noise,1911,user_run_0841,user_standardized_l2_cosine,standardized_l2,cosine,0.462779,128,15.0
4144,5325,0,False,cluster_0,1279,user_run_0841,user_standardized_l2_cosine,standardized_l2,cosine,0.462779,128,15.0
4145,5326,0,False,cluster_0,1279,user_run_0841,user_standardized_l2_cosine,standardized_l2,cosine,0.462779,128,15.0
4146,5327,-1,True,noise,1911,user_run_0841,user_standardized_l2_cosine,standardized_l2,cosine,0.462779,128,15.0
4147,5328,0,False,cluster_0,1279,user_run_0841,user_standardized_l2_cosine,standardized_l2,cosine,0.462779,128,15.0
4148,5329,1,False,cluster_1,1532,user_run_0841,user_standardized_l2_cosine,standardized_l2,cosine,0.462779,128,15.0
4149,5330,-1,True,noise,1911,user_run_0841,user_standardized_l2_cosine,standardized_l2,cosine,0.462779,128,15.0
4150,5331,0,False,cluster_0,1279,user_run_0841,user_standardized_l2_cosine,standardized_l2,cosine,0.462779,128,15.0
4151,5332,-1,True,noise,1911,user_run_0841,user_standardized_l2_cosine,standardized_l2,cosine,0.462779,128,15.0
4152,5333,-1,True,noise,1911,user_run_0841,user_standardized_l2_cosine,standardized_l2,cosine,0.462779,128,15.0
4153,5334,0,False,cluster_0,1279,user_run_0841,user_standardized_l2_cosine,standardized_l2,cosine,0.462779,128,15.0
4154,5335,-1,True,noise,1911,user_run_0841,user_standardized_l2_cosine,standardized_l2,cosine,0.462779,128,15.0
4155,5336,0,False,cluster_0,1279,user_run_0841,user_standardized_l2_cosine,standardized_l2,cosine,0.462779,128,15.0
4156,5337,-1,True,noise,1911,user_run_0841,user_standardized_l2_cosine,standardized_l2,cosine,0.462779,128,15.0
4157,5338,1,False,cluster_1,1532,user_run_0841,user_standardized_l2_cosine,standardized_l2,cosine,0.462779,128,15.0
4158,5339,1,False,cluster_1,1532,user_run_0841,user_standardized_l2_cosine,standardized_l2,cosine,0.462779,128,15.0
4159,5340,-1,True,noise,1911,user_run_0841,user_standardized_l2_cosine,standardized_l2,cosine,0.462779,128,15.0
4160,5341,-1,True,noise,1911,user_run_0841,user_standardized_l2_cosine,standardized_l2,cosine,0.462779,128,15.0
4161,5342,0,False,cluster_0,1279,user_run_0841,user_standardized_l2_cosine,standardized_l2,cosine,0.462779,128,15.0
4162,5344,-1,True,noise,1911,user_run_0841,user_standardized_l2_cosine,standardized_l2,cosine,0.462779,128,15.0
4163,5345,1,False,cluster_1,1532,user_run_0841,user_standardized_l2_cosine,standardized_l2,cosine,0.462779,128,15.0
4164,5346,-1,True,noise,1911,user_run_0841,user_standardized_l2_cosine,standardized_l2,cosine,0.462779,128,15.0
4165,5347,1,False,cluster_1,1532,user_run_0841,user_standardized_l2_cosine,standardized_l2,cosine,0.462779,128,15.0
4166,5348,0,False,cluster_0,1279,user_run_0841,user_standardized_l2_cosine,standardized_l2,cosine,0.462779,128,15.0
4167,5349,-1,True,noise,1911,user_run_0841,user_standardized_l2_cosine,standardized_l2,cosine,0.462779,128,15.0
4168,5350,1,False,cluster_1,1532,user_run_0841,user_standardized_l2_cosine,standardized_l2,cosine,0.462779,128,15.0
4169,5352,-1,True,noise,1911,user_run_0841,user_standardized_l2_cosine,standardized_l2,cosine,0.462779,128,15.0
4170,5353,1,False,cluster_1,1532,user_run_0841,user_standardized_l2_cosine,standardized_l2,cosine,0.462779,128,15.0
4171,5354,-1,True,noise,1911,user_run_0841,user_standardized_l2_cosine,standardized_l2,cosine,0.462779,128,15.0
4172,5355,-1,True,noise,1911,user_run_0841,user_standardized_l2_cosine,standardized_l2,cosine,0.462779,128,15.0
4173,5356,1,False,cluster_1,1532,user_run_0841,user_standardized_l2_cosine,standardized_l2,cosine,0.462779,128,15.0
4174,5357,1,False,cluster_1,1532,user_run_0841,user_standardized_l2_cosine,standardized_l2,cosine,0.462779,128,15.0
4175,5359,-1,True,noise,1911,user_run_0841,user_standardized_l2_cosine,standardized_l2,cosine,0.462779,128,15.0
4176,5361,0,False,cluster_0,1279,user_run_0841,user_standardized_l2_cosine,standardized_l2,cosine,0.462779,128,15.0
4177,5362,-1,True,noise,1911,user_run_0841,user_standardized_l2_cosine,standardized_l2,cosine,0.462779,128,15.0
4178,5363,0,False,cluster_0,1279,user_run_0841,user_standardized_l2_cosine,standardized_l2,cosine,0.462779,128,15.0
4179,5364,-1,True,noise,1911,user_run_0841,user_standardized_l2_cosine,standardized_l2,cosine,0.462779,128,15.0
4180,5365,-1,True,noise,1911,user_run_0841,user_standardized_l2_cosine,standardized_l2,cosine,0.462779,128,15.0
4181,5366,-1,True,noise,1911,user_run_0841,user_standardized_l2_cosine,standardized_l2,cosine,0.462779,128,15.0
4182,5367,1,False,cluster_1,1532,user_run_0841,user_standardized_l2_cosine,standardized_l2,cosine,0.462779,128,15.0
4183,5368,1,False,cluster_1,1532,user_run_0841,user_standardized_l2_cosine,standardized_l2,cosine,0.462779,128,15.0
4184,5369,-1,True,noise,1911,user_run_0841,user_standardized_l2_cosine,standardized_l2,cosine,0.462779,128,15.0
4185,5371,-1,True,noise,1911,user_run_0841,user_standardized_l2_cosine,standardized_l2,cosine,0.462779,128,15.0
4186,5374,0,False,cluster_0,1279,user_run_0841,user_standardized_l2_cosine,standardized_l2,cosine,0.462779,128,15.0
4187,5376,-1,True,noise,1911,user_run_0841,user_standardized_l2_cosine,standardized_l2,cosine,0.462779,128,15.0
4188,5377,0,False,cluster_0,1279,user_run_0841,user_standardized_l2_cosine,standardized_l2,cosine,0.462779,128,15.0
4189,5378,1,False,cluster_1,1532,user_run_0841,user_standardized_l2_cosine,standardized_l2,cosine,0.462779,128,15.0
4190,5382,1,False,cluster_1,1532,user_run_0841,user_standardized_l2_cosine,standardized_l2,cosine,0.462779,128,15.0
4191,5384,1,False,cluster_1,1532,user_run_0841,user_standardized_l2_cosine,standardized_l2,cosine,0.462779,128,15.0
4192,5385,1,False,cluster_1,1532,user_run_0841,user_standardized_l2_cosine,standardized_l2,cosine,0.462779,128,15.0
4193,5386,1,False,cluster_1,1532,user_run_0841,user_standardized_l2_cosine,standardized_l2,cosine,0.462779,128,15.0
4194,5387,1,False,cluster_1,1532,user_run_0841,user_standardized_l2_cosine,standardized_l2,cosine,0.462779,128,15.0
4195,5389,1,False,cluster_1,1532,user_run_0841,user_standardized_l2_cosine,standardized_l2,cosine,0.462779,128,15.0
4196,5390,1,False,cluster_1,1532,user_run_0841,user_standardized_l2_cosine,standardized_l2,cosine,0.462779,128,15.0
4197,5393,1,False,cluster_1,1532,user_run_0841,user_standardized_l2_cosine,standardized_l2,cosine,0.462779,128,15.0
4198,5394,1,False,cluster_1,1532,user_run_0841,user_standardized_l2_cosine,standardized_l2,cosine,0.462779,128,15.0
4199,5395,1,False,cluster_1,1532,user_run_0841,user_standardized_l2_cosine,standardized_l2,cosine,0.462779,128,15.0
4200,5396,-1,True,noise,1911,user_run_0841,user_standardized_l2_cosine,standardized_l2,cosine,0.462779,128,15.0
4201,5397,1,False,cluster_1,1532,user_run_0841,user_standardized_l2_cosine,standardized_l2,cosine,0.462779,128,15.0
4202,5399,-1,True,noise,1911,user_run_0841,user_standardized_l2_cosine,standardized_l2,cosine,0.462779,128,15.0
4203,5401,-1,True,noise,1911,user_run_0841,user_standardized_l2_cosine,standardized_l2,cosine,0.462779,128,15.0
4204,5402,0,False,cluster_0,1279,user_run_0841,user_standardized_l2_cosine,standardized_l2,cosine,0.462779,128,15.0
4205,5403,0,False,cluster_0,1279,user_run_0841,user_standardized_l2_cosine,standardized_l2,cosine,0.462779,128,15.0
4206,5404,-1,True,noise,1911,user_run_0841,user_standardized_l2_cosine,standardized_l2,cosine,0.462779,128,15.0
4207,5405,-1,True,noise,1911,user_run_0841,user_standardized_l2_cosine,standardized_l2,cosine,0.462779,128,15.0
4208,5406,0,False,cluster_0,1279,user_run_0841,user_standardized_l2_cosine,standardized_l2,cosine,0.462779,128,15.0
4209,5408,-1,True,noise,1911,user_run_0841,user_standardized_l2_cosine,standardized_l2,cosine,0.462779,128,15.0
4210,5410,1,False,cluster_1,1532,user_run_0841,user_standardized_l2_cosine,standardized_l2,cosine,0.462779,128,15.0
4211,5412,1,False,cluster_1,1532,user_run_0841,user_standardized_l2_cosine,standardized_l2,cosine,0.462779,128,15.0
4212,5413,-1,True,noise,1911,user_run_0841,user_standardized_l2_cosine,standardized_l2,cosine,0.462779,128,15.0
4213,5414,0,False,cluster_0,1279,user_run_0841,user_standardized_l2_cosine,standardized_l2,cosine,0.462779,128,15.0
4214,5415,-1,True,noise,1911,user_run_0841,user_standardized_l2_cosine,standardized_l2,cosine,0.462779,128,15.0
4215,5416,1,False,cluster_1,1532,user_run_0841,user_standardized_l2_cosine,standardized_l2,cosine,0.462779,128,15.0
4216,5417,-1,True,noise,1911,user_run_0841,user_standardized_l2_cosine,standardized_l2,cosine,0.462779,128,15.0
4217,5418,-1,True,noise,1911,user_run_0841,user_standardized_l2_cosine,standardized_l2,cosine,0.462779,128,15.0
4218,5419,-1,True,noise,1911,user_run_0841,user_standardized_l2_cosine,standardized_l2,cosine,0.462779,128,15.0
4219,5420,0,False,cluster_0,1279,user_run_0841,user_standardized_l2_cosine,standardized_l2,cosine,0.462779,128,15.0
4220,5421,-1,True,noise,1911,user_run_0841,user_standardized_l2_cosine,standardized_l2,cosine,0.462779,128,15.0
4221,5422,-1,True,noise,1911,user_run_0841,user_standardized_l2_cosine,standardized_l2,cosine,0.462779,128,15.0
4222,5423,1,False,cluster_1,1532,user_run_0841,user_standardized_l2_cosine,standardized_l2,cosine,0.462779,128,15.0
4223,5424,1,False,cluster_1,1532,user_run_0841,user_standardized_l2_cosine,standardized_l2,cosine,0.462779,128,15.0
4224,5425,0,False,cluster_0,1279,user_run_0841,user_standardized_l2_cosine,standardized_l2,cosine,0.462779,128,15.0
4225,5426,0,False,cluster_0,1279,user_run_0841,user_standardized_l2_cosine,standardized_l2,cosine,0.462779,128,15.0
4226,5427,-1,True,noise,1911,user_run_0841,user_standardized_l2_cosine,standardized_l2,cosine,0.462779,128,15.0
4227,5428,-1,True,noise,1911,user_run_0841,user_standardized_l2_cosine,standardized_l2,cosine,0.462779,128,15.0
4228,5429,0,False,cluster_0,1279,user_run_0841,user_standardized_l2_cosine,standardized_l2,cosine,0.462779,128,15.0
4229,5430,0,False,cluster_0,1279,user_run_0841,user_standardized_l2_cosine,standardized_l2,cosine,0.462779,128,15.0
4230,5431,0,False,cluster_0,1279,user_run_0841,user_standardized_l2_cosine,standardized_l2,cosine,0.462779,128,15.0
4231,5432,-1,True,noise,1911,user_run_0841,user_standardized_l2_cosine,standardized_l2,cosine,0.462779,128,15.0
4232,5433,0,False,cluster_0,1279,user_run_0841,user_standardized_l2_cosine,standardized_l2,cosine,0.462779,128,15.0
4233,5434,1,False,cluster_1,1532,user_run_0841,user_standardized_l2_cosine,standardized_l2,cosine,0.462779,128,15.0
4234,5435,-1,True,noise,1911,user_run_0841,user_standardized_l2_cosine,standardized_l2,cosine,0.462779,128,15.0
4235,5437,1,False,cluster_1,1532,user_run_0841,user_standardized_l2_cosine,standardized_l2,cosine,0.462779,128,15.0
4236,5438,-1,True,noise,1911,user_run_0841,user_standardized_l2_cosine,standardized_l2,cosine,0.462779,128,15.0
4237,5441,-1,True,noise,1911,user_run_0841,user_standardized_l2_cosine,standardized_l2,cosine,0.462779,128,15.0
4238,5442,-1,True,noise,1911,user_run_0841,user_standardized_l2_cosine,standardized_l2,cosine,0.462779,128,15.0
4239,5443,0,False,cluster_0,1279,user_run_0841,user_standardized_l2_cosine,standardized_l2,cosine,0.462779,128,15.0
4240,5445,1,False,cluster_1,1532,user_run_0841,user_standardized_l2_cosine,standardized_l2,cosine,0.462779,128,15.0
4241,5446,1,False,cluster_1,1532,user_run_0841,user_standardized_l2_cosine,standardized_l2,cosine,0.462779,128,15.0
4242,5447,-1,True,noise,1911,user_run_0841,user_standardized_l2_cosine,standardized_l2,cosine,0.462779,128,15.0
4243,5448,-1,True,noise,1911,user_run_0841,user_standardized_l2_cosine,standardized_l2,cosine,0.462779,128,15.0
4244,5449,0,False,cluster_0,1279,user_run_0841,user_standardized_l2_cosine,standardized_l2,cosine,0.462779,128,15.0
4245,5450,1,False,cluster_1,1532,user_run_0841,user_standardized_l2_cosine,standardized_l2,cosine,0.462779,128,15.0
4246,5451,1,False,cluster_1,1532,user_run_0841,user_standardized_l2_cosine,standardized_l2,cosine,0.462779,128,15.0
4247,5452,1,False,cluster_1,1532,user_run_0841,user_standardized_l2_cosine,standardized_l2,cosine,0.462779,128,15.0
4248,5453,0,False,cluster_0,1279,user_run_0841,user_standardized_l2_cosine,standardized_l2,cosine,0.462779,128,15.0
4249,5454,1,False,cluster_1,1532,user_run_0841,user_standardized_l2_cosine,standardized_l2,cosine,0.462779,128,15.0
4250,5455,0,False,cluster_0,1279,user_run_0841,user_standardized_l2_cosine,standardized_l2,cosine,0.462779,128,15.0
4251,5456,-1,True,noise,1911,user_run_0841,user_standardized_l2_cosine,standardized_l2,cosine,0.462779,128,15.0
4252,5457,1,False,cluster_1,1532,user_run_0841,user_standardized_l2_cosine,standardized_l2,cosine,0.462779,128,15.0
4253,5458,1,False,cluster_1,1532,user_run_0841,user_standardized_l2_cosine,standardized_l2,cosine,0.462779,128,15.0
4254,5459,0,False,cluster_0,1279,user_run_0841,user_standardized_l2_cosine,standardized_l2,cosine,0.462779,128,15.0
4255,5460,1,False,cluster_1,1532,user_run_0841,user_standardized_l2_cosine,standardized_l2,cosine,0.462779,128,15.0
4256,5461,0,False,cluster_0,1279,user_run_0841,user_standardized_l2_cosine,standardized_l2,cosine,0.462779,128,15.0
4257,5463,1,False,cluster_1,1532,user_run_0841,user_standardized_l2_cosine,standardized_l2,cosine,0.462779,128,15.0
4258,5464,1,False,cluster_1,1532,user_run_0841,user_standardized_l2_cosine,standardized_l2,cosine,0.462779,128,15.0
4259,5466,-1,True,noise,1911,user_run_0841,user_standardized_l2_cosine,standardized_l2,cosine,0.462779,128,15.0
4260,5468,1,False,cluster_1,1532,user_run_0841,user_standardized_l2_cosine,standardized_l2,cosine,0.462779,128,15.0
4261,5469,1,False,cluster_1,1532,user_run_0841,user_standardized_l2_cosine,standardized_l2,cosine,0.462779,128,15.0
4262,5470,0,False,cluster_0,1279,user_run_0841,user_standardized_l2_cosine,standardized_l2,cosine,0.462779,128,15.0
4263,5472,-1,True,noise,1911,user_run_0841,user_standardized_l2_cosine,standardized_l2,cosine,0.462779,128,15.0
4264,5473,-1,True,noise,1911,user_run_0841,user_standardized_l2_cosine,standardized_l2,cosine,0.462779,128,15.0
4265,5474,1,False,cluster_1,1532,user_run_0841,user_standardized_l2_cosine,standardized_l2,cosine,0.462779,128,15.0
4266,5475,1,False,cluster_1,1532,user_run_0841,user_standardized_l2_cosine,standardized_l2,cosine,0.462779,128,15.0
4267,5479,0,False,cluster_0,1279,user_run_0841,user_standardized_l2_cosine,standardized_l2,cosine,0.462779,128,15.0
4268,5480,1,False,cluster_1,1532,user_run_0841,user_standardized_l2_cosine,standardized_l2,cosine,0.462779,128,15.0
4269,5481,1,False,cluster_1,1532,user_run_0841,user_standardized_l2_cosine,standardized_l2,cosine,0.462779,128,15.0
4270,5482,-1,True,noise,1911,user_run_0841,user_standardized_l2_cosine,standardized_l2,cosine,0.462779,128,15.0
4271,5483,1,False,cluster_1,1532,user_run_0841,user_standardized_l2_cosine,standardized_l2,cosine,0.462779,128,15.0
4272,5484,-1,True,noise,1911,user_run_0841,user_standardized_l2_cosine,standardized_l2,cosine,0.462779,128,15.0
4273,5485,-1,True,noise,1911,user_run_0841,user_standardized_l2_cosine,standardized_l2,cosine,0.462779,128,15.0
4274,5486,1,False,cluster_1,1532,user_run_0841,user_standardized_l2_cosine,standardized_l2,cosine,0.462779,128,15.0
4275,5487,0,False,cluster_0,1279,user_run_0841,user_standardized_l2_cosine,standardized_l2,cosine,0.462779,128,15.0
4276,5488,1,False,cluster_1,1532,user_run_0841,user_standardized_l2_cosine,standardized_l2,cosine,0.462779,128,15.0
4277,5489,1,False,cluster_1,1532,user_run_0841,user_standardized_l2_cosine,standardized_l2,cosine,0.462779,128,15.0
4278,5490,0,False,cluster_0,1279,user_run_0841,user_standardized_l2_cosine,standardized_l2,cosine,0.462779,128,15.0
4279,5491,-1,True,noise,1911,user_run_0841,user_standardized_l2_cosine,standardized_l2,cosine,0.462779,128,15.0
4280,5492,0,False,cluster_0,1279,user_run_0841,user_standardized_l2_cosine,standardized_l2,cosine,0.462779,128,15.0
4281,5493,1,False,cluster_1,1532,user_run_0841,user_standardized_l2_cosine,standardized_l2,cosine,0.462779,128,15.0
4282,5494,0,False,cluster_0,1279,user_run_0841,user_standardized_l2_cosine,standardized_l2,cosine,0.462779,128,15.0
4283,5496,0,False,cluster_0,1279,user_run_0841,user_standardized_l2_cosine,standardized_l2,cosine,0.462779,128,15.0
4284,5497,-1,True,noise,1911,user_run_0841,user_standardized_l2_cosine,standardized_l2,cosine,0.462779,128,15.0
4285,5498,1,False,cluster_1,1532,user_run_0841,user_standardized_l2_cosine,standardized_l2,cosine,0.462779,128,15.0
4286,5499,-1,True,noise,1911,user_run_0841,user_standardized_l2_cosine,standardized_l2,cosine,0.462779,128,15.0
4287,5500,0,False,cluster_0,1279,user_run_0841,user_standardized_l2_cosine,standardized_l2,cosine,0.462779,128,15.0
4288,5501,1,False,cluster_1,1532,user_run_0841,user_standardized_l2_cosine,standardized_l2,cosine,0.462779,128,15.0
4289,5502,-1,True,noise,1911,user_run_0841,user_standardized_l2_cosine,standardized_l2,cosine,0.462779,128,15.0
4290,5503,1,False,cluster_1,1532,user_run_0841,user_standardized_l2_cosine,standardized_l2,cosine,0.462779,128,15.0
4291,5504,-1,True,noise,1911,user_run_0841,user_standardized_l2_cosine,standardized_l2,cosine,0.462779,128,15.0
4292,5505,-1,True,noise,1911,user_run_0841,user_standardized_l2_cosine,standardized_l2,cosine,0.462779,128,15.0
4293,5506,1,False,cluster_1,1532,user_run_0841,user_standardized_l2_cosine,standardized_l2,cosine,0.462779,128,15.0
4294,5507,1,False,cluster_1,1532,user_run_0841,user_standardized_l2_cosine,standardized_l2,cosine,0.462779,128,15.0
4295,5508,-1,True,noise,1911,user_run_0841,user_standardized_l2_cosine,standardized_l2,cosine,0.462779,128,15.0
4296,5509,-1,True,noise,1911,user_run_0841,user_standardized_l2_cosine,standardized_l2,cosine,0.462779,128,15.0
4297,5510,0,False,cluster_0,1279,user_run_0841,user_standardized_l2_cosine,standardized_l2,cosine,0.462779,128,15.0
4298,5511,-1,True,noise,1911,user_run_0841,user_standardized_l2_cosine,standardized_l2,cosine,0.462779,128,15.0
4299,5512,-1,True,noise,1911,user_run_0841,user_standardized_l2_cosine,standardized_l2,cosine,0.462779,128,15.0
4300,5513,1,False,cluster_1,1532,user_run_0841,user_standardized_l2_cosine,standardized_l2,cosine,0.462779,128,15.0
4301,5514,0,False,cluster_0,1279,user_run_0841,user_standardized_l2_cosine,standardized_l2,cosine,0.462779,128,15.0
4302,5515,0,False,cluster_0,1279,user_run_0841,user_standardized_l2_cosine,standardized_l2,cosine,0.462779,128,15.0
4303,5516,0,False,cluster_0,1279,user_run_0841,user_standardized_l2_cosine,standardized_l2,cosine,0.462779,128,15.0
4304,5517,1,False,cluster_1,1532,user_run_0841,user_standardized_l2_cosine,standardized_l2,cosine,0.462779,128,15.0
4305,5518,0,False,cluster_0,1279,user_run_0841,user_standardized_l2_cosine,standardized_l2,cosine,0.462779,128,15.0
4306,5519,-1,True,noise,1911,user_run_0841,user_standardized_l2_cosine,standardized_l2,cosine,0.462779,128,15.0
4307,5520,1,False,cluster_1,1532,user_run_0841,user_standardized_l2_cosine,standardized_l2,cosine,0.462779,128,15.0
4308,5521,0,False,cluster_0,1279,user_run_0841,user_standardized_l2_cosine,standardized_l2,cosine,0.462779,128,15.0
4309,5522,1,False,cluster_1,1532,user_run_0841,user_standardized_l2_cosine,standardized_l2,cosine,0.462779,128,15.0
4310,5523,0,False,cluster_0,1279,user_run_0841,user_standardized_l2_cosine,standardized_l2,cosine,0.462779,128,15.0
4311,5524,-1,True,noise,1911,user_run_0841,user_standardized_l2_cosine,standardized_l2,cosine,0.462779,128,15.0
4312,5526,1,False,cluster_1,1532,user_run_0841,user_standardized_l2_cosine,standardized_l2,cosine,0.462779,128,15.0
4313,5528,-1,True,noise,1911,user_run_0841,user_standardized_l2_cosine,standardized_l2,cosine,0.462779,128,15.0
4314,5530,1,False,cluster_1,1532,user_run_0841,user_standardized_l2_cosine,standardized_l2,cosine,0.462779,128,15.0
4315,5531,0,False,cluster_0,1279,user_run_0841,user_standardized_l2_cosine,standardized_l2,cosine,0.462779,128,15.0
4316,5532,0,False,cluster_0,1279,user_run_0841,user_standardized_l2_cosine,standardized_l2,cosine,0.462779,128,15.0
4317,5534,0,False,cluster_0,1279,user_run_0841,user_standardized_l2_cosine,standardized_l2,cosine,0.462779,128,15.0
4318,5535,-1,True,noise,1911,user_run_0841,user_standardized_l2_cosine,standardized_l2,cosine,0.462779,128,15.0
4319,5536,1,False,cluster_1,1532,user_run_0841,user_standardized_l2_cosine,standardized_l2,cosine,0.462779,128,15.0
4320,5537,0,False,cluster_0,1279,user_run_0841,user_standardized_l2_cosine,standardized_l2,cosine,0.462779,128,15.0
4321,5538,-1,True,noise,1911,user_run_0841,user_standardized_l2_cosine,standardized_l2,cosine,0.462779,128,15.0
4322,5539,1,False,cluster_1,1532,user_run_0841,user_standardized_l2_cosine,standardized_l2,cosine,0.462779,128,15.0
4323,5540,1,False,cluster_1,1532,user_run_0841,user_standardized_l2_cosine,standardized_l2,cosine,0.462779,128,15.0
4324,5542,0,False,cluster_0,1279,user_run_0841,user_standardized_l2_cosine,standardized_l2,cosine,0.462779,128,15.0
4325,5543,-1,True,noise,1911,user_run_0841,user_standardized_l2_cosine,standardized_l2,cosine,0.462779,128,15.0
4326,5544,1,False,cluster_1,1532,user_run_0841,user_standardized_l2_cosine,standardized_l2,cosine,0.462779,128,15.0
4327,5545,-1,True,noise,1911,user_run_0841,user_standardized_l2_cosine,standardized_l2,cosine,0.462779,128,15.0
4328,5547,-1,True,noise,1911,user_run_0841,user_standardized_l2_cosine,standardized_l2,cosine,0.462779,128,15.0
4329,5548,-1,True,noise,1911,user_run_0841,user_standardized_l2_cosine,standardized_l2,cosine,0.462779,128,15.0
4330,5550,0,False,cluster_0,1279,user_run_0841,user_standardized_l2_cosine,standardized_l2,cosine,0.462779,128,15.0
4331,5551,1,False,cluster_1,1532,user_run_0841,user_standardized_l2_cosine,standardized_l2,cosine,0.462779,128,15.0
4332,5552,-1,True,noise,1911,user_run_0841,user_standardized_l2_cosine,standardized_l2,cosine,0.462779,128,15.0
4333,5553,-1,True,noise,1911,user_run_0841,user_standardized_l2_cosine,standardized_l2,cosine,0.462779,128,15.0
4334,5554,1,False,cluster_1,1532,user_run_0841,user_standardized_l2_cosine,standardized_l2,cosine,0.462779,128,15.0
4335,5555,0,False,cluster_0,1279,user_run_0841,user_standardized_l2_cosine,standardized_l2,cosine,0.462779,128,15.0
4336,5556,-1,True,noise,1911,user_run_0841,user_standardized_l2_cosine,standardized_l2,cosine,0.462779,128,15.0
4337,5557,1,False,cluster_1,1532,user_run_0841,user_standardized_l2_cosine,standardized_l2,cosine,0.462779,128,15.0
4338,5558,0,False,cluster_0,1279,user_run_0841,user_standardized_l2_cosine,standardized_l2,cosine,0.462779,128,15.0
4339,5560,0,False,cluster_0,1279,user_run_0841,user_standardized_l2_cosine,standardized_l2,cosine,0.462779,128,15.0
4340,5561,-1,True,noise,1911,user_run_0841,user_standardized_l2_cosine,standardized_l2,cosine,0.462779,128,15.0
4341,5562,0,False,cluster_0,1279,user_run_0841,user_standardized_l2_cosine,standardized_l2,cosine,0.462779,128,15.0
4342,5564,0,False,cluster_0,1279,user_run_0841,user_standardized_l2_cosine,standardized_l2,cosine,0.462779,128,15.0
4343,5565,-1,True,noise,1911,user_run_0841,user_standardized_l2_cosine,standardized_l2,cosine,0.462779,128,15.0
4344,5566,1,False,cluster_1,1532,user_run_0841,user_standardized_l2_cosine,standardized_l2,cosine,0.462779,128,15.0
4345,5567,-1,True,noise,1911,user_run_0841,user_standardized_l2_cosine,standardized_l2,cosine,0.462779,128,15.0
4346,5568,0,False,cluster_0,1279,user_run_0841,user_standardized_l2_cosine,standardized_l2,cosine,0.462779,128,15.0
4347,5569,0,False,cluster_0,1279,user_run_0841,user_standardized_l2_cosine,standardized_l2,cosine,0.462779,128,15.0
4348,5570,-1,True,noise,1911,user_run_0841,user_standardized_l2_cosine,standardized_l2,cosine,0.462779,128,15.0
4349,5571,1,False,cluster_1,1532,user_run_0841,user_standardized_l2_cosine,standardized_l2,cosine,0.462779,128,15.0
4350,5572,-1,True,noise,1911,user_run_0841,user_standardized_l2_cosine,standardized_l2,cosine,0.462779,128,15.0
4351,5573,-1,True,noise,1911,user_run_0841,user_standardized_l2_cosine,standardized_l2,cosine,0.462779,128,15.0
4352,5574,-1,True,noise,1911,user_run_0841,user_standardized_l2_cosine,standardized_l2,cosine,0.462779,128,15.0
4353,5575,-1,True,noise,1911,user_run_0841,user_standardized_l2_cosine,standardized_l2,cosine,0.462779,128,15.0
4354,5576,0,False,cluster_0,1279,user_run_0841,user_standardized_l2_cosine,standardized_l2,cosine,0.462779,128,15.0
4355,5578,1,False,cluster_1,1532,user_run_0841,user_standardized_l2_cosine,standardized_l2,cosine,0.462779,128,15.0
4356,5580,1,False,cluster_1,1532,user_run_0841,user_standardized_l2_cosine,standardized_l2,cosine,0.462779,128,15.0
4357,5582,-1,True,noise,1911,user_run_0841,user_standardized_l2_cosine,standardized_l2,cosine,0.462779,128,15.0
4358,5583,-1,True,noise,1911,user_run_0841,user_standardized_l2_cosine,standardized_l2,cosine,0.462779,128,15.0
4359,5584,-1,True,noise,1911,user_run_0841,user_standardized_l2_cosine,standardized_l2,cosine,0.462779,128,15.0
4360,5585,1,False,cluster_1,1532,user_run_0841,user_standardized_l2_cosine,standardized_l2,cosine,0.462779,128,15.0
4361,5587,0,False,cluster_0,1279,user_run_0841,user_standardized_l2_cosine,standardized_l2,cosine,0.462779,128,15.0
4362,5591,-1,True,noise,1911,user_run_0841,user_standardized_l2_cosine,standardized_l2,cosine,0.462779,128,15.0
4363,5592,-1,True,noise,1911,user_run_0841,user_standardized_l2_cosine,standardized_l2,cosine,0.462779,128,15.0
4364,5593,0,False,cluster_0,1279,user_run_0841,user_standardized_l2_cosine,standardized_l2,cosine,0.462779,128,15.0
4365,5594,-1,True,noise,1911,user_run_0841,user_standardized_l2_cosine,standardized_l2,cosine,0.462779,128,15.0
4366,5595,1,False,cluster_1,1532,user_run_0841,user_standardized_l2_cosine,standardized_l2,cosine,0.462779,128,15.0
4367,5596,-1,True,noise,1911,user_run_0841,user_standardized_l2_cosine,standardized_l2,cosine,0.462779,128,15.0
4368,5597,0,False,cluster_0,1279,user_run_0841,user_standardized_l2_cosine,standardized_l2,cosine,0.462779,128,15.0
4369,5598,-1,True,noise,1911,user_run_0841,user_standardized_l2_cosine,standardized_l2,cosine,0.462779,128,15.0
4370,5599,1,False,cluster_1,1532,user_run_0841,user_standardized_l2_cosine,standardized_l2,cosine,0.462779,128,15.0
4371,5600,0,False,cluster_0,1279,user_run_0841,user_standardized_l2_cosine,standardized_l2,cosine,0.462779,128,15.0
4372,5601,-1,True,noise,1911,user_run_0841,user_standardized_l2_cosine,standardized_l2,cosine,0.462779,128,15.0
4373,5602,1,False,cluster_1,1532,user_run_0841,user_standardized_l2_cosine,standardized_l2,cosine,0.462779,128,15.0
4374,5603,-1,True,noise,1911,user_run_0841,user_standardized_l2_cosine,standardized_l2,cosine,0.462779,128,15.0
4375,5604,-1,True,noise,1911,user_run_0841,user_standardized_l2_cosine,standardized_l2,cosine,0.462779,128,15.0
4376,5605,0,False,cluster_0,1279,user_run_0841,user_standardized_l2_cosine,standardized_l2,cosine,0.462779,128,15.0
4377,5607,-1,True,noise,1911,user_run_0841,user_standardized_l2_cosine,standardized_l2,cosine,0.462779,128,15.0
4378,5609,1,False,cluster_1,1532,user_run_0841,user_standardized_l2_cosine,standardized_l2,cosine,0.462779,128,15.0
4379,5610,1,False,cluster_1,1532,user_run_0841,user_standardized_l2_cosine,standardized_l2,cosine,0.462779,128,15.0
4380,5613,-1,True,noise,1911,user_run_0841,user_standardized_l2_cosine,standardized_l2,cosine,0.462779,128,15.0
4381,5614,0,False,cluster_0,1279,user_run_0841,user_standardized_l2_cosine,standardized_l2,cosine,0.462779,128,15.0
4382,5615,1,False,cluster_1,1532,user_run_0841,user_standardized_l2_cosine,standardized_l2,cosine,0.462779,128,15.0
4383,5616,1,False,cluster_1,1532,user_run_0841,user_standardized_l2_cosine,standardized_l2,cosine,0.462779,128,15.0
4384,5617,0,False,cluster_0,1279,user_run_0841,user_standardized_l2_cosine,standardized_l2,cosine,0.462779,128,15.0
4385,5618,-1,True,noise,1911,user_run_0841,user_standardized_l2_cosine,standardized_l2,cosine,0.462779,128,15.0
4386,5619,-1,True,noise,1911,user_run_0841,user_standardized_l2_cosine,standardized_l2,cosine,0.462779,128,15.0
4387,5620,0,False,cluster_0,1279,user_run_0841,user_standardized_l2_cosine,standardized_l2,cosine,0.462779,128,15.0
4388,5621,1,False,cluster_1,1532,user_run_0841,user_standardized_l2_cosine,standardized_l2,cosine,0.462779,128,15.0
4389,5622,-1,True,noise,1911,user_run_0841,user_standardized_l2_cosine,standardized_l2,cosine,0.462779,128,15.0
4390,5623,-1,True,noise,1911,user_run_0841,user_standardized_l2_cosine,standardized_l2,cosine,0.462779,128,15.0
4391,5624,-1,True,noise,1911,user_run_0841,user_standardized_l2_cosine,standardized_l2,cosine,0.462779,128,15.0
4392,5625,-1,True,noise,1911,user_run_0841,user_standardized_l2_cosine,standardized_l2,cosine,0.462779,128,15.0
4393,5626,-1,True,noise,1911,user_run_0841,user_standardized_l2_cosine,standardized_l2,cosine,0.462779,128,15.0
4394,5627,1,False,cluster_1,1532,user_run_0841,user_standardized_l2_cosine,standardized_l2,cosine,0.462779,128,15.0
4395,5629,1,False,cluster_1,1532,user_run_0841,user_standardized_l2_cosine,standardized_l2,cosine,0.462779,128,15.0
4396,5630,-1,True,noise,1911,user_run_0841,user_standardized_l2_cosine,standardized_l2,cosine,0.462779,128,15.0
4397,5631,0,False,cluster_0,1279,user_run_0841,user_standardized_l2_cosine,standardized_l2,cosine,0.462779,128,15.0
4398,5632,0,False,cluster_0,1279,user_run_0841,user_standardized_l2_cosine,standardized_l2,cosine,0.462779,128,15.0
4399,5634,0,False,cluster_0,1279,user_run_0841,user_standardized_l2_cosine,standardized_l2,cosine,0.462779,128,15.0
4400,5636,1,False,cluster_1,1532,user_run_0841,user_standardized_l2_cosine,standardized_l2,cosine,0.462779,128,15.0
4401,5637,0,False,cluster_0,1279,user_run_0841,user_standardized_l2_cosine,standardized_l2,cosine,0.462779,128,15.0
4402,5638,1,False,cluster_1,1532,user_run_0841,user_standardized_l2_cosine,standardized_l2,cosine,0.462779,128,15.0
4403,5639,1,False,cluster_1,1532,user_run_0841,user_standardized_l2_cosine,standardized_l2,cosine,0.462779,128,15.0
4404,5641,0,False,cluster_0,1279,user_run_0841,user_standardized_l2_cosine,standardized_l2,cosine,0.462779,128,15.0
4405,5642,0,False,cluster_0,1279,user_run_0841,user_standardized_l2_cosine,standardized_l2,cosine,0.462779,128,15.0
4406,5643,-1,True,noise,1911,user_run_0841,user_standardized_l2_cosine,standardized_l2,cosine,0.462779,128,15.0
4407,5644,0,False,cluster_0,1279,user_run_0841,user_standardized_l2_cosine,standardized_l2,cosine,0.462779,128,15.0
4408,5645,0,False,cluster_0,1279,user_run_0841,user_standardized_l2_cosine,standardized_l2,cosine,0.462779,128,15.0
4409,5646,-1,True,noise,1911,user_run_0841,user_standardized_l2_cosine,standardized_l2,cosine,0.462779,128,15.0
4410,5647,-1,True,noise,1911,user_run_0841,user_standardized_l2_cosine,standardized_l2,cosine,0.462779,128,15.0
4411,5648,0,False,cluster_0,1279,user_run_0841,user_standardized_l2_cosine,standardized_l2,cosine,0.462779,128,15.0
4412,5649,1,False,cluster_1,1532,user_run_0841,user_standardized_l2_cosine,standardized_l2,cosine,0.462779,128,15.0
4413,5650,0,False,cluster_0,1279,user_run_0841,user_standardized_l2_cosine,standardized_l2,cosine,0.462779,128,15.0
4414,5652,-1,True,noise,1911,user_run_0841,user_standardized_l2_cosine,standardized_l2,cosine,0.462779,128,15.0
4415,5653,-1,True,noise,1911,user_run_0841,user_standardized_l2_cosine,standardized_l2,cosine,0.462779,128,15.0
4416,5654,1,False,cluster_1,1532,user_run_0841,user_standardized_l2_cosine,standardized_l2,cosine,0.462779,128,15.0
4417,5655,0,False,cluster_0,1279,user_run_0841,user_standardized_l2_cosine,standardized_l2,cosine,0.462779,128,15.0
4418,5657,0,False,cluster_0,1279,user_run_0841,user_standardized_l2_cosine,standardized_l2,cosine,0.462779,128,15.0
4419,5658,-1,True,noise,1911,user_run_0841,user_standardized_l2_cosine,standardized_l2,cosine,0.462779,128,15.0
4420,5659,0,False,cluster_0,1279,user_run_0841,user_standardized_l2_cosine,standardized_l2,cosine,0.462779,128,15.0
4421,5661,-1,True,noise,1911,user_run_0841,user_standardized_l2_cosine,standardized_l2,cosine,0.462779,128,15.0
4422,5662,0,False,cluster_0,1279,user_run_0841,user_standardized_l2_cosine,standardized_l2,cosine,0.462779,128,15.0
4423,5663,-1,True,noise,1911,user_run_0841,user_standardized_l2_cosine,standardized_l2,cosine,0.462779,128,15.0
4424,5664,1,False,cluster_1,1532,user_run_0841,user_standardized_l2_cosine,standardized_l2,cosine,0.462779,128,15.0
4425,5665,1,False,cluster_1,1532,user_run_0841,user_standardized_l2_cosine,standardized_l2,cosine,0.462779,128,15.0
4426,5667,1,False,cluster_1,1532,user_run_0841,user_standardized_l2_cosine,standardized_l2,cosine,0.462779,128,15.0
4427,5668,0,False,cluster_0,1279,user_run_0841,user_standardized_l2_cosine,standardized_l2,cosine,0.462779,128,15.0
4428,5669,0,False,cluster_0,1279,user_run_0841,user_standardized_l2_cosine,standardized_l2,cosine,0.462779,128,15.0
4429,5670,0,False,cluster_0,1279,user_run_0841,user_standardized_l2_cosine,standardized_l2,cosine,0.462779,128,15.0
4430,5671,-1,True,noise,1911,user_run_0841,user_standardized_l2_cosine,standardized_l2,cosine,0.462779,128,15.0
4431,5673,1,False,cluster_1,1532,user_run_0841,user_standardized_l2_cosine,standardized_l2,cosine,0.462779,128,15.0
4432,5674,0,False,cluster_0,1279,user_run_0841,user_standardized_l2_cosine,standardized_l2,cosine,0.462779,128,15.0
4433,5675,1,False,cluster_1,1532,user_run_0841,user_standardized_l2_cosine,standardized_l2,cosine,0.462779,128,15.0
4434,5676,-1,True,noise,1911,user_run_0841,user_standardized_l2_cosine,standardized_l2,cosine,0.462779,128,15.0
4435,5677,-1,True,noise,1911,user_run_0841,user_standardized_l2_cosine,standardized_l2,cosine,0.462779,128,15.0
4436,5678,-1,True,noise,1911,user_run_0841,user_standardized_l2_cosine,standardized_l2,cosine,0.462779,128,15.0
4437,5679,-1,True,noise,1911,user_run_0841,user_standardized_l2_cosine,standardized_l2,cosine,0.462779,128,15.0
4438,5680,1,False,cluster_1,1532,user_run_0841,user_standardized_l2_cosine,standardized_l2,cosine,0.462779,128,15.0
4439,5682,0,False,cluster_0,1279,user_run_0841,user_standardized_l2_cosine,standardized_l2,cosine,0.462779,128,15.0
4440,5683,0,False,cluster_0,1279,user_run_0841,user_standardized_l2_cosine,standardized_l2,cosine,0.462779,128,15.0
4441,5684,1,False,cluster_1,1532,user_run_0841,user_standardized_l2_cosine,standardized_l2,cosine,0.462779,128,15.0
4442,5685,1,False,cluster_1,1532,user_run_0841,user_standardized_l2_cosine,standardized_l2,cosine,0.462779,128,15.0
4443,5686,-1,True,noise,1911,user_run_0841,user_standardized_l2_cosine,standardized_l2,cosine,0.462779,128,15.0
4444,5687,-1,True,noise,1911,user_run_0841,user_standardized_l2_cosine,standardized_l2,cosine,0.462779,128,15.0
4445,5688,-1,True,noise,1911,user_run_0841,user_standardized_l2_cosine,standardized_l2,cosine,0.462779,128,15.0
4446,5689,1,False,cluster_1,1532,user_run_0841,user_standardized_l2_cosine,standardized_l2,cosine,0.462779,128,15.0
4447,5691,0,False,cluster_0,1279,user_run_0841,user_standardized_l2_cosine,standardized_l2,cosine,0.462779,128,15.0
4448,5692,-1,True,noise,1911,user_run_0841,user_standardized_l2_cosine,standardized_l2,cosine,0.462779,128,15.0
4449,5693,-1,True,noise,1911,user_run_0841,user_standardized_l2_cosine,standardized_l2,cosine,0.462779,128,15.0
4450,5698,-1,True,noise,1911,user_run_0841,user_standardized_l2_cosine,standardized_l2,cosine,0.462779,128,15.0
4451,5699,1,False,cluster_1,1532,user_run_0841,user_standardized_l2_cosine,standardized_l2,cosine,0.462779,128,15.0
4452,5701,-1,True,noise,1911,user_run_0841,user_standardized_l2_cosine,standardized_l2,cosine,0.462779,128,15.0
4453,5702,1,False,cluster_1,1532,user_run_0841,user_standardized_l2_cosine,standardized_l2,cosine,0.462779,128,15.0
4454,5703,1,False,cluster_1,1532,user_run_0841,user_standardized_l2_cosine,standardized_l2,cosine,0.462779,128,15.0
4455,5704,1,False,cluster_1,1532,user_run_0841,user_standardized_l2_cosine,standardized_l2,cosine,0.462779,128,15.0
4456,5705,-1,True,noise,1911,user_run_0841,user_standardized_l2_cosine,standardized_l2,cosine,0.462779,128,15.0
4457,5706,-1,True,noise,1911,user_run_0841,user_standardized_l2_cosine,standardized_l2,cosine,0.462779,128,15.0
4458,5707,-1,True,noise,1911,user_run_0841,user_standardized_l2_cosine,standardized_l2,cosine,0.462779,128,15.0
4459,5708,1,False,cluster_1,1532,user_run_0841,user_standardized_l2_cosine,standardized_l2,cosine,0.462779,128,15.0
4460,5709,-1,True,noise,1911,user_run_0841,user_standardized_l2_cosine,standardized_l2,cosine,0.462779,128,15.0
4461,5710,1,False,cluster_1,1532,user_run_0841,user_standardized_l2_cosine,standardized_l2,cosine,0.462779,128,15.0
4462,5711,0,False,cluster_0,1279,user_run_0841,user_standardized_l2_cosine,standardized_l2,cosine,0.462779,128,15.0
4463,5712,0,False,cluster_0,1279,user_run_0841,user_standardized_l2_cosine,standardized_l2,cosine,0.462779,128,15.0
4464,5714,-1,True,noise,1911,user_run_0841,user_standardized_l2_cosine,standardized_l2,cosine,0.462779,128,15.0
4465,5715,-1,True,noise,1911,user_run_0841,user_standardized_l2_cosine,standardized_l2,cosine,0.462779,128,15.0
4466,5716,-1,True,noise,1911,user_run_0841,user_standardized_l2_cosine,standardized_l2,cosine,0.462779,128,15.0
4467,5717,-1,True,noise,1911,user_run_0841,user_standardized_l2_cosine,standardized_l2,cosine,0.462779,128,15.0
4468,5718,-1,True,noise,1911,user_run_0841,user_standardized_l2_cosine,standardized_l2,cosine,0.462779,128,15.0
4469,5720,0,False,cluster_0,1279,user_run_0841,user_standardized_l2_cosine,standardized_l2,cosine,0.462779,128,15.0
4470,5721,1,False,cluster_1,1532,user_run_0841,user_standardized_l2_cosine,standardized_l2,cosine,0.462779,128,15.0
4471,5722,1,False,cluster_1,1532,user_run_0841,user_standardized_l2_cosine,standardized_l2,cosine,0.462779,128,15.0
4472,5723,1,False,cluster_1,1532,user_run_0841,user_standardized_l2_cosine,standardized_l2,cosine,0.462779,128,15.0
4473,5724,1,False,cluster_1,1532,user_run_0841,user_standardized_l2_cosine,standardized_l2,cosine,0.462779,128,15.0
4474,5726,-1,True,noise,1911,user_run_0841,user_standardized_l2_cosine,standardized_l2,cosine,0.462779,128,15.0
4475,5727,1,False,cluster_1,1532,user_run_0841,user_standardized_l2_cosine,standardized_l2,cosine,0.462779,128,15.0
4476,5728,-1,True,noise,1911,user_run_0841,user_standardized_l2_cosine,standardized_l2,cosine,0.462779,128,15.0
4477,5729,-1,True,noise,1911,user_run_0841,user_standardized_l2_cosine,standardized_l2,cosine,0.462779,128,15.0
4478,5730,-1,True,noise,1911,user_run_0841,user_standardized_l2_cosine,standardized_l2,cosine,0.462779,128,15.0
4479,5731,-1,True,noise,1911,user_run_0841,user_standardized_l2_cosine,standardized_l2,cosine,0.462779,128,15.0
4480,5732,0,False,cluster_0,1279,user_run_0841,user_standardized_l2_cosine,standardized_l2,cosine,0.462779,128,15.0
4481,5733,-1,True,noise,1911,user_run_0841,user_standardized_l2_cosine,standardized_l2,cosine,0.462779,128,15.0
4482,5734,1,False,cluster_1,1532,user_run_0841,user_standardized_l2_cosine,standardized_l2,cosine,0.462779,128,15.0
4483,5736,-1,True,noise,1911,user_run_0841,user_standardized_l2_cosine,standardized_l2,cosine,0.462779,128,15.0
4484,5737,-1,True,noise,1911,user_run_0841,user_standardized_l2_cosine,standardized_l2,cosine,0.462779,128,15.0
4485,5738,-1,True,noise,1911,user_run_0841,user_standardized_l2_cosine,standardized_l2,cosine,0.462779,128,15.0
4486,5739,-1,True,noise,1911,user_run_0841,user_standardized_l2_cosine,standardized_l2,cosine,0.462779,128,15.0
4487,5740,1,False,cluster_1,1532,user_run_0841,user_standardized_l2_cosine,standardized_l2,cosine,0.462779,128,15.0
4488,5741,1,False,cluster_1,1532,user_run_0841,user_standardized_l2_cosine,standardized_l2,cosine,0.462779,128,15.0
4489,5742,0,False,cluster_0,1279,user_run_0841,user_standardized_l2_cosine,standardized_l2,cosine,0.462779,128,15.0
4490,5744,1,False,cluster_1,1532,user_run_0841,user_standardized_l2_cosine,standardized_l2,cosine,0.462779,128,15.0
4491,5745,-1,True,noise,1911,user_run_0841,user_standardized_l2_cosine,standardized_l2,cosine,0.462779,128,15.0
4492,5746,-1,True,noise,1911,user_run_0841,user_standardized_l2_cosine,standardized_l2,cosine,0.462779,128,15.0
4493,5747,1,False,cluster_1,1532,user_run_0841,user_standardized_l2_cosine,standardized_l2,cosine,0.462779,128,15.0
4494,5748,0,False,cluster_0,1279,user_run_0841,user_standardized_l2_cosine,standardized_l2,cosine,0.462779,128,15.0
4495,5749,1,False,cluster_1,1532,user_run_0841,user_standardized_l2_cosine,standardized_l2,cosine,0.462779,128,15.0
4496,5750,1,False,cluster_1,1532,user_run_0841,user_standardized_l2_cosine,standardized_l2,cosine,0.462779,128,15.0
4497,5751,0,False,cluster_0,1279,user_run_0841,user_standardized_l2_cosine,standardized_l2,cosine,0.462779,128,15.0
4498,5752,-1,True,noise,1911,user_run_0841,user_standardized_l2_cosine,standardized_l2,cosine,0.462779,128,15.0
4499,5753,1,False,cluster_1,1532,user_run_0841,user_standardized_l2_cosine,standardized_l2,cosine,0.462779,128,15.0
4500,5754,1,False,cluster_1,1532,user_run_0841,user_standardized_l2_cosine,standardized_l2,cosine,0.462779,128,15.0
4501,5755,1,False,cluster_1,1532,user_run_0841,user_standardized_l2_cosine,standardized_l2,cosine,0.462779,128,15.0
4502,5757,1,False,cluster_1,1532,user_run_0841,user_standardized_l2_cosine,standardized_l2,cosine,0.462779,128,15.0
4503,5758,0,False,cluster_0,1279,user_run_0841,user_standardized_l2_cosine,standardized_l2,cosine,0.462779,128,15.0
4504,5759,1,False,cluster_1,1532,user_run_0841,user_standardized_l2_cosine,standardized_l2,cosine,0.462779,128,15.0
4505,5761,-1,True,noise,1911,user_run_0841,user_standardized_l2_cosine,standardized_l2,cosine,0.462779,128,15.0
4506,5762,0,False,cluster_0,1279,user_run_0841,user_standardized_l2_cosine,standardized_l2,cosine,0.462779,128,15.0
4507,5763,1,False,cluster_1,1532,user_run_0841,user_standardized_l2_cosine,standardized_l2,cosine,0.462779,128,15.0
4508,5764,0,False,cluster_0,1279,user_run_0841,user_standardized_l2_cosine,standardized_l2,cosine,0.462779,128,15.0
4509,5765,-1,True,noise,1911,user_run_0841,user_standardized_l2_cosine,standardized_l2,cosine,0.462779,128,15.0
4510,5766,0,False,cluster_0,1279,user_run_0841,user_standardized_l2_cosine,standardized_l2,cosine,0.462779,128,15.0
4511,5767,0,False,cluster_0,1279,user_run_0841,user_standardized_l2_cosine,standardized_l2,cosine,0.462779,128,15.0
4512,5768,0,False,cluster_0,1279,user_run_0841,user_standardized_l2_cosine,standardized_l2,cosine,0.462779,128,15.0
4513,5769,1,False,cluster_1,1532,user_run_0841,user_standardized_l2_cosine,standardized_l2,cosine,0.462779,128,15.0
4514,5770,-1,True,noise,1911,user_run_0841,user_standardized_l2_cosine,standardized_l2,cosine,0.462779,128,15.0
4515,5771,-1,True,noise,1911,user_run_0841,user_standardized_l2_cosine,standardized_l2,cosine,0.462779,128,15.0
4516,5774,1,False,cluster_1,1532,user_run_0841,user_standardized_l2_cosine,standardized_l2,cosine,0.462779,128,15.0
4517,5775,-1,True,noise,1911,user_run_0841,user_standardized_l2_cosine,standardized_l2,cosine,0.462779,128,15.0
4518,5776,1,False,cluster_1,1532,user_run_0841,user_standardized_l2_cosine,standardized_l2,cosine,0.462779,128,15.0
4519,5777,1,False,cluster_1,1532,user_run_0841,user_standardized_l2_cosine,standardized_l2,cosine,0.462779,128,15.0
4520,5778,1,False,cluster_1,1532,user_run_0841,user_standardized_l2_cosine,standardized_l2,cosine,0.462779,128,15.0
4521,5779,-1,True,noise,1911,user_run_0841,user_standardized_l2_cosine,standardized_l2,cosine,0.462779,128,15.0
4522,5780,0,False,cluster_0,1279,user_run_0841,user_standardized_l2_cosine,standardized_l2,cosine,0.462779,128,15.0
4523,5782,0,False,cluster_0,1279,user_run_0841,user_standardized_l2_cosine,standardized_l2,cosine,0.462779,128,15.0
4524,5785,1,False,cluster_1,1532,user_run_0841,user_standardized_l2_cosine,standardized_l2,cosine,0.462779,128,15.0
4525,5786,1,False,cluster_1,1532,user_run_0841,user_standardized_l2_cosine,standardized_l2,cosine,0.462779,128,15.0
4526,5787,1,False,cluster_1,1532,user_run_0841,user_standardized_l2_cosine,standardized_l2,cosine,0.462779,128,15.0
4527,5788,1,False,cluster_1,1532,user_run_0841,user_standardized_l2_cosine,standardized_l2,cosine,0.462779,128,15.0
4528,5789,0,False,cluster_0,1279,user_run_0841,user_standardized_l2_cosine,standardized_l2,cosine,0.462779,128,15.0
4529,5790,0,False,cluster_0,1279,user_run_0841,user_standardized_l2_cosine,standardized_l2,cosine,0.462779,128,15.0
4530,5791,1,False,cluster_1,1532,user_run_0841,user_standardized_l2_cosine,standardized_l2,cosine,0.462779,128,15.0
4531,5792,1,False,cluster_1,1532,user_run_0841,user_standardized_l2_cosine,standardized_l2,cosine,0.462779,128,15.0
4532,5794,1,False,cluster_1,1532,user_run_0841,user_standardized_l2_cosine,standardized_l2,cosine,0.462779,128,15.0
4533,5795,1,False,cluster_1,1532,user_run_0841,user_standardized_l2_cosine,standardized_l2,cosine,0.462779,128,15.0
4534,5797,1,False,cluster_1,1532,user_run_0841,user_standardized_l2_cosine,standardized_l2,cosine,0.462779,128,15.0
4535,5798,-1,True,noise,1911,user_run_0841,user_standardized_l2_cosine,standardized_l2,cosine,0.462779,128,15.0
4536,5801,1,False,cluster_1,1532,user_run_0841,user_standardized_l2_cosine,standardized_l2,cosine,0.462779,128,15.0
4537,5802,0,False,cluster_0,1279,user_run_0841,user_standardized_l2_cosine,standardized_l2,cosine,0.462779,128,15.0
4538,5803,-1,True,noise,1911,user_run_0841,user_standardized_l2_cosine,standardized_l2,cosine,0.462779,128,15.0
4539,5805,-1,True,noise,1911,user_run_0841,user_standardized_l2_cosine,standardized_l2,cosine,0.462779,128,15.0
4540,5806,-1,True,noise,1911,user_run_0841,user_standardized_l2_cosine,standardized_l2,cosine,0.462779,128,15.0
4541,5807,-1,True,noise,1911,user_run_0841,user_standardized_l2_cosine,standardized_l2,cosine,0.462779,128,15.0
4542,5808,-1,True,noise,1911,user_run_0841,user_standardized_l2_cosine,standardized_l2,cosine,0.462779,128,15.0
4543,5809,1,False,cluster_1,1532,user_run_0841,user_standardized_l2_cosine,standardized_l2,cosine,0.462779,128,15.0
4544,5811,0,False,cluster_0,1279,user_run_0841,user_standardized_l2_cosine,standardized_l2,cosine,0.462779,128,15.0
4545,5812,1,False,cluster_1,1532,user_run_0841,user_standardized_l2_cosine,standardized_l2,cosine,0.462779,128,15.0
4546,5813,1,False,cluster_1,1532,user_run_0841,user_standardized_l2_cosine,standardized_l2,cosine,0.462779,128,15.0
4547,5815,1,False,cluster_1,1532,user_run_0841,user_standardized_l2_cosine,standardized_l2,cosine,0.462779,128,15.0
4548,5820,0,False,cluster_0,1279,user_run_0841,user_standardized_l2_cosine,standardized_l2,cosine,0.462779,128,15.0
4549,5821,1,False,cluster_1,1532,user_run_0841,user_standardized_l2_cosine,standardized_l2,cosine,0.462779,128,15.0
4550,5822,-1,True,noise,1911,user_run_0841,user_standardized_l2_cosine,standardized_l2,cosine,0.462779,128,15.0
4551,5823,1,False,cluster_1,1532,user_run_0841,user_standardized_l2_cosine,standardized_l2,cosine,0.462779,128,15.0
4552,5824,-1,True,noise,1911,user_run_0841,user_standardized_l2_cosine,standardized_l2,cosine,0.462779,128,15.0
4553,5825,1,False,cluster_1,1532,user_run_0841,user_standardized_l2_cosine,standardized_l2,cosine,0.462779,128,15.0
4554,5826,-1,True,noise,1911,user_run_0841,user_standardized_l2_cosine,standardized_l2,cosine,0.462779,128,15.0
4555,5827,-1,True,noise,1911,user_run_0841,user_standardized_l2_cosine,standardized_l2,cosine,0.462779,128,15.0
4556,5829,-1,True,noise,1911,user_run_0841,user_standardized_l2_cosine,standardized_l2,cosine,0.462779,128,15.0
4557,5830,0,False,cluster_0,1279,user_run_0841,user_standardized_l2_cosine,standardized_l2,cosine,0.462779,128,15.0
4558,5831,1,False,cluster_1,1532,user_run_0841,user_standardized_l2_cosine,standardized_l2,cosine,0.462779,128,15.0
4559,5832,-1,True,noise,1911,user_run_0841,user_standardized_l2_cosine,standardized_l2,cosine,0.462779,128,15.0
4560,5833,-1,True,noise,1911,user_run_0841,user_standardized_l2_cosine,standardized_l2,cosine,0.462779,128,15.0
4561,5836,-1,True,noise,1911,user_run_0841,user_standardized_l2_cosine,standardized_l2,cosine,0.462779,128,15.0
4562,5837,0,False,cluster_0,1279,user_run_0841,user_standardized_l2_cosine,standardized_l2,cosine,0.462779,128,15.0
4563,5838,-1,True,noise,1911,user_run_0841,user_standardized_l2_cosine,standardized_l2,cosine,0.462779,128,15.0
4564,5840,0,False,cluster_0,1279,user_run_0841,user_standardized_l2_cosine,standardized_l2,cosine,0.462779,128,15.0
4565,5841,-1,True,noise,1911,user_run_0841,user_standardized_l2_cosine,standardized_l2,cosine,0.462779,128,15.0
4566,5842,1,False,cluster_1,1532,user_run_0841,user_standardized_l2_cosine,standardized_l2,cosine,0.462779,128,15.0
4567,5843,-1,True,noise,1911,user_run_0841,user_standardized_l2_cosine,standardized_l2,cosine,0.462779,128,15.0
4568,5844,1,False,cluster_1,1532,user_run_0841,user_standardized_l2_cosine,standardized_l2,cosine,0.462779,128,15.0
4569,5845,-1,True,noise,1911,user_run_0841,user_standardized_l2_cosine,standardized_l2,cosine,0.462779,128,15.0
4570,5846,1,False,cluster_1,1532,user_run_0841,user_standardized_l2_cosine,standardized_l2,cosine,0.462779,128,15.0
4571,5847,-1,True,noise,1911,user_run_0841,user_standardized_l2_cosine,standardized_l2,cosine,0.462779,128,15.0
4572,5848,-1,True,noise,1911,user_run_0841,user_standardized_l2_cosine,standardized_l2,cosine,0.462779,128,15.0
4573,5849,0,False,cluster_0,1279,user_run_0841,user_standardized_l2_cosine,standardized_l2,cosine,0.462779,128,15.0
4574,5850,0,False,cluster_0,1279,user_run_0841,user_standardized_l2_cosine,standardized_l2,cosine,0.462779,128,15.0
4575,5851,0,False,cluster_0,1279,user_run_0841,user_standardized_l2_cosine,standardized_l2,cosine,0.462779,128,15.0
4576,5852,-1,True,noise,1911,user_run_0841,user_standardized_l2_cosine,standardized_l2,cosine,0.462779,128,15.0
4577,5853,1,False,cluster_1,1532,user_run_0841,user_standardized_l2_cosine,standardized_l2,cosine,0.462779,128,15.0
4578,5854,0,False,cluster_0,1279,user_run_0841,user_standardized_l2_cosine,standardized_l2,cosine,0.462779,128,15.0
4579,5855,0,False,cluster_0,1279,user_run_0841,user_standardized_l2_cosine,standardized_l2,cosine,0.462779,128,15.0
4580,5856,0,False,cluster_0,1279,user_run_0841,user_standardized_l2_cosine,standardized_l2,cosine,0.462779,128,15.0
4581,5857,0,False,cluster_0,1279,user_run_0841,user_standardized_l2_cosine,standardized_l2,cosine,0.462779,128,15.0
4582,5858,1,False,cluster_1,1532,user_run_0841,user_standardized_l2_cosine,standardized_l2,cosine,0.462779,128,15.0
4583,5860,-1,True,noise,1911,user_run_0841,user_standardized_l2_cosine,standardized_l2,cosine,0.462779,128,15.0
4584,5861,-1,True,noise,1911,user_run_0841,user_standardized_l2_cosine,standardized_l2,cosine,0.462779,128,15.0
4585,5862,0,False,cluster_0,1279,user_run_0841,user_standardized_l2_cosine,standardized_l2,cosine,0.462779,128,15.0
4586,5865,1,False,cluster_1,1532,user_run_0841,user_standardized_l2_cosine,standardized_l2,cosine,0.462779,128,15.0
4587,5868,0,False,cluster_0,1279,user_run_0841,user_standardized_l2_cosine,standardized_l2,cosine,0.462779,128,15.0
4588,5869,0,False,cluster_0,1279,user_run_0841,user_standardized_l2_cosine,standardized_l2,cosine,0.462779,128,15.0
4589,5871,1,False,cluster_1,1532,user_run_0841,user_standardized_l2_cosine,standardized_l2,cosine,0.462779,128,15.0
4590,5872,-1,True,noise,1911,user_run_0841,user_standardized_l2_cosine,standardized_l2,cosine,0.462779,128,15.0
4591,5874,1,False,cluster_1,1532,user_run_0841,user_standardized_l2_cosine,standardized_l2,cosine,0.462779,128,15.0
4592,5875,1,False,cluster_1,1532,user_run_0841,user_standardized_l2_cosine,standardized_l2,cosine,0.462779,128,15.0
4593,5878,-1,True,noise,1911,user_run_0841,user_standardized_l2_cosine,standardized_l2,cosine,0.462779,128,15.0
4594,5879,-1,True,noise,1911,user_run_0841,user_standardized_l2_cosine,standardized_l2,cosine,0.462779,128,15.0
4595,5880,0,False,cluster_0,1279,user_run_0841,user_standardized_l2_cosine,standardized_l2,cosine,0.462779,128,15.0
4596,5881,-1,True,noise,1911,user_run_0841,user_standardized_l2_cosine,standardized_l2,cosine,0.462779,128,15.0
4597,5882,0,False,cluster_0,1279,user_run_0841,user_standardized_l2_cosine,standardized_l2,cosine,0.462779,128,15.0
4598,5884,1,False,cluster_1,1532,user_run_0841,user_standardized_l2_cosine,standardized_l2,cosine,0.462779,128,15.0
4599,5885,1,False,cluster_1,1532,user_run_0841,user_standardized_l2_cosine,standardized_l2,cosine,0.462779,128,15.0
4600,5886,1,False,cluster_1,1532,user_run_0841,user_standardized_l2_cosine,standardized_l2,cosine,0.462779,128,15.0
4601,5887,-1,True,noise,1911,user_run_0841,user_standardized_l2_cosine,standardized_l2,cosine,0.462779,128,15.0
4602,5888,1,False,cluster_1,1532,user_run_0841,user_standardized_l2_cosine,standardized_l2,cosine,0.462779,128,15.0
4603,5889,-1,True,noise,1911,user_run_0841,user_standardized_l2_cosine,standardized_l2,cosine,0.462779,128,15.0
4604,5890,-1,True,noise,1911,user_run_0841,user_standardized_l2_cosine,standardized_l2,cosine,0.462779,128,15.0
4605,5891,0,False,cluster_0,1279,user_run_0841,user_standardized_l2_cosine,standardized_l2,cosine,0.462779,128,15.0
4606,5892,1,False,cluster_1,1532,user_run_0841,user_standardized_l2_cosine,standardized_l2,cosine,0.462779,128,15.0
4607,5893,1,False,cluster_1,1532,user_run_0841,user_standardized_l2_cosine,standardized_l2,cosine,0.462779,128,15.0
4608,5894,0,False,cluster_0,1279,user_run_0841,user_standardized_l2_cosine,standardized_l2,cosine,0.462779,128,15.0
4609,5895,-1,True,noise,1911,user_run_0841,user_standardized_l2_cosine,standardized_l2,cosine,0.462779,128,15.0
4610,5896,-1,True,noise,1911,user_run_0841,user_standardized_l2_cosine,standardized_l2,cosine,0.462779,128,15.0
4611,5897,1,False,cluster_1,1532,user_run_0841,user_standardized_l2_cosine,standardized_l2,cosine,0.462779,128,15.0
4612,5900,-1,True,noise,1911,user_run_0841,user_standardized_l2_cosine,standardized_l2,cosine,0.462779,128,15.0
4613,5902,-1,True,noise,1911,user_run_0841,user_standardized_l2_cosine,standardized_l2,cosine,0.462779,128,15.0
4614,5903,-1,True,noise,1911,user_run_0841,user_standardized_l2_cosine,standardized_l2,cosine,0.462779,128,15.0
4615,5905,-1,True,noise,1911,user_run_0841,user_standardized_l2_cosine,standardized_l2,cosine,0.462779,128,15.0
4616,5906,-1,True,noise,1911,user_run_0841,user_standardized_l2_cosine,standardized_l2,cosine,0.462779,128,15.0
4617,5907,0,False,cluster_0,1279,user_run_0841,user_standardized_l2_cosine,standardized_l2,cosine,0.462779,128,15.0
4618,5908,-1,True,noise,1911,user_run_0841,user_standardized_l2_cosine,standardized_l2,cosine,0.462779,128,15.0
4619,5910,-1,True,noise,1911,user_run_0841,user_standardized_l2_cosine,standardized_l2,cosine,0.462779,128,15.0
4620,5911,1,False,cluster_1,1532,user_run_0841,user_standardized_l2_cosine,standardized_l2,cosine,0.462779,128,15.0
4621,5912,-1,True,noise,1911,user_run_0841,user_standardized_l2_cosine,standardized_l2,cosine,0.462779,128,15.0
4622,5913,-1,True,noise,1911,user_run_0841,user_standardized_l2_cosine,standardized_l2,cosine,0.462779,128,15.0
4623,5915,1,False,cluster_1,1532,user_run_0841,user_standardized_l2_cosine,standardized_l2,cosine,0.462779,128,15.0
4624,5916,0,False,cluster_0,1279,user_run_0841,user_standardized_l2_cosine,standardized_l2,cosine,0.462779,128,15.0
4625,5917,-1,True,noise,1911,user_run_0841,user_standardized_l2_cosine,standardized_l2,cosine,0.462779,128,15.0
4626,5920,0,False,cluster_0,1279,user_run_0841,user_standardized_l2_cosine,standardized_l2,cosine,0.462779,128,15.0
4627,5921,0,False,cluster_0,1279,user_run_0841,user_standardized_l2_cosine,standardized_l2,cosine,0.462779,128,15.0
4628,5922,-1,True,noise,1911,user_run_0841,user_standardized_l2_cosine,standardized_l2,cosine,0.462779,128,15.0
4629,5924,1,False,cluster_1,1532,user_run_0841,user_standardized_l2_cosine,standardized_l2,cosine,0.462779,128,15.0
4630,5925,-1,True,noise,1911,user_run_0841,user_standardized_l2_cosine,standardized_l2,cosine,0.462779,128,15.0
4631,5926,0,False,cluster_0,1279,user_run_0841,user_standardized_l2_cosine,standardized_l2,cosine,0.462779,128,15.0
4632,5927,1,False,cluster_1,1532,user_run_0841,user_standardized_l2_cosine,standardized_l2,cosine,0.462779,128,15.0
4633,5928,1,False,cluster_1,1532,user_run_0841,user_standardized_l2_cosine,standardized_l2,cosine,0.462779,128,15.0
4634,5929,-1,True,noise,1911,user_run_0841,user_standardized_l2_cosine,standardized_l2,cosine,0.462779,128,15.0
4635,5930,1,False,cluster_1,1532,user_run_0841,user_standardized_l2_cosine,standardized_l2,cosine,0.462779,128,15.0
4636,5931,-1,True,noise,1911,user_run_0841,user_standardized_l2_cosine,standardized_l2,cosine,0.462779,128,15.0
4637,5933,-1,True,noise,1911,user_run_0841,user_standardized_l2_cosine,standardized_l2,cosine,0.462779,128,15.0
4638,5937,-1,True,noise,1911,user_run_0841,user_standardized_l2_cosine,standardized_l2,cosine,0.462779,128,15.0
4639,5938,1,False,cluster_1,1532,user_run_0841,user_standardized_l2_cosine,standardized_l2,cosine,0.462779,128,15.0
4640,5939,0,False,cluster_0,1279,user_run_0841,user_standardized_l2_cosine,standardized_l2,cosine,0.462779,128,15.0
4641,5940,0,False,cluster_0,1279,user_run_0841,user_standardized_l2_cosine,standardized_l2,cosine,0.462779,128,15.0
4642,5942,-1,True,noise,1911,user_run_0841,user_standardized_l2_cosine,standardized_l2,cosine,0.462779,128,15.0
4643,5943,0,False,cluster_0,1279,user_run_0841,user_standardized_l2_cosine,standardized_l2,cosine,0.462779,128,15.0
4644,5946,0,False,cluster_0,1279,user_run_0841,user_standardized_l2_cosine,standardized_l2,cosine,0.462779,128,15.0
4645,5947,-1,True,noise,1911,user_run_0841,user_standardized_l2_cosine,standardized_l2,cosine,0.462779,128,15.0
4646,5948,1,False,cluster_1,1532,user_run_0841,user_standardized_l2_cosine,standardized_l2,cosine,0.462779,128,15.0
4647,5949,-1,True,noise,1911,user_run_0841,user_standardized_l2_cosine,standardized_l2,cosine,0.462779,128,15.0
4648,5950,1,False,cluster_1,1532,user_run_0841,user_standardized_l2_cosine,standardized_l2,cosine,0.462779,128,15.0
4649,5951,0,False,cluster_0,1279,user_run_0841,user_standardized_l2_cosine,standardized_l2,cosine,0.462779,128,15.0
4650,5952,-1,True,noise,1911,user_run_0841,user_standardized_l2_cosine,standardized_l2,cosine,0.462779,128,15.0
4651,5953,1,False,cluster_1,1532,user_run_0841,user_standardized_l2_cosine,standardized_l2,cosine,0.462779,128,15.0
4652,5954,1,False,cluster_1,1532,user_run_0841,user_standardized_l2_cosine,standardized_l2,cosine,0.462779,128,15.0
4653,5955,-1,True,noise,1911,user_run_0841,user_standardized_l2_cosine,standardized_l2,cosine,0.462779,128,15.0
4654,5956,-1,True,noise,1911,user_run_0841,user_standardized_l2_cosine,standardized_l2,cosine,0.462779,128,15.0
4655,5957,1,False,cluster_1,1532,user_run_0841,user_standardized_l2_cosine,standardized_l2,cosine,0.462779,128,15.0
4656,5958,-1,True,noise,1911,user_run_0841,user_standardized_l2_cosine,standardized_l2,cosine,0.462779,128,15.0
4657,5959,-1,True,noise,1911,user_run_0841,user_standardized_l2_cosine,standardized_l2,cosine,0.462779,128,15.0
4658,5960,0,False,cluster_0,1279,user_run_0841,user_standardized_l2_cosine,standardized_l2,cosine,0.462779,128,15.0
4659,5961,1,False,cluster_1,1532,user_run_0841,user_standardized_l2_cosine,standardized_l2,cosine,0.462779,128,15.0
4660,5963,1,False,cluster_1,1532,user_run_0841,user_standardized_l2_cosine,standardized_l2,cosine,0.462779,128,15.0
4661,5964,1,False,cluster_1,1532,user_run_0841,user_standardized_l2_cosine,standardized_l2,cosine,0.462779,128,15.0
4662,5966,-1,True,noise,1911,user_run_0841,user_standardized_l2_cosine,standardized_l2,cosine,0.462779,128,15.0
4663,5969,0,False,cluster_0,1279,user_run_0841,user_standardized_l2_cosine,standardized_l2,cosine,0.462779,128,15.0
4664,5970,0,False,cluster_0,1279,user_run_0841,user_standardized_l2_cosine,standardized_l2,cosine,0.462779,128,15.0
4665,5971,0,False,cluster_0,1279,user_run_0841,user_standardized_l2_cosine,standardized_l2,cosine,0.462779,128,15.0
4666,5972,-1,True,noise,1911,user_run_0841,user_standardized_l2_cosine,standardized_l2,cosine,0.462779,128,15.0
4667,5974,1,False,cluster_1,1532,user_run_0841,user_standardized_l2_cosine,standardized_l2,cosine,0.462779,128,15.0
4668,5975,1,False,cluster_1,1532,user_run_0841,user_standardized_l2_cosine,standardized_l2,cosine,0.462779,128,15.0
4669,5976,-1,True,noise,1911,user_run_0841,user_standardized_l2_cosine,standardized_l2,cosine,0.462779,128,15.0
4670,5977,1,False,cluster_1,1532,user_run_0841,user_standardized_l2_cosine,standardized_l2,cosine,0.462779,128,15.0
4671,5978,0,False,cluster_0,1279,user_run_0841,user_standardized_l2_cosine,standardized_l2,cosine,0.462779,128,15.0
4672,5980,-1,True,noise,1911,user_run_0841,user_standardized_l2_cosine,standardized_l2,cosine,0.462779,128,15.0
4673,5981,1,False,cluster_1,1532,user_run_0841,user_standardized_l2_cosine,standardized_l2,cosine,0.462779,128,15.0
4674,5982,0,False,cluster_0,1279,user_run_0841,user_standardized_l2_cosine,standardized_l2,cosine,0.462779,128,15.0
4675,5985,1,False,cluster_1,1532,user_run_0841,user_standardized_l2_cosine,standardized_l2,cosine,0.462779,128,15.0
4676,5986,-1,True,noise,1911,user_run_0841,user_standardized_l2_cosine,standardized_l2,cosine,0.462779,128,15.0
4677,5987,1,False,cluster_1,1532,user_run_0841,user_standardized_l2_cosine,standardized_l2,cosine,0.462779,128,15.0
4678,5988,1,False,cluster_1,1532,user_run_0841,user_standardized_l2_cosine,standardized_l2,cosine,0.462779,128,15.0
4679,5989,0,False,cluster_0,1279,user_run_0841,user_standardized_l2_cosine,standardized_l2,cosine,0.462779,128,15.0
4680,5990,1,False,cluster_1,1532,user_run_0841,user_standardized_l2_cosine,standardized_l2,cosine,0.462779,128,15.0
4681,5991,-1,True,noise,1911,user_run_0841,user_standardized_l2_cosine,standardized_l2,cosine,0.462779,128,15.0
4682,5992,1,False,cluster_1,1532,user_run_0841,user_standardized_l2_cosine,standardized_l2,cosine,0.462779,128,15.0
4683,5994,-1,True,noise,1911,user_run_0841,user_standardized_l2_cosine,standardized_l2,cosine,0.462779,128,15.0
4684,5995,-1,True,noise,1911,user_run_0841,user_standardized_l2_cosine,standardized_l2,cosine,0.462779,128,15.0
4685,5996,-1,True,noise,1911,user_run_0841,user_standardized_l2_cosine,standardized_l2,cosine,0.462779,128,15.0
4686,5997,-1,True,noise,1911,user_run_0841,user_standardized_l2_cosine,standardized_l2,cosine,0.462779,128,15.0
4687,5998,1,False,cluster_1,1532,user_run_0841,user_standardized_l2_cosine,standardized_l2,cosine,0.462779,128,15.0
4688,6000,0,False,cluster_0,1279,user_run_0841,user_standardized_l2_cosine,standardized_l2,cosine,0.462779,128,15.0
4689,6001,1,False,cluster_1,1532,user_run_0841,user_standardized_l2_cosine,standardized_l2,cosine,0.462779,128,15.0
4690,6002,-1,True,noise,1911,user_run_0841,user_standardized_l2_cosine,standardized_l2,cosine,0.462779,128,15.0
4691,6003,1,False,cluster_1,1532,user_run_0841,user_standardized_l2_cosine,standardized_l2,cosine,0.462779,128,15.0
4692,6004,-1,True,noise,1911,user_run_0841,user_standardized_l2_cosine,standardized_l2,cosine,0.462779,128,15.0
4693,6005,-1,True,noise,1911,user_run_0841,user_standardized_l2_cosine,standardized_l2,cosine,0.462779,128,15.0
4694,6006,0,False,cluster_0,1279,user_run_0841,user_standardized_l2_cosine,standardized_l2,cosine,0.462779,128,15.0
4695,6007,0,False,cluster_0,1279,user_run_0841,user_standardized_l2_cosine,standardized_l2,cosine,0.462779,128,15.0
4696,6009,-1,True,noise,1911,user_run_0841,user_standardized_l2_cosine,standardized_l2,cosine,0.462779,128,15.0
4697,6010,0,False,cluster_0,1279,user_run_0841,user_standardized_l2_cosine,standardized_l2,cosine,0.462779,128,15.0
4698,6011,0,False,cluster_0,1279,user_run_0841,user_standardized_l2_cosine,standardized_l2,cosine,0.462779,128,15.0
4699,6013,1,False,cluster_1,1532,user_run_0841,user_standardized_l2_cosine,standardized_l2,cosine,0.462779,128,15.0
4700,6014,1,False,cluster_1,1532,user_run_0841,user_standardized_l2_cosine,standardized_l2,cosine,0.462779,128,15.0
4701,6015,0,False,cluster_0,1279,user_run_0841,user_standardized_l2_cosine,standardized_l2,cosine,0.462779,128,15.0
4702,6016,1,False,cluster_1,1532,user_run_0841,user_standardized_l2_cosine,standardized_l2,cosine,0.462779,128,15.0
4703,6018,-1,True,noise,1911,user_run_0841,user_standardized_l2_cosine,standardized_l2,cosine,0.462779,128,15.0
4704,6019,-1,True,noise,1911,user_run_0841,user_standardized_l2_cosine,standardized_l2,cosine,0.462779,128,15.0
4705,6020,1,False,cluster_1,1532,user_run_0841,user_standardized_l2_cosine,standardized_l2,cosine,0.462779,128,15.0
4706,6021,1,False,cluster_1,1532,user_run_0841,user_standardized_l2_cosine,standardized_l2,cosine,0.462779,128,15.0
4707,6022,-1,True,noise,1911,user_run_0841,user_standardized_l2_cosine,standardized_l2,cosine,0.462779,128,15.0
4708,6023,-1,True,noise,1911,user_run_0841,user_standardized_l2_cosine,standardized_l2,cosine,0.462779,128,15.0
4709,6024,1,False,cluster_1,1532,user_run_0841,user_standardized_l2_cosine,standardized_l2,cosine,0.462779,128,15.0
4710,6025,1,False,cluster_1,1532,user_run_0841,user_standardized_l2_cosine,standardized_l2,cosine,0.462779,128,15.0
4711,6026,-1,True,noise,1911,user_run_0841,user_standardized_l2_cosine,standardized_l2,cosine,0.462779,128,15.0
4712,6028,0,False,cluster_0,1279,user_run_0841,user_standardized_l2_cosine,standardized_l2,cosine,0.462779,128,15.0
4713,6030,1,False,cluster_1,1532,user_run_0841,user_standardized_l2_cosine,standardized_l2,cosine,0.462779,128,15.0
4714,6031,0,False,cluster_0,1279,user_run_0841,user_standardized_l2_cosine,standardized_l2,cosine,0.462779,128,15.0
4715,6032,1,False,cluster_1,1532,user_run_0841,user_standardized_l2_cosine,standardized_l2,cosine,0.462779,128,15.0
4716,6033,-1,True,noise,1911,user_run_0841,user_standardized_l2_cosine,standardized_l2,cosine,0.462779,128,15.0
4717,6035,-1,True,noise,1911,user_run_0841,user_standardized_l2_cosine,standardized_l2,cosine,0.462779,128,15.0
4718,6036,1,False,cluster_1,1532,user_run_0841,user_standardized_l2_cosine,standardized_l2,cosine,0.462779,128,15.0
4719,6037,-1,True,noise,1911,user_run_0841,user_standardized_l2_cosine,standardized_l2,cosine,0.462779,128,15.0
4720,6039,-1,True,noise,1911,user_run_0841,user_standardized_l2_cosine,standardized_l2,cosine,0.462779,128,15.0
4721,6040,1,False,cluster_1,1532,user_run_0841,user_standardized_l2_cosine,standardized_l2,cosine,0.462779,128,15.0
